UE ID,Internet usage
1196438,1.0264446097519548
692390,1.027347641005664
666137,1.022376561197887
581467,0.9445146049573633
32316,1.099925391207995
776130,0.9445063470935053
261860,1.077053124704604
