UE ID,Internet usage
1196438,0.7466341324246959
692390,0.7475371636739714
666137,0.7425660838706278
581467,0.6647041276256707
32316,0.8201149138763023
776130,0.6646958697662462
261860,0.7972426473729114
