UE ID,Internet usage
1196438,0.6768637864300864
692390,0.6777668176837953
666137,0.6727957378760183
581467,0.5949337816310613
32316,0.7503445678861262
776130,0.5949255237716368
261860,0.7274723013783019
