UE ID,Internet usage
1196438,0.8671073068743673
692390,0.868010338128076
666137,0.8630392583202992
581467,0.7851773020753421
32316,0.9405880883304072
776130,0.7851690442159175
261860,0.9177158218225827
