UE ID,Internet usage
1196438,0.3503644850683338
692390,0.35126751632115594
666137,0.3462964365142657
581467,0.2684344802719687
32316,0.42384526652304366
776130,0.26842622240944075
261860,0.400973000018766
