UE ID,Internet usage
1196438,0.9359178260034212
692390,0.9368208572571302
666137,0.9318497774493533
581467,0.8539878212088295
32316,1.0093986074594612
776130,0.8539795633449716
261860,0.9865263409560702
