UE ID,Internet usage
1196438,0.34893608507820845
692390,0.34983911633103065
666137,0.3448680365236971
581467,0.26700608028140005
32316,0.4224168665329184
776130,0.26699782241931547
261860,0.3995446000286407
