UE ID,Internet usage
1196438,0.6845498332387043
692390,0.6854528644924132
666137,0.6804817846846364
581467,0.6026198284441127
32316,0.7580306146947443
776130,0.6026115705802547
261860,0.7351583481869199
