UE ID,Internet usage
1196438,0.727908521480242
692390,0.7288115527295174
666137,0.7238404729217405
581467,0.6459785166812168
32316,0.8013893029318485
776130,0.6459702588173588
261860,0.7785170364284574
