UE ID,Internet usage
1196438,0.5697024783369016
692390,0.5706055095906104
666137,0.5656344297828335
581467,0.4877724735378764
32316,0.6431832597885081
776130,0.48776421567845185
261860,0.6203109932851171
