UE ID,Internet usage
1196438,0.6491923370882896
692390,0.650095368337565
666137,0.6451242885342215
581467,0.5672623322892644
32316,0.722673118539896
776130,0.5672540744298399
261860,0.699800852036505
