UE ID,Internet usage
1196438,0.5463758442520773
692390,0.5472788755057861
666137,0.5423077956980092
581467,0.4644458394574855
32316,0.6198566257081172
776130,0.4644375815936276
261860,0.5969843592002927
