UE ID,Internet usage
1196438,0.4182269864326219
692390,0.4191300176858875
666137,0.4141589378785539
581467,0.3362969816362568
32316,0.49170776788866194
776130,0.33628872377417224
261860,0.46883550138527086
