UE ID,Internet usage
1196438,0.606654845502848
692390,0.6075578767565568
666137,0.6025867969487799
581467,0.5247248407082562
32316,0.6801356269588879
776130,0.5247165828443983
261860,0.6572633604554968
