UE ID,Internet usage
1196438,0.37386811586554514
692390,0.3747711471183674
666137,0.3698000673114771
581467,0.29193811106918005
32316,0.44734889732069844
776130,0.29192985320665216
261860,0.42447663081597736
