UE ID,Internet usage
1196438,0.3897657491267265
692390,0.3906687803795488
666137,0.3856977005722152
581467,0.3078357443299181
32316,0.46324653058099313
776130,0.30782748646783353
261860,0.44037426407715874
