UE ID,Internet usage
1196438,0.9295506326601458
692390,0.9304536639138546
666137,0.9254825841060778
581467,0.8476206278655541
32316,1.0030314141161856
776130,0.8476123700016961
261860,0.9801591476083612
