UE ID,Internet usage
1196438,0.2845960540395762
692390,0.28549908529239837
666137,0.2805280054855081
581467,0.20266604924321108
32316,0.3580768354942861
776130,0.20265779138068316
261860,0.3352045689900084
