UE ID,Internet usage
1196438,0.6980877544652838
692390,0.6989907857189926
666137,0.6940197059112156
581467,0.616157749670692
32316,0.7715685359213236
776130,0.6161494918068341
261860,0.7486962694179327
