UE ID,Internet usage
1196438,0.3819764369785215
692390,0.38287946823134367
666137,0.37790838842445346
581467,0.3000464321821564
32316,0.45545721843190135
776130,0.3000381743196284
261860,0.43258495192895363
