UE ID,Internet usage
1196438,0.8285140473661533
692390,0.8294170786198621
666137,0.8244459988120852
581467,0.7465840425671282
32316,0.9019948288177597
776130,0.7465757847077036
261860,0.8791225623143688
