UE ID,Internet usage
1196438,0.5671312399141717
692390,0.5680342711634471
666137,0.5630631913601036
581467,0.4852012351151465
32316,0.6406120213657781
776130,0.48519297725572197
261860,0.6177397548623872
