UE ID,Internet usage
1196438,0.34420846207611716
692390,0.3451114933289393
666137,0.34014041352160573
581467,0.2622784572793087
32316,0.41768924353082704
776130,0.2622701994172241
261860,0.39481697702654933
