UE ID,Internet usage,Data rate,optimal GU
1196438,115.36022293177881,27.46671974566162,56.290024987241
692390,115.51193218224282,27.502840995772097,56.364051521538386
666137,114.6767907746498,27.30399780348805,55.95654424124221
581467,101.59598212595809,24.189519553799542,49.573763184000185
32316,127.70499421615064,30.405951003845388,62.31365658571671
776130,101.59459480510304,24.18918923931025,49.57308624073836
261860,123.86245344343602,29.491060343675244,60.43868867551675
