UE ID,Internet usage,Data rate,optimal GU
1196438,115.36022293177881,104.37353503351414,109.72945944295915
692390,115.51193218224282,104.51079578393397,109.87376372413028
666137,114.6767907746498,103.75519165325457,109.07938579311843
581467,101.59598212595809,91.92017430443826,96.63705493054236
32316,127.70499421615064,115.54261381461247,121.47167912280628
776130,101.59459480510304,91.91891910937893,96.63573532519115
261860,123.86245344343602,112.06602930596591,117.81669379803924
