UE ID,Internet usage,Data rate,optimal GU
1196438,115.36022293177881,38.45340764392627,66.60325576343773
692390,115.51193218224282,38.50397739408094,66.69084514003168
666137,114.6767907746498,38.22559692488327,66.20867602354646
581467,101.59598212595809,33.86532737531936,58.65646762900631
32316,127.70499421615064,42.568331405383546,73.73051278755418
776130,101.59459480510304,33.86486493503435,58.6556666589372
261860,123.86245344343602,41.28748448114534,71.51202083805528
