UE ID,Internet usage,Data rate,optimal GU
1196438,115.36022293177881,75.53347930056945,93.34644616120418
692390,115.51193218224282,75.63281273837327,93.46920528060161
666137,114.6767907746498,75.08599395959213,92.7934309065613
581467,101.59598212595809,66.52117877294874,82.20878596363143
32316,127.70499421615064,83.61636526057482,103.33550910494053
776130,101.59459480510304,66.52027040810319,82.20766338022952
261860,123.86245344343602,81.10041594510692,100.2262265788955
