UE ID,Internet usage,Data rate,optimal GU
1196438,115.36022293177881,76.90681528785254,94.19122759885765
692390,115.51193218224282,77.00795478816188,94.31509768315662
666137,114.6767907746498,76.45119384976654,93.63320757926576
581467,101.59598212595809,67.73065475063872,82.95277204183914
32316,127.70499421615064,85.13666281076709,104.27069114488202
776130,101.59459480510304,67.7297298700687,82.95163929910436
261860,123.86245344343602,82.57496896229068,101.13326974188516
