UE ID,Internet usage,Data rate,optimal GU
1196438,115.36022293177881,111.9268829635711,113.63058642256792
692390,115.51193218224282,112.0740770577713,113.78002104273287
666137,114.6767907746498,111.2637910492138,112.9574012048128
581467,101.59598212595809,98.57229218173315,100.07271773370641
32316,127.70499421615064,123.90425034066996,125.79026819715322
776130,101.59459480510304,98.57094615018926,100.07135121344224
261860,123.86245344343602,120.17607090047662,122.00533999348288
