UE ID,Internet usage,Data rate,optimal GU
1196438,115.36022293177881,3.4333399682077026,19.901529190819154
692390,115.51193218224282,3.437855124471512,19.92770152301387
666137,114.6767907746498,3.412999725436006,19.78362594237371
581467,101.59598212595809,3.0236899442249427,17.52697205817127
32316,127.70499421615064,3.8007438754806735,22.031204566145025
776130,101.59459480510304,3.023648654913781,17.526732722585816
261860,123.86245344343602,3.6863825429594055,21.368303304240246
