UE ID,Internet usage,Data rate,optimal GU
1196438,115.36022293177881,0.6866679936415405,8.900234425373602
692390,115.51193218224282,0.6875710248943024,8.91193904815702
666137,114.6767907746498,0.6825999450872012,8.84750648971519
581467,101.59598212595809,0.6047379888449886,7.838300192362073
32316,127.70499421615064,0.7601487750961348,9.852654207220807
776130,101.59459480510304,0.6047297309827562,7.838193158234369
261860,123.86245344343602,0.7372765085918811,9.556195750422912
