UE ID,Internet usage,Data rate,optimal GU
1196438,115.36022293177881,8.240015923698486,30.831316448041342
692390,115.51193218224282,8.25085229873163,30.871862450729957
666137,114.6767907746498,8.191199341046415,30.64866152096416
581467,101.59598212595809,7.256855866139864,27.15266835629603
32316,127.70499421615064,9.121785301153617,34.13059535262739
776130,101.59459480510304,7.256756771793074,27.152297579201377
261860,123.86245344343602,8.847318103102573,33.10363313361256
