UE ID,Internet usage,Data rate,optimal GU
1196438,115.36022293177881,108.49354299536341,111.8742119820455
692390,115.51193218224282,108.63622193329981,112.02133680908476
666137,114.6767907746498,107.8507913237778,111.21143210802244
581467,101.59598212595809,95.5486022375082,98.52590565471684
32316,127.70499421615064,120.1035064651893,123.84594300370283
776130,101.59459480510304,95.54729749527549,98.52456025659363
261860,123.86245344343602,116.48968835751722,120.11951798447807
