UE ID,Internet usage,Data rate,optimal GU
1196438,115.36022293177881,80.34015525606024,96.2707547530029
692390,115.51193218224282,80.4458099126334,96.39735960581963
666137,114.6767907746498,79.86419357520253,95.70041492600558
581467,101.59598212595809,70.75434469486366,84.78417976812212
32316,127.70499421615064,88.93740668624777,106.57274983065187
776130,101.59459480510304,70.75337852498248,84.78302201701514
261860,123.86245344343602,86.26135150525009,103.36606132956265
