UE ID,Internet usage,Data rate,optimal GU
1196438,115.36022293177881,14.420027866472351,40.78599795712633
692390,115.51193218224282,14.438991522780352,40.83963527701224
666137,114.6767907746498,14.334598846831225,40.5443682007329
581467,101.59598212595809,12.699497765744761,35.91960395128612
32316,127.70499421615064,15.96312427701883,45.15053370081447
776130,101.59459480510304,12.69932435063788,35.919113459293975
261860,123.86245344343602,15.482806680429503,43.791990382128326
