UE ID,Internet usage,Data rate,optimal GU
1196438,115.36022293177881,36.39340366300164,64.79468465707727
692390,115.51193218224282,36.44126431939803,64.87989559715314
666137,114.6767907746498,36.17779708962166,64.41081949124913
581467,101.59598212595809,32.051113408784396,57.06368674556451
32316,127.70499421615064,40.28788508009514,71.7284053296495
776130,101.59459480510304,32.05067574208608,57.062907525352934
261860,123.86245344343602,39.07565495536969,69.5701551865543
