UE ID,Internet usage,Data rate,optimal GU
1196438,115.36022293177881,23.346711783812378,51.896838787199584
692390,115.51193218224282,23.377414846406282,51.965087879597
666137,114.6767907746498,23.20839813296484,51.589384730860885
581467,101.59598212595809,20.561091620729613,45.70475135901991
32316,127.70499421615064,25.84505835326858,57.450352718849686
776130,101.59459480510304,20.56081085341371,45.70412724817017
261860,123.86245344343602,25.067401292123957,55.72171771844109
