UE ID,Internet usage,Data rate,optimal GU
1196438,115.36022293177881,70.04013535143713,89.88796153164087
692390,115.51193218224282,70.13224453921886,90.00617242724367
666137,114.6767907746498,69.62519439889452,89.35543548506911
581467,101.59598212595809,61.68327486218884,79.16295150112518
32316,127.70499421615064,77.53517505980575,99.50692982180045
776130,101.59459480510304,61.68243256024114,79.16187050942388
261860,123.86245344343602,75.20220387637188,96.51284617335091
