UE ID,Internet usage,Data rate,optimal GU
1196438,115.36022293177881,8.926683917340027,32.0902515843343
692390,115.51193218224282,8.938423323625932,32.132453201939875
666137,114.6767907746498,8.873799286133616,31.90013830866853
581467,101.59598212595809,7.861593854984852,28.2613932560407
32316,127.70499421615064,9.88193407624975,35.52424994355062
776130,101.59459480510304,7.861486502775831,28.261007339005047
261860,123.86245344343602,9.584594611694454,34.45535377652089
