UE ID,Internet usage,Data rate,optimal GU
1196438,115.36022293177881,94.76018312253258,104.554080982387
692390,115.51193218224282,94.88480143541373,104.69157916725246
666137,114.6767907746498,94.19879242203376,103.93466798814644
581467,101.59598212595809,83.45384246060843,92.07917835738162
32316,127.70499421615064,104.90053096326659,115.74248010102035
776130,101.59459480510304,83.45270287562035,92.07792099107856
261860,123.86245344343602,101.74415818567958,112.25988177623977
