UE ID,Internet usage,Data rate,optimal GU
1196438,115.36022293177881,52.18676751675707,77.59044486805065
692390,115.51193218224282,52.255397891966986,77.69248340382102
666137,114.6767907746498,51.877595826627285,77.13077338197759
581467,101.59598212595809,45.96008715221913,68.3327168552834
32316,127.70499421615064,57.77130690730623,85.89344802985269
776130,101.59459480510304,45.95945955468947,68.33178375339105
261860,123.86245344343602,56.033014652982956,83.30898312157261
