UE ID,Internet usage,Data rate,optimal GU
1196438,115.36022293177881,28.15338773930316,56.98930676794394
692390,115.51193218224282,28.1904120206664,57.06425292177845
666137,114.6767907746498,27.98659774857525,56.651683245139765
581467,101.59598212595809,24.794257542644534,50.18960994198815
32316,127.70499421615064,31.166099778941525,63.087768957300284
776130,101.59459480510304,24.793918970293003,50.18892458917082
261860,123.86245344343602,30.228336852267123,61.18950862718574
