UE ID,Internet usage,Data rate,optimal GU
1196438,115.36022293177881,113.3002189508542,114.32558119856593
692390,115.51193218224282,113.44921910755993,114.47592980046447
666137,114.6767907746498,112.62899093938822,113.64827860164074
581467,101.59598212595809,99.78176815942314,100.68478899228646
32316,127.70499421615064,125.42454789086224,126.55963480891477
776130,101.59459480510304,99.78040561215478,100.68341411402226
261860,123.86245344343602,121.6506239176604,122.75155698143367
