UE ID,Internet usage,Data rate,optimal GU
1196438,115.36022293177881,22.66004379017084,51.12795422543306
692390,115.51193218224282,22.68984382151198,51.195192164266494
666137,114.6767907746498,22.52579818787764,50.82505529582068
581467,101.59598212595809,19.956353631884625,45.027606497395006
32316,127.70499421615064,25.084909578172446,56.599189328056404
776130,101.59459480510304,19.956081122430955,45.0269916331431
261860,123.86245344343602,24.330124783532078,54.89616515088491
