UE ID,Internet usage,Data rate,optimal GU
1196438,115.36022293177881,49.44009554219092,75.52099339597956
692390,115.51193218224282,49.50511379238978,75.62031041367618
666137,114.6767907746498,49.14719604627848,75.07358202563518
581467,101.59598212595809,43.54113519683918,66.5101826279405
32316,127.70499421615064,54.7307118069217,83.602543231344
776130,101.59459480510304,43.54054063075844,66.5092744132503
261860,123.86245344343602,53.08390861861544,81.08700980964132
