UE ID,Internet usage,Data rate,optimal GU
1196438,115.36022293177881,10.300019904623108,34.470459706813905
692390,115.51193218224282,10.313565373414537,34.51579151592772
666137,114.6767907746498,10.238999176308019,34.26624529012898
581467,101.59598212595809,9.07106983267483,30.3576061075927
32316,127.70499421615064,11.402231626442022,38.15916566050663
776130,101.59459480510304,9.070945964741343,30.35719156619863
261860,123.86245344343602,11.059147628878216,37.01098699448603
