UE ID,Internet usage,Data rate,optimal GU
1196438,115.36022293177881,44.63341958670013,71.75598395764182
692390,115.51193218224282,44.69211661812966,71.85034964336833
666137,114.6767907746498,44.368996430668076,71.330877749828
581467,101.59598212595809,39.30796927492426,63.19439645936113
32316,127.70499421615064,49.40967038124876,79.43463772347226
776130,101.59459480510304,39.30743251387915,63.193533522635725
261860,123.86245344343602,47.922973058472266,77.0445132331048
