UE ID,Internet usage,Data rate,optimal GU
1196438,115.36022293177881,92.70017914160798,103.41137912044171
692390,115.51193218224282,92.82208836073083,103.54737454778315
666137,114.6767907746498,92.15099258677216,102.79873587038693
581467,101.59598212595809,81.63962849407346,91.07281832277809
32316,127.70499421615064,102.6200846379782,114.47749698151989
776130,101.59459480510304,81.63851368267208,91.0715746985959
261860,123.86245344343602,99.53232865990395,111.0329609834581
