UE ID,Internet usage
1139576,0.818543788099725
1013671,0.7690204763708598
827686,0.8481432664471086
100497,0.8454003048322979
1203122,0.8437945394033434
340614,0.819926353701052
440919,0.9018218232993916
