UE ID,Internet usage
1139576,0.4792200004379359
1013671,0.42969668870951394
827686,0.5088194787853193
100497,0.5060765171749423
1203122,0.5044707517415541
340614,0.4806025660392629
440919,0.5624980356420359
