UE ID,Internet usage
1139576,0.7764080009004778
1013671,0.7268846891716126
827686,0.8060074792478612
100497,0.8032645176330508
1203122,0.8016587522040961
340614,0.7777905665018049
440919,0.8596860361001445
