UE ID,Internet usage
1139576,0.6647105341231925
1013671,0.6151872223943272
827686,0.694310012470576
100497,0.6915670508557654
1203122,0.6899612854268108
340614,0.6660930997245196
440919,0.7479885693228592
