UE ID,Internet usage
1139576,0.856990468819805
1013671,0.8074671570865063
827686,0.8865899471627549
100497,0.883846985552378
1203122,0.8822412201234232
340614,0.8583730344166985
440919,0.9402685040194717
