UE ID,Internet usage
1139576,0.8408066226109148
1013671,0.7912833108776162
827686,0.8704061009538648
100497,0.8676631393434877
1203122,0.8660573739145332
340614,0.8421891882078083
440919,0.9240846578105815
