UE ID,Internet usage
1139576,0.40449888403496775
1013671,0.35497557230521587
827686,0.4340983623819079
100497,0.43135540076887074
1203122,0.429749635338586
340614,0.4058814496362948
440919,0.48777691923419103
