UE ID,Internet usage
1139576,0.8793998821191287
1013671,0.8298765703858301
827686,0.9089993604665121
100497,0.9062563988517016
1203122,0.9046506334227469
340614,0.8807824477204558
440919,0.9626779173187954
