UE ID,Internet usage
1139576,0.6189474207476094
1013671,0.5694241090187442
827686,0.6485468990949929
100497,0.6458039374801824
1203122,0.6441981720512276
340614,0.6203299863489364
440919,0.7022254559472761
