UE ID,Internet usage
1139576,0.3005926495440865
1013671,0.2510693378143346
827686,0.3301921278905833
100497,0.3274491662779895
1203122,0.32584340084770474
340614,0.3019752151449702
440919,0.3838706847450831
