UE ID,Internet usage
1139576,0.6503166655217654
1013671,0.6007933537929001
827686,0.6799161438691488
100497,0.6771731822543383
1203122,0.6755674168253836
340614,0.6516992311230924
440919,0.733594700721432
