UE ID,Internet usage
1139576,0.9781798338329265
1013671,0.9286565221040612
827686,1.00777931218031
100497,1.0050363505654993
1203122,1.0034305851365448
340614,0.9795623994342536
440919,1.061457869032593
