UE ID,Internet usage
1139576,0.7251295778359106
1013671,0.6756062661070454
827686,0.754729056183294
100497,0.7519860945684835
1203122,0.7503803291395289
340614,0.7265121434372377
440919,0.8084076130355772
