UE ID,Internet usage
1139576,0.7209792199078427
1013671,0.6714559081789776
827686,0.7505786982552263
100497,0.7478357366404157
1203122,0.7462299712114611
340614,0.7223617855091699
440919,0.8042572551075093
