UE ID,Internet usage
1139576,1.0093526090757432
1013671,0.959829297346878
827686,1.0389520874231266
100497,1.0362091258083161
1203122,1.0346033603793616
340614,1.0107351746770703
440919,1.09263064427541
