UE ID,Internet usage
1139576,0.6453905013158243
1013671,0.5958671895825256
827686,0.6749899796587744
100497,0.6722470180483973
1203122,0.6706412526194426
340614,0.6467730669171514
440919,0.728668536515491
