UE ID,Internet usage
1139576,0.3536843356472854
1013671,0.30416102391753347
827686,0.38328381399378214
100497,0.38054085238118834
1203122,0.3789350869509037
340614,0.3550669012486124
440919,0.43696237084828204
