UE ID,Internet usage
1139576,0.4823302416174475
1013671,0.4328069298854788
827686,0.5119297199603975
100497,0.5091867583500205
1203122,0.5075809929210657
340614,0.48371280721434107
440919,0.5656082768171141
