UE ID,Internet usage
1139576,0.5132110797328533
1013671,0.4636877680039881
827686,0.5428105580802368
100497,0.5400675964698597
1203122,0.5384618310364716
340614,0.5145936453341804
440919,0.5964891149369534
