UE ID,Internet usage
1139576,0.8901812765285029
1013671,0.8406579647996376
827686,0.9197807548758863
100497,0.9170377932610758
1203122,0.9154320278321211
340614,0.89156384212983
440919,0.9734593117281696
