UE ID,Internet usage
1139576,1.0237301124113185
1013671,0.9742068006780199
827686,1.0533295907542686
100497,1.0505866291438914
1203122,1.0489808637149367
340614,1.025112678008212
440919,1.1070081476109852
