UE ID,Internet usage
1139576,1.0631255223416418
1013671,1.0136022106083429
827686,1.0927250006890252
100497,1.0899820390742148
1203122,1.08837627364526
340614,1.064508087942969
440919,1.1464035575413083
