UE ID,Internet usage
1139576,0.5910772019998435
1013671,0.5415538902665449
827686,0.6206766803427936
100497,0.6179337187324165
1203122,0.6163279533034618
340614,0.5924597675967372
440919,0.6743552371995102
