UE ID,Internet usage
1139576,0.5502141131869497
1013671,0.5006908014580843
827686,0.5798135915343331
100497,0.5770706299195225
1203122,0.5754648644905679
340614,0.5515966787882767
440919,0.6334921483866163
