UE ID,Internet usage
1139576,0.3048146985465221
1013671,0.2552913868167702
827686,0.33441417689346226
100497,0.33167121528042515
1203122,0.33006544985014036
340614,0.3061972641478492
440919,0.3880927337475188
