UE ID,Internet usage
1139576,1.018067256434888
1013671,0.9685439447060229
827686,1.0476667347822715
100497,1.0449237731718946
1203122,1.0433180077385062
340614,1.0194498220362151
440919,1.101345291638988
