UE ID,Internet usage
1139576,0.710722285649253
1013671,0.6611989739203878
827686,0.7403217639966365
100497,0.737578802381826
1203122,0.7359730369528713
340614,0.7121048512505801
440919,0.7940003208489197
