UE ID,Internet usage
1139576,0.6082571416814689
1013671,0.5587338299526037
827686,0.6378566200288524
100497,0.6351136584140419
1203122,0.6335078929850873
340614,0.6096397072827959
440919,0.6915351768811355
