UE ID,Internet usage
1139576,0.9343413711600499
1013671,0.8848180594267512
827686,0.9639408495029999
100497,0.9611978878926228
1203122,0.9595921224636681
340614,0.9357239367569435
440919,1.0176194063597166
