UE ID,Internet usage,Data rate,optimal GU
1139576,117.42537557272951,10.48440853327942,35.087542086590595
1013671,109.10545920211518,9.741558857331713,32.601491568233634
827686,122.39808793497326,10.928400708479757,36.57342410692673
100497,121.93727038402692,10.887256284288119,36.43572852678311
1203122,121.66750179174092,10.863169802834012,36.35511974193309
340614,117.65764659368853,10.50514701729362,35.156946328932975
440919,131.41608548650441,11.733579061295037,39.26806627505111
