UE ID,Internet usage,Data rate,optimal GU
1139576,117.42537557272951,111.83369102164714,114.59543258743562
1013671,109.10545920211518,103.9099611448716,106.47602559442741
827686,122.39808793497326,116.5696075571174,119.44830294450138
100497,121.93727038402692,116.13073369907325,118.99859106291687
1203122,121.66750179174092,115.87381123022944,118.73532387402575
340614,117.65764659368853,112.0549015177986,114.82210589373338
440919,131.41608548650441,125.15817665381373,128.24896741289032
