UE ID,Internet usage,Data rate,optimal GU
1139576,117.42537557272951,23.065698773214724,52.04323530769571
1013671,109.10545920211518,21.43142948612977,48.35582648907927
827686,122.39808793497326,24.042481558655464,54.24715450593961
100497,121.93727038402692,23.951963825433857,54.042918955311436
1203122,121.66750179174092,23.898973566234822,53.923356805661165
340614,117.65764659368853,23.11132343804596,52.14617843510723
440919,131.41608548650441,25.81387393484908,58.24395474004126
