UE ID,Internet usage,Data rate,optimal GU
1139576,117.42537557272951,103.44616419502361,110.21435787663462
1013671,109.10545920211518,96.11671405900624,102.40536228345798
827686,122.39808793497326,107.82688699033359,114.88169913261763
100497,121.93727038402692,107.42092867164277,114.44918009464888
1203122,121.66750179174092,107.18327538796224,114.195977820191
340614,117.65764659368853,103.6507839039637,110.43236528179291
440919,131.41608548650441,115.7713134047777,123.34590718498592
