UE ID,Internet usage,Data rate,optimal GU
1139576,117.42537557272951,55.21788494193829,80.52316981862344
1013671,109.10545920211518,51.30554331528036,74.81787796394438
827686,122.39808793497326,57.55624373132672,83.93315305309149
100497,121.93727038402692,57.339549763917425,83.61715244649967
1203122,121.66750179174092,57.2126942949258,83.43216157836383
340614,117.65764659368853,55.32710762441306,80.6824471364383
440919,131.41608548650441,61.79684972282053,90.11714645932176
