UE ID,Internet usage,Data rate,optimal GU
1139576,117.42537557272951,34.24906787537944,63.41695087500136
1013671,109.10545920211518,31.82242560061693,58.92368248913552
827686,122.39808793497326,35.699442314367204,66.10252249062377
100497,121.93727038402692,35.56503719534118,65.85365256921055
1203122,121.66750179174092,35.48635468925777,65.70796087794555
340614,117.65764659368853,34.31681358982582,63.54239156321718
440919,131.41608548650441,38.329691600230454,70.97279780315297
