UE ID,Internet usage,Data rate,optimal GU
1139576,117.42537557272951,108.33888817722067,112.79066731490722
1013671,109.10545920211518,100.66277485909436,104.79913299050057
827686,122.39808793497326,112.92680732095747,117.567109740294
100497,121.93727038402692,112.5016482709772,117.12448037821487
1203122,121.66750179174092,112.25275462928477,116.86535938842766
340614,117.65764659368853,108.55318584536738,113.01377073973431
440919,131.41608548650441,121.24698363338204,126.22917240537282
