UE ID,Internet usage,Data rate,optimal GU
1139576,117.42537557272951,90.8648739550883,103.29492703199404
1013671,109.10545920211518,84.42684343020818,95.97619247208104
827686,122.39808793497326,94.71280614015788,107.66924525838898
100497,121.93727038402692,94.35622113049702,107.26388044632941
1203122,121.66750179174092,94.14747162456142,107.02657460915584
340614,117.65764659368853,91.04460748321135,103.4992475891529
440919,131.41608548650441,101.69101853122365,115.60205700812158
