UE ID,Internet usage,Data rate,optimal GU
1139576,117.42537557272951,17.474014222132368,45.297822053572396
1013671,109.10545920211518,16.23593142888619,42.0883446350968
827686,122.39808793497326,18.214001180799592,47.216087493302695
100497,121.93727038402692,18.145427140480198,47.03832326372183
1203122,121.66750179174092,18.10528300472335,46.93425776996111
340614,117.65764659368853,17.50857836215603,45.387422545155125
440919,131.41608548650441,19.555965102158396,50.6948555736807
