UE ID,Internet usage,Data rate,optimal GU
1139576,117.42537557272951,11.882329671050009,37.35354098746242
1013671,109.10545920211518,11.040433371642607,34.7069381075805
827686,122.39808793497326,12.385520802943722,38.9353831926584
100497,121.93727038402692,12.338890455526533,38.78879505365471
1203122,121.66750179174092,12.311592443211879,38.70298044910321
340614,117.65764659368853,11.9058332862661,37.42742744564299
440919,131.41608548650441,13.298056269467708,41.80404884114353
