UE ID,Internet usage,Data rate,optimal GU
1139576,117.42537557272951,14.678171946591188,41.516139675427105
1013671,109.10545920211518,13.638182400264398,38.574605033143925
827686,122.39808793497326,15.299760991871658,43.27425899154347
100497,121.93727038402692,15.242158798003365,43.1113353839615
1203122,121.66750179174092,15.208437723967615,43.01595778348321
340614,117.65764659368853,14.707205824211066,41.598259882423726
440919,131.41608548650441,16.427010685813052,46.46260260224915
