UE ID,Internet usage,Data rate,optimal GU
1139576,117.42537557272951,40.53971299534709,68.99558698996114
1013671,109.10545920211518,37.667360915015955,64.10705662846034
827686,122.39808793497326,42.25648273945505,71.91740185912238
100497,121.93727038402692,42.09739096591405,71.64663945135706
1203122,121.66750179174092,42.00425657095818,71.4881316136308
340614,117.65764659368853,40.619901800201994,69.13206239277473
440919,131.41608548650441,45.36983903700747,77.21610353673849
