UE ID,Internet usage,Data rate,optimal GU
1139576,117.42537557272951,76.18670200849712,94.58462928507676
1013671,109.10545920211518,70.78866102994378,87.88304368861432
827686,122.39808793497326,79.41304514828622,98.59008511632364
100497,121.93727038402692,79.11406233249365,98.21890250769471
1203122,121.66750179174092,78.9390339005938,98.00160737732209
340614,117.65764659368853,76.33740165900029,94.7717206041713
440919,131.41608548650441,85.2640078454106,105.85396612283577
