UE ID,Internet usage,Data rate,optimal GU
1139576,117.42537557272951,20.96881706655884,49.62127788919318
1013671,109.10545920211518,19.483117714663425,46.10547152938811
827686,122.39808793497326,21.856801416959513,51.72263239443888
100497,121.93727038402692,21.774512568576238,51.527901437520946
1203122,121.66750179174092,21.726339605668024,51.41390340073963
340614,117.65764659368853,21.01029403458724,49.71943031000001
440919,131.41608548650441,23.467158122590074,55.53343189434283
