UE ID,Internet usage,Data rate,optimal GU
1139576,117.42537557272951,104.8440853327942,110.95655049064322
1013671,109.10545920211518,97.41558857331712,103.09496847439301
827686,122.39808793497326,109.28400708479755,115.65532200919806
100497,121.93727038402692,108.87256284288117,115.21989035220595
1203122,121.66750179174092,108.6316980283401,114.96498299266142
340614,117.65764659368853,105.05147017293618,111.17602597572346
440919,131.41608548650441,117.33579061295036,124.17652873960549
