UE ID,Internet usage,Data rate,optimal GU
1139576,117.42537557272951,85.97214997289124,100.47542982919646
1013671,109.10545920211518,79.88078263012004,93.35646453397639
827686,122.39808793497326,89.61288580953399,104.73034840685892
100497,121.93727038402692,89.27550153116256,104.33604827131886
1203122,121.66750179174092,89.07799238323888,104.10521983979669
340614,117.65764659368853,86.14220554180767,100.67417333377456
440919,131.41608548650441,96.21534830261929,112.44662928541173
