UE ID,Internet usage,Data rate,optimal GU
1139576,117.42537557272951,16.07609308436178,43.448144588386526
1013671,109.10545920211518,14.937056914575294,40.369721993009406
827686,122.39808793497326,16.756881086335625,45.288080161574506
100497,121.93727038402692,16.69379296924178,45.117574702386236
1203122,121.66750179174092,16.656860364345484,45.01775858729289
340614,117.65764659368853,16.107892093183548,43.53408636079388
440919,131.41608548650441,17.991487893985724,48.62479728600868
