UE ID,Internet usage,Data rate,optimal GU
1139576,117.42537557272951,49.62620039085592,76.33724660441843
1013671,109.10545920211518,46.11004525803678,70.92853912007787
827686,122.39808793497326,51.72776335347084,79.56996498439352
100497,121.93727038402692,51.533013078963755,79.27039137984119
1203122,121.66750179174092,51.419003733414314,79.09501709251171
340614,117.65764659368853,49.724362548523125,76.48824403678368
440919,131.41608548650441,55.538940890129844,85.43248915867558
