UE ID,Internet usage
1296688,0.5723867937050457
459347,0.5457910555572746
1097040,0.464261658534683
37859,0.5495719599422207
86606,0.5702463936793066
1078093,0.6752155263288258
1281795,0.5132233361989975
