UE ID,Internet usage
1296688,0.8605305165767427
459347,0.8339347784289715
1097040,0.75240538140638
37859,0.8377156828183511
86606,0.8583901165554371
1078093,0.9633592492005227
1281795,0.8013670590706944
