UE ID,Internet usage
1296688,0.7685778900757414
459347,0.7419821519279701
1097040,0.6604527549053786
37859,0.7457630563173497
86606,0.7664374900544357
1078093,0.8714066226995213
1281795,0.709414432569693
