UE ID,Internet usage
1296688,0.6834506234819611
459347,0.6568548853341898
1097040,0.5753254883115981
37859,0.6606357897191358
86606,0.6813102234562218
1078093,0.7862793561057408
1281795,0.6242871659759127
