UE ID,Internet usage
1296688,1.0050397041165209
459347,0.9784439659687496
1097040,0.896914568946158
37859,0.9822248703536958
86606,1.0028993040907817
1078093,1.1078684367403007
1281795,0.9458762466104724
