UE ID,Internet usage
1296688,0.3350841100392058
459347,0.3084883718923212
1097040,0.22695897486839958
37859,0.3122692762790408
86606,0.3329437100161267
1078093,0.43791284266342906
1281795,0.27592065253315745
