UE ID,Internet usage
1296688,0.3819169845580923
459347,0.35532124641120777
1097040,0.27379184938772944
37859,0.35910215079792723
86606,0.3797765845354566
1078093,0.4847457171818722
1281795,0.32275352705248733
