UE ID,Internet usage
1296688,0.49576388045175523
459347,0.469168142303984
1097040,0.3876387452827224
37859,0.4729490466933636
86606,0.49362348043044957
1078093,0.5985926130755351
1281795,0.436600422947037
