UE ID,Internet usage
1296688,0.7695847397230117
459347,0.7429890015796738
1097040,0.6614596045526488
37859,0.7467699059646201
86606,0.7674443397017059
1078093,0.872413472351225
1281795,0.7104212822169634
