UE ID,Internet usage
1296688,0.3389858159711835
459347,0.31239007782429895
1097040,0.23086068080082067
37859,0.31617098221101847
86606,0.33684541594854783
1078093,0.4418145485958501
1281795,0.2798223584651352
