UE ID,Internet usage
1296688,0.33130427342852603
459347,0.3047085352816415
1097040,0.22317913825816318
37859,0.308489439668361
86606,0.329163873405447
1078093,0.43413300605319266
1281795,0.27214081592247774
