UE ID,Internet usage
1296688,0.340249736058691
459347,0.3136539979118064
1097040,0.23212460088832815
37859,0.31743490229852594
86606,0.33810933603561194
1078093,0.4430784686829143
1281795,0.2810862785526427
