UE ID,Internet usage
1296688,0.8900923324903294
459347,0.8634965943425582
1097040,0.7819671973199666
37859,0.8672774987275043
86606,0.8879519324645903
1078093,0.9929210651141093
1281795,0.8309288749842811
