UE ID,Internet usage
1296688,0.6942178781204004
459347,0.6676221399726291
1097040,0.5860927429500375
37859,0.6714030443620087
86606,0.6920774780990946
1078093,0.7970466107441803
1281795,0.635054420614352
