UE ID,Internet usage
1296688,0.9594894255381288
459347,0.9328936873903576
1097040,0.851364290367766
37859,0.9366745917797372
86606,0.9573490255168232
1078093,1.0623181581619086
1281795,0.9003259680320805
