UE ID,Internet usage
1296688,1.0034791946972883
459347,0.976883456549517
1097040,0.8953540595269254
37859,0.9806643609344632
86606,1.0013387946759826
1078093,1.106307927321068
1281795,0.9443157371912398
