UE ID,Internet usage
1296688,0.66627420106032
459347,0.6396784629169823
1097040,0.5581490658899573
37859,0.6434593673019284
86606,0.6641338010390144
1078093,0.7691029336885333
1281795,0.6071107435542717
