UE ID,Internet usage
1296688,0.9916257058933203
459347,0.9650299677455492
1097040,0.8835005707229575
37859,0.9688108721349288
86606,0.9894853058720147
1078093,1.0944544385171002
1281795,0.932462248387272
