UE ID,Internet usage
1296688,0.7262992883260546
459347,0.6997035501782833
1097040,0.6181741531556917
37859,0.703484454567663
86606,0.724158888304749
1078093,0.8291280209498345
1281795,0.6671358308200063
