UE ID,Internet usage,Data rate,optimal GU
1296688,114.28538697926683,82.99295959208663,97.39036145089655
459347,109.81730297054895,79.74827953813674,93.5828027760421
1097040,96.12036427064228,69.80169310129976,81.91070850386116
37859,110.45249490751883,80.20954987331724,94.12409308416709
86606,113.92579977540642,82.73183078928324,97.08393270543117
1078093,131.56061406017852,95.5380649722725,112.11175894558698
1281795,104.34592611825651,75.77501777635294,88.92026994167809
