UE ID,Internet usage,Data rate,optimal GU
1296688,114.28538697926683,85.03377007385924,98.58051186313146
459347,109.81730297054895,81.70930280546797,94.7264232498008
1097040,96.12036427064228,71.51812817756122,82.91169116826451
37859,110.45249490751883,82.18191585380865,95.27432834889439
86606,113.92579977540642,84.76622007098692,98.2703384319261
1078093,131.56061406017852,97.88736165191854,113.48181091107585
1281795,104.34592611825651,77.63833788560753,90.0069123398633
