UE ID,Internet usage,Data rate,optimal GU
1296688,114.28538697926683,17.687024175362723,44.95963080801461
459347,109.81730297054895,16.995534983537336,43.201895958784995
1097040,96.12036427064228,14.875770660932734,37.81354908938577
37859,110.45249490751883,17.0938384975922,43.4517791304942
86606,113.92579977540642,17.63137377476528,44.818169958503
1078093,131.56061406017852,20.360571223599056,51.75566879862236
1281795,104.34592611825651,16.148774280206364,41.0494678155858
