UE ID,Internet usage,Data rate,optimal GU
1296688,114.28538697926683,99.99971360685848,106.90419059782305
459347,109.81730297054895,96.09014009923034,102.72468071383659
1097040,96.12036427064228,84.10531873681201,89.9123677481627
37859,110.45249490751883,96.64593304407897,103.31884836458224
86606,113.92579977540642,99.68507480348062,106.56782756844461
1078093,131.56061406017852,115.11553730265621,123.06368585169565
1281795,104.34592611825651,91.30268535347446,97.60667631003561
