UE ID,Internet usage,Data rate,optimal GU
1296688,114.28538697926683,76.87052814676876,93.72928067874037
459347,109.81730297054895,73.86520973614304,90.06485505777025
1097040,96.12036427064228,64.65238787251535,78.83153603268828
37859,110.45249490751883,74.29245193184302,90.58579727898285
86606,113.92579977540642,76.62866294417216,93.4343711469974
1078093,131.56061406017852,88.49017493333436,107.89727407363954
1281795,104.34592611825651,70.1850574485892,85.57759531054889
