UE ID,Internet usage,Data rate,optimal GU
1296688,114.28538697926683,14.965943532999228,41.35684523967795
459347,109.81730297054895,14.380837293762362,39.739964343960736
1097040,96.12036427064228,12.587190559250775,34.78340612561073
37859,110.45249490751883,14.464017190270322,39.96982343031549
86606,113.92579977540642,14.918854732493697,41.226720184031755
1078093,131.56061406017852,17.22817565073766,47.608290955963355
1281795,104.34592611825651,13.664347467866923,37.760018423409534
