UE ID,Internet usage,Data rate,optimal GU
1296688,114.28538697926683,67.34674589849652,87.7311171523766
459347,109.81730297054895,64.71376782193063,84.30119481517873
1097040,96.12036427064228,56.642357516628486,73.78674703255513
37859,110.45249490751883,65.08807735621644,84.78879957121511
86606,113.92579977540642,67.13484629622164,87.4550802246275
1078093,131.56061406017852,77.52679042831949,100.99243612699162
1281795,104.34592611825651,61.48956360540116,80.10109525476555
