UE ID,Internet usage,Data rate,optimal GU
1296688,114.28538697926683,11.564592730044858,36.354696469793176
459347,109.81730297054895,11.112465181543643,34.93337881727524
1097040,96.12036427064228,9.726465432148325,30.576320910206107
37859,110.45249490751883,11.176740556117975,35.13543623405407
86606,113.92579977540642,11.52820592965422,36.24031016025442
1078093,131.56061406017852,13.31268118466092,41.85002403155075
1281795,104.34592611825651,10.558813952442623,33.19290919124134
