UE ID,Internet usage,Data rate,optimal GU
1296688,114.28538697926683,20.408104817726223,48.29439052941119
459347,109.81730297054895,19.610232673312314,46.406280424185006
1097040,96.12036427064228,17.164350762614696,40.61826741469411
37859,110.45249490751883,19.723659804914078,46.67469800823468
86606,113.92579977540642,20.343892817036863,48.14243720176691
1078093,131.56061406017852,23.49296679646045,55.59450636382809
1281795,104.34592611825651,18.633201092545807,44.09420171121597
