UE ID,Internet usage,Data rate,optimal GU
1296688,114.28538697926683,89.1153910374045,100.91871457028405
459347,109.81730297054895,85.63134934013044,96.97321194155643
1097040,96.12036427064228,74.95099833008416,84.87824963991653
37859,110.45249490751883,86.12664781479147,97.53411264355114
86606,113.92579977540642,88.8349986343943,100.60118422499065
1078093,131.56061406017852,102.58595501121064,116.17345322931878
1281795,104.34592611825651,81.36497810411669,92.14176031455943
