UE ID,Internet usage,Data rate,optimal GU
1296688,114.28538697926683,77.55079830735964,94.14309849961211
459347,109.81730297054895,74.51888415858679,90.46249432041307
1097040,96.12036427064228,65.22453289793584,79.17957982669574
37859,110.45249490751883,74.94990725867349,90.98573651846559
86606,113.92579977540642,77.30679270474008,93.84688693270049
1078093,131.56061406017852,89.27327382654971,108.37364404588111
1281795,104.34592611825651,70.80616415167407,85.95542317554911
