UE ID,Internet usage,Data rate,optimal GU
1296688,114.28538697926683,50.33999188372468,75.84936026733928
459347,109.81730297054895,48.37190726083704,72.88396527993409
1097040,96.12036427064228,42.338731881116246,63.793528912970075
37859,110.45249490751883,48.65169418545472,73.30553188035061
86606,113.92579977540642,50.18160228202426,75.61070806434081
1078093,131.56061406017852,57.94931809793578,87.3146486755404
1281795,104.34592611825651,45.961896028279654,69.25270108249826
