UE ID,Internet usage,Data rate,optimal GU
1296688,114.28538697926683,26.530536263044088,55.06407725177519
459347,109.81730297054895,25.493302475306006,52.91130050991494
1097040,96.12036427064228,22.313655991399102,46.31195031633931
37859,110.45249490751883,25.6407577463883,53.21734364291286
86606,113.92579977540642,26.44706066214792,54.890823801833136
1078093,131.56061406017852,30.540856835398586,63.38748992655442
1281795,104.34592611825651,24.223161420309548,50.2751251804928
