UE ID,Internet usage,Data rate,optimal GU
1296688,114.28538697926683,2.721080642363496,17.634618062614912
459347,109.81730297054895,2.614697689774975,16.94517773215769
1097040,96.12036427064228,2.2885801016819594,14.831694206536673
37859,110.45249490751883,2.629821307321877,17.04318997590105
86606,113.92579977540642,2.7125190422715812,17.57913255245575
1078093,131.56061406017852,3.1323955728613933,20.300243472555437
1281795,104.34592611825651,2.4844268123394406,16.10092595494392
