UE ID,Internet usage,Data rate,optimal GU
1296688,114.28538697926683,18.3672943359536,45.8160816847813
459347,109.81730297054895,17.649209405981082,44.02486316307283
1097040,96.12036427064228,15.447915686353223,38.53387189206972
37859,110.45249490751883,17.751293824422667,44.27950644196382
86606,113.92579977540642,18.309503535333175,45.67192610076198
1078093,131.56061406017852,21.143670116814405,52.741579650726706
1281795,104.34592611825651,16.769880983291227,41.83143270430098
