UE ID,Internet usage,Data rate,optimal GU
1296688,114.28538697926683,91.83647167976798,102.44787310985407
459347,109.81730297054895,88.24604702990541,98.44258673275725
1097040,96.12036427064228,77.23957843176612,86.16435698693634
37859,110.45249490751883,88.75646912211334,99.01198641437094
86606,113.92579977540642,91.54751767666588,102.12553142465069
1078093,131.56061406017852,105.71835058407203,117.93375733974453
1281795,104.34592611825651,83.84940491645612,93.53792712302483
