UE ID,Internet usage,Data rate,optimal GU
1296688,114.28538697926683,84.35349991326838,98.18539800114591
459347,109.81730297054895,81.05562838302423,94.34675669892843
1097040,96.12036427064228,70.94598315214074,82.57937844354738
37859,110.45249490751883,81.52446052697819,94.89246577676374
86606,113.92579977540642,84.08809031041903,97.87646775502829
1078093,131.56061406017852,97.1042627587032,113.02697216326693
1281795,104.34592611825651,77.01723118252266,89.64616174050171
