UE ID,Internet usage,Data rate,optimal GU
1296688,114.28538697926683,63.94539509554216,85.48698277536847
459347,109.81730297054895,61.44539570971192,82.14479677252055
1097040,96.12036427064228,53.781632389526045,71.89930525638628
37859,110.45249490751883,61.80080072206411,82.61992875229542
86606,113.92579977540642,63.74419749338217,85.21800678539144
1078093,131.56061406017852,73.61129596224275,98.4090813825543
1281795,104.34592611825651,58.38403008997686,78.05213443753343
