UE ID,Internet usage,Data rate,optimal GU
1296688,114.28538697926683,68.0270160590874,88.17309031307457
459347,109.81730297054895,65.36744224437437,84.72588866078846
1097040,96.12036427064228,57.21450254204898,74.15847103268337
37859,110.45249490751883,65.74553268304692,85.21594987950526
86606,113.92579977540642,67.81297605678954,87.89566276227875
1078093,131.56061406017852,78.30988932153484,101.50121736277718
1281795,104.34592611825651,62.11067030848602,80.5046297747196
