UE ID,Internet usage,Data rate,optimal GU
1296688,114.28538697926683,39.45566931427069,67.15062498672228
459347,109.81730297054895,37.913116501737136,64.52531442332526
1097040,96.12036427064228,33.184411474388405,56.47740892626976
37859,110.45249490751883,38.13240895616721,64.89853392829829
86606,113.92579977540642,39.33152611293793,66.93934245870462
1078093,131.56061406017852,45.4197358064902,77.30102414038852
1281795,104.34592611825651,36.02418877892189,61.31049943358404
