UE ID,Internet usage,Data rate,optimal GU
1296688,114.28538697926683,48.299181401952055,74.29596649417718
459347,109.81730297054895,46.410883993505806,71.3913027521268
1097040,96.12036427064228,40.62229680485478,62.48703838711505
37859,110.45249490751883,46.67932820496331,71.80423567482012
86606,113.92579977540642,48.14721300032057,74.06220188475606
1078093,131.56061406017852,55.600021418289735,85.52644596584892
1281795,104.34592611825651,44.09857591902507,67.83440679159004
