UE ID,Internet usage,Data rate,optimal GU
1296688,114.28538697926683,0.680270160590874,8.817309031307456
459347,109.81730297054895,0.6536744224437437,8.472588866078844
1097040,96.12036427064228,0.5721450254204898,7.415847103268336
37859,110.45249490751883,0.6574553268304693,8.521594987950525
86606,113.92579977540642,0.6781297605678953,8.789566276227875
1078093,131.56061406017852,0.7830988932153483,10.150121736277718
1281795,104.34592611825651,0.6211067030848602,8.05046297747196
