UE ID,Internet usage,Data rate,optimal GU
1296688,114.28538697926683,90.47593135858625,101.68616832010936
459347,109.81730297054895,86.93869818501793,97.71066143696514
1097040,96.12036427064228,76.09528838092514,85.52372091095019
37859,110.45249490751883,87.44155846845241,98.27582760497238
86606,113.92579977540642,90.19125815553008,101.36622326060545
1078093,131.56061406017852,104.15215279764134,117.05691426715141
1281795,104.34592611825651,82.60719151028641,92.84246820377523
