UE ID,Internet usage,Data rate,optimal GU
1296688,114.28538697926683,111.56430633690333,112.91665033460065
459347,109.81730297054895,107.20260528077398,108.5020782443863
1097040,96.12036427064228,93.83178416896033,94.96918065606732
37859,110.45249490751883,107.82267360019695,109.12966281786458
86606,113.92579977540642,111.21328073313484,112.56136971967419
1078093,131.56061406017852,128.42821848731714,129.9849810049077
1281795,104.34592611825651,101.86149930591706,103.09622922721306
