UE ID,Internet usage
382196,0.3509449232566278
709769,0.3531939447388988
673857,0.37338153340061775
137527,0.4014975838534765
736243,0.33590315594452563
1219292,0.39136082733300637
694652,0.30858172996721783
