UE ID,Internet usage
382196,0.870178054159862
709769,0.8724270756412464
673857,0.8926146643034087
137527,0.9207307147584842
736243,0.8551362868455431
1219292,0.9105939582362406
694652,0.8278148608686787
