UE ID,Internet usage
382196,0.5738677010929089
709769,0.5761167225742932
673857,0.5963043112364556
137527,0.6244203616915309
736243,0.5588259337830235
1219292,0.6142836051692875
694652,0.5315045078017255
