UE ID,Internet usage
382196,0.9635521550139284
709769,0.9658011764953127
673857,0.985988765157475
137527,1.0141048156125505
736243,0.948510387704043
1219292,1.003968059090307
694652,0.9211889617227451
