UE ID,Internet usage
382196,0.5531123054308145
709769,0.5553613269166323
673857,0.5755489155787946
137527,0.6036649660294365
736243,0.538070538120929
1219292,0.5935282095071931
694652,0.5107491121440646
