UE ID,Internet usage
382196,0.3481282215839212
709769,0.3503772430661923
673857,0.3705648317283545
137527,0.3986808821812133
736243,0.33308645427226247
1219292,0.38854412566029983
694652,0.3057650282949546
