UE ID,Internet usage
382196,0.7992676393317674
709769,0.8015166608131516
673857,0.821704249475314
137527,0.8498202999303894
736243,0.7842258720218819
1219292,0.839683543408146
694652,0.7569044460450174
