UE ID,Internet usage
382196,0.9894676437160465
709769,0.9917166652018642
673857,1.0119042538640266
137527,1.0400203043146685
736243,0.9744258764061611
1219292,1.029883547792425
694652,0.9471044504292966
