UE ID,Internet usage
382196,0.7073521723536074
709769,0.7096011938349917
673857,0.729788782497154
137527,0.7579048329477959
736243,0.6923104050392884
1219292,0.747768076429986
694652,0.664988979062424
