UE ID,Internet usage
382196,0.4767741275514232
709769,0.4790231490328076
673857,0.4992107376949699
137527,0.5273267881500453
736243,0.46173236024153774
1219292,0.5171900316278019
694652,0.43441093426289995
