UE ID,Internet usage
382196,1.0143638983691614
709769,1.0166129198505458
673857,1.0368005085127079
137527,1.0649165589677834
736243,0.9993221310548425
1219292,1.05477980244554
694652,0.972000705077978
