UE ID,Internet usage
382196,0.7751599657797074
709769,0.7774089872610918
673857,0.797596575923254
137527,0.8257126263783294
736243,0.7601181984653885
1219292,0.815575869856086
694652,0.732796772488524
