UE ID,Internet usage
382196,0.44631326266694543
709769,0.4485622841483297
673857,0.4687498728104921
137527,0.49686592326113405
736243,0.4312714953539566
1219292,0.486729166743324
694652,0.4039500693762054
