UE ID,Internet usage
382196,1.008267596383195
709769,1.0105166178645792
673857,1.0307042065267416
137527,1.058820256981817
736243,0.9932258290733096
1219292,1.0486835004595736
694652,0.9659044030964451
