UE ID,Internet usage
382196,0.5076549656712626
709769,0.5099039871526468
673857,0.5300915758148091
137527,0.5582076262698846
736243,0.49261319836137707
1219292,0.5480708697476411
694652,0.46529177238007924
