UE ID,Internet usage
382196,0.9483298434956554
709769,0.9505788649770398
673857,0.9707664536392021
137527,0.9988825040942775
736243,0.9332880761813365
1219292,0.9887457475720339
694652,0.9059666502044721
