UE ID,Internet usage
382196,0.42227335484191775
709769,0.42452237632374545
673857,0.4447099649845777
137527,0.47282601543965314
736243,0.40723158752981564
1219292,0.46268925891740964
694652,0.37991016155250784
