UE ID,Internet usage
382196,0.43421559827049216
709769,0.43646461975276324
673857,0.4566522084127088
137527,0.48476825886778424
736243,0.4191738309588334
1219292,0.47463150234554075
694652,0.3918524049815256
