UE ID,Internet usage
382196,0.348218404270196
709769,0.35046742575246703
673857,0.3706550144146293
137527,0.39877106486748803
736243,0.3331766369585372
1219292,0.38863430834657464
694652,0.3058552109812294
