UE ID,Internet usage
382196,0.4822013524725691
709769,0.48445037395395346
673857,0.5046379626161158
137527,0.5327540130711912
736243,0.46715958515825023
1219292,0.5226172565489478
694652,0.4398381591831592
