UE ID,Internet usage
382196,1.0131976904909377
709769,1.015446711972322
673857,1.0356343006344844
137527,1.0637503510851263
736243,0.9981559231766188
1219292,1.0536135945673162
694652,0.9708344971997543
