UE ID,Internet usage
382196,0.30184753929915076
709769,0.30409656078097846
673857,0.32428414944314077
137527,0.35240019989599947
736243,0.28680577198704865
1219292,0.3422634433755294
694652,0.25948434600974085
