UE ID,Internet usage
382196,0.9287852570940256
709769,0.93103427857541
673857,0.9512218672375723
137527,0.9793379176926477
736243,0.9137434897841402
1219292,0.9692011611704043
694652,0.8864220638072757
