UE ID,Internet usage
382196,0.36058588380932133
709769,0.3628349052915924
673857,0.3830224939537547
137527,0.4111385444066134
736243,0.34554411649766253
1219292,0.4010017878857
694652,0.3182226905203548
