UE ID,Internet usage,Data rate,optimal GU
382196,116.49194841010382,69.34044548220466,89.87548941645103
709769,116.86978401909472,69.56534763041353,90.16699591746234
673857,120.2612989143287,71.58410649662423,92.78360646636703
137527,124.98479539042933,74.39571154192222,96.42786311534934
736243,113.96493150170035,67.83626875101211,87.92585354456351
1219292,123.28182029492602,73.38203588983691,95.11398930465847
694652,109.37493193753171,65.10412615329268,84.38459199918469
