UE ID,Internet usage,Data rate,optimal GU
382196,116.49194841010382,6.934044548220465,28.421125237834268
709769,116.86978401909472,6.956534763041352,28.513307687428462
673857,120.2612989143287,7.1584106496624225,29.340752595844684
137527,124.98479539042933,7.439571154192222,30.493167734744368
736243,113.96493150170035,6.783626875101211,27.80459624152099
1219292,123.28182029492602,7.338203588983691,30.077684354761566
694652,109.37493193753171,6.510412615329268,26.68475101414451
