UE ID,Internet usage,Data rate,optimal GU
382196,116.49194841010382,97.77002812990857,106.72123065708954
709769,116.86978401909472,98.08714015888307,107.06737544844992
673857,120.2612989143287,100.93359016024017,110.17442832507454
137527,124.98479539042933,104.89795327411034,114.5017433353724
736243,113.96493150170035,95.64913893892708,104.40616632829425
1219292,123.28182029492602,103.46867060467005,112.94160462663805
694652,109.37493193753171,91.7968178761427,100.2011512273442
