UE ID,Internet usage,Data rate,optimal GU
382196,116.49194841010382,106.09088158777311,111.16984080543293
709769,116.86978401909472,106.43498187453268,111.53041443370007
673857,120.2612989143287,109.52368293983506,114.76698293597191
137527,124.98479539042933,113.82543865914099,119.27467946315596
736243,113.96493150170035,103.78949118904852,108.75827441604729
1219292,123.28182029492602,112.27451491145047,117.6495073130926
694652,109.37493193753171,99.6093130145378,104.37797579618683
