UE ID,Internet usage,Data rate,optimal GU
382196,116.49194841010382,27.73617819288186,56.842250475668536
709769,116.86978401909472,27.82613905216541,57.026615374856924
673857,120.2612989143287,28.63364259864969,58.68150519168937
137527,124.98479539042933,29.758284616768886,60.986335469488736
736243,113.96493150170035,27.134507500404844,55.60919248304198
1219292,123.28182029492602,29.352814355934765,60.15536870952313
694652,109.37493193753171,26.041650461317072,53.36950202828902
