UE ID,Internet usage,Data rate,optimal GU
382196,116.49194841010382,77.66129894006922,95.11527758245882
709769,116.86978401909472,77.91318934606315,95.42377906535263
673857,120.2612989143287,80.17419927621914,98.19293938147665
137527,124.98479539042933,83.32319692695289,102.04965810423697
736243,113.96493150170035,75.97662100113357,93.05197691680084
1219292,123.28182029492602,82.18788019661734,100.65918476135343
694652,109.37493193753171,72.9166212916878,89.30425796619738
