UE ID,Internet usage,Data rate,optimal GU
382196,116.49194841010382,49.92512074718735,76.26188163459877
709769,116.86978401909472,50.08705029389773,76.50923310294884
673857,120.2612989143287,51.54055667756944,78.72950077837456
137527,124.98479539042933,53.56491231018399,81.82175508503002
736243,113.96493150170035,48.842113500728715,74.60756073957131
1219292,123.28182029492602,52.835065840682574,80.70689618763451
694652,109.37493193753171,46.87497083037073,71.60270067634029
