UE ID,Internet usage,Data rate,optimal GU
382196,116.49194841010382,36.05703165074642,64.81013709968705
709769,116.86978401909472,36.17398076781503,65.02034542699253
673857,120.2612989143287,37.2237353782446,66.90721012739169
137527,124.98479539042933,38.685770001799554,69.53512096916296
736243,113.96493150170035,35.274859750526296,63.40423467877218
1219292,123.28182029492602,38.1586586627152,68.58767309037592
694652,109.37493193753171,33.8541455997122,60.85059466243374
