UE ID,Internet usage,Data rate,optimal GU
382196,116.49194841010382,56.16576084058577,80.88794047480593
709769,116.86978401909472,56.347931580634956,81.15029632571611
673857,120.2612989143287,57.98312626226563,83.50524581973033
137527,124.98479539042933,60.260526348957,86.7850768038144
736243,113.96493150170035,54.94737768831981,79.13326819010716
1219292,123.28182029492602,59.43944907076791,85.60259037419263
694652,109.37493193753171,52.734342184167076,75.94613279926622
