UE ID,Internet usage,Data rate,optimal GU
382196,116.49194841010382,15.94830246090707,43.102770531657455
709769,116.86978401909472,16.00002995499511,43.24257213833752
673857,120.2612989143287,16.464344494223575,44.497454473804495
137527,124.98479539042933,17.11101365464211,46.24517856542762
736243,113.96493150170035,15.602341812732787,42.16775801431951
1219292,123.28182029492602,16.87786825466249,45.615066821530995
694652,109.37493193753171,14.973949015257318,40.46942863915723
