UE ID,Internet usage,Data rate,optimal GU
382196,116.49194841010382,76.96789448524716,94.68970373599089
709769,116.86978401909472,77.217535869759,94.99682489212697
673857,120.2612989143287,79.45835821125289,97.75359516705913
137527,124.98479539042933,82.57923981153365,101.59305779108004
736243,113.96493150170035,75.29825831362344,92.63563488695608
1219292,123.28182029492602,81.45405983771897,100.20880583664203
694652,109.37493193753171,72.26558003015488,88.90468433791574
