UE ID,Internet usage,Data rate,optimal GU
382196,116.49194841010382,10.401066822330698,34.808627374215575
709769,116.86978401909472,10.43480214456203,34.921527356588385
673857,120.2612989143287,10.737615974493636,35.934936264530236
137527,124.98479539042933,11.159356731288334,37.34635079561165
736243,113.96493150170035,10.175440312651817,34.05353664791669
1219292,123.28182029492602,11.007305383475538,36.83748965682926
694652,109.37493193753171,9.765618922993903,32.682011948935
