UE ID,Internet usage,Data rate,optimal GU
382196,116.49194841010382,64.48661429845033,86.67278319055723
709769,116.86978401909472,64.69577329628459,86.95390187958844
673857,120.2612989143287,66.57321904186054,89.47726971070513
137527,124.98479539042933,69.18801173398766,92.99166355132631
736243,113.96493150170035,63.087729938441264,84.79262244459849
1219292,123.28182029492602,68.24529337754834,91.72460953389455
694652,109.37493193753171,60.5468373225622,81.37755348490175
