UE ID,Internet usage,Data rate,optimal GU
382196,116.49194841010382,2.0802133644661396,15.566891402441208
709769,116.86978401909472,2.086960428912406,15.617381809490032
673857,120.2612989143287,2.147523194898727,16.070592050922393
137527,124.98479539042933,2.2318713462576665,16.7017958181082
736243,113.96493150170035,2.0350880625303636,15.229204563804407
1219292,123.28182029492602,2.2014610766951077,16.47422619862313
694652,109.37493193753171,1.9531237845987806,14.615840071855807
