UE ID,Internet usage,Data rate,optimal GU
382196,116.49194841010382,38.83064947003461,67.25665777299744
709769,116.86978401909472,38.956594673031574,67.47480126355777
673857,120.2612989143287,40.08709963810957,69.43289330128174
137527,124.98479539042933,41.661598463476444,72.16000526327467
736243,113.96493150170035,37.98831050056678,65.79768388068396
1219292,123.28182029492602,41.09394009830867,71.1767921334626
694652,109.37493193753171,36.4583106458439,63.14764639673093
