UE ID,Internet usage,Data rate,optimal GU
382196,116.49194841010382,24.26915591877163,53.171056593284945
709769,116.86978401909472,24.347871670644736,53.343514165012465
673857,120.2612989143287,25.054437273818483,54.89152184187448
137527,124.98479539042933,26.03849903967278,57.047493150421545
736243,113.96493150170035,23.74269406285424,52.01763645667699
1219292,123.28182029492602,25.68371256144292,56.27019492152431
694652,109.37493193753171,22.78644415365244,49.92259787314862
