UE ID,Internet usage,Data rate,optimal GU
382196,116.49194841010382,6.240640093398419,26.96264682493531
709769,116.86978401909472,6.2608812867372166,27.050098775238702
673857,120.2612989143287,6.44256958469618,27.835081939910108
137527,124.98479539042933,6.695614038772999,28.928358934604802
736243,113.96493150170035,6.105264187591089,26.377756063369052
1219292,123.28182029492602,6.604383230085322,28.53419679139754
694652,109.37493193753171,5.859371353796341,25.315377599755408
