UE ID,Internet usage,Data rate,optimal GU
382196,116.49194841010382,52.698738566475534,78.35163517351387
709769,116.86978401909472,52.869664199114276,78.60576464937256
673857,120.2612989143287,54.40392093743441,80.88687284082816
137527,124.98479539042933,56.54074077186088,84.06386213227618
736243,113.96493150170035,51.5555642507692,76.65198202506197
1219292,123.28182029492602,55.77034727627605,82.91845349920294
694652,109.37493193753171,49.47913587650244,73.56478178327139
