UE ID,Internet usage,Data rate,optimal GU
382196,116.49194841010382,47.84490738272121,74.6561885078133
709769,116.86978401909472,48.00008986498533,74.89833199356293
673857,120.2612989143287,49.39303348267072,77.07185195611241
137527,124.98479539042933,51.33304096392633,80.09899888041585
736243,113.96493150170035,46.80702543819835,73.0366993220711
1219292,123.28182029492602,50.63360476398747,79.00761332554106
694652,109.37493193753171,44.92184704577195,70.09510655630332
