UE ID,Internet usage,Data rate,optimal GU
382196,116.49194841010382,27.042773738059815,56.127225151081305
709769,116.86978401909472,27.130485575861275,56.30927090261489
673857,120.2612989143287,27.917801533683452,57.94334366666468
137527,124.98479539042933,29.014327501349666,60.21918121451914
736243,113.96493150170035,26.456144812894724,54.90967793932698
1219292,123.28182029492602,28.618993997036398,59.398667282727885
694652,109.37493193753171,25.390609199784148,52.69816081305739
