UE ID,Internet usage,Data rate,optimal GU
382196,116.49194841010382,91.52938803651014,103.2590758682137
709769,116.86978401909472,91.82625887214586,103.59399133960024
673857,120.2612989143287,94.49102057554398,106.60024798355526
137527,124.98479539042933,98.20233923533733,110.7871801075836
736243,113.96493150170035,89.54387475133599,101.01911478741457
1219292,123.28182029492602,96.86428737458473,109.27765402455174
694652,109.37493193753171,85.93744652234635,96.95051502837364
