UE ID,Internet usage
167448,0.4358741035992911
1084297,0.4482083302520481
675798,0.3873929278909694
507244,0.38251640147070864
639923,0.45586484488321266
573905,0.41978502708602117
763671,0.46942956566517774
