UE ID,Internet usage
167448,0.5103058722588885
1084297,0.5226400989103156
675798,0.4618246965523402
507244,0.45694817013119265
639923,0.5302966135459134
573905,0.4942167957482786
763671,0.5438613343278785
