UE ID,Internet usage
167448,0.3507791281728772
1084297,0.3631133548247476
675798,0.30229795246411223
507244,0.2974214260442948
639923,0.3707698694572422
573905,0.3346900516596073
763671,0.38433459024053723
