UE ID,Internet usage
167448,0.6861592941915686
1084297,0.6984935208429957
675798,0.6376781184850203
507244,0.6328015920638729
639923,0.7061500354741602
573905,0.6700702176765253
763671,0.7197147562605587
