UE ID,Internet usage
167448,0.686251154200883
1084297,0.6985853808523101
675798,0.6377699784899014
507244,0.6328934520687539
639923,0.7062418954834746
573905,0.6701620776858398
763671,0.7198066162654397
