UE ID,Internet usage
167448,0.42067004423609156
1084297,0.4330042708884053
675798,0.37218886852776994
507244,0.3673123421079525
639923,0.4406607855208999
573905,0.404580967723265
763671,0.454225506304195
