UE ID,Internet usage
167448,0.8379014151325165
1084297,0.850235641788377
675798,0.7894202394259683
507244,0.7845437130048208
639923,0.8578921564195415
573905,0.8218123386219067
763671,0.8714568772015066
