UE ID,Internet usage
167448,0.6160422132736446
1084297,0.6283764399250716
675798,0.5675610375670963
507244,0.5626845111459489
639923,0.6360329545562362
573905,0.5999531367586013
763671,0.6495976753426347
