UE ID,Internet usage
167448,0.7476601902991772
1084297,0.7599944169506043
675798,0.699179014592629
507244,0.6943024881714814
639923,0.7676509315817688
573905,0.7315711137841339
763671,0.7812156523681673
