UE ID,Internet usage
167448,0.5881719945214453
1084297,0.6005062211773057
675798,0.539690818814897
507244,0.5348142923937494
639923,0.6081627358084702
573905,0.5720829180108354
763671,0.6217274565904353
