UE ID,Internet usage
167448,0.5888266800672465
1084297,0.6011609067186735
675798,0.5403455043562648
507244,0.5354689779351173
639923,0.6088174213498381
573905,0.5727376035522033
763671,0.6223821421318031
