UE ID,Internet usage
167448,0.8019185459193933
1084297,0.8142527725752537
675798,0.7534373702128451
507244,0.7485608437916976
639923,0.8219092872064182
573905,0.7858294694087834
763671,0.8354740079883833
