UE ID,Internet usage
167448,0.5115490812725881
1084297,0.5238833079240152
675798,0.46306790556603983
507244,0.4581913791448924
639923,0.5315398225596132
573905,0.49546000476197827
763671,0.5451045433415782
