UE ID,Internet usage
167448,1.0151831205912423
1084297,1.0275173472471029
675798,0.966701944884694
507244,0.9618254184635465
639923,1.0351738618782673
573905,0.9990940440806324
763671,1.0487385826602325
