UE ID,Internet usage
167448,0.9389380004309424
1084297,0.9512722270823695
675798,0.8904568247199607
507244,0.8855802982988132
639923,0.9589287417135339
573905,0.9228489239158991
763671,0.9724934624954991
