UE ID,Internet usage
167448,0.3119011869042746
1084297,0.3242354135565883
675798,0.263420011195953
507244,0.2585434847761355
639923,0.33189192818908286
573905,0.295812110391448
763671,0.34545664897237793
