UE ID,Internet usage,Data rate,optimal GU
167448,116.93730071698853,71.69370222529655,91.56237227504393
1084297,119.0094507946079,72.96412757050365,93.18487404012171
675798,108.79246319800917,66.70014112735086,85.18493205314738
507244,107.97320675943543,66.19785890608243,84.54345099827883
639923,120.29574525280893,73.752748577615,94.19204772478004
573905,114.23433586280262,70.03652734445637,89.44594002709675
763671,122.57461834440153,75.1499148182938,95.97641443326921
