UE ID,Internet usage,Data rate,optimal GU
167448,116.93730071698853,25.057993010783257,54.13145170846759
1084297,119.0094507946079,25.50202517027312,55.09067080427022
675798,108.79246319800917,23.312670685287678,50.36112456624124
507244,107.97320675943543,23.137115734164734,49.98188252739142
639923,120.29574525280893,25.777659697030483,55.68610943608449
573905,114.23433586280262,24.478786256314848,52.88022211297554
763671,122.57461834440153,26.2659896452289,56.74102269259812
