UE ID,Internet usage,Data rate,optimal GU
167448,116.93730071698853,23.665882287961963,52.60631515170266
1084297,119.0094507946079,24.085245994146835,53.53850855240968
675798,108.79246319800917,22.017522313882807,48.94221578601076
507244,107.97320675943543,21.851720415600028,48.57365877183803
639923,120.29574525280893,24.3455674916399,54.11717088881661
573905,114.23433586280262,23.11885368651958,51.39033855491585
763671,122.57461834440153,24.806767998271738,55.14236229747753
