UE ID,Internet usage,Data rate,optimal GU
167448,116.93730071698853,12.528996505391628,38.27671657852956
1084297,119.0094507946079,12.75101258513656,38.954986905815225
675798,108.79246319800917,11.656335342643839,35.61069268896961
507244,107.97320675943543,11.568557867082367,35.342528071587886
639923,120.29574525280893,12.888829848515241,39.376025600151536
573905,114.23433586280262,12.239393128157424,37.391963646735825
763671,122.57461834440153,13.13299482261445,40.12196191739591
