UE ID,Internet usage,Data rate,optimal GU
167448,116.93730071698853,62.64498252695814,85.58934022508525
1084297,119.0094507946079,63.7550629256828,87.10599878401703
675798,108.79246319800917,58.2816767132192,79.62792957839082
507244,107.97320675943543,57.84278933541184,79.02829526476506
639923,120.29574525280893,64.44414924257622,88.0474699257108
573905,114.23433586280262,61.19696564078712,83.61097252630223
763671,122.57461834440153,65.66497411307225,89.71543423795505
