UE ID,Internet usage,Data rate,optimal GU
167448,116.93730071698853,50.81204138297716,77.08322102277036
1084297,119.0094507946079,51.712439928609385,78.44914961395665
675798,108.79246319800917,47.272915556277795,71.71427281872798
507244,107.97320675943543,46.91692912761182,71.17423191867552
639923,120.29574525280893,52.27136549675626,79.29705459734464
573905,114.23433586280262,49.637538797527334,75.30146929774766
763671,122.57461834440153,53.26159011393638,80.79925173311756
