UE ID,Internet usage,Data rate,optimal GU
167448,116.93730071698853,116.93730071698853,116.93730071698853
1084297,119.0094507946079,119.0094507946079,119.0094507946079
675798,108.79246319800917,108.79246319800917,108.79246319800917
507244,107.97320675943543,107.97320675943543,107.97320675943543
639923,120.29574525280893,120.29574525280893,120.29574525280893
573905,114.23433586280262,114.23433586280262,114.23433586280262
763671,122.57461834440153,122.57461834440153,122.57461834440153
