UE ID,Internet usage,Data rate,optimal GU
167448,116.93730071698853,110.67280246429272,113.76193907875721
1084297,119.0094507946079,112.63394450203963,115.77782117494732
675798,108.79246319800917,102.96429552668725,105.8382696938875
507244,107.97320675943543,102.18892782589424,105.04125966814327
639923,120.29574525280893,113.85133032855131,117.02918708551644
573905,114.23433586280262,108.11463929872392,111.13237159953074
763671,122.57461834440153,116.0081209330943,119.24617875733047
