UE ID,Internet usage,Data rate,optimal GU
167448,116.93730071698853,32.714601986300366,61.8510893219238
1084297,119.0094507946079,33.29431063896769,62.94710178974577
675798,108.79246319800917,30.435986728014473,57.543079218986975
507244,107.97320675943543,30.20678998627063,57.109753814269254
639923,120.29574525280893,33.65416682667869,63.62745538898812
573905,114.23433586280262,31.95841539018883,60.42142299984163
763671,122.57461834440153,34.291708703493285,64.83280887566173
