UE ID,Internet usage,Data rate,optimal GU
167448,116.93730071698853,18.097439396676798,46.002888093430286
1084297,119.0094507946079,18.418129289641698,46.81806757464836
675798,108.79246319800917,16.836928828263325,42.79872614829018
507244,107.97320675943543,16.710139141341198,42.47643238887852
639923,120.29574525280893,18.61719867007757,47.32409310844302
573905,114.23433586280262,17.6791234073385,44.93954740619716
763671,122.57461834440153,18.969881410443094,48.22059698846147
