UE ID,Internet usage,Data rate,optimal GU
167448,116.93730071698853,43.155432407460054,71.03857949736064
1084297,119.0094507946079,43.920154459914826,72.29739594956939
675798,108.79246319800917,40.14959951355101,66.0906485631122
507244,107.97320675943543,39.84725487550593,65.59295609643556
639923,120.29574525280893,44.39485836710806,73.07881069546879
573905,114.23433586280262,42.15790966365335,69.39654754951047
763671,122.57461834440153,45.23587105567199,74.46320991016674
