UE ID,Internet usage,Data rate,optimal GU
167448,116.93730071698853,58.468650358494266,82.68715831063312
1084297,119.0094507946079,59.50472539730395,84.152389682154
675798,108.79246319800917,54.39623159900459,76.9278884693002
507244,107.97320675943543,53.986603379717714,76.34858668605396
639923,120.29574525280893,60.147872626404464,85.06193721615062
573905,114.23433586280262,57.11716793140131,80.77587353292935
763671,122.57461834440153,61.287309172200764,86.67334383267931
