UE ID,Internet usage,Data rate,optimal GU
167448,116.93730071698853,14.617162589623566,41.34357915531656
1084297,119.0094507946079,14.876181349325988,42.076194841077
675798,108.79246319800917,13.599057899751147,38.4639442346501
507244,107.97320675943543,13.496650844929428,38.17429334302698
639923,120.29574525280893,15.036968156601116,42.53096860807531
573905,114.23433586280262,14.279291982850328,40.38793676646468
763671,122.57461834440153,15.321827293050191,43.336671916339654
