UE ID,Internet usage,Data rate,optimal GU
167448,116.93730071698853,99.53591668172238,107.88633565540951
1084297,119.0094507946079,101.29971109302934,109.79810099830448
675798,108.79246319800917,92.60310855544829,100.37190981315368
507244,107.97320675943543,91.90576527737659,99.61606394893508
639923,120.29574525280893,102.39459268542664,110.98483606759626
573905,114.23433586280262,97.23517874036176,105.39258069667964
763671,122.57461834440153,104.33434775743702,113.08732403138694
