UE ID,Internet usage,Data rate,optimal GU
167448,116.93730071698853,46.635709214513284,73.84750471456414
1084297,119.0094507946079,47.46210240023053,75.15609582867431
675798,108.79246319800917,43.38747044206318,68.70392842714942
507244,107.97320675943543,43.0607431719177,68.18655678149776
639923,120.29574525280893,47.97508888058451,75.96840837124114
573905,114.23433586280262,45.55774108814152,72.14054544161252
763671,122.57461834440153,48.883925173064895,77.40754789595593
