UE ID,Internet usage,Data rate,optimal GU
167448,116.93730071698853,59.86076108131556,83.66573862527959
1084297,119.0094507946079,60.92150457343024,85.14831061662426
675798,108.79246319800917,55.69137997040946,77.83830937190965
507244,107.97320675943543,55.271998698282424,77.25215170761844
639923,120.29574525280893,61.579964831795046,86.06862240144517
573905,114.23433586280262,58.47710050119658,81.73183430546848
763671,122.57461834440153,62.746530819157925,87.6990995825699
