UE ID,Internet usage,Data rate,optimal GU
167448,116.93730071698853,22.273771565140674,51.03562210470608
1084297,119.0094507946079,22.66846681802055,51.93998254108696
675798,108.79246319800917,20.722373942477937,47.48092358529281
507244,107.97320675943543,20.56632509703532,47.12337076211718
639923,120.29574525280893,22.91347528624932,52.50136746686872
573905,114.23433586280262,21.75892111672431,49.8559515289811
763671,122.57461834440153,23.347546351314577,53.49594922319454
