UE ID,Internet usage,Data rate,optimal GU
167448,116.93730071698853,47.33176457592393,74.39656435401115
1084297,119.0094507946079,48.17049198829367,75.71488490404572
675798,108.79246319800917,44.035044627765615,69.21474533716702
507244,107.97320675943543,43.703440831200055,68.6935270092162
639923,120.29574525280893,48.6911349832798,76.53323702822689
573905,114.23433586280262,46.23770737303916,72.67691375930696
763671,122.57461834440153,49.613535996543476,77.98307662238355
