UE ID,Internet usage,Data rate,optimal GU
167448,116.93730071698853,4.176332168463876,22.099072620309048
1084297,119.0094507946079,4.250337528378854,22.490672176350767
675798,108.79246319800917,3.885445114214613,20.559843010005643
507244,107.97320675943543,3.8561859556941225,20.40501809597317
639923,120.29574525280893,4.296276616171747,22.733758979865087
573905,114.23433586280262,4.079797709385808,21.588260276971628
763671,122.57461834440153,4.377664940871483,23.16442551342444
