UE ID,Internet usage,Data rate,optimal GU
167448,116.93730071698853,103.71224885018627,110.12642930663547
1084297,119.0094507946079,105.55004862140821,112.07788951340024
675798,108.79246319800917,96.4885536696629,102.45597798145278
507244,107.97320675943543,95.76195123307072,101.684438141612
639923,120.29574525280893,106.6908693015984,113.28926530923313
573905,114.23433586280262,101.31497644974758,107.5808953657312
763671,122.57461834440153,108.7120126983085,115.43540819846784
