UE ID,Internet usage,Data rate,optimal GU
167448,116.93730071698853,111.36885782570336,114.11912030011366
1084297,119.0094507946079,113.34233409010275,116.14133171202272
675798,108.79246319800917,103.61186971238969,106.17057277118776
507244,107.97320675943543,102.83162548517659,105.37106035302008
639923,120.29574525280893,114.56737643124659,117.39662656761439
573905,114.23433586280262,108.79460558362155,111.48129670173633
763671,122.57461834440153,116.73773175657288,119.62057898394006
