UE ID,Internet usage,Data rate,optimal GU
167448,116.93730071698853,96.05563987466914,105.98342910845516
1084297,119.0094507946079,97.75776315271362,107.86147460383529
675798,108.79246319800917,89.3652376269361,98.60154322174573
507244,107.97320675943543,88.6922769809648,97.85902901843463
639923,120.29574525280893,98.81436217195018,109.0272779590306
573905,114.23433586280262,93.83534731587358,103.53365916978032
763671,122.57461834440153,100.68629364004411,111.09268209671036
