UE ID,Internet usage
974484,0.8588817675475757
1069831,0.8482083638138042
41096,0.7790984832321688
75976,0.7980074599816536
472908,0.768080866804133
1084003,0.9078542247062852
1145995,0.8714831012484643
