UE ID,Internet usage
974484,0.44182367253447685
1069831,0.4311502688024787
41096,0.36204038822173
75976,0.38094936497077153
472908,0.35102277179280766
1084003,0.49079612969141306
1145995,0.4544250062380255
