UE ID,Internet usage
974484,0.45784685727184726
1069831,0.44717345353807564
41096,0.37806357295865706
75976,0.39697254970725526
472908,0.3670459565292913
1084003,0.5068193144305568
1145995,0.4704481909727359
