UE ID,Internet usage
974484,0.6683918104584261
1069831,0.6577184067246545
41096,0.5886085261474526
75976,0.6075175028925042
472908,0.5775909097149835
1084003,0.7173642676171358
1145995,0.6809931441593148
