UE ID,Internet usage
974484,0.3646951718819214
1069831,0.3540217681503665
41096,0.2849118875691745
75976,0.3038208643182161
472908,0.27389427114025217
1084003,0.4136676290406309
1145995,0.3772965055841401
