UE ID,Internet usage
974484,0.7071396466021943
1069831,0.6964662428728562
41096,0.6273563622912207
75976,0.6462653390407057
472908,0.6163387458631852
1084003,0.7561121037609039
1145995,0.7197409803075164
