UE ID,Internet usage
974484,0.8750656137564657
1069831,0.8643922100226942
41096,0.7952823294410588
75976,0.8141913061905438
472908,0.7842647130130233
1084003,0.9240380709151753
1145995,0.8876669474573545
