UE ID,Internet usage
974484,0.5767435644334996
1069831,0.5660701606997279
41096,0.496960280122526
75976,0.5158692568675775
472908,0.48594266369005695
1084003,0.6257160215922091
1145995,0.5893448981343882
