UE ID,Internet usage
974484,1.0418052573479795
1069831,1.0311318536142078
41096,0.9620219730325725
75976,0.9809309497820573
472908,0.9510043566045367
1084003,1.090777714506689
1145995,1.054406591048868
