UE ID,Internet usage
974484,1.0397639497112245
1069831,1.0290905459818862
41096,0.959980665400251
75976,0.978889642149736
472908,0.9489630489677819
1084003,1.0887364068699341
1145995,1.052365283412113
