UE ID,Internet usage
974484,0.9027339257436229
1069831,0.8920605220142848
41096,0.8229506414326494
75976,0.8418596181821344
472908,0.8119330250046137
1084003,0.9517063829023324
1145995,0.915335259448945
