UE ID,Internet usage
974484,0.7383919615112723
1069831,0.7277185577819342
41096,0.6586086772002988
75976,0.6775176539497838
472908,0.6475910607722631
1084003,0.7873644186699819
1145995,0.7509932952165944
