UE ID,Internet usage
974484,1.078988472386642
1069831,1.068315068657304
41096,0.9992051880756686
75976,1.0181141648251535
472908,0.9881875716476328
1084003,1.1279609295453514
1145995,1.091589806091964
