UE ID,Internet usage
974484,1.0130989027187316
1069831,1.00242549898496
41096,0.933315618407758
75976,0.9522245951528094
472908,0.9222980019752889
1084003,1.0620713598774412
1145995,1.0257002364196202
