UE ID,Internet usage
974484,0.5089936033554884
1069831,0.4983201996217167
41096,0.4292103190422981
75976,0.4481192957895663
472908,0.41819270261337577
1084003,0.557966060514198
1145995,0.5215949370563769
