UE ID,Internet usage
974484,0.4961902328702551
1069831,0.4855168291364835
41096,0.41640694855662147
75976,0.43531592530521973
472908,0.40538933212769923
1084003,0.5451626900289647
1145995,0.5087915665711437
