UE ID,Internet usage
974484,0.996074001414753
1069831,0.9854005976809813
41096,0.916290717099346
75976,0.935199693848831
472908,0.9052731006713104
1084003,1.0450464585734625
1145995,1.0086753351156417
