UE ID,Internet usage
974484,1.0847886996946738
1069831,1.0741152959609022
41096,1.0050054153837003
75976,1.0239143921287517
472908,0.9939877989512313
1084003,1.1337611568533834
1145995,1.0973900333955624
