UE ID,Internet usage
974484,0.3254787982996192
1069831,0.31480539456762097
41096,0.24569551398687228
75976,0.26460449073591386
472908,0.23467789755794993
1084003,0.3744512554578853
1145995,0.33808013200183784
