UE ID,Internet usage
974484,0.8743069428673002
1069831,0.8636335391335286
41096,0.7945236585563266
75976,0.8134326353013781
472908,0.7835060421238574
1084003,0.9232794000260097
1145995,0.8869082765681887
