UE ID,Internet usage
974484,1.0812006672783026
1069831,1.0705272635445309
41096,1.0014173829628956
75976,1.0203263597123806
472908,0.99039976653486
1084003,1.130173124437012
1145995,1.0938020009791911
