UE ID,Internet usage
974484,0.827785301430043
1069831,0.8171118976962715
41096,0.7480020171146362
75976,0.766910993864121
472908,0.7369844006866004
1084003,0.8767577585887526
1145995,0.8403866351309317
