UE ID,Internet usage
974484,1.0341356810504898
1069831,1.0234622773167181
41096,0.9543523967350829
75976,0.9732613734845676
472908,0.9433347803070471
1084003,1.0831081382091994
1145995,1.0467370147513784
