UE ID,Internet usage
974484,0.7646209623209856
1069831,0.7539475585916474
41096,0.6848376780100122
75976,0.703746654759497
472908,0.673820061577543
1084003,0.8135934194796952
1145995,0.7772222960218743
