UE ID,Internet usage
974484,1.0825519916002857
1069831,1.0718785878709474
41096,1.0027687072893121
75976,1.0216776840387969
472908,0.9917510908612764
1084003,1.1315244487589953
1145995,1.0951533253056076
