UE ID,Internet usage
974484,0.41868253778999426
1069831,0.40800913405843936
41096,0.3388992534776907
75976,0.35780823022628894
472908,0.327881637048325
1084003,0.4676549949482604
1145995,0.43128387149221287
