UE ID,Internet usage
974484,0.768640542709803
1069831,0.7579671389804647
41096,0.6888572583988294
75976,0.7077662351483144
472908,0.6778396419707937
1084003,0.8176129998685123
1145995,0.781241876415125
