UE ID,Internet usage,Data rate,optimal GU
974484,120.46199992220694,80.30799994813796,98.35681106819797
1069831,118.66886809527372,79.11257873018248,96.8927250623543
41096,107.05840815768005,71.37227210512003,87.41282422031072
75976,110.23511625147994,73.49007750098663,90.00659551750378
472908,105.20744859759269,70.13829906506179,85.90152206806391
1084003,128.6893727248253,85.79291514988353,105.07443283155361
1145995,122.57902398419108,81.71934932279406,100.08535397654974
