UE ID,Internet usage,Data rate,optimal GU
974484,120.46199992220694,45.173249970827605,73.76760830114848
1069831,118.66886809527372,44.50082553572765,72.66954379676574
41096,107.05840815768005,40.14690305913002,65.55961816523305
75976,110.23511625147994,41.33816859430498,67.50494663812783
472908,105.20744859759269,39.45279322409726,64.42614155104793
1084003,128.6893727248253,48.25851477180949,78.80582462366522
1145995,122.57902398419108,45.96713399407166,75.06401548241232
