UE ID,Internet usage,Data rate,optimal GU
974484,120.46199992220694,12.189607134985225,38.319504873449546
1069831,118.66886809527372,12.008159271545555,37.74910156099185
41096,107.05840815768005,10.833291301670004,34.05576194809378
75976,110.23511625147994,11.154743906399755,35.06628710424678
472908,105.20744859759269,10.64599182237545,33.466963373197714
1084003,128.6893727248253,13.02213890667875,40.9366692274302
1145995,122.57902398419108,12.403829807924097,38.99293976505685
