UE ID,Internet usage,Data rate,optimal GU
974484,120.46199992220694,35.13474997731036,65.05691545895425
1069831,118.66886809527372,34.611753194454835,64.0885135915862
41096,107.05840815768005,31.225369045990014,57.818148571186434
75976,110.23511625147994,32.15190890668165,59.53376702372398
472908,105.20744859759269,30.685505840964534,56.818516158505986
1084003,128.6893727248253,37.53440037807405,69.5002046058628
1145995,122.57902398419108,35.7522153287224,66.20023912545503
