UE ID,Internet usage,Data rate,optimal GU
974484,120.46199992220694,37.28585711877834,67.0188698602244
1069831,118.66886809527372,36.73084012472758,66.02126340649568
41096,107.05840815768005,33.13712633452001,59.56179980737361
75976,110.23511625147994,34.12039312545807,61.32915703587542
472908,105.20744859759269,32.56421028020726,58.53202097293502
1084003,128.6893727248253,39.832424891017354,71.59615753190768
1145995,122.57902398419108,37.94112647129724,68.19667331851585
