UE ID,Internet usage,Data rate,optimal GU
974484,120.46199992220694,42.30510711553696,71.38737850671343
1069831,118.66886809527372,41.67537629536399,70.32474480874741
41096,107.05840815768005,37.597893341090014,63.44423229245773
75976,110.23511625147994,38.71352296926974,65.32679163269682
472908,105.20744859759269,36.947853971773625,62.347329113016016
1084003,128.6893727248253,45.19448208788507,76.26302872633163
1145995,122.57902398419108,43.04858580397187,72.64195503805342
