UE ID,Internet usage,Data rate,optimal GU
974484,120.46199992220694,115.44274992544833,117.9256737633443
1069831,118.66886809527372,113.72433192463733,116.1702963084278
41096,107.05840815768005,102.59764115111005,104.80429448438996
75976,110.23511625147994,105.64198640766827,107.91411702222548
472908,105.20744859759269,100.82380490602633,102.99230685864104
1084003,128.6893727248253,123.32731552795757,125.97981931694244
1145995,122.57902398419108,117.47156465151646,119.99812390566233
