UE ID,Internet usage,Data rate,optimal GU
974484,120.46199992220694,89.62946422783254,103.90834669477044
1069831,118.66886809527372,88.29528876136438,102.3616235483614
41096,107.05840815768005,79.65655368875004,92.34665038453943
75976,110.23511625147994,82.02017578235113,95.08682144405867
472908,105.20744859759269,78.2793516351136,90.75004607934972
1084003,128.6893727248253,95.75102137263787,111.00512996346657
1145995,122.57902398419108,91.20463094061836,105.73445343661334
