UE ID,Internet usage,Data rate,optimal GU
974484,120.46199992220694,18.64292855938917,47.389497345623404
1069831,118.66886809527372,18.36542006236379,46.68408305723635
41096,107.05840815768005,16.568563167260006,42.11655254346948
75976,110.23511625147994,17.060196562729036,43.366262824522174
472908,105.20744859759269,16.28210514010363,41.388388946515576
1084003,128.6893727248253,19.916212445508677,50.62612849771223
1145995,122.57902398419108,18.97056323564862,48.22233015788625
