UE ID,Internet usage,Data rate,optimal GU
974484,120.46199992220694,96.08278565223648,107.58403467878092
1069831,118.66886809527372,94.6525495521826,105.98259723977951
41096,107.05840815768005,85.39182555434003,95.61335112590683
75976,110.23511625147994,87.92562843868042,98.45045389647711
472908,105.20744859759269,83.91546495284179,93.96026801563092
1084003,128.6893727248253,102.64509491146778,114.93186188971684
1145995,122.57902398419108,97.77136436834289,109.47473872028282
