UE ID,Internet usage,Data rate,optimal GU
974484,120.46199992220694,5.736285710581283,26.286963476632277
1069831,118.66886809527372,5.65089848072732,25.8956700324439
41096,107.05840815768005,5.098019436080002,23.362059960192695
75976,110.23511625147994,5.249291250070473,24.05527449831731
472908,105.20744859759269,5.009878504647271,22.95814747007829
1084003,128.6893727248253,6.128065367848824,28.082323411804637
1145995,122.57902398419108,5.837096380199576,26.748936001017288
