UE ID,Internet usage,Data rate,optimal GU
974484,120.46199992220694,111.85757135633503,116.08008766375518
1069831,118.66886809527372,110.19252037418275,114.3521825999384
41096,107.05840815768005,99.41137900356004,103.16406345661727
75976,110.23511625147994,102.36117937637424,106.22521597150653
472908,105.20744859759269,97.69263084062179,101.38043419481056
1084003,128.6893727248253,119.49727467305206,124.00818247196925
1145995,122.57902398419108,113.82337941389173,118.12010309484629
