UE ID,Internet usage,Data rate,optimal GU
974484,120.46199992220694,84.61021423107393,100.95699886645572
1069831,118.66886809527372,83.35075259072798,99.4542078789575
41096,107.05840815768005,75.19578668218003,89.72369376234279
75976,110.23511625147994,77.42704593853948,92.38603471328108
472908,105.20744859759269,73.89570794354725,88.17243840936617
1084003,128.6893727248253,90.38896417577014,107.85220953242712
1145995,122.57902398419108,86.09717160794374,102.73123801211173
