UE ID,Internet usage,Data rate,optimal GU
974484,120.46199992220694,55.928785678167515,82.0810171477702
1069831,118.66886809527372,55.096260187091374,80.85920375989878
41096,107.05840815768005,49.70568950178002,72.94800884493337
75976,110.23511625147994,51.18058968818712,75.11257054645782
472908,105.20744859759269,48.846315420310894,71.6867924987871
1084003,128.6893727248253,59.74863733652603,87.68702674854822
1145995,122.57902398419108,56.911689706945864,83.52352589281992
