UE ID,Internet usage,Data rate,optimal GU
974484,120.46199992220694,74.57171423755668,94.77899469124681
1069831,118.66886809527372,73.46168024945516,93.3681661144727
41096,107.05840815768005,66.27425266904002,84.23310508693896
75976,110.23511625147994,68.24078625091614,86.73252564904435
472908,105.20744859759269,65.12842056041453,82.77677789303115
1084003,128.6893727248253,79.66484978203471,101.25225699542446
1145995,122.57902398419108,75.88225294259448,96.4446603157725
