UE ID,Internet usage,Data rate,optimal GU
974484,120.46199992220694,120.46199992220694,120.46199992220694
1069831,118.66886809527372,118.66886809527372,118.66886809527372
41096,107.05840815768005,107.05840815768005,107.05840815768005
75976,110.23511625147994,110.23511625147994,110.23511625147994
472908,105.20744859759269,105.20744859759269,105.20744859759269
1084003,128.6893727248253,128.6893727248253,128.6893727248253
1145995,122.57902398419108,122.57902398419108,122.57902398419108
