UE ID,Internet usage,Data rate,optimal GU
974484,120.46199992220694,30.115499980551736,60.23099996110347
1069831,118.66886809527372,29.66721702381843,59.33443404763686
41096,107.05840815768005,26.764602039420012,53.529204078840024
75976,110.23511625147994,27.558779062869984,55.11755812573997
472908,105.20744859759269,26.301862149398172,52.603724298796344
1084003,128.6893727248253,32.17234318120632,64.34468636241265
1145995,122.57902398419108,30.64475599604777,61.28951199209554
