UE ID,Internet usage,Data rate,optimal GU
974484,120.46199992220694,11.472571421162566,37.17538026225957
1069831,118.66886809527372,11.30179696145464,36.62200776662069
41096,107.05840815768005,10.196038872160004,33.03894204067796
75976,110.23511625147994,10.498582500140946,34.01929544212799
472908,105.20744859759269,10.019757009294542,32.46772351914628
1084003,128.6893727248253,12.256130735697647,39.71440263192161
1145995,122.57902398419108,11.674192760399151,37.82870807168859
