UE ID,Internet usage,Data rate,optimal GU
974484,120.46199992220694,118.31089278073897,119.38160141726033
1069831,118.66886809527372,116.549781165001,117.60455181498087
41096,107.05840815768005,105.14665086915006,106.09822366638637
75976,110.23511625147994,108.26663203270353,109.24644052911415
472908,105.20744859759269,103.32874415834998,104.26386497580746
1084003,128.6893727248253,126.39134821188199,127.53518463244589
1145995,122.57902398419108,120.39011284161626,121.4796383328167
