UE ID,Internet usage,Data rate,optimal GU
974484,120.46199992220694,48.04139282611824,76.07340046877468
1069831,118.66886809527372,47.3262747760913,74.94101319601076
41096,107.05840815768005,42.695912777170015,67.60884895309914
75976,110.23511625147994,43.96281421934021,69.61498356109253
472908,105.20744859759269,41.957732476420894,66.43994267595808
1084003,128.6893727248253,51.32254745573389,81.26909891661451
1145995,122.57902398419108,48.88568218417144,77.41033011773747
