UE ID,Internet usage,Data rate,optimal GU
974484,120.46199992220694,46.60732139847292,74.92937439133681
1069831,118.66886809527372,45.913550155909476,73.81401646867184
41096,107.05840815768005,41.42140791815002,66.59211661576065
75976,110.23511625147994,42.650491406822596,68.56808206748848
472908,105.20744859759269,40.705262850259075,65.44078887796303
1084003,128.6893727248253,49.790531113771685,80.04693758456456
1145995,122.57902398419108,47.426408089121544,76.24619868977379
