UE ID,Internet usage,Data rate,optimal GU
974484,120.46199992220694,62.38210710257145,86.68721578720283
1069831,118.66886809527372,61.453520977909605,85.39683703110843
41096,107.05840815768005,55.44096136737002,77.04168398160876
75976,110.23511625147994,57.08604234451639,79.3277159269361
472908,105.20744859759269,54.48242873803907,75.70969106349102
1084003,128.6893727248253,66.64271087535595,92.60782180373022
1145995,122.57902398419108,63.47842313467038,88.21067481831999
