UE ID,Internet usage,Data rate,optimal GU
974484,120.46199992220694,7.887392852049263,30.82419694217473
1069831,118.66886809527372,7.769985411000065,30.36536470784054
41096,107.05840815768005,7.009776724610003,27.394443554806934
75976,110.23511625147994,7.2177754688469005,28.207309653446536
472908,105.20744859759269,6.888582943889997,26.920814177501402
1084003,128.6893727248253,8.426089880792132,32.92944307579673
1145995,122.57902398419108,8.026007522774416,31.365907744419946
