UE ID,Internet usage,Data rate,optimal GU
974484,120.46199992220694,106.12128564575374,113.06450505443027
1069831,118.66886809527372,104.54162189345543,111.38148831354536
41096,107.05840815768005,94.31335956748005,100.48401934286525
75976,110.23511625147994,97.11188812630375,103.46564781126057
472908,105.20744859759269,92.68275233597451,98.74672603317262
1084003,128.6893727248253,113.36920930520324,120.78664012131487
1145995,122.57902398419108,107.98628303369215,115.05152401402859
