UE ID,Internet usage,Data rate,optimal GU
974484,120.46199992220694,40.15399997406898,69.54876808220686
1069831,118.66886809527372,39.55628936509124,68.51350293923447
41096,107.05840815768005,35.686136052560016,61.8102007688494
75976,110.23511625147994,36.745038750493315,63.644274041941635
472908,105.20744859759269,35.06914953253089,60.74154876857385
1084003,128.6893727248253,42.89645757494176,74.29884398452197
1145995,122.57902398419108,40.85967466139703,70.77103249427431
