UE ID,Internet usage,Data rate,optimal GU
974484,120.46199992220694,65.2502499578621,88.65763139937795
1069831,118.66886809527372,64.27897021827326,87.3379221079383
41096,107.05840815768005,57.989971085410026,78.79285496486271
75976,110.23511625147994,59.71068796955163,81.13084881707678
472908,105.20744859759269,56.9873679903627,77.43058561420146
1084003,128.6893727248253,69.70674355928035,94.71281382861585
1145995,122.57902398419108,66.39697132477016,90.21571892135344
