UE ID,Internet usage,Data rate,optimal GU
974484,120.46199992220694,73.13764280991136,93.86323413604467
1069831,118.66886809527372,72.04895562927334,92.46603707293
41096,107.05840815768005,64.99974781002004,83.41923957452138
75976,110.23511625147994,66.92846343839854,85.89451057934254
472908,105.20744859759269,63.87595093425271,81.97698350474812
1084003,128.6893727248253,78.1328334400725,100.27395137629804
1145995,122.57902398419108,74.42297884754458,95.51280599546908
