UE ID,Internet usage,Data rate,optimal GU
974484,120.46199992220694,97.5168570798818,108.3839269909085
1069831,118.66886809527372,96.06527417236444,106.7705827899081
41096,107.05840815768005,86.66633041336003,96.3242408478876
75976,110.23511625147994,89.23795125119804,99.18243760978913
472908,105.20744859759269,85.1679345790036,94.65886698763966
1084003,128.6893727248253,104.17711125343,115.78638563962623
1145995,122.57902398419108,99.23063846339278,110.28868850508114
