UE ID,Internet usage,Data rate,optimal GU
974484,120.46199992220694,45.890285684650266,74.35076052451915
1069831,118.66886809527372,45.20718784581856,73.24401553324138
41096,107.05840815768005,40.78415548864002,66.07788408135592
75976,110.23511625147994,41.994330000563785,68.03859088425598
472908,105.20744859759269,40.07902803717817,64.93544703829257
1084003,128.6893727248253,49.02452294279059,79.42880526384322
1145995,122.57902398419108,46.696771041596605,75.65741614337718
