UE ID,Internet usage
1093703,0.7614734218945446
191889,0.7414871337608693
1063240,0.8903460967405847
668798,0.8303471283563333
1020612,0.7995058164280735
631502,0.781709830412932
1204092,0.8555556795759971
