UE ID,Internet usage
1093703,1.0265963583889879
191889,1.0066100702508791
1063240,1.155469033235028
668798,1.0954700648507767
1020612,1.0646287529180831
631502,1.0468327669073754
1204092,1.1206786160704405
