UE ID,Internet usage
1093703,1.0126765928511434
191889,0.9926903047174683
1063240,1.1415492676971837
668798,1.0815502993129322
1020612,1.0507089873846724
631502,1.032913001369531
1204092,1.1067588505370296
