UE ID,Internet usage
1093703,0.9705170699536908
191889,0.9505307818200156
1063240,1.099389744799731
668798,1.0393907764154795
1020612,1.0085494644872197
631502,0.9907534784720783
1204092,1.0645993276395769
