UE ID,Internet usage
1093703,0.9467148693422063
191889,0.926728581208531
1063240,1.0755875441882463
668798,1.0155885758039949
1020612,0.984747263875735
631502,0.9669512778605935
1204092,1.0407971270280922
