UE ID,Internet usage
1093703,0.6210987011372212
191889,0.6011124130035458
1063240,0.7499713759832614
668798,0.6899724075990099
1020612,0.6591310956707499
631502,0.6413351096556086
1204092,0.7151809588231072
