UE ID,Internet usage
1093703,0.8079950633318016
191889,0.7880087751981263
1063240,0.9368677381778417
668798,0.8768687697935903
1020612,0.8460274578653305
631502,0.828231471850189
1204092,0.9020773210176877
