UE ID,Internet usage
1093703,0.31299192572413226
191889,0.2930056375895703
1063240,0.44186460057017246
668798,0.38186563218503433
1020612,0.35102432025677444
631502,0.33322833424163306
1204092,0.40707418340824497
