UE ID,Internet usage
1093703,0.9671410610693927
191889,0.9471547729357174
1063240,1.0960137359154327
668798,1.0360147675311813
1020612,1.0051734556029215
631502,0.98737746958778
1204092,1.0612233187552786
