UE ID,Internet usage
1093703,0.3017579471253728
191889,0.2817716589903675
1063240,0.43063062197096963
668798,0.37063165358627487
1020612,0.3397903416575716
631502,0.32199435564287354
1204092,0.3958402048094855
