UE ID,Internet usage
1093703,0.3551319305510212
191889,0.3351456424164592
1063240,0.48400460539794804
668798,0.4240056370119233
1020612,0.39316432508366334
631502,0.37536833906852196
1204092,0.4492141882333605
