UE ID,Internet usage
1093703,0.439520731937539
191889,0.419534443802977
1063240,0.5683934067857959
668798,0.508394438397111
1020612,0.4775531264688511
631502,0.45975714045370975
1204092,0.5336029896212083
