UE ID,Internet usage
1093703,0.337923956511469
191889,0.31793766837690707
1063240,0.46679663135662247
668798,0.4067976629728144
1020612,0.3759563510441112
631502,0.35816036502941306
1204092,0.43200621419602503
