UE ID,Internet usage
1093703,0.905649222962842
191889,0.8856629348247333
1063240,1.0345218978088822
668798,0.9745229294201972
1020612,0.9436816174919374
631502,0.9258856314767959
1204092,0.9997314806442945
