UE ID,Internet usage
1093703,0.42987835333431323
191889,0.40989206519930793
1063240,0.5587510281807967
668798,0.49875205979654536
1020612,0.4679107478682854
631502,0.45011476185314403
1204092,0.5239606110162093
