UE ID,Internet usage
1093703,0.6408277670666958
191889,0.6208414789330204
1063240,0.7697004419127359
668798,0.7097014735284844
1020612,0.6788601616002246
631502,0.6610641755850832
1204092,0.7349100247525818
