UE ID,Internet usage
1093703,0.6445949842500258
191889,0.6246086961163506
1063240,0.7734676590960661
668798,0.7134686907118146
1020612,0.6826273787835547
631502,0.6648313927684134
1204092,0.738677241935912
