UE ID,Internet usage
1093703,0.9298342374863513
191889,0.909847949352676
1063240,1.0587069123323916
668798,0.99870794394814
1020612,0.9678666320198801
631502,0.9500706460047387
1204092,1.0239164951722375
