UE ID,Internet usage
1093703,0.676892843237073
191889,0.6569065551033977
1063240,0.805765518083113
668798,0.7457665496988616
1020612,0.7149252377706018
631502,0.6971292517554604
1204092,0.7709751009229591
