UE ID,Internet usage
1093703,0.6983090827854872
191889,0.6783227946518119
1063240,0.8271817576315272
668798,0.7671827892472758
1020612,0.736341477319016
631502,0.7185454913038747
1204092,0.7923913404713733
