UE ID,Internet usage
1093703,0.31790526327473456
191889,0.2979189751401726
1063240,0.44677793812299144
668798,0.38677896973608
1020612,0.3559376578073767
631502,0.3381416717926786
1204092,0.4119875209592906
