UE ID,Internet usage
1093703,0.9655869758503816
191889,0.9456006877167064
1063240,1.0944596506964217
668798,1.0344606823121703
1020612,1.0036193703839105
631502,0.985823384368769
1204092,1.0596692335362676
