UE ID,Internet usage
1093703,0.9299430992340889
191889,0.9099568111004136
1063240,1.058815774080129
668798,0.9988168056958775
1020612,0.9679754937676177
631502,0.9501795077524762
1204092,1.0240253569199749
