UE ID,Internet usage
1093703,0.6624855510504154
191889,0.6424992629167401
1063240,0.7913582258964555
668798,0.7313592575122041
1020612,0.7005179455839442
631502,0.6827219595688028
1204092,0.7565678087363014
