UE ID,Internet usage
1093703,0.6723778062500553
191889,0.6523915181163801
1063240,0.8012504810960954
668798,0.741251512711844
1020612,0.7104102007835841
631502,0.6926142147684426
1204092,0.7664600639359415
