UE ID,Internet usage
1093703,0.96210858592711
191889,0.9421222977890014
1063240,1.0909812607731502
668798,1.0309822923844654
1020612,1.0001409804562054
631502,0.9823449944410639
1204092,1.0561908436085625
