UE ID,Internet usage,Data rate,optimal GU
1093703,109.32160416029323,55.31152591443407,77.76081752090549
191889,105.96390775367178,53.612691422988696,75.37247699506528
1063240,130.9722135344395,66.26570327635332,93.16096736037231
668798,120.89238684577658,61.16579096363696,85.99115339907883
1020612,115.71104644176555,58.544279449702806,82.30564888453442
631502,112.72132079128342,57.03162063844697,80.17904717089846
1204092,125.12742345124096,63.30851781759215,89.00354890133475
