UE ID,Internet usage,Data rate,optimal GU
1093703,109.32160416029323,14.315924354324114,39.56058411414222
191889,105.96390775367178,13.87622601536178,38.345522991098925
1063240,130.9722135344395,17.151123200938507,47.395364438189496
668798,120.89238684577658,15.831145896470742,43.74774295810093
1020612,115.71104644176555,15.152637034040726,41.8727535225605
631502,112.72132079128342,14.761125341715685,40.790851240000826
1204092,125.12742345124096,16.38573402337679,45.280290190131005
