UE ID,Internet usage,Data rate,optimal GU
1093703,109.32160416029323,59.21586892015883,80.4585221222551
191889,105.96390775367178,57.397116699905546,77.98732447850436
1063240,130.9722135344395,70.94328233115473,96.3929391724831
668798,120.89238684577658,65.48337620812897,88.97438759845808
1020612,115.71104644176555,62.676816822623,85.16102431385242
631502,112.72132079128342,61.05738209527851,82.96064581377036
1204092,125.12742345124096,67.77735436942218,92.09129014509193
