UE ID,Internet usage,Data rate,optimal GU
1093703,109.32160416029323,107.36943265743086,108.34112153698113
191889,105.96390775367178,104.07169511521336,105.01353960778926
1063240,130.9722135344395,128.63342400703883,129.79755111987276
668798,120.89238684577658,118.73359422353059,119.80812829044832
1020612,115.71104644176555,113.64477775530546,114.67325824580146
631502,112.72132079128342,110.70844006286765,111.71034681993014
1204092,125.12742345124096,122.89300517532595,124.0051817375732
