UE ID,Internet usage,Data rate,optimal GU
1093703,109.32160416029323,52.05790674299678,75.4390739230762
191889,105.96390775367178,50.459003692224655,73.12204327413913
1063240,130.9722135344395,62.36772073068548,90.37941379094924
668798,120.89238684577658,57.56780325989361,83.42367254896308
1020612,115.71104644176555,55.10049830560264,79.84820798492608
631502,112.72132079128342,53.67681942442067,77.78510128164594
1204092,125.12742345124096,59.584487357733785,86.3461254529482
