UE ID,Internet usage,Data rate,optimal GU
1093703,109.32160416029323,9.110133680024436,31.558428795093505
191889,105.96390775367178,8.830325646139315,30.589145332983534
1063240,130.9722135344395,10.914351127869958,37.808421370234896
668798,120.89238684577658,10.074365570481381,34.89862604419274
1020612,115.71104644176555,9.642587203480462,33.402901905683315
631502,112.72132079128342,9.393443399273618,32.53984245112882
1204092,125.12742345124096,10.427285287603413,36.12117580628913
