UE ID,Internet usage,Data rate,optimal GU
1093703,109.32160416029323,64.4216595944585,83.92067188443232
191889,105.96390775367178,62.44301706912801,81.34313800545215
1063240,130.9722135344395,77.18005440422327,100.5407507731546
668798,120.89238684577658,71.24015653411834,92.8029771218376
1020612,115.71104644176555,68.18686665318327,88.82552388826629
631502,112.72132079128342,66.42506403772059,86.53046256652883
1204092,125.12742345124096,73.73580310519556,96.054000742609
