UE ID,Internet usage,Data rate,optimal GU
1093703,109.32160416029323,13.665200520036654,38.65102381596741
191889,105.96390775367178,13.245488469208972,37.46389886682355
1063240,130.9722135344395,16.371526691804938,46.30567016860734
668798,120.89238684577658,15.111548355722073,42.741913266238
1020612,115.71104644176555,14.463880805220693,40.91003279858197
631502,112.72132079128342,14.090165098910427,39.85300515791034
1204092,125.12742345124096,15.64092793140512,44.23922481738656
