UE ID,Internet usage,Data rate,optimal GU
1093703,109.32160416029323,28.631848708648228,55.94711458962155
191889,105.96390775367178,27.75245203072356,54.228758670301424
1063240,130.9722135344395,34.302246401877014,67.02716718210307
668798,120.89238684577658,31.662291792941485,61.8686514145584
1020612,115.71104644176555,30.305274068081452,59.21701592551085
631502,112.72132079128342,29.52225068343137,57.68697504435254
1204092,125.12742345124096,32.77146804675358,64.03600049507267
