UE ID,Internet usage,Data rate,optimal GU
1093703,109.32160416029323,1.3014476685749194,11.927964908536739
191889,105.96390775367178,1.2614750923056164,11.561610195583786
1063240,130.9722135344395,1.559193018267137,14.290240058511637
668798,120.89238684577658,1.4391950814973402,13.1904408015394
1020612,115.71104644176555,1.3775124576400661,12.625110215760506
631502,112.72132079128342,1.341920485610517,12.298904403844185
1204092,125.12742345124096,1.4896121839433447,13.652521178097718
