UE ID,Internet usage,Data rate,optimal GU
1093703,109.32160416029323,71.57962177162057,88.46015530882032
191889,105.96390775367178,69.3811300768089,85.74319604087826
1063240,130.9722135344395,85.75561600469253,105.97925670216785
668798,120.89238684577658,79.1557294823537,97.8229271165014
1020612,115.71104644176555,75.76318517020363,93.63032328153906
631502,112.72132079128342,73.80562670857843,91.21111623272344
1204092,125.12742345124096,81.92867011688395,101.2498069060498
