UE ID,Internet usage,Data rate,optimal GU
1093703,109.32160416029323,15.617372022899033,41.319682504968576
191889,105.96390775367178,15.137701107667397,40.05059255211492
1063240,130.9722135344395,18.710316219205644,49.502843667396405
668798,120.89238684577658,17.270340977968083,45.69302728499158
1020612,115.71104644176555,16.530149491680792,43.73466468970813
631502,112.72132079128342,16.103045827326202,42.604654609781484
1204092,125.12742345124096,17.87534620732014,47.29372066375071
