UE ID,Internet usage,Data rate,optimal GU
1093703,109.32160416029323,58.56514508587137,80.01522110616062
191889,105.96390775367178,56.76637915375274,77.55763898003994
1063240,130.9722135344395,70.16368582202116,95.86184455686778
668798,120.89238684577658,64.76377866738031,88.48416685628675
1020612,115.71104644176555,61.98806059380297,84.69181399760258
631502,112.72132079128342,60.38642185247326,82.50355888730138
1204092,125.12742345124096,67.03254827745052,91.58389625544605
