UE ID,Internet usage,Data rate,optimal GU
1093703,109.32160416029323,108.67088032600579,108.99575662726602
191889,105.96390775367178,105.33317020751898,105.64806827988549
1063240,130.9722135344395,130.19261702530594,130.58183349013703
668798,120.89238684577658,120.17278930502792,120.53205106111585
1020612,115.71104644176555,115.02229021294552,115.36615432902482
631502,112.72132079128342,112.05036054847817,112.38533995216625
1204092,125.12742345124096,124.38261735926929,124.75446457857515
