UE ID,Internet usage,Data rate,optimal GU
1093703,109.32160416029323,29.282572542935686,56.57930544230714
191889,105.96390775367178,28.38318957687637,54.84153245560435
1063240,130.9722135344395,35.08184291101058,67.78456034321194
668798,120.89238684577658,32.381889333690154,62.56775441172231
1020612,115.71104644176555,30.994030296901485,59.88615598869455
631502,112.72132079128342,30.19321092623663,58.33882596123445
1204092,125.12742345124096,33.51627413872526,64.75959408971116
