UE ID,Internet usage,Data rate,optimal GU
1093703,109.32160416029323,63.77093576017106,83.49575435975717
191889,105.96390775367178,61.8122795229752,80.93127136908649
1063240,130.9722135344395,76.40045789508972,100.03168040958147
668798,120.89238684577658,70.52055899336968,92.33308561077581
1020612,115.71104644176555,67.49811042436323,88.37577151032353
631502,112.72132079128342,65.75410379491534,86.0923308269093
1204092,125.12742345124096,72.99099701322389,95.56764824668403
