UE ID,Internet usage,Data rate,optimal GU
1093703,109.32160416029323,100.86219431455625,105.00674683845081
191889,105.96390775367178,97.76431965368526,101.78157666976665
1063240,130.9722135344395,120.83745891570311,125.80281980967887
668798,120.89238684577658,111.53761881604386,116.12083775862945
1020612,115.71104644176555,106.75721546710511,111.14400171357774
631502,112.72132079128342,103.99883763481505,108.27227871876802
1204092,125.12742345124096,115.4449442556092,120.18872004134381
