UE ID,Internet usage,Data rate,optimal GU
1093703,109.32160416029323,35.78981088581028,62.55077568368202
191889,105.96390775367178,34.69056503840445,60.62959536111255
1063240,130.9722135344395,42.87780800234626,74.93865107921275
668798,120.89238684577658,39.57786474117685,69.17125511959554
1020612,115.71104644176555,37.881592585101814,66.20663651706495
631502,112.72132079128342,36.902813354289215,64.49599880775312
1204092,125.12742345124096,40.964335058441975,71.59442505709634
