UE ID,Internet usage,Data rate,optimal GU
1093703,109.32160416029323,57.91442125158392,79.56945038919228
191889,105.96390775367178,56.13564160759993,77.12555963492841
1063240,130.9722135344395,69.3840893128876,95.32779112819166
668798,120.89238684577658,64.04418112663164,87.991215015942
1020612,115.71104644176555,61.29930436498294,84.2199896356231
631502,112.72132079128342,59.715461609668004,82.04392545644654
1204092,125.12742345124096,66.28774218547885,91.07367559327503
