UE ID,Internet usage,Data rate,optimal GU
1093703,109.32160416029323,21.473886531486173,48.45162250305126
191889,105.96390775367178,20.81433902304267,46.96348262417667
1063240,130.9722135344395,25.72668480140776,58.04722952340789
668798,120.89238684577658,23.746718844706116,53.579823822891626
1020612,115.71104644176555,22.72895555106109,51.28344012780008
631502,112.72132079128342,22.14168801257353,49.95838585588825
1204092,125.12742345124096,24.578601035065187,55.456803185485825
