UE ID,Internet usage,Data rate,optimal GU
1093703,109.32160416029323,42.947773062972345,68.52094166279655
191889,105.96390775367178,41.62867804608534,66.41639406338385
1063240,130.9722135344395,51.45336960281552,82.09117925018737
668798,120.89238684577658,47.49343768941223,75.77331351989439
1020612,115.71104644176555,45.45791110212218,72.52573655388348
631502,112.72132079128342,44.28337602514706,70.65182683166537
1204092,125.12742345124096,49.157202070130374,78.42776319076951
