UE ID,Internet usage,Data rate,optimal GU
1093703,109.32160416029323,88.49844146309452,98.36051843311574
191889,105.96390775367178,85.78030627678191,95.33948007722
1063240,130.9722135344395,106.0251252421653,117.84033835335235
668798,120.89238684577658,97.86526554181914,108.77116134640767
1020612,115.71104644176555,93.67084711952448,104.10932590929028
631502,112.72132079128342,91.25059302151514,101.41936387284755
1204092,125.12742345124096,101.29362850814744,112.58157374655791
