UE ID,Internet usage,Data rate,optimal GU
1093703,109.32160416029323,27.33040104007331,54.66080208014662
191889,105.96390775367178,26.490976938417944,52.98195387683589
1063240,130.9722135344395,32.743053383609876,65.48610676721975
668798,120.89238684577658,30.223096711444146,60.44619342288829
1020612,115.71104644176555,28.927761610441387,57.85552322088277
631502,112.72132079128342,28.180330197820854,56.36066039564171
1204092,125.12742345124096,31.28185586281024,62.56371172562048
