UE ID,Internet usage,Data rate,optimal GU
1093703,109.32160416029323,18.220267360048872,44.630358009206844
191889,105.96390775367178,17.66065129227863,43.25958419130698
1063240,130.9722135344395,21.828702255739916,53.46918227370295
668798,120.89238684577658,20.148731140962763,49.35411025988429
1020612,115.71104644176555,19.285174406960923,47.238836897635444
631502,112.72132079128342,18.786886798547236,46.01828651187016
1204092,125.12742345124096,20.854570575206825,51.083056714117006
