UE ID,Internet usage
872806,0.3666648147416623
1004664,0.3788999037436265
721597,0.39301092475060934
258138,0.39250469728902215
1142865,0.4190024520450264
532242,0.39255089983456654
163047,0.40860626433598807
