UE ID,Internet usage
872806,0.4464790215920562
1004664,0.45871411059357703
721597,0.4728251315992299
258138,0.4723189041385294
1142865,0.4988166588940902
532242,0.4723651066818571
163047,0.4884204711828352
