UE ID,Internet usage
872806,0.6793360959023558
1004664,0.6915711849038766
721597,0.7056822059139629
258138,0.7051759784488291
1142865,0.7316737332088233
532242,0.7052221809965901
163047,0.7212775454975683
