UE ID,Internet usage
872806,0.6343943719042202
1004664,0.646629460905741
721597,0.6607404819113939
258138,0.6602342544506934
1142865,0.6867320092062543
532242,0.660280456994021
163047,0.6763358214949993
