UE ID,Internet usage
872806,0.2661252084168645
1004664,0.2783602974188287
721597,0.29247131842581153
258138,0.2919650909646678
1142865,0.31846284572067196
532242,0.2920112935097688
163047,0.30806665801119026
