UE ID,Internet usage
872806,0.6202064673865139
1004664,0.6324415563880348
721597,0.6465525773936875
258138,0.6460463499329872
1142865,0.672544104688548
532242,0.6460925524763147
163047,0.6621479169817264
