UE ID,Internet usage
872806,0.3213786153670014
1004664,0.33361370436896565
721597,0.3477247253759485
258138,0.3472184979143614
1142865,0.37371625267036557
532242,0.3472647004599057
163047,0.36332006496132724
