UE ID,Internet usage
872806,0.9860577991869584
1004664,0.998292888188479
721597,1.012403909194132
258138,1.0118976817334313
1142865,1.0383954364889925
532242,1.0119438842767592
163047,1.0279992487777374
