UE ID,Internet usage
872806,0.4410517966700236
1004664,0.4532868856724311
721597,0.46739790667808395
258138,0.46689167921738345
1142865,0.4933894339729444
532242,0.4669378817651446
163047,0.4829932462661228
