UE ID,Internet usage
872806,0.6478129070416282
1004664,0.6600479960431491
721597,0.6741590170532353
258138,0.6736527895925349
1142865,0.7001505443480958
532242,0.6736989921358626
163047,0.6897543566368407
