UE ID,Internet usage
872806,0.5776689758010722
1004664,0.5899040648025932
721597,0.6040150858126794
258138,0.603508858351979
1142865,0.6300066131075398
532242,0.6035550608953065
163047,0.6196104253962847
