UE ID,Internet usage
872806,0.9805222796739141
1004664,0.9927573686754351
721597,1.0068683896810877
258138,1.0063621622203873
1142865,1.0328599169759483
532242,1.0064083647681485
163047,1.0224637292691268
