UE ID,Internet usage
872806,0.9069319563016455
1004664,0.9191670453031663
721597,0.9332780663132527
258138,0.9327718388481188
1142865,0.9592695936081131
532242,0.9328180413958799
163047,0.9488734058968581
