UE ID,Internet usage
872806,0.8345526263679669
1004664,0.8467877153694877
721597,0.8608987363751406
258138,0.86039250891444
1142865,0.886890263670001
532242,0.8604387114577676
163047,0.8764940759587457
