UE ID,Internet usage
872806,0.4379415554940587
1004664,0.450176644497353
721597,0.4642876655030058
258138,0.4637814380423053
1142865,0.49027919279786625
532242,0.463827640585633
163047,0.4798830050866112
