UE ID,Internet usage
872806,0.36209022020332166
1004664,0.3743253092052859
721597,0.38843633021226875
258138,0.38793010275112494
1142865,0.4144278575071292
532242,0.38797630529622595
163047,0.4040316697976475
