UE ID,Internet usage
872806,0.5504534425946742
1004664,0.562688531596195
721597,0.5767995526018479
258138,0.5762933251411474
1142865,0.6027910798967082
532242,0.5763395276889085
163047,0.5923948921898866
