UE ID,Internet usage
872806,0.6989226517784662
1004664,0.7111577407799871
721597,0.7252687617856399
258138,0.7247625343249395
1142865,0.7512602890805004
532242,0.7248087368682671
163047,0.7408641013692453
