UE ID,Internet usage
872806,0.4731758438044492
1004664,0.4854109328059701
721597,0.4995219538116229
258138,0.4990157263509225
1142865,0.5255134811064833
532242,0.4990619288942501
163047,0.5151172933952283
