UE ID,Internet usage
872806,0.373394531591703
1004664,0.3856296205936672
721597,0.39974064160065004
258138,0.3992344141395063
1142865,0.42573216889551047
532242,0.39928061668460735
163047,0.4153359811860288
