UE ID,Internet usage
872806,0.9768098831231034
1004664,0.9890449721246242
721597,1.0031559931302771
258138,1.0026497656695768
1142865,1.0291475204251375
532242,1.0026959682173378
163047,1.0187513327183157
