UE ID,Internet usage
872806,0.6738874946720447
1004664,0.6861225836735656
721597,0.7002336046792184
258138,0.699727377218518
1142865,0.7262251319740789
532242,0.6997735797662791
163047,0.7158289442672572
