UE ID,Internet usage
872806,0.4368366429866137
1004664,0.4490717319885779
721597,0.4631827529942308
258138,0.4626765255335303
1142865,0.4891742802890912
532242,0.4627227280812914
163047,0.4787780925822696
