UE ID,Internet usage
872806,0.9824516674647814
1004664,0.9946867564663022
721597,1.008797777471955
258138,1.0082915500112546
1142865,1.0347893047668155
532242,1.0083377525590158
163047,1.0243931170599938
