UE ID,Internet usage,Data rate,optimal GU
872806,110.49059682193467,40.11860956034533,66.57874370990136
1004664,112.54609177424871,40.864949989459355,67.81733120570122
721597,114.916743303436,41.72572227089045,69.24582381165222
258138,114.83169708991947,41.69484239574457,69.194577187812
1142865,119.28331988891364,43.31120543585555,71.87700865213864
532242,114.83945911754485,41.69766075101331,69.19925438263947
163047,117.53676035378179,42.67703798559934,70.82457755837751
