UE ID,Internet usage,Data rate,optimal GU
872806,110.49059682193467,54.58761628702725,77.66220639822437
1004664,112.54609177424871,55.6031286741824,79.10698340032877
721597,114.916743303436,56.774343417768975,80.77327929928856
258138,114.83169708991947,56.73232653847212,80.71350157360435
1142865,119.28331988891364,58.93164018321329,83.8424814014506
532242,114.83945911754485,56.736161349739426,80.7189573880252
163047,117.53676035378179,58.06875660335648,82.61485053506297
