UE ID,Internet usage,Data rate,optimal GU
872806,110.49059682193467,27.62264920548367,55.24529841096734
1004664,112.54609177424871,28.136522943562177,56.273045887124354
721597,114.916743303436,28.729185825859,57.458371651718
258138,114.83169708991947,28.707924272479868,57.415848544959736
1142865,119.28331988891364,29.82082997222841,59.64165994445682
532242,114.83945911754485,28.709864779386212,57.419729558772424
163047,117.53676035378179,29.384190088445447,58.76838017689089
