UE ID,Internet usage,Data rate,optimal GU
872806,110.49059682193467,63.79516602218847,83.95692924438109
1004664,112.54609177424871,64.98196965536978,85.51880916210592
721597,114.916743303436,66.3507386930553,87.32016265664646
258138,114.83169708991947,66.30163462929875,87.25553979156939
1142865,119.28331988891364,68.87191684062276,90.63813153338204
532242,114.83945911754485,66.3061162762015,87.26143781387066
163047,117.53676035378179,67.86348663283829,89.31099800772571
