UE ID,Internet usage,Data rate,optimal GU
872806,110.49059682193467,82.867947616451,95.68766372709959
1004664,112.54609177424871,84.40956883068654,97.46777457315423
721597,114.916743303436,86.187557477577,99.52081902095085
258138,114.83169708991947,86.12377281743962,99.44716683954987
1142865,119.28331988891364,89.46248991668523,103.3023852715448
532242,114.83945911754485,86.12959433815864,99.4538889526583
163047,117.53676035378179,88.15257026533635,101.78982034489869
