UE ID,Internet usage,Data rate,optimal GU
872806,110.49059682193467,37.48788106458498,64.35882497696565
1004664,112.54609177424871,38.185281137691526,65.55611455347334
721597,114.916743303436,38.98960933509436,66.93697728059051
258138,114.83169708991947,38.96075436979411,66.88743936036835
1142865,119.28331988891364,40.471126390881416,69.48043116984927
532242,114.83945911754485,38.96338791488129,66.89196060463507
163047,117.53676035378179,39.87854369146168,68.46309102809445
