UE ID,Internet usage,Data rate,optimal GU
872806,110.49059682193467,94.70622584737256,102.29441537361231
1004664,112.54609177424871,96.46807866364175,104.19743391544567
721597,114.916743303436,98.50006568865942,106.3922307507238
258138,114.83169708991947,98.42716893421668,106.31349325684064
1142865,119.28331988891364,102.24284561906883,110.4348951207552
532242,114.83945911754485,98.43382210075272,106.32067949803121
163047,117.53676035378179,100.74579458895582,108.81789519768073
