UE ID,Internet usage,Data rate,optimal GU
872806,110.49059682193467,100.62536496283336,105.44266987405265
1004664,112.54609177424871,102.49733358011935,107.40425648792461
721597,114.916743303436,104.65631979420063,109.66660128258039
258138,114.83169708991947,104.57886699260523,109.58544053158623
1142865,119.28331988891364,108.63302347026062,113.83368433422051
532242,114.83945911754485,104.58593598204976,109.59284793945618
163047,117.53676035378179,107.04240675076555,112.16691896435759
