UE ID,Internet usage,Data rate,optimal GU
872806,110.49059682193467,48.01079504762638,72.8336556731009
1004664,112.54609177424871,48.903956544762835,74.18860546883698
721597,114.916743303436,49.93406107827874,75.7513015005726
258138,114.83169708991947,49.89710647359596,75.69524038035306
1142865,119.28331988891364,51.83144257077795,78.6296797937901
532242,114.83945911754485,49.90047925940937,75.70035698632363
163047,117.53676035378179,51.072520868012326,77.47837534387956
