UE ID,Internet usage,Data rate,optimal GU
872806,110.49059682193467,97.99463646707302,104.05520586974696
1004664,112.54609177424871,99.81766472835155,105.99098100880207
721597,114.916743303436,101.92020685840455,108.22355681172364
258138,114.83169708991947,101.84477896665477,108.14346401187962
1142865,119.28331988891364,105.7929444252865,112.33580743410141
532242,114.83945911754485,101.85166314591775,108.15077394960967
163047,117.53676035378179,104.2439124566279,110.69097414313093
