UE ID,Internet usage,Data rate,optimal GU
872806,110.49059682193467,28.93801345336384,56.545365657172525
1004664,112.54609177424871,29.476357369446088,57.5972987358976
721597,114.916743303436,30.097242293757045,58.81051833484377
258138,114.83169708991947,30.0749682854551,58.76699454748656
1142865,119.28331988891364,31.240869494715476,61.04518514629921
532242,114.83945911754485,30.07700119745222,58.7709668917669
163047,117.53676035378179,30.783437235514278,60.15135480782062
