UE ID,Internet usage,Data rate,optimal GU
872806,110.49059682193467,75.63344425311004,91.4154494340243
1004664,112.54609177424871,77.040479488325,93.11608279360311
721597,114.916743303436,78.66324690413774,95.07746395386029
258138,114.83169708991947,78.60503074607583,95.00710015771024
1142865,119.28331988891364,81.65227254300636,98.69019275188487
532242,114.83945911754485,78.61034403879557,95.01352214532098
163047,117.53676035378179,80.45671095645777,97.24516005716
