UE ID,Internet usage,Data rate,optimal GU
872806,110.49059682193467,65.76821239400874,85.24534614467694
1004664,112.54609177424871,66.99172129419566,86.83119492953806
721597,114.916743303436,68.40282339490238,88.66019229226984
258138,114.83169708991947,68.3522006487616,88.59457771403387
1142865,119.28331988891364,71.00197612435336,92.02907926729601
532242,114.83945911754485,68.3568209033005,88.60056624835934
163047,117.53676035378179,69.96235735344155,90.68157933140061
