UE ID,Internet usage,Data rate,optimal GU
872806,110.49059682193467,69.71430513764925,87.76545551460057
1004664,112.54609177424871,71.0112245718474,89.39818676944697
721597,114.916743303436,72.50699279859651,91.28125480699966
258138,114.83169708991947,72.45333268768728,91.21370046406223
1142865,119.28331988891364,75.26209469181455,94.74973623516544
532242,114.83945911754485,72.45823015749853,91.2198660375124
163047,117.53676035378179,74.16009879464802,93.36240013966717
