UE ID,Internet usage,Data rate,optimal GU
872806,110.49059682193467,38.80324531246515,65.47819280647728
1004664,112.54609177424871,39.52511556357544,66.69630637153715
721597,114.916743303436,40.3576658029924,68.10118590309816
258138,114.83169708991947,40.32779838276934,68.05078638923663
1142865,119.28331988891364,41.89116591336848,70.68887708942538
532242,114.83945911754485,40.3305243329473,68.05538626973363
163047,117.53676035378179,41.27779083853051,69.65384274913976
