UE ID,Internet usage,Data rate,optimal GU
872806,110.49059682193467,99.96768283889327,105.09752109243678
1004664,112.54609177424871,101.82741636717739,107.05268678363464
721597,114.916743303436,103.9722915602516,109.30762617447805
258138,114.83169708991947,103.8953449861176,109.22673108950272
1142865,119.28331988891364,107.9230037090171,113.46106898313226
532242,114.83945911754485,103.90236777301676,109.23411425047337
163047,117.53676035378179,106.34278317723113,111.7997594883656
