UE ID,Internet usage,Data rate,optimal GU
872806,110.49059682193467,52.614569915206985,76.2457554979989
1004664,112.54609177424871,53.593377035356525,77.66418177199286
721597,114.916743303436,54.722258715921896,79.30008674548729
258138,114.83169708991947,54.68176051900927,79.24139928258707
1142865,119.28331988891364,56.80158089948268,82.31331085935615
532242,114.83945911754485,54.6854567226404,79.246755590522
163047,117.53676035378179,55.96988588275323,81.10807027682067
