UE ID,Internet usage,Data rate,optimal GU
872806,110.49059682193467,74.97576212916996,91.01712314082113
1004664,112.54609177424871,76.37056227538305,92.71034629800623
721597,114.916743303436,77.97921867018871,94.66318109447083
258138,114.83169708991947,77.92150873958822,94.5931238958409
1142865,119.28331988891364,80.94225278176283,98.26016807993118
532242,114.83945911754485,77.92677582976258,94.5995179008017
163047,117.53676035378179,79.75708738292336,96.82143185391494
