UE ID,Internet usage,Data rate,optimal GU
872806,110.49059682193467,15.12668885062201,40.882231825634605
1004664,112.54609177424871,15.408095897665003,41.642778184999024
721597,114.916743303436,15.732649380827548,42.51993450582351
258138,114.83169708991947,15.721006149215167,42.48846685955422
1142865,119.28331988891364,16.330454508601274,44.13559594115432
532242,114.83945911754485,15.722068807759117,42.491338859723875
163047,117.53676035378179,16.091342191291556,43.48935767413142
