UE ID,Internet usage,Data rate,optimal GU
872806,110.49059682193467,28.280331329423756,55.899111682656354
1004664,112.54609177424871,28.806440156504134,56.93902227421294
721597,114.916743303436,29.413214059808023,58.13837605093535
258138,114.83169708991947,29.391446278967486,58.09534969462732
1142865,119.28331988891364,30.530849733471946,60.347502974340934
532242,114.83945911754485,29.393432988419217,58.09927663919632
163047,117.53676035378179,30.083813661979864,59.46388817522744
