UE ID,Internet usage,Data rate,optimal GU
872806,110.49059682193467,30.25337770124402,57.816206707893436
1004664,112.54609177424871,30.816191795330006,58.891781684120076
721597,114.916743303436,31.465298761655095,60.132268049351346
258138,114.83169708991947,31.442012298430335,60.08776607722137
1142865,119.28331988891364,32.66090901720255,62.417158363399366
532242,114.83945911754485,31.444137615518233,60.09182769881242
163047,117.53676035378179,32.18268438258311,61.5032394416511
