UE ID,Internet usage,Data rate,optimal GU
872806,110.49059682193467,25.64960283366341,53.23570160462861
1004664,112.54609177424871,26.12677130473631,54.22606385335063
721597,114.916743303436,26.67710112401193,55.36827234028422
258138,114.83169708991947,26.657358253017023,55.3272960493093
1142865,119.28331988891364,27.69077068849781,57.47214158187111
532242,114.83945911754485,26.6591601522872,55.33103588779688
163047,117.53676035378179,27.285319367842202,56.630628141620235
