UE ID,Internet usage
682034,0.35634556854595706
472864,0.34975273130433154
757811,0.3595626918458673
202676,0.3261681882609501
16487,0.28432031818309766
1084570,0.3691563729378971
786511,0.3330964080897774
