UE ID,Internet usage
682034,0.7042250446694744
472864,0.697632207426519
757811,0.7074421679667247
202676,0.6740476643853542
16487,0.6321997943066151
1084570,0.7170358490605278
786511,0.6809758842132948
