UE ID,Internet usage
682034,0.9720245487923559
472864,0.9654317115494003
757811,0.975241672089606
202676,0.941847168503802
16487,0.8999992984294962
1084570,0.9848353531834091
786511,0.9487753883361761
