UE ID,Internet usage
682034,0.6567680648795989
472864,0.6501752276366434
757811,0.6599851881768491
202676,0.6265906845954786
16487,0.5847428145167395
1084570,0.6695788692706524
786511,0.6335189044234193
