UE ID,Internet usage
682034,1.0429446302077834
472864,1.0363517929648278
757811,1.0461617535050336
202676,1.012767249923663
16487,0.9709193798449238
1084570,1.0557554345988365
786511,1.0196954697516036
