UE ID,Internet usage
682034,0.329905559922835
472864,0.3233127226812095
757811,0.3331226832227453
202676,0.29972817963782805
16487,0.25788030955997554
1084570,0.34271636431477503
786511,0.30665639946665535
