UE ID,Internet usage
682034,0.41759324255502855
472864,0.41100040531340304
757811,0.42081036585493886
202676,0.3874158622700216
16487,0.3455679921917258
1084570,0.43040404694652523
786511,0.3943440820984056
