UE ID,Internet usage
682034,0.6866764338082928
472864,0.6800835965653373
757811,0.689893557105543
202676,0.6564990535241726
16487,0.6146511834454333
1084570,0.6994872381993461
786511,0.6634272733521132
