UE ID,Internet usage
682034,0.4216741838629378
472864,0.4150813466213123
757811,0.42489130716284806
202676,0.3914968035779308
16487,0.34964893350007836
1084570,0.4344849882544345
786511,0.3984250234063148
