UE ID,Internet usage
682034,1.015533519733993
472864,1.0089406824910374
757811,1.0187506430312432
202676,0.9853561394454392
16487,0.9435082693711334
1084570,1.0283443241250463
786511,0.9922843592778132
