UE ID,Internet usage
682034,1.0137647273901813
472864,1.0071718901472257
757811,1.0169818506874317
202676,0.9835873471060611
16487,0.941739477027322
1084570,1.0265755317812346
786511,0.9905155669340017
