UE ID,Internet usage
682034,0.689497228492364
472864,0.6829043912538418
757811,0.6927143517940476
202676,0.6593198482082436
16487,0.6174719781295045
1084570,0.7023080328834173
786511,0.6662480680361843
