UE ID,Internet usage
682034,0.6829360669475947
472864,0.6763432297046392
757811,0.6861531902448449
202676,0.652758686659041
16487,0.6109108165847352
1084570,0.695746871338648
786511,0.659686906491415
