UE ID,Internet usage
682034,0.6652782378374259
472864,0.6586854005944703
757811,0.6684953611391095
202676,0.6351008575533056
16487,0.5932529874745663
1084570,0.6780890422284791
786511,0.6420290773812461
