UE ID,Internet usage
682034,0.6695175318057531
472864,0.6629246945627977
757811,0.6727346551074368
202676,0.6393401515216329
16487,0.5974922814428938
1084570,0.6823283361968066
786511,0.6462683713495736
