UE ID,Internet usage
682034,0.6952764774406495
472864,0.6886836401976939
757811,0.698493600742333
202676,0.6650990971565292
16487,0.62325122707779
1084570,0.7080872818317027
786511,0.6720273169844697
