UE ID,Internet usage
682034,0.42091124071381686
472864,0.4143184034721914
757811,0.42412836401417053
202676,0.3907338604288099
16487,0.34888599035095746
1084570,0.43372204510575696
786511,0.3976620802576373
