UE ID,Internet usage
682034,0.3404647419024731
472864,0.3338719046608476
757811,0.34368186520238336
202676,0.3102873616174661
16487,0.26843949153961366
1084570,0.3532755462944131
786511,0.31721558144629347
