UE ID,Internet usage
682034,1.0605582697130087
472864,1.0539654324744867
757811,1.0637753930146925
202676,1.0303808894288884
16487,0.9885330193501494
1084570,1.0733690741084956
786511,1.0373091092568292
