UE ID,Internet usage
682034,0.9841861641507493
472864,0.9775933269077938
757811,0.9874032874479997
202676,0.954008783866629
16487,0.9121609137878899
1084570,0.9969969685418028
786511,0.9609370036945698
