UE ID,Internet usage
682034,1.0099052510688247
472864,1.0033124138303025
757811,1.0131223743705082
202676,0.9797278707847044
16487,0.9378800007059653
1084570,1.022716055459878
786511,0.986656090612645
