UE ID,Internet usage
682034,0.5082990037059822
472864,0.5017061664630267
757811,0.5115161270032325
202676,0.47812162342186193
16487,0.4362737533422361
1084570,0.5211098080970356
786511,0.4850498432498026
