UE ID,Internet usage
682034,1.0119330430246363
472864,1.005340205781681
757811,1.01515016632632
202676,0.9817556627405161
16487,0.9399077926617769
1084570,1.0247438474156896
786511,0.9886838825684566
