UE ID,Internet usage,Data rate,optimal GU
682034,116.39128768563518,13.85610567686133,40.15880951968235
472864,115.28369102903322,13.724248932027765,39.77665236650048
757811,116.93176440003242,13.920448142861002,40.34529170279838
202676,111.32148779778726,13.252558071165149,38.40956237200156
16487,104.29104562467384,12.415600669604029,35.98382936669477
1084570,118.54350282345003,14.11232176469643,40.901394291132995
786511,112.48542872899215,13.39112246773716,38.81116014686825
