UE ID,Internet usage,Data rate,optimal GU
682034,116.39128768563518,7.620858122273732,29.782570240343116
472864,115.28369102903322,7.54833691261527,29.499154910217097
757811,116.93176440003242,7.656246478573551,29.92086912877265
202676,111.32148779778726,7.288906939140832,28.48529383532445
16487,104.29104562467384,6.828580368282216,26.686322090919024
1084570,118.54350282345003,7.761776970583037,30.333285846200372
786511,112.48542872899215,7.365117357255438,28.783126716363174
