UE ID,Internet usage,Data rate,optimal GU
682034,116.39128768563518,32.56184834062413,61.56228925072236
472864,115.28369102903322,32.25198499026525,60.976453428276365
757811,116.93176440003242,32.71305313572336,61.84816102417392
202676,111.32148779778726,31.143511467238103,58.880744151041384
16487,104.29104562467384,29.17666157356947,55.16216586887068
1084570,118.54350282345003,33.163956147036615,62.70065014936454
786511,112.48542872899215,31.469137799182327,59.49638188220151
