UE ID,Internet usage,Data rate,optimal GU
682034,116.39128768563518,92.83590803497091,103.94850109383718
472864,115.28369102903322,91.95246784458601,102.9593118292482
757811,116.93176440003242,93.26700255716871,104.4311982566133
202676,111.32148779778726,88.79213907680649,99.42068711680756
16487,104.29104562467384,83.18452448634699,93.14183291342516
1084570,118.54350282345003,94.5525558234661,105.87063411647003
786511,112.48542872899215,89.72052053383896,100.46019718295013
