UE ID,Internet usage,Data rate,optimal GU
682034,116.39128768563518,96.99273973802931,106.25022293749274
472864,115.28369102903322,96.06974252419435,105.23913014842908
757811,116.93176440003242,97.44313700002702,106.74360841796216
202676,111.32148779778726,92.76790649815605,101.6221500031403
16487,104.29104562467384,86.90920468722821,95.20426372405721
1084570,118.54350282345003,98.78625235287502,108.21491757013487
786511,112.48542872899215,93.73785727416012,102.68467784251445
