UE ID,Internet usage,Data rate,optimal GU
682034,116.39128768563518,18.705742663762795,46.660320141973685
472864,115.28369102903322,18.527736058237483,46.21629365500146
757811,116.93176440003242,18.79260499286235,46.87699285884551
202676,111.32148779778726,17.890953396072952,44.62787862056313
16487,104.29104562467384,16.76106090396544,41.80943156099347
1084570,118.54350282345003,19.051634382340183,47.52312567786636
786511,112.48542872899215,18.078015331445165,45.09449306874291
