UE ID,Internet usage,Data rate,optimal GU
682034,116.39128768563518,4.156831703058399,21.99588585648323
472864,115.28369102903322,4.11727467960833,21.78656976317356
757811,116.93176440003242,4.1761344428583005,22.098026354748686
202676,111.32148779778726,3.975767421349545,21.03778373504689
16487,104.29104562467384,3.7246802008812088,19.709155049555562
1084570,118.54350282345003,4.233696529408929,22.402616286666564
786511,112.48542872899215,4.017336740321148,21.25774789538525
