UE ID,Internet usage,Data rate,optimal GU
682034,116.39128768563518,72.05174951967892,91.57617543115828
472864,115.28369102903322,71.36609444654438,90.70472304199063
757811,116.93176440003242,72.38633034287722,92.00142023597373
202676,111.32148779778726,68.91330197005878,87.58727821073748
16487,104.29104562467384,64.56112348194095,82.05575588973211
1084570,118.54350282345003,73.38407317642144,93.26952924608003
786511,112.48542872899215,69.63383683223323,88.50306203809244
