UE ID,Internet usage,Data rate,optimal GU
682034,116.39128768563518,78.28699707426651,95.45640051099473
472864,115.28369102903322,77.54200646595686,94.54802332779182
757811,116.93176440003242,78.65053200716466,95.89966360003035
202676,111.32148779778726,74.87695310208309,91.29848750712704
16487,104.29104562467384,70.14814378326275,85.53258597626075
1084570,118.54350282345003,79.73461797053483,97.22150436254731
786511,112.48542872899215,75.65984194271495,92.25307452054957
