UE ID,Internet usage,Data rate,optimal GU
682034,116.39128768563518,56.117227991288395,80.81804518332788
472864,115.28369102903322,55.583208174712446,80.04896874798564
757811,116.93176440003242,56.37781497858706,81.19333333756387
202676,111.32148779778726,53.672860188218856,77.2977532048322
16487,104.29104562467384,50.283182711896316,72.41605969921444
1084570,118.54350282345003,57.154903147020555,82.31246820854568
786511,112.48542872899215,54.2340459943355,78.1059531366253
