UE ID,Internet usage,Data rate,optimal GU
682034,116.39128768563518,6.928052838430665,28.39656653574627
472864,115.28369102903322,6.862124466013882,28.12634062125242
757811,116.93176440003242,6.960224071430501,28.52842935199808
202676,111.32148779778726,6.6262790355825745,27.159662015649957
16487,104.29104562467384,6.207800334802014,25.4444097582495
1084570,118.54350282345003,7.056160882348215,28.92165326324488
786511,112.48542872899215,6.69556123386858,27.443634525567617
