UE ID,Internet usage,Data rate,optimal GU
682034,116.39128768563518,72.74455480352198,92.01539222162877
472864,115.28369102903322,72.05230689314575,91.13976018071638
757811,116.93176440003242,73.08235275002026,92.44267658157368
202676,111.32148779778726,69.57592987361703,88.00736348991236
16487,104.29104562467384,65.18190351542114,82.44931093362682
1084570,118.54350282345003,74.08968926465626,93.7168676841758
786511,112.48542872899215,70.30339295562008,88.92753959103857
