UE ID,Internet usage,Data rate,optimal GU
682034,116.39128768563518,114.31287183410599,115.34739854810152
472864,115.28369102903322,113.22505368922907,114.24973569446357
757811,116.93176440003242,114.84369717860328,115.88302783978811
202676,111.32148779778726,109.33360408711249,110.32306863603638
16487,104.29104562467384,102.42870552423325,103.35568102965648
1084570,118.54350282345003,116.42665455874557,117.48031091808319
786511,112.48542872899215,110.47676035883158,111.47657042425236
