UE ID,Internet usage,Data rate,optimal GU
682034,116.39128768563518,65.12369668124826,87.06222438910696
472864,115.28369102903322,64.5039699805305,86.23372742367984
757811,116.93176440003242,65.42610627144671,87.4665081282218
202676,111.32148779778726,62.287022934476205,83.26994694102301
16487,104.29104562467384,58.35332314713894,78.01108310163116
1084570,118.54350282345003,66.32791229407323,88.67210981084196
786511,112.48542872899215,62.938275598364655,84.14059016993828
