UE ID,Internet usage,Data rate,optimal GU
682034,116.39128768563518,110.15604013104758,113.2307527008592
472864,115.28369102903322,109.10777900962073,112.15323216122286
757811,116.93176440003242,110.66756273574497,113.75655309713783
202676,111.32148779778726,105.35783666576295,108.29862016105741
16487,104.29104562467384,98.70402532335203,101.45908539079518
1084570,118.54350282345003,112.19295802933664,115.32452573898527
786511,112.48542872899215,106.45942361851043,109.43095498061568
