UE ID,Internet usage,Data rate,optimal GU
682034,116.39128768563518,12.470495109175197,38.097991860914625
472864,115.28369102903322,12.351824038824986,37.73544575246044
757811,116.93176440003242,12.528403328574901,38.2749043934208
202676,111.32148779778726,11.927302264048635,36.43851030774736
16487,104.29104562467384,11.174040602643625,34.137257920082924
1084570,118.54350282345003,12.701089588226788,38.8024696309765
786511,112.48542872899215,12.052010220963444,36.81949940929763
