UE ID,Internet usage,Data rate,optimal GU
682034,116.39128768563518,69.28052838430665,89.79782798147542
472864,115.28369102903322,68.62124466013883,88.94329860887295
757811,116.93176440003242,69.60224071430501,90.21481481951541
202676,111.32148779778726,66.26279035582576,85.88639244981357
16487,104.29104562467384,62.07800334802015,80.46228855468271
1084570,118.54350282345003,70.56160882348216,91.4582980094952
786511,112.48542872899215,66.95561233868581,86.78439237402812
