UE ID,Internet usage,Data rate,optimal GU
682034,116.39128768563518,35.333069475996396,64.12847615683091
472864,115.28369102903322,34.9968347766708,63.5182201213781
757811,116.93176440003242,35.49714276429556,64.42626432278162
202676,111.32148779778726,33.79402308147113,61.335152466608655
16487,104.29104562467384,31.659781707490275,57.46156749100291
1084570,118.54350282345003,35.9864204999759,65.3142889431153
786511,112.48542872899215,34.14736229272976,61.97645268537017
