UE ID,Internet usage,Data rate,optimal GU
682034,116.39128768563518,27.019406069879597,56.07872560048377
472864,115.28369102903322,26.76228541745414,55.545072178336255
757811,116.93176440003242,27.144873878578956,56.339133797375595
202676,111.32148779778726,25.84248823877204,53.636034893874495
16487,104.29104562467384,24.210421305727856,50.24868309705479
1084570,118.54350282345003,27.519027441158045,57.11568880062218
786511,112.48542872899215,26.112688812087463,54.19683566680268
