UE ID,Internet usage,Data rate,optimal GU
682034,116.39128768563518,14.548910960704397,41.150534396773466
472864,115.28369102903322,14.410461378629153,40.75893984342207
757811,116.93176440003242,14.616470550004053,41.341621771685325
202676,111.32148779778726,13.915185974723407,39.35808945679543
16487,104.29104562467384,13.03638070308423,36.87245278912125
1084570,118.54350282345003,14.817937852931253,41.91145735603408
786511,112.48542872899215,14.060678591124018,39.76960471947322
