UE ID,Internet usage,Data rate,optimal GU
682034,116.39128768563518,40.875511746740926,68.97502045677466
472864,115.28369102903322,40.48653434948191,68.31864399109523
757811,116.93176440003242,41.06532202143996,69.29531412456747
202676,111.32148779778726,39.09504630993719,65.97058981656599
16487,104.29104562467384,36.62602197533189,61.804256559557814
1084570,118.54350282345003,41.63134920585448,70.2504516862934
786511,112.48542872899215,39.503811279824625,66.6603566465127
