UE ID,Internet usage,Data rate,optimal GU
682034,116.39128768563518,20.784158515292,49.184296000422684
472864,115.28369102903322,20.586373398041648,48.71625098699757
757811,116.93176440003242,20.880672214291504,49.41268909779995
202676,111.32148779778726,19.878837106747724,47.041914527504275
16487,104.29104562467384,18.623401004406045,44.07101046988947
1084570,118.54350282345003,21.168482647044648,50.09377289083035
786511,112.48542872899215,20.086683701605743,47.533769342634514
