UE ID,Internet usage,Data rate,optimal GU
682034,116.39128768563518,101.84237672493079,108.87408033127194
472864,115.28369102903322,100.87322965040407,107.83801852833673
757811,116.93176440003242,102.31529385002837,109.37965000397287
202676,111.32148779778726,97.40630182306386,104.13171678131397
16487,104.29104562467384,91.25466492158962,97.55534030898477
1084570,118.54350282345003,103.72556497051877,110.88729324835484
786511,112.48542872899215,98.42475013786813,105.2204838270668
