UE ID,Internet usage
52566,0.30597198025936795
295633,0.4149981604751122
1069740,0.4346459274951895
1179839,0.43465044486504917
718548,0.388237777770552
1231986,0.38627107755171425
622059,0.3920394467670048
