UE ID,Internet usage
52566,0.21276824076899287
295633,0.3217944209847371
1069740,0.34144218800437104
1179839,0.3414467053742307
718548,0.29503403827973357
1231986,0.2930673380608959
622059,0.2988357072761864
