UE ID,Internet usage
52566,0.633460267105688
295633,0.742486447324979
1069740,0.7621342143441695
1179839,0.7621387317113691
718548,0.7157260646177588
1231986,0.7137593643993644
622059,0.719527733613325
