UE ID,Internet usage
52566,0.919188297853037
295633,1.0282144780723281
1069740,1.0478622450915187
1179839,1.0478667624587183
718548,1.0014540953651079
1231986,0.9994873951467135
622059,1.005255764360674
