UE ID,Internet usage
52566,0.30742291177707926
295633,0.41644909199282354
1069740,0.4360968590124574
1179839,0.43610137638231716
718548,0.38968870928781996
1231986,0.38772200906898224
622059,0.39349037828427275
