UE ID,Internet usage
52566,0.9441017724049676
295633,1.0531279526198252
1069740,1.0727757196390157
1179839,1.072780237010649
718548,1.0263675699170385
1231986,1.0244008696942106
622059,1.0301692389126047
