UE ID,Internet usage
52566,0.9207423830720481
295633,1.0297685632913391
1069740,1.0494163303105297
1179839,1.0494208476777294
718548,1.003008180584119
1231986,1.0010414803657246
622059,1.0068098495796851
