UE ID,Internet usage
52566,0.6642912950732752
295633,0.7733174752881327
1069740,0.7929652423073233
1179839,0.7929697596789564
718548,0.746557092585346
1231986,0.7445903923669517
622059,0.7503587615809121
