UE ID,Internet usage
52566,0.6706566511840003
295633,0.7796828314032913
1069740,0.7993305984224819
1179839,0.7993351157896815
718548,0.752922448696071
1231986,0.7509557484776768
622059,0.7567241176916372
