UE ID,Internet usage
52566,0.3441438984806205
295633,0.4531700786976948
1069740,0.47281784571688534
1179839,0.472822363084085
718548,0.4264096959913612
1231986,0.42444299577252353
622059,0.43021136498781404
