UE ID,Internet usage
52566,0.6455656841288212
295633,0.7545918643436788
1069740,0.7742396313628693
1179839,0.7742441487345025
718548,0.727831481640892
1231986,0.7258647814224977
622059,0.7316331506364581
