UE ID,Internet usage
52566,0.7847644695229464
295633,0.8937906497422375
1069740,0.913438416761428
1179839,0.9134429341286276
718548,0.8670302670350173
1231986,0.865063566816623
622059,0.8708319360305834
