UE ID,Internet usage
52566,0.3291131150038506
295633,0.4381392952195948
1069740,0.4577870622383421
1179839,0.4577915796099752
718548,0.4113789125145913
1231986,0.4094122122957536
622059,0.4151805815110441
