UE ID,Internet usage
52566,0.9003883451858886
295633,1.0094145254051794
1069740,1.0290622924243702
1179839,1.0290668097915698
718548,0.9826541426979591
1231986,0.980687442479565
622059,0.9864558116935254
