UE ID,Internet usage
52566,0.6860806672495494
295633,0.795106847464407
1069740,0.8147546144835975
1179839,0.8147591318552307
718548,0.7683464647616202
1231986,0.7663797645432259
622059,0.7721481337571863
