UE ID,Internet usage
52566,0.6152032692421228
295633,0.7242294494569803
1069740,0.7438772164761709
1179839,0.7438817338478041
718548,0.6974690667541935
1231986,0.6955023665313659
622059,0.7012707357497597
