UE ID,Internet usage
52566,0.2915252785158979
295633,0.40055145873164216
1069740,0.42019922575171936
1179839,0.42020374312157904
718548,0.3737910760270819
1231986,0.37182437580824423
622059,0.37759274502353474
