UE ID,Internet usage
52566,0.7394844576709932
295633,0.8485106378858508
1069740,0.8681584049050413
1179839,0.8681629222766744
718548,0.8217502551830639
1231986,0.8197835549646696
622059,0.82555192417863
