UE ID,Internet usage
52566,0.5945209490786657
295633,0.7035471292979567
1069740,0.7231948963171473
1179839,0.7231994136843469
718548,0.6767867465907365
1231986,0.6748200463723422
622059,0.6805884155863027
