UE ID,Internet usage
52566,0.6926328857787903
295633,0.8016590659936479
1069740,0.8213068330128385
1179839,0.8213113503844717
718548,0.7748986832864277
1231986,0.7729319830680333
622059,0.7787003522864273
