UE ID,Internet usage
52566,0.8472077953087251
295633,0.956233975528016
1069740,0.9758817425472067
1179839,0.9758862599144064
718548,0.9294735928207959
1231986,0.9275068926024015
622059,0.9332752618163619
