UE ID,Internet usage
52566,0.4937188685394932
295633,0.6027450487587842
1069740,0.6223928157779748
1179839,0.6223973331451744
718548,0.575984666051564
1231986,0.5740179658331697
622059,0.5797863350471301
