UE ID,Internet usage
52566,0.9214251235176468
295633,1.0304513037369376
1069740,1.0500990707561284
1179839,1.050103588123328
718548,1.0036909210297174
1231986,1.001724220811323
622059,1.0074925900252836
