UE ID,Internet usage
52566,0.2871348353661563
295633,0.3961610155819005
1069740,0.4158087826015345
1179839,0.4158132999713942
718548,0.36940063287689695
1231986,0.3674339326580593
622059,0.3732023018733498
