UE ID,Internet usage
52566,0.6259791282571442
295633,0.7350053084720019
1069740,0.7546530754911924
1179839,0.7546575928583921
718548,0.7082449257647815
1231986,0.7062782255463872
622059,0.712046594764781
