UE ID,Internet usage
52566,0.5944559393964167
295633,0.7034821196112743
1069740,0.723129886630465
1179839,0.7231344040020979
718548,0.676721736904054
1231986,0.6747550366856596
622059,0.6805234059040536
