UE ID,Internet usage
52566,0.241425432371657
295633,0.35045161258740126
1069740,0.3700993796070352
1179839,0.3701038969768949
718548,0.3236912298823977
1231986,0.3217245296635601
622059,0.3274928988788506
