UE ID,Internet usage,Data rate,optimal GU
52566,101.52662625703817,11.482177969545983,34.14303430175608
295633,119.84302453329958,13.553675393646975,40.302772270865105
1069740,123.14384939257283,13.926982967017164,41.412827638103735
1179839,123.14460831072874,13.9270687970467,41.41308285951298
718548,115.34728023888471,13.045228122254818,38.79086985358676
1231986,115.01687460208666,13.007860818093134,38.679755642403094
622059,115.98596063030922,13.117459833189733,39.00565574095643
