UE ID,Internet usage,Data rate,optimal GU
52566,101.52662625703817,85.20984703715705,93.01111919314182
295633,119.84302453329958,100.58253844759072,109.79123654826083
1069740,123.14384939257283,103.35287359733792,112.81520598110964
1179839,123.14460831072874,103.35351054650448,112.81590124529461
718548,115.34728023888471,96.80932448620682,105.67257109225469
1231986,115.01687460208666,96.53201975532274,105.36987810225514
622059,115.98596063030922,97.34535981472382,106.25768240938555
