UE ID,Internet usage,Data rate,optimal GU
52566,101.52662625703817,81.58389609940568,91.01064623370935
295633,119.84302453329958,96.30243042854431,107.42985866352247
1069740,123.14384939257283,98.9548789761746,110.38878889317664
1179839,123.14460831072874,98.9554888211213,110.3894692036957
718548,115.34728023888471,92.6897787633895,103.39977701282007
1231986,115.01687460208666,92.42427423381963,103.10359431048028
622059,115.98596063030922,93.20300407792705,103.97230381985867
