UE ID,Internet usage,Data rate,optimal GU
52566,101.52662625703817,22.360030782800074,47.64597032678852
295633,119.84302453329958,26.393999450786218,56.24177027541424
1069740,123.14384939257283,27.120966830507115,57.79083192649965
1179839,123.14460831072874,27.121133973196212,57.791188083236754
718548,115.34728023888471,25.40386529070675,54.13193852835891
1231986,115.01687460208666,25.33109738260242,53.976880710059824
622059,115.98596063030922,25.544527043580008,54.43166824557686
