UE ID,Internet usage,Data rate,optimal GU
52566,101.52662625703817,62.245491098065074,79.49575278528438
295633,119.84302453329958,73.47518766029677,93.83756559801483
1069740,123.14384939257283,75.49890766330358,96.42212461148955
1179839,123.14460831072874,75.49937295241108,96.42271884742874
718548,115.34728023888471,70.71886824169718,90.31737990692494
1231986,115.01687460208666,70.51629811913647,90.05867097715843
622059,115.98596063030922,71.11044014834435,90.81746919756037
