UE ID,Internet usage,Data rate,optimal GU
52566,101.52662625703817,15.712454063589242,39.94036118132766
295633,119.84302453329958,18.547134749201124,47.14599372980618
1069740,123.14384939257283,19.0579766917077,48.44453128528355
1179839,123.14460831072874,19.058094143327068,48.4448298420895
718548,115.34728023888471,17.851364798875014,45.37737738237412
1231986,115.01687460208666,17.80023059318008,45.24739649995367
622059,115.98596063030922,17.95020819278595,45.628632904726885
