UE ID,Internet usage,Data rate,optimal GU
52566,101.52662625703817,96.08769985041113,98.76973215824346
295633,119.84302453329958,113.42286250472996,116.58875972318866
1069740,123.14384939257283,116.54685746082787,119.79995268084976
1179839,123.14460831072874,116.54757572265399,119.80069099104239
718548,115.34728023888471,109.16796165465874,112.2150946445608
1231986,115.01687460208666,108.85525631983202,111.89366097289033
622059,115.98596063030922,109.77242702511408,112.83643205644343
