UE ID,Internet usage,Data rate,optimal GU
52566,101.52662625703817,36.86383453380553,61.1772895044801
295633,119.84302453329958,43.514431526971876,72.21427203149995
1069740,123.14384939257283,44.712945315160376,74.20326275702743
1179839,123.14460831072874,44.71322087472889,74.20372006125831
718548,115.34728023888471,41.882048181975996,69.50525410805183
1231986,115.01687460208666,41.7620794686148,69.30616031323656
622059,115.98596063030922,42.11394999076704,69.89010620692973
