UE ID,Internet usage,Data rate,optimal GU
52566,101.52662625703817,65.87144203581643,81.77839125699703
295633,119.84302453329958,77.75529567934318,96.53201441849998
1069740,123.14384939257283,79.89690228446689,99.19078637580962
1179839,123.14460831072874,79.89739467779424,99.19139767462033
718548,115.34728023888471,74.83841396451447,92.91075022944608
1231986,115.01687460208666,74.62404364063956,92.64461273984625
622059,115.98596063030922,75.2527958851411,93.42519906778188
