UE ID,Internet usage,Data rate,optimal GU
52566,101.52662625703817,50.158987972227195,71.36156406138801
295633,119.84302453329958,59.20816093014206,84.23588951820099
1069740,123.14384939257283,60.8389255927592,86.55599049401886
1179839,123.14460831072874,60.83930053446718,86.55652392636658
718548,115.34728023888471,56.98704916563947,81.07589734376128
1231986,115.01687460208666,56.82381304745948,80.84366010821172
622059,115.98596063030922,57.302587692355154,81.52481634508811
