UE ID,Internet usage,Data rate,optimal GU
52566,101.52662625703817,5.438926406627044,23.498847812715404
295633,119.84302453329958,6.42016202856962,27.738270232615935
1069740,123.14384939257283,6.596991931744973,28.50226273275196
1179839,123.14460831072874,6.597032588074754,28.502438388172664
718548,115.34728023888471,6.179318584225966,26.69770762481417
1231986,115.01687460208666,6.161618282254642,26.621233579907727
622059,115.98596063030922,6.213533605195137,26.845533410742025
