UE ID,Internet usage,Data rate,optimal GU
52566,101.52662625703817,85.81417219344894,93.3403631225067
295633,119.84302453329958,101.29588978409846,110.17987930887438
1069740,123.14384939257283,104.08587270086514,113.21455309177281
1179839,123.14460831072874,104.08651416740167,113.21525081707763
718548,115.34728023888471,97.4959154400097,106.04663446053064
1231986,115.01687460208666,97.21664400890658,105.74286998756989
622059,115.98596063030922,98.03575243752327,106.63381697464138
