UE ID,Internet usage,Data rate,optimal GU
52566,101.52662625703817,8.460552188086515,29.308212499707757
295633,119.84302453329958,9.986918711108299,34.59570123739972
1069740,123.14384939257283,10.261987449381069,35.54856729792433
1179839,123.14460831072874,10.262050692560729,35.54878637872513
718548,115.34728023888471,9.612273353240392,33.29789164810564
1231986,115.01687460208666,9.584739550173888,33.20251175643208
622059,115.98596063030922,9.665496719192435,33.48226279606318
