UE ID,Internet usage,Data rate,optimal GU
52566,101.52662625703817,77.95794516165431,88.96520197354668
295633,119.84302453329958,92.02232240949789,105.01539621471063
1069740,123.14384939257283,94.55688435501128,107.9078251381448
1179839,123.14460831072874,94.55746709573813,107.90849015883455
718548,115.34728023888471,88.57023304057218,101.07588976286186
1231986,115.01687460208666,88.31652871231654,100.78636370162432
622059,115.98596063030922,89.06064834113029,101.63554915581531
