UE ID,Internet usage,Data rate,optimal GU
52566,101.52662625703817,49.554662815935295,70.93037241553867
295633,119.84302453329958,58.49480959363432,83.7269066740233
1069740,123.14384939257283,60.105926489231976,86.03298878448334
1179839,123.14460831072874,60.10629691356998,86.03351899364537
718548,115.34728023888471,56.300458211836585,80.58600828269341
1231986,115.01687460208666,56.13918879387563,80.35517430612705
622059,115.98596063030922,56.61219506955569,81.03221475766827
