UE ID,Internet usage,Data rate,optimal GU
52566,101.52662625703817,15.108128907297347,39.164746354525676
295633,119.84302453329958,17.833783412693393,46.23045038769323
1069740,123.14384939257283,18.32497758818048,47.50377122125326
1179839,123.14460831072874,18.325090522429875,47.504063980287775
718548,115.34728023888471,17.16477384507213,44.49617937469029
1231986,115.01687460208666,17.11560633959623,44.368722633179544
622059,115.98596063030922,17.259815569986493,44.74255568457005
