UE ID,Internet usage,Data rate,optimal GU
52566,101.52662625703817,97.29635016299493,99.38898419428735
295633,119.84302453329958,114.84956517774543,117.31973089483003
1069740,123.14384939257283,118.0128556678823,120.55105692092928
1179839,123.14460831072874,118.01358296444837,120.5517998600713
718548,115.34728023888471,110.54114356226451,112.91864444990168
1231986,115.01687460208666,110.22450482699972,112.59519550035927
622059,115.98596063030922,111.15321227071301,113.5438774323095
