UE ID,Internet usage,Data rate,optimal GU
52566,101.52662625703817,63.45414141064886,80.26384553122405
295633,119.84302453329958,74.90189033331224,94.74422980216607
1069740,123.14384939257283,76.96490587035801,97.35376098031813
1179839,123.14460831072874,76.96538019420547,97.35436095780071
718548,115.34728023888471,72.09205014930293,91.19003186515167
1231986,115.01687460208666,71.88554662630416,90.92882327414162
622059,115.98596063030922,72.49122539394325,91.69495304859899
