UE ID,Internet usage,Data rate,optimal GU
52566,101.52662625703817,44.115736409308255,66.9247479074957
295633,119.84302453329958,52.0746475650647,78.99862825203346
1069740,123.14384939257283,53.50893455748701,81.17447984621901
1179839,123.14460831072874,53.50926432549523,81.17498011307647
718548,115.34728023888471,50.12113962761062,76.03510464593491
1231986,115.01687460208666,49.97757051162099,75.81730647056816
622059,115.98596063030922,50.39866146436056,76.45611266880894
