UE ID,Internet usage,Data rate,optimal GU
52566,101.52662625703817,56.202239535146134,75.53822719718352
295633,119.84302453329958,66.34167429521942,89.16606361246498
1069740,123.14384939257283,68.1689166280314,91.62195589757486
1179839,123.14460831072874,68.16933674343913,91.62252055075204
718548,115.34728023888471,63.85295870366832,85.8211228176022
1231986,115.01687460208666,63.67005558329797,85.57529315714946
622059,115.98596063030922,64.20651392034975,86.29631623525472
