UE ID,Internet usage,Data rate,optimal GU
52566,101.52662625703817,52.576288597394765,73.06088695334786
295633,119.84302453329958,62.061566276173,86.24178691220631
1069740,123.14384939257283,63.77092200686807,88.6171361263682
1179839,123.14460831072874,63.77131501805595,88.6176822612654
718548,115.34728023888471,59.73341298085101,83.00654628839375
1231986,115.01687460208666,59.562310061794875,82.7687788202053
622059,115.98596063030922,60.06415818355299,83.4661553347837
