UE ID,Internet usage,Data rate,optimal GU
52566,101.52662625703817,101.52662625703817,101.52662625703817
295633,119.84302453329958,119.84302453329958,119.84302453329958
1069740,123.14384939257283,123.14384939257283,123.14384939257283
1179839,123.14460831072874,123.14460831072874,123.14460831072874
718548,115.34728023888471,115.34728023888471,115.34728023888471
1231986,115.01687460208666,115.01687460208666,115.01687460208666
622059,115.98596063030922,115.98596063030922,115.98596063030922
