UE ID,Internet usage
1248863,0.5901398665716656
160321,0.5921585333687696
1055931,0.6546667430159563
692207,0.6679417678509151
1071687,0.6211674812684048
161797,0.6606386939638454
196412,0.5646839048768778
