UE ID,Internet usage
1248863,0.7656439498920746
160321,0.7676626166891788
1055931,0.8301708263363653
692207,0.8434458511713241
1071687,0.7966715645888139
161797,0.8361427772842545
196412,0.7401879881972868
