UE ID,Internet usage
1248863,0.6654102793086486
160321,0.6674289461057527
1055931,0.7299371557529394
692207,0.7432121805878981
1071687,0.6964378940053879
161797,0.7359091067008284
196412,0.6399543176138608
