UE ID,Internet usage
1248863,0.7044414573449854
160321,0.7064601241376559
1055931,0.7689683337892761
692207,0.7822433586242349
1071687,0.7354690720417245
161797,0.7749402847327318
196412,0.6789854956457642
