UE ID,Internet usage
1248863,0.5952931983907246
160321,0.5973118651878286
1055931,0.6598200748350153
692207,0.673095099669974
1071687,0.6263208130874639
161797,0.6657920257829045
196412,0.5698372366959368
