UE ID,Internet usage
1248863,0.7860559341320639
160321,0.7880746009291679
1055931,0.8505828105763547
692207,0.8638578354113134
1071687,0.8170835488288032
161797,0.8565547615242438
196412,0.7605999724372762
