UE ID,Internet usage
1248863,0.29115217202091126
160321,0.29317083881757194
1055931,0.3556790484660886
692207,0.36895407330060404
1071687,0.32217978671765046
161797,0.36165099941264783
196412,0.26569621032523677
