UE ID,Internet usage
1248863,0.8555667025146556
160321,0.8575853693117597
1055931,0.9200935789589464
692207,0.9333686037939052
1071687,0.8865943172113948
161797,0.9260655299068355
196412,0.8301107408198679
