UE ID,Internet usage
1248863,0.9980345824176788
160321,1.000053249214783
1055931,1.0625614588619696
692207,1.0758364836969283
1071687,1.029062197114418
161797,1.0685334098098587
196412,0.9725786207184576
