UE ID,Internet usage
1248863,0.48955685737596843
160321,0.49157552417307254
1055931,0.5540837338202592
692207,0.5673587586552179
1071687,0.5205844720727077
161797,0.5600556847681484
196412,0.46410089568118074
