UE ID,Internet usage
1248863,0.7570618574844133
160321,0.7590805242815174
1055931,0.821588733928704
692207,0.8348637587636629
1071687,0.7880894721811526
161797,0.8275606848765933
196412,0.7316058957896255
