UE ID,Internet usage
1248863,0.9962657900738673
160321,0.9982844568709713
1055931,1.060792666518158
692207,1.0740676913531169
1071687,1.0272934047706066
161797,1.0667646174660472
196412,0.9708098283790795
