UE ID,Internet usage
1248863,0.3124066226069643
160321,0.31442528940362496
1055931,0.3769334990516983
692207,0.39020852388665705
1071687,0.3434342373032601
161797,0.38290544999870074
196412,0.2869506609112898
