UE ID,Internet usage
1248863,0.8665270541716181
160321,0.8685457209687221
1055931,0.9310539306159087
692207,0.9443289554508675
1071687,0.8975546688683572
161797,0.937025881563798
196412,0.8410710924768302
