UE ID,Internet usage
1248863,0.6410563117663076
160321,0.6430749785634117
1055931,0.7055831882105984
692207,0.7188582130455571
1071687,0.6720839264630469
161797,0.7115551391584876
196412,0.6156003500715199
