UE ID,Internet usage
1248863,0.6257655047920455
160321,0.6277841715891496
1055931,0.6902923812363362
692207,0.703567406071295
1071687,0.6567931194887847
161797,0.6962643321842255
196412,0.6003095430972577
