UE ID,Internet usage
1248863,0.27693842718587164
160321,0.2789570939825323
1055931,0.34146530363104904
692207,0.3547403284660077
1071687,0.3079660418826109
161797,0.34743725457760816
196412,0.25148246549019715
