UE ID,Internet usage
1248863,0.6892540640583132
160321,0.6912727308554173
1055931,0.7537809405026039
692207,0.7670559653375627
1071687,0.7202816787550524
161797,0.7597528914504931
196412,0.6637981023635255
