UE ID,Internet usage
1248863,0.9901694880879011
160321,0.9921881548850051
1055931,1.0546963645366252
692207,1.0679713893715839
1071687,1.0211971027846403
161797,1.060668315480081
196412,0.9647135263931133
