UE ID,Internet usage
1248863,0.7564027453459622
160321,0.7584214121430661
1055931,0.8209296217902528
692207,0.8342046466252115
1071687,0.7874303600427013
161797,0.826901572738142
196412,0.7309467836511743
