UE ID,Internet usage
1248863,0.9302317352003614
160321,0.9322504019974653
1055931,0.9947586116446521
692207,1.0080336364796108
1071687,0.9612593498971005
161797,1.0007305625925413
196412,0.9047757735055736
