UE ID,Internet usage,Data rate,optimal GU
1248863,113.45146621656048,102.64656467212613,107.91386965606279
160321,113.7906022384061,102.95340202522455,108.2364523575262
1055931,124.29198145930057,112.45464989174813,118.2252564359972
692207,126.52218563157099,114.47245366665946,120.3466037431655
1071687,118.6641054856029,107.36276210602166,112.87207860128494
161797,125.29526921837308,113.36238643567087,119.179573449877
196412,109.1748646517102,98.77725849440445,103.84601016309485
