UE ID,Internet usage,Data rate,optimal GU
1248863,113.45146621656048,73.60839177145887,91.38369642510098
160321,113.7906022384061,73.82842645229918,91.65686612753566
1055931,124.29198145930057,80.64182130395096,100.11559198424041
692207,126.52218563157099,82.08879901095975,101.91199275226332
1071687,118.6641054856029,76.99040177339711,95.58241029298928
161797,125.29526921837308,81.29276395715873,100.92372736635255
196412,109.1748646517102,70.8336919466453,87.93894888532576
