UE ID,Internet usage,Data rate,optimal GU
1248863,113.45146621656048,103.32187101865328,108.26826755473905
160321,113.7906022384061,103.6307270385484,108.59190964395228
1055931,124.29198145930057,113.19448311472016,118.61351776500818
692207,126.52218563157099,115.22556191446643,120.74183174875309
1071687,118.6641054856029,108.0690960672455,113.24275966019803
161797,125.29526921837308,114.10819160958975,119.57096883334704
196412,109.1748646517102,99.42710887923606,104.18704888133385
