UE ID,Internet usage,Data rate,optimal GU
1248863,113.45146621656048,6.753063465271457,27.679323539214856
160321,113.7906022384061,6.773250133238458,27.76206425632951
1055931,124.29198145930057,7.398332229720272,30.324138443262292
692207,126.52218563157099,7.531082478069702,30.868252546864497
1071687,118.6641054856029,7.063339612238268,28.951077299943076
161797,125.29526921837308,7.458051739188874,30.5689155925791
196412,109.1748646517102,6.498503848316083,26.635939594437552
