UE ID,Internet usage,Data rate,optimal GU
1248863,113.45146621656048,6.0777571187443105,26.258911942989567
160321,113.7906022384061,6.095925119914612,26.337406679384962
1055931,124.29198145930057,6.658499006748245,28.768003668894444
692207,126.52218563157099,6.777974230262731,29.28419563121558
1071687,118.6641054856029,6.357005651014441,27.46540349502536
161797,125.29526921837308,6.712246565269986,29.000219662195715
196412,109.1748646517102,5.8486534634844745,25.26907102112528
