UE ID,Internet usage,Data rate,optimal GU
1248863,113.45146621656048,68.20594099924172,87.96626632433701
160321,113.7906022384061,68.40982634570842,88.22922043689914
1055931,124.29198145930057,74.72315552017476,96.37161958011286
692207,126.52218563157099,76.063933028504,98.10084125276279
1071687,118.6641054856029,71.33973008360651,92.00796300296797
161797,125.29526921837308,75.32632256580763,97.14953353008381
196412,109.1748646517102,65.63488886799244,84.65034027452646
