UE ID,Internet usage,Data rate,optimal GU
1248863,113.45146621656048,18.233271356232933,45.481769636735116
160321,113.7906022384061,18.287775359743836,45.61772650829867
1055931,124.29198145930057,19.975497020244735,49.82764398685304
692207,126.52218563157099,20.333922690788196,50.72171469205194
1071687,118.6641054856029,19.071016953043323,47.57147430376374
161797,125.29526921837308,20.136739695809958,50.229853885580916
196412,109.1748646517102,17.545960390453423,43.76731486865536
