UE ID,Internet usage,Data rate,optimal GU
1248863,113.45146621656048,47.94675060342735,73.7538416374265
160321,113.7906022384061,48.09007594599305,73.97431110585104
1055931,124.29198145930057,52.52815883101393,80.80116919646386
692207,126.52218563157099,53.470685594294885,82.25100612520643
1071687,118.6641054856029,50.149711246891705,77.14253447660171
161797,125.29526921837308,52.952167348241005,81.45339810955834
196412,109.1748646517102,46.139377323044194,70.97365901767736
