UE ID,Internet usage,Data rate,optimal GU
1248863,113.45146621656048,97.91942024643612,105.39972389922914
160321,113.7906022384061,98.21212693195763,105.71479116330998
1055931,124.29198145930057,107.27581733094394,115.47087900734539
692207,126.52218563157099,109.20069593201067,117.54280378571286
1071687,118.6641054856029,102.41842437745488,110.2424179433468
161797,125.29526921837308,108.14175021823866,116.40296262269388
196412,109.1748646517102,94.2283058005832,101.42663620636657
