UE ID,Internet usage,Data rate,optimal GU
1248863,113.45146621656048,53.34920137564451,77.79810484548717
160321,113.7906022384061,53.50867605258382,78.03066367142658
1055931,124.29198145930057,58.44682461479016,85.23186986906066
692207,126.52218563157099,59.49555157675065,86.7612080416493
1071687,118.6641054856029,55.800382936682325,81.37261533793483
161797,125.29526921837308,58.91860873959211,85.91986350081791
196412,109.1748646517102,51.33818040169706,74.86547199357229
