UE ID,Internet usage,Data rate,optimal GU
1248863,113.45146621656048,18.90857770276008,46.316367133529525
160321,113.7906022384061,18.96510037306768,46.45481883468271
1055931,124.29198145930057,20.715330243216762,50.74198894912562
692207,126.52218563157099,21.087030938595166,51.652465989840394
1071687,118.6641054856029,19.77735091426715,48.44441820392089
161797,125.29526921837308,20.882544869728846,51.15157946161029
196412,109.1748646517102,18.195810775285032,44.57045185568431
