UE ID,Internet usage,Data rate,optimal GU
1248863,113.45146621656048,45.92083156384591,72.1788450364927
160321,113.7906022384061,46.058100906021515,72.39460642930152
1055931,124.29198145930057,50.30865916209785,79.07567851000545
692207,126.52218563157099,51.21136085087397,80.49455449916873
1071687,118.6641054856029,48.03070936322022,75.49517310679869
161797,125.29526921837308,50.71475182648434,79.71397922223136
196412,109.1748646517102,44.18982616854936,69.4580325875559
