UE ID,Internet usage,Data rate,optimal GU
1248863,113.45146621656048,24.986334821504393,53.242241884405786
160321,113.7906022384061,25.061025492982296,53.40139683152964
1055931,124.29198145930057,27.37382924996501,58.32964492954428
692207,126.52218563157099,27.8650051688579,59.37626930516033
1071687,118.6641054856029,26.134356565281593,55.68850908635401
161797,125.29526921837308,27.594791434998832,58.80048317720726
196412,109.1748646517102,24.044464238769507,51.23525279424848
