UE ID,Internet usage,Data rate,optimal GU
1248863,113.45146621656048,13.506126930542914,39.14447474647051
160321,113.7906022384061,13.546500266476915,39.261487790774524
1055931,124.29198145930057,14.796664459440544,42.88480785374089
692207,126.52218563157099,15.062164956139403,43.654301398533605
1071687,118.6641054856029,14.126679224476536,40.94300616289134
161797,125.29526921837308,14.916103478377748,43.23097501806374
196412,109.1748646517102,12.997007696632165,37.6689070210041
