UE ID,Internet usage,Data rate,optimal GU
1248863,113.45146621656048,64.15410292007884,85.31340480892243
160321,113.7906022384061,64.34587626576536,85.56842882652107
1055931,124.29198145930057,70.28415618234258,93.46527182380797
692207,126.52218563157099,71.54528354166217,95.14234412353714
1071687,118.6641054856029,67.10172631626355,89.23321315440319
161797,125.29526921837308,70.8514915222943,94.21972566723564
196412,109.1748646517102,61.73578655900279,82.09747950909333
