UE ID,Internet usage,Data rate,optimal GU
1248863,113.45146621656048,59.42695849438882,82.11014294214263
160321,113.7906022384061,59.60460117249843,82.35559157457739
1055931,124.29198145930057,65.10532362153839,89.95593185816048
692207,126.52218563157099,66.27352580701337,91.57003513493733
1071687,118.6641054856029,62.15738858769676,85.88277426865098
161797,125.29526921837308,65.63085530486208,90.68205822793604
196412,109.1748646517102,57.18683386518153,79.0149659690557
