UE ID,Internet usage,Data rate,optimal GU
1248863,113.45146621656048,51.998588682590224,76.80700571713305
160321,113.7906022384061,52.15402602593613,77.03660188928882
1055931,124.29198145930057,56.9671581688461,84.14606923030487
692207,126.52218563157099,57.98933508113671,85.65592459244691
1071687,118.6641054856029,54.387715014234665,80.33597918473423
161797,125.29526921837308,57.42699839175433,84.8252982541054
196412,109.1748646517102,50.03847963203384,73.91173277095221
