UE ID,Internet usage,Data rate,optimal GU
1248863,113.45146621656048,42.54429983121018,69.47455070029429
160321,113.7906022384061,42.67147583940229,69.68222825202407
1055931,124.29198145930057,46.60949304723772,76.11298342368843
692207,126.52218563157099,47.44581961183913,77.47869898476058
1071687,118.6641054856029,44.49903955710109,72.66662730588135
161797,125.29526921837308,46.98572595688991,76.72736919241544
196412,109.1748646517102,40.94057424439133,66.85567778352647
