UE ID,Internet usage,Data rate,optimal GU
1248863,113.45146621656048,87.78982504852894,99.79922029079654
160321,113.7906022384061,88.05225173209995,100.09754618892208
1055931,124.29198145930057,96.17831898636354,109.33523604145094
692207,126.52218563157099,97.90407221490612,111.29706734169181
1071687,118.6641054856029,91.82341495909748,104.3845936848663
161797,125.29526921837308,96.95467260945536,110.2177926043746
196412,109.1748646517102,84.48055002810908,96.0372459779061
