UE ID,Internet usage,Data rate,optimal GU
1248863,113.45146621656048,69.556553692296,88.83294997556872
160321,113.7906022384061,69.76447637235611,89.09849483160451
1055931,124.29198145930057,76.2028219661188,97.3211165932616
692207,126.52218563157099,77.57014952411794,99.06737534405143
1071687,118.6641054856029,72.75239800605416,92.91446728750576
161797,125.29526921837308,76.81793291364541,98.10669490515987
196412,109.1748646517102,66.93458963765566,85.48435391467154
