UE ID,Internet usage
726625,0.9776795178015362
1284776,0.9916570951518057
500214,0.9671739480392287
526411,1.0460796064079978
434551,0.9904743818225649
128702,1.0768270651838392
359590,0.9941998549715046
