UE ID,Internet usage
726625,0.9814129859826659
1284776,0.995390563337369
500214,0.9709074162247919
526411,1.0498130745891276
434551,0.9942078500081281
128702,1.080560533364969
359590,0.9979333231526345
