UE ID,Internet usage
726625,0.6289476971027068
1284776,0.6429252744529763
500214,0.6184421273403994
526411,0.6973477857047351
434551,0.6417425611237355
128702,0.7280952444805766
359590,0.6454680342682418
