UE ID,Internet usage
726625,0.3602196542186514
1284776,0.3741972315698076
500214,0.34971408445811736
526411,0.42861974282333964
434551,0.37301451824012344
128702,0.4593672015974077
359590,0.3767399913868465
