UE ID,Internet usage
726625,0.699813358087218
1284776,0.7137909354374876
500214,0.6893077883249106
526411,0.7682134466936796
434551,0.7126082221082466
128702,0.798960905469521
359590,0.7163336952571864
