UE ID,Internet usage
726625,0.6264507296184733
1284776,0.6404283069687429
500214,0.6159451598561659
526411,0.6948508182205015
434551,0.639245593639502
128702,0.7255982769963429
359590,0.6429710667840083
