UE ID,Internet usage
726625,0.6487036133548135
1284776,0.662681190705083
500214,0.6381980435925061
526411,0.7171037019568417
434551,0.6614984773758421
128702,0.7478511607326831
359590,0.6652239505203484
