UE ID,Internet usage
726625,0.7061580787509729
1284776,0.7201356561012423
500214,0.6956525089886654
526411,0.7745581673530011
434551,0.7189529427720015
128702,0.8053056261288425
359590,0.7226784159165078
