UE ID,Internet usage
726625,0.5098263745535977
1284776,0.5238039519038671
500214,0.4993208047912902
526411,0.5782264631556259
434551,0.5226212385746264
128702,0.6089739219314673
359590,0.5263467117191326
