UE ID,Internet usage
726625,0.2644269599122835
1284776,0.27840453726343967
500214,0.2539213901517494
526411,0.33282704851697176
434551,0.27722182393375555
128702,0.36357450729236984
359590,0.28094729708047855
