UE ID,Internet usage
726625,0.8340372296181622
1284776,0.8480148069684318
500214,0.8235316598558549
526411,0.9024373182201906
434551,0.8468320936391909
128702,0.933184776996032
359590,0.8505575667836972
