UE ID,Internet usage
726625,0.6564546698501139
1284776,0.6704322472003834
500214,0.6459491000878065
526411,0.7248547584521422
434551,0.6692495338711426
128702,0.7556022172279836
359590,0.6729750070156489
