UE ID,Internet usage
726625,0.3062322883105786
1284776,0.3202098656617348
500214,0.29572671854960114
526411,0.3746323769148235
434551,0.3190271523320506
128702,0.4053798356906649
359590,0.3227526254783303
