UE ID,Internet usage
726625,0.9713135263797995
1284776,0.985291103730069
500214,0.9608079566174921
526411,1.0397136149818278
434551,0.9841083904008281
128702,1.0704610737576692
359590,0.9878338635453345
