UE ID,Internet usage
726625,0.2505959719553641
1284776,0.26457354930652033
500214,0.24009040219483002
526411,0.3189960605600524
434551,0.2633908359768361
128702,0.34974351933545045
359590,0.26711630912355916
