UE ID,Internet usage
726625,0.2602049109098479
1284776,0.27418248826100405
500214,0.24969934114931377
526411,0.32860499951453614
434551,0.2729997749313198
128702,0.35935245828993423
359590,0.2767252480780429
