UE ID,Internet usage,Data rate,optimal GU
726625,110.64023548221155,67.17442868562844,86.2101769407821
1284776,112.98846847716983,68.60014157542454,88.03990534935987
500214,108.87529976238014,66.10286057001652,84.83495010731937
526411,122.13145036774864,74.15123772327597,95.16405944319216
434551,112.7897726377945,68.4795048158038,87.8850827986369
128702,127.29702344203459,77.28747851837815,99.18904155565639
359590,113.41565212642035,68.85950307675522,88.37276416719939
