UE ID,Internet usage,Data rate,optimal GU
726625,110.64023548221155,86.93161359316622,98.07208674641595
1284776,112.98846847716983,88.77665380349059,100.15357282585737
500214,108.87529976238014,85.54487838472726,96.50763844004024
526411,122.13145036774864,95.96042528894536,108.25796006966362
434551,112.7897726377945,88.6205356439814,99.97744778860994
128702,127.29702344203459,100.01908984731288,112.83675121583549
359590,113.41565212642035,89.11229809933027,100.53223065972182
