UE ID,Internet usage,Data rate,optimal GU
726625,110.64023548221155,42.80723396633185,68.82007299020454
1284776,112.98846847716983,43.715776494143086,70.28071310369216
500214,108.87529976238014,42.12437193187326,67.72225351673329
526411,122.13145036774864,47.25323972561703,75.96780043060694
434551,112.7897726377945,43.63890012771811,70.15712097548436
128702,127.29702344203459,49.25182454602528,79.1808730931805
359590,113.41565212642035,43.88105588224597,70.54642846296913
