UE ID,Internet usage,Data rate,optimal GU
726625,110.64023548221155,7.244301132763852,28.310972841515788
1284776,112.98846847716983,7.398054483624215,28.911846115655766
500214,108.87529976238014,7.128739865393937,27.859355516106152
526411,122.13145036774864,7.996702107412113,31.25138119407002
434551,112.7897726377945,7.385044636998449,28.86100319682285
128702,127.29702344203459,8.33492415394274,32.57316434447272
359590,113.41565212642035,7.4260248416108565,29.021155216811973
