UE ID,Internet usage,Data rate,optimal GU
726625,110.64023548221155,24.36719471929659,51.92294446373276
1284776,112.98846847716983,24.88436508128145,53.02495921319275
500214,108.87529976238014,23.978488638143247,51.094668394331244
526411,122.13145036774864,26.89799799765893,57.315717804480855
434551,112.7897726377945,24.840604688085694,52.93171218612258
128702,127.29702344203459,28.035653972352858,59.73989706160676
359590,113.41565212642035,24.978447194509247,53.22543449959447
