UE ID,Internet usage,Data rate,optimal GU
726625,110.64023548221155,90.88305057467377,100.27622907211682
1284776,112.98846847716983,92.81195624910379,102.40449596065756
500214,108.87529976238014,89.4332819476694,98.67662023390325
526411,122.13145036774864,100.32226280207924,110.69102700848148
434551,112.7897726377945,92.64874180961691,102.22441256316623
128702,127.29702344203459,104.56541211309982,115.37272518661972
359590,113.41565212642035,93.16285710384528,102.79166402190951
