UE ID,Internet usage,Data rate,optimal GU
726625,110.64023548221155,2.634291321005037,17.07215897549995
1284776,112.98846847716983,2.6902016304088057,17.434499193113528
500214,108.87529976238014,2.592269041961432,16.799823481462205
526411,122.13145036774864,2.9078916754225865,18.845291927472577
434551,112.7897726377945,2.6854707770903454,17.403839759474383
128702,127.29702344203459,3.030881510524633,19.642357157308883
359590,113.41565212642035,2.700372669676675,17.500415061241913
