UE ID,Internet usage,Data rate,optimal GU
726625,110.64023548221155,85.6144679326637,97.32628058625357
1284776,112.98846847716983,87.43155298828617,99.39193764449396
500214,108.87529976238014,84.24874386374653,95.77372939783324
526411,122.13145036774864,94.50647945123406,107.43469367261699
434551,112.7897726377945,87.27780025543622,99.21715198057991
128702,127.29702344203459,98.50364909205057,111.97866460891873
359590,113.41565212642035,87.76211176449193,99.76771590931428
