UE ID,Internet usage,Data rate,optimal GU
726625,110.64023548221155,62.56441887386963,83.19941127804124
1284776,112.98846847716983,63.89228872220913,84.96523907000768
500214,108.87529976238014,61.56638974658401,81.87221225145232
526411,122.13145036774864,69.06242729128644,91.84059239248188
434551,112.7897726377945,63.7799309558957,84.81582347280316
128702,127.29702344203459,71.98343587496004,95.72500782978804
359590,113.41565212642035,64.13385090482103,85.28647327536115
