UE ID,Internet usage,Data rate,optimal GU
726625,110.64023548221155,73.76015698814103,90.3373739842642
1284776,112.98846847716983,75.32564565144655,92.25469819586932
500214,108.87529976238014,72.58353317492009,88.89631000346465
526411,122.13145036774864,81.42096691183242,99.71991164901104
434551,112.7897726377945,75.19318175852966,92.09246372237479
128702,127.29702344203459,84.86468229468973,103.93758440269784
359590,113.41565212642035,75.61043475094691,92.6034921849106
