UE ID,Internet usage,Data rate,optimal GU
726625,110.64023548221155,65.85728302512592,85.36079487749974
1284776,112.98846847716983,67.25504076022014,87.17249596556763
500214,108.87529976238014,64.8067260490358,83.99911740731103
526411,122.13145036774864,72.69729188556467,94.2264596373629
434551,112.7897726377945,67.13676942725863,87.01919879737191
128702,127.29702344203459,75.77203776311583,98.21178578654441
359590,113.41565212642035,67.50931674191688,87.50207530620956
