UE ID,Internet usage,Data rate,optimal GU
726625,110.64023548221155,0.6585728302512592,8.536079487749975
1284776,112.98846847716983,0.6725504076022014,8.717249596556764
500214,108.87529976238014,0.648067260490358,8.399911740731103
526411,122.13145036774864,0.7269729188556466,9.422645963736288
434551,112.7897726377945,0.6713676942725864,8.701919879737192
128702,127.29702344203459,0.7577203776311583,9.821178578654441
359590,113.41565212642035,0.6750931674191688,8.750207530620957
