UE ID,Internet usage,Data rate,optimal GU
726625,110.64023548221155,55.320117741105776,78.23446078154825
1284776,112.98846847716983,56.494234238584916,79.89491225608924
500214,108.87529976238014,54.43764988119007,76.9864627656971
526411,122.13145036774864,61.06572518387432,86.35997675118332
434551,112.7897726377945,56.39488631889725,79.7544130806734
128702,127.29702344203459,63.64851172101729,90.01258850072556
359590,113.41565212642035,56.70782606321018,80.19697671128631
