UE ID,Internet usage,Data rate,optimal GU
726625,110.64023548221155,5.927155472261333,25.608238463249922
1284776,112.98846847716983,6.052953668419812,26.15174878967029
500214,108.87529976238014,5.8326053444132215,25.199735222193308
526411,122.13145036774864,6.54275626970082,28.267937891208863
434551,112.7897726377945,6.042309248453276,26.105759639211573
128702,127.29702344203459,6.819483398680424,29.46353573596332
359590,113.41565212642035,6.075838506772518,26.250622591862868
