UE ID,Internet usage,Data rate,optimal GU
726625,110.64023548221155,58.61298189236207,80.52921282916866
1284776,112.98846847716983,59.856986276595926,82.23836821734454
500214,108.87529976238014,57.67798618364186,79.24460887299797
526411,122.13145036774864,64.70058977815256,88.89306423593747
434551,112.7897726377945,59.751724790260184,82.09374795810893
128702,127.29702344203459,67.43711360917308,92.65281340558448
359590,113.41565212642035,60.08329190030602,82.54929274545772
