UE ID,Internet usage,Data rate,optimal GU
726625,110.64023548221155,8.56144679326637,30.777272284518915
1284776,112.98846847716983,8.743155298828619,31.430490401403187
500214,108.87529976238014,8.424874386374654,30.286312490577966
526411,122.13145036774864,9.450647945123407,33.97383317279498
434551,112.7897726377945,8.727780025543622,31.375218321371875
128702,127.29702344203459,9.850364909205057,35.41076295082713
359590,113.41565212642035,8.776211176449195,31.549321922604996
