UE ID,Internet usage,Data rate,optimal GU
726625,110.64023548221155,108.00594416120651,109.31515492133047
1284776,112.98846847716983,110.29826684676102,111.63526435092867
500214,108.87529976238014,106.28303072041871,107.57135691874414
526411,122.13145036774864,119.22355869232605,120.66874550229726
434551,112.7897726377945,110.10430186070415,111.43894818828791
128702,127.29702344203459,124.26614193150995,125.77245319427708
359590,113.41565212642035,110.71527945674367,112.05733184377296
