UE ID,Internet usage,Data rate,optimal GU
726625,110.64023548221155,30.952923021809184,58.520412609582095
1284776,112.98846847716983,31.609869157303468,59.762452299478525
500214,108.87529976238014,30.459161243046825,57.586893568305925
526411,122.13145036774864,34.167727186215394,64.59840614923901
434551,112.7897726377945,31.55428163081156,59.65735705584158
128702,127.29702344203459,35.61285774866444,67.3306081041125
359590,113.41565212642035,31.729378868700934,59.98840051176543
