UE ID,Internet usage
741627,0.8616668841982235
1237810,0.7845792914987967
473086,0.8154785607979684
911510,0.7512465471614488
166345,0.8068963278416003
733666,0.8137716438142347
871741,0.8435430699204026
