UE ID,Internet usage
741627,0.8145996825482542
1237810,0.7375120898488275
473086,0.7684113591479993
911510,0.7041793455114796
166345,0.7598291261916311
733666,0.7667044421642655
871741,0.7964758682704334
