UE ID,Internet usage
741627,1.1017348299567462
1237810,1.0246472372573194
473086,1.0555465065564913
911510,0.9913144929199716
166345,1.0469642736001232
733666,1.0538395895727575
871741,1.0836110156789254
