UE ID,Internet usage
741627,0.6563936394093473
1237810,0.5793060467054871
473086,0.6102053160046589
911510,0.5459733023725727
166345,0.6016230830482907
733666,0.6084983990253586
871741,0.6382698251270931
