UE ID,Internet usage
741627,0.3792132843746497
1237810,0.3021256916730063
473086,0.333024960972178
911510,0.2687929473378751
166345,0.3244427280162532
733666,0.331318043990661
871741,0.36108947009505554
