UE ID,Internet usage
741627,0.42439326755100804
1237810,0.3473056748493646
473086,0.3782049441485363
911510,0.3139729305142334
166345,0.3696227111926115
733666,0.3764980271670193
871741,0.40626945327141384
