UE ID,Internet usage
741627,1.0087399569877342
1237810,0.931652364283874
473086,0.9625516335830456
911510,0.8983196199509595
166345,0.9539694006266775
733666,0.9608447166037454
871741,0.9906161427054799
