UE ID,Internet usage
741627,0.5653170442465117
1237810,0.48822945154265157
473086,0.5191287208418233
911510,0.45489670720973713
166345,0.5105464878854552
733666,0.517421803862523
871741,0.5471932299642575
