UE ID,Internet usage
741627,1.0799982584742154
1237810,1.0029106657747888
473086,1.0338099350739607
911510,0.9695779214374409
166345,1.0252277021175924
733666,1.0321030180902269
871741,1.0618744441963948
