UE ID,Internet usage
741627,0.4138783630553875
1237810,0.3367907703537441
473086,0.3676900396533591
911510,0.30345802601861294
166345,0.359107806696991
733666,0.36598312267139876
871741,0.39575454877579336
