UE ID,Internet usage
741627,0.3958853412455177
1237810,0.31879774854387427
473086,0.34969701784348933
911510,0.28546500420874316
166345,0.3411147848871212
733666,0.347990100861529
871741,0.3777615269659236
