UE ID,Internet usage
741627,0.7634899378158497
1237810,0.686402345116423
473086,0.7173016144155947
911510,0.653069600779075
166345,0.7087193814592265
733666,0.715594697431861
871741,0.7453661235380288
