UE ID,Internet usage
741627,0.5525136737612785
1237810,0.47542608105741835
473086,0.5063253503565901
911510,0.4420933367231739
166345,0.4977431174002219
733666,0.5046184333772898
871741,0.5343898594790243
