UE ID,Internet usage
741627,0.5876096655605375
1237810,0.5105220728611108
473086,0.5414213421602826
911510,0.47718932852376295
166345,0.5328391092039144
733666,0.5397144251765488
871741,0.5694858512827168
