UE ID,Internet usage
741627,0.8333252934927081
1237810,0.7562377007932815
473086,0.7871369700924532
911510,0.7229049564603671
166345,0.778554737136085
733666,0.7854300531131528
871741,0.8152014792148874
