UE ID,Internet usage
741627,0.6501800720005931
1237810,0.5730924793011664
473086,0.6039917486003381
911510,0.5397597349638186
166345,0.5954095156439699
733666,0.6022848316166044
871741,0.6320562577227723
