UE ID,Internet usage
741627,0.8193882824485366
1237810,0.7423006897491099
473086,0.7731999590482816
911510,0.708967945411762
166345,0.7646177260919134
733666,0.7714930420645478
871741,0.8012644681707157
