UE ID,Internet usage
741627,1.0961993104481356
1237810,1.0191117177442754
473086,1.050010987043447
911510,0.985778973411361
166345,1.041428754087079
733666,1.0483040700641468
871741,1.0780754961658814
