UE ID,Internet usage
741627,0.8636967580766437
1237810,0.786609165377217
473086,0.8175084346763887
911510,0.7532764210398691
166345,0.8089262017200206
733666,0.815801517692655
871741,0.845572943798823
