UE ID,Internet usage,Data rate,optimal GU
741627,129.92433799178798,119.09730982580565,124.39308315063448
1237810,116.97362241793621,107.22582054977487,111.99371699538662
473086,122.16469966024988,111.98430802189573,116.96379506563474
911510,111.37372136967282,102.09257792220009,106.63221993102611
166345,120.72288452358355,110.66264414661826,115.58336216941699
733666,121.8779376073372,111.72144280672578,116.6892413027003
871741,126.87953719288352,116.3062424268099,121.4779083280452
