UE ID,Internet usage,Data rate,optimal GU
741627,129.92433799178798,96.66989433912795,112.07038871061032
1237810,116.97362241793621,87.03394525144063,100.89933522766812
473086,122.16469966024988,90.8963539138764,105.3770647536763
911510,111.37372136967282,82.86735220957799,96.06896166625349
166345,120.72288452358355,89.82357479433298,104.13338104273639
733666,121.8779376073372,90.68298929117351,105.12970898312462
871741,126.87953719288352,94.4044175542288,109.44399850263275
