UE ID,Internet usage,Data rate,optimal GU
741627,129.92433799178798,20.107338022538617,51.1119612356583
1237810,116.97362241793621,18.10306061229965,46.017176974170766
473086,122.16469966024988,18.90644161408629,48.059335840488906
911510,111.37372136967282,17.23640925959222,43.81418768266134
166345,120.72288452358355,18.68330355722126,47.492128798965
733666,121.8779376073372,18.86206177256409,47.94652425215311
871741,126.87953719288352,19.63611885127959,49.91414300691549
