UE ID,Internet usage,Data rate,optimal GU
741627,129.92433799178798,0.7733591547130236,10.023880296869986
1237810,116.97362241793621,0.6962715620115251,9.024710898144205
473086,122.16469966024988,0.7271708313110112,9.425211202344695
911510,111.37372136967282,0.662938817676624,8.592669152542571
166345,120.72288452358355,0.7185885983546639,9.31397274953786
733666,121.8779376073372,0.7254639143293881,9.403087029641478
871741,126.87953719288352,0.7552353404338304,9.78896881525088
