UE ID,Internet usage,Data rate,optimal GU
741627,129.92433799178798,128.37761968236194,129.14866336974768
1237810,116.97362241793621,115.58107929391318,116.27526619184214
473086,122.16469966024988,120.71035799762787,121.43535165124466
911510,111.37372136967282,110.04784373431958,110.70879768744399
166345,120.72288452358355,119.28570732687423,120.00214444307328
733666,121.8779376073372,120.42700977867844,121.15030162588931
871741,126.87953719288352,125.36906651201586,126.12204064852584
