UE ID,Internet usage,Data rate,optimal GU
741627,129.92433799178798,25.520852105529784,57.582808326767854
1237810,116.97362241793621,22.976961546380327,51.843017121283864
473086,122.16469966024988,23.99663743326337,54.143716208721116
911510,111.37372136967282,21.87698098332859,49.36112624775562
166345,120.72288452358355,23.71342374570391,53.50469994786829
733666,121.8779376073372,23.940309172869807,54.01662251262466
871741,126.87953719288352,24.922766234316406,56.23334460421583
