UE ID,Internet usage,Data rate,optimal GU
741627,129.92433799178798,27.84092956966885,60.143281781219926
1237810,116.97362241793621,25.0657762324149,54.148265388865234
473086,122.16469966024988,26.1781499271964,56.55126721406816
911510,111.37372136967282,23.86579743635846,51.55601491525542
166345,120.72288452358355,25.869189540767902,55.883836497227165
733666,121.8779376073372,26.11670091585797,56.418522177848864
871741,126.87953719288352,27.188472255617896,58.73381289150529
