UE ID,Internet usage,Data rate,optimal GU
741627,129.92433799178798,102.85676757683215,115.6010269651404
1237810,116.97362241793621,92.60411774753284,104.07804333165575
473086,122.16469966024988,96.7137205643645,108.69683815903258
911510,111.37372136967282,88.17086275099099,99.09549485699405
166345,120.72288452358355,95.57228358117031,107.41397373910344
733666,121.8779376073372,96.48670060580862,108.44168975247743
871741,126.87953719288352,100.44630027769946,112.89189559916122
