UE ID,Internet usage,Data rate,optimal GU
741627,129.92433799178798,75.0158380071633,98.72377166609823
1237810,116.97362241793621,67.53834151511793,88.88309433814189
473086,122.16469966024988,70.53557063716808,92.82756488378858
911510,111.37372136967282,64.30506531463251,84.62797662127161
166345,120.72288452358355,69.7030940404024,91.73199318000228
733666,121.8779376073372,70.36999968995065,92.60966705285223
871741,126.87953719288352,73.25782802208155,96.41016188762241
