UE ID,Internet usage,Data rate,optimal GU
741627,129.92433799178798,101.31004926740611,114.72855391306544
1237810,116.97362241793621,91.21157462350979,103.2925374369119
473086,122.16469966024988,95.25937890174247,107.8764729371206
911510,111.37372136967282,86.84498511563774,98.34759363920614
166345,120.72288452358355,94.13510638446098,106.60329065121084
733666,121.8779376073372,95.03577277714984,107.62325020644259
871741,126.87953719288352,98.9358295968318,112.03986911381148
