UE ID,Internet usage,Data rate,optimal GU
741627,129.92433799178798,13.147105630121402,41.329517242542664
1237810,116.97362241793621,11.836616554195926,37.20983627371138
473086,122.16469966024988,12.36190413228719,38.861141331022004
911510,111.37372136967282,11.269959900502606,35.428482521919605
166345,120.72288452358355,12.216006172029287,38.402493440469144
733666,121.8779376073372,12.332886543599598,38.76992103008723
871741,126.87953719288352,12.839000787375117,40.36095239115675
