UE ID,Internet usage,Data rate,optimal GU
741627,129.92433799178798,69.60232392417213,95.09487819298182
1237810,116.97362241793621,62.664440581037255,85.61592498803859
473086,122.16469966024988,65.44537481799101,89.41540448263012
911510,111.37372136967282,59.66449359089616,81.51721710691
166345,120.72288452358355,64.67297385191975,88.36010385984189
733666,121.8779376073372,65.29175228964493,89.20551615136286
871741,126.87953719288352,67.97118063904475,92.86631220165837
