UE ID,Internet usage,Data rate,optimal GU
741627,129.92433799178798,102.08340842211913,115.16561665353571
1237810,116.97362241793621,91.90784618552131,103.68603424256773
473086,122.16469966024988,95.98654973305348,108.28743241744223
911510,111.37372136967282,87.50792393331436,98.72225249551124
166345,120.72288452358355,94.85369498281564,107.00939989573658
733666,121.8779376073372,95.76123669147923,108.03324502524931
871741,126.87953719288352,99.69106493726562,112.46668920843166
