UE ID,Internet usage,Data rate,optimal GU
741627,129.92433799178798,116.77723236166659,123.17550327521593
1237810,116.97362241793621,105.1370058637403,110.8975041471065
473086,122.16469966024988,109.8027955279627,115.81893427902621
911510,111.37372136967282,100.10376146917022,105.58848629430935
166345,120.72288452358355,108.50687835155426,114.45201328613321
733666,121.8779376073372,109.54505106373762,115.54706789329957
871741,126.87953719288352,114.0405364055084,120.28886266134155
