UE ID,Internet usage,Data rate,optimal GU
741627,129.92433799178798,129.92433799178798,129.92433799178798
1237810,116.97362241793621,116.97362241793621,116.97362241793621
473086,122.16469966024988,122.16469966024988,122.16469966024988
911510,111.37372136967282,111.37372136967282,111.37372136967282
166345,120.72288452358355,120.72288452358355,120.72288452358355
733666,121.8779376073372,121.8779376073372,121.8779376073372
871741,126.87953719288352,126.87953719288352,126.87953719288352
