UE ID,Internet usage,Data rate,optimal GU
741627,129.92433799178798,92.80309856556285,109.80610704654546
1237810,116.97362241793621,83.55258744138301,98.86075467752579
473086,122.16469966024988,87.26049975732136,103.24801569549156
911510,111.37372136967282,79.55265812119488,94.1279744805273
166345,120.72288452358355,86.23063180255969,102.02945949820602
733666,121.8779376073372,87.05566971952658,103.00565752637772
871741,126.87953719288352,90.62824085205966,107.23278069655058
