UE ID,Internet usage,Data rate,optimal GU
741627,129.92433799178798,95.12317602970191,111.17021036831466
1237810,116.97362241793621,85.64140212741758,100.08888567565923
473086,122.16469966024988,89.44201225125437,104.53064892022282
911510,111.37372136967282,81.54147457422474,95.29731092377143
166345,120.72288452358355,88.38639759762366,103.29695479845213
733666,121.8779376073372,89.23206146251474,104.2852799751837
871741,126.87953719288352,92.89394687336114,108.56491600564324
