UE ID,Internet usage,Data rate,optimal GU
741627,129.92433799178798,64.96216899589399,91.87038043516627
1237810,116.97362241793621,58.486811208968106,82.71284163167745
473086,122.16469966024988,61.08234983012494,86.38348755138061
911510,111.37372136967282,55.68686068483641,78.75311362647675
166345,120.72288452358355,60.36144226179177,85.36397029102643
733666,121.8779376073372,60.9389688036686,86.18071615917907
871741,126.87953719288352,63.43976859644176,89.7173811428987
