UE ID,Internet usage,Data rate,optimal GU
741627,129.92433799178798,1.5467183094260473,14.175907463437982
1237810,116.97362241793621,1.3925431240230501,12.762868548651811
473086,122.16469966024988,1.4543416626220225,13.329261510586692
911510,111.37372136967282,1.325877635353248,12.151869252510632
166345,120.72288452358355,1.4371771967093279,13.17194658196987
733666,121.8779376073372,1.4509278286587761,13.297973205493518
871741,126.87953719288352,1.510470680867661,13.843692460175085
