UE ID,Internet usage,Data rate,optimal GU
741627,129.92433799178798,59.548654912902826,87.95919262851571
1237810,116.97362241793621,53.61291027488743,79.19151673772498
473086,122.16469966024988,55.992154010947864,82.70589264422398
911510,111.37372136967282,51.046288961100046,75.4003658062039
166345,120.72288452358355,55.33132207330913,81.72977918233542
733666,121.8779376073372,55.86072140336289,82.51175381665274
871741,126.87953719288352,58.15312121340495,85.89785274311853
