UE ID,Internet usage
1092487,0.7434154865977345
1176264,0.6594401324888624
1081643,0.7189375621894499
593233,0.7214667492787842
214671,0.7113683617998257
652870,0.7347747717731117
983276,0.6172552312972486
