UE ID,Internet usage
1092487,0.7326865738211996
1176264,0.6487112197167609
1081643,0.7082086494173485
593233,0.7107378365066827
214671,0.7006394490232908
652870,0.7240458589965768
983276,0.606526318525147
