UE ID,Internet usage
1092487,0.45292701188341494
1176264,0.36895165777853295
1081643,0.4284490874773471
593233,0.43097827456756804
214671,0.4208798870859495
652870,0.4442862970587922
983276,0.32676675658381577
