UE ID,Internet usage
1092487,0.765300568772487
1176264,0.6813252146680484
1081643,0.740822644368636
593233,0.7433518314579702
214671,0.7332534439745783
652870,0.7566598539478643
983276,0.6391403134720012
