UE ID,Internet usage
1092487,0.41208862740831786
1176264,0.32811327330299245
1081643,0.38761070300180667
593233,0.3901398900920276
214671,0.380041502610409
652870,0.40344791258325174
983276,0.2859283721082753
