UE ID,Internet usage
1092487,0.47281322110049745
1176264,0.3888378669965021
1081643,0.44833529669664635
593233,0.4508644837859806
214671,0.4407660963039186
652870,0.46417250627587464
983276,0.3466529658017849
