UE ID,Internet usage
1092487,0.8213917530983534
1176264,0.7374163989894813
1081643,0.7969138286900688
593233,0.799443015779403
214671,0.7893446283004445
652870,0.8127510382737306
983276,0.6952314977978675
