UE ID,Internet usage
1092487,0.6269788057751051
1176264,0.5430034516706664
1081643,0.6025008813712541
593233,0.6050300684605883
214671,0.5949316809771964
652870,0.6183380909504824
983276,0.5008185504746192
