UE ID,Internet usage
1092487,0.6944034793468059
1176264,0.6104281252423672
1081643,0.6699255549385214
593233,0.672454742032289
214671,0.6623563545488971
652870,0.6857627645221831
983276,0.56824322404632
