UE ID,Internet usage
1092487,0.7655982930467685
1176264,0.6816229389378964
1081643,0.7411203686384841
593233,0.7436495557278183
214671,0.7335511682488598
652870,0.7569575782221458
983276,0.6394380377462826
