UE ID,Internet usage
1092487,0.789973448818728
1176264,0.7059980947142892
1081643,0.7654955244104433
593233,0.768024711504211
214671,0.7579263240208189
652870,0.7813327339941052
983276,0.663813193518242
