UE ID,Internet usage
1092487,0.7406608822547044
1176264,0.6566855281458321
1081643,0.7161829578464197
593233,0.718712144935754
214671,0.7086137574523621
652870,0.732020167425648
983276,0.6145006269542185
