UE ID,Internet usage
1092487,0.7701133300337861
1176264,0.686137975924914
1081643,0.7456354056255017
593233,0.7481645927148358
214671,0.7380662052358773
652870,0.7614726152091633
983276,0.6439530747333002
