UE ID,Internet usage
1092487,0.475503313875259
1176264,0.3915279597681603
1081643,0.45102538946697446
593233,0.45355457655630865
214671,0.4434561890773501
652870,0.46686259905063626
983276,0.34934305857344305
