UE ID,Internet usage
1092487,0.7464155146790957
1176264,0.662440160574657
1081643,0.7219375902752446
593233,0.7244667773645789
214671,0.7143683898811869
652870,0.7377747998544729
983276,0.6202552593786098
