UE ID,Internet usage
1092487,1.1094605988615003
1176264,1.0254852447570615
1081643,1.0849826744532158
593233,1.0875118615425499
214671,1.0774134740635914
652870,1.1008198840368775
983276,0.9833003435610144
