UE ID,Internet usage
1092487,0.7378154710467392
1176264,0.6538401169423005
1081643,0.7133375466384546
593233,0.7158667337277889
214671,0.7057683462488302
652870,0.7291747562221164
983276,0.6116552157462533
