UE ID,Internet usage,Data rate,optimal GU
1092487,124.98264594185773,41.660881980619244,72.15876427856325
1176264,110.87478645209305,36.958262150697685,64.0135878044582
1081643,120.87035464155369,40.29011821385123,69.78453178934656
593233,121.29525807267797,40.43175269089266,70.02984989968576
214671,119.59872897576119,39.866242991920394,69.05035836889282
652870,123.53100585121557,41.17700195040519,71.32065948146455
983276,103.78772305142314,34.59590768380772,59.92186984231748
