UE ID,Internet usage,Data rate,optimal GU
1092487,124.98264594185773,14.878886421649728,43.123109739977735
1176264,110.87478645209305,13.199379339534886,38.25543576501383
1081643,120.87035464155369,14.389327933518295,41.70423444181623
593233,121.29525807267797,14.439911675318806,41.85084005374886
214671,119.59872897576119,14.237943925685855,41.26548190364664
652870,123.53100585121557,14.70607212514471,42.62224632442135
983276,103.78772305142314,12.355681315645612,35.81016658017483
