UE ID,Internet usage,Data rate,optimal GU
1092487,124.98264594185773,113.82348112562042,119.27262821533338
1176264,110.87478645209305,100.97525194744188,105.80930723059721
1081643,120.87035464155369,110.07835869141496,115.348213048107
593233,121.29525807267797,110.46532431618886,115.75370413517744
214671,119.59872897576119,108.9202710314968,114.13468348868558
652870,123.53100585121557,112.50145175735703,117.8873084573073
983276,103.78772305142314,94.52096206468893,99.04602684269575
