UE ID,Internet usage,Data rate,optimal GU
1092487,124.98264594185773,16.3667750638147,45.22789905590109
1176264,110.87478645209305,14.519317273488374,40.12263952095138
1081643,120.87035464155369,15.828260726870125,43.73977008873925
593233,121.29525807267797,15.883902842850686,43.89353135172559
214671,119.59872897576119,15.661738318254441,43.27960254454986
652870,123.53100585121557,16.17667933765918,44.702589073940835
983276,103.78772305142314,13.591249447210172,37.55801956373442
