UE ID,Internet usage,Data rate,optimal GU
1092487,124.98264594185773,65.4671002552588,90.45579811180218
1176264,110.87478645209305,58.0772690939535,80.24527904190276
1081643,120.87035464155369,63.3130429074805,87.4795401774785
593233,121.29525807267797,63.535611371402744,87.78706270345118
214671,119.59872897576119,62.646953273017765,86.55920508909972
652870,123.53100585121557,64.70671735063672,89.40517814788167
983276,103.78772305142314,54.36499778884069,75.11603912746884
