UE ID,Internet usage,Data rate,optimal GU
1092487,124.98264594185773,124.23870162077525,124.61011859775056
1176264,110.87478645209305,110.21481748511631,110.54430945335305
1081643,120.87035464155369,120.15088824487778,120.51008452679825
593233,121.29525807267797,120.57326248891204,120.93372147692027
214671,119.59872897576119,118.8868317794769,119.24224910987117
652870,123.53100585121557,122.79570224495833,123.16280531283003
983276,103.78772305142314,103.16993898564087,103.47836998462006
