UE ID,Internet usage,Data rate,optimal GU
1092487,124.98264594185773,101.17642766721815,112.45131229467225
1176264,110.87478645209305,89.75577950883722,99.75797154054143
1081643,120.87035464155369,97.84742994792441,108.7513381920894
593233,121.29525807267797,98.19139939216788,109.13363885526039
214671,119.59872897576119,96.81801869466382,107.60721155123981
652870,123.53100585121557,100.00129045098403,111.14522030132296
983276,103.78772305142314,84.01863294639016,93.3814896400733
