UE ID,Internet usage,Data rate,optimal GU
1092487,124.98264594185773,114.56742544670293,119.66177322384728
1176264,110.87478645209305,101.63522091441864,106.15452611592907
1081643,120.87035464155369,110.79782508809089,115.72455405794562
593233,121.29525807267797,111.18731989995482,116.1313681210827
214671,119.59872897576119,109.6321682277811,114.50706517459719
652870,123.53100585121557,113.23675536361428,118.27193365036061
983276,103.78772305142314,95.13874613047122,99.3691795017399
