UE ID,Internet usage,Data rate,optimal GU
1092487,124.98264594185773,32.7335501276294,63.96190824249662
1176264,110.87478645209305,29.03863454697675,56.74198096873618
1081643,120.87035464155369,31.65652145374025,61.857376074576074
593233,121.29525807267797,31.767805685701372,62.07482733805898
214671,119.59872897576119,31.323476636508882,61.20660089261953
652870,123.53100585121557,32.35335867531836,63.21900774155846
983276,103.78772305142314,27.182498894420345,53.115060642907245
