UE ID,Internet usage,Data rate,optimal GU
1092487,124.98264594185773,54.30793543902151,82.386585478514
1176264,110.87478645209305,48.17773458930234,73.08690740710345
1081643,120.87035464155369,52.52104695734178,79.67582802757431
593233,121.29525807267797,52.70567761491365,79.95591765589535
214671,119.59872897576119,51.96849532875338,78.83759248037504
652870,123.53100585121557,53.677163256778194,81.42968726668254
983276,103.78772305142314,45.098236802106484,68.41522718901493
