UE ID,Internet usage,Data rate,optimal GU
1092487,124.98264594185773,11.903109137319783,38.5704819119094
1176264,110.87478645209305,10.55950347162791,34.216701951779044
1081643,120.87035464155369,11.511462346814637,37.30140126459564
593233,121.29525807267797,11.551929340255045,37.432529310261366
214671,119.59872897576119,11.390355140548685,36.908969064336524
652870,123.53100585121557,11.764857700115769,38.12249605405868
983276,103.78772305142314,9.88454505251649,32.02958670354484
