UE ID,Internet usage,Data rate,optimal GU
1092487,124.98264594185773,97.45670606180573,110.36483583271605
1176264,110.87478645209305,86.45593467395351,97.90701351022153
1081643,120.87035464155369,94.25009796454485,106.73351285316019
593233,121.29525807267797,94.58142147333818,107.10872012347679
214671,119.59872897576119,93.25853271324236,105.6106148957018
652870,123.53100585121557,96.32477241969787,109.0829777068572
983276,103.78772305142314,80.92971261747877,91.64884396310819
