UE ID,Internet usage,Data rate,optimal GU
1092487,124.98264594185773,50.588213833609075,79.51508547688893
1176264,110.87478645209305,44.87788975441861,70.53953815373147
1081643,120.87035464155369,48.923714973962205,76.898808698738
593233,121.29525807267797,49.09569969608394,77.1691360901183
214671,119.59872897576119,48.40900934733191,76.08978899245706
652870,123.53100585121557,50.000645225492015,78.5915389715382
983276,103.78772305142314,42.00931647319508,66.03068456179717
