UE ID,Internet usage,Data rate,optimal GU
1092487,124.98264594185773,28.269884201134484,59.44110469975898
1176264,110.87478645209305,25.078820745116282,52.73147916174065
1081643,120.87035464155369,27.33972307368476,57.485320071459505
593233,121.29525807267797,27.435832183105727,57.68740196168045
214671,119.59872897576119,27.052093458803125,56.88054143383621
652870,123.53100585121557,27.941537037774946,58.750712125942215
983276,103.78772305142314,23.47579449972666,49.36090819616018
