UE ID,Internet usage
960162,1.1046952184348675
47973,1.141187072229912
112268,1.0878190828519358
444795,1.045145360448945
630709,1.0678307894231156
156669,1.046485129922226
715606,1.0290823788659773
