UE ID,Internet usage
960162,0.8363113830278116
47973,0.8728032368228561
112268,0.8194352474448799
444795,0.7767615250418891
630709,0.7994469540160597
156669,0.7781012945151702
715606,0.7606985434633551
