UE ID,Internet usage
960162,0.637590356763743
47973,0.6740822105587876
112268,0.6207142211852449
444795,0.5780404987778206
630709,0.6007259277519911
156669,0.5793802682511016
715606,0.5619775171992863
