UE ID,Internet usage
960162,0.7957963999070834
47973,0.832288253702128
112268,0.7789202643241517
444795,0.7362465419211609
630709,0.7589319708953315
156669,0.737586311394442
715606,0.7201835603426269
