UE ID,Internet usage
960162,0.7646086420621678
47973,0.8011004958572123
112268,0.7477325064792363
444795,0.7050587840762454
630709,0.7277442130504158
156669,0.7063985535495264
715606,0.6889958024977112
