UE ID,Internet usage
960162,1.0335941596601719
47973,1.0700860134552166
112268,1.0167180240772404
444795,0.9740443016742497
630709,0.9967297306484201
156669,0.9753840711475307
715606,0.9579813200957155
