UE ID,Internet usage
960162,0.7807248810224239
47973,0.8172167348130351
112268,0.7638487454394924
444795,0.7211750230365016
630709,0.743860452010672
156669,0.7225147925097827
715606,0.7051120414535339
