UE ID,Internet usage
960162,0.8448934754354728
47973,0.8813853292260839
112268,0.8280173398525413
444795,0.7853436174495505
630709,0.8080290464237209
156669,0.7866833869228315
715606,0.7692806358665829
