UE ID,Internet usage
960162,0.4791705548956831
47973,0.5156624086907277
112268,0.46229441931275156
444795,0.4196206969097607
630709,0.44230612588393114
156669,0.4209604663834851
715606,0.40355771532945317
