UE ID,Internet usage
960162,0.5700495919330664
47973,0.6065414457281109
112268,0.5531734563501348
444795,0.510499733947144
630709,0.5331851629213145
156669,0.511839503420425
715606,0.4944367523641764
