UE ID,Internet usage
960162,0.717080215515131
47973,0.7535720693101755
112268,0.7002040799321995
444795,0.6575303575292086
630709,0.6802157865033791
156669,0.6588701270024896
715606,0.6414673759506745
