UE ID,Internet usage
960162,0.9125857720018848
47973,0.9490776257969294
112268,0.8957096364233867
444795,0.8530359140159626
630709,0.8757213429901329
156669,0.8543756834892435
715606,0.8369729324374283
