UE ID,Internet usage
960162,0.47026827972120677
47973,0.5067601335162514
112268,0.4533921441427087
444795,0.41071842173572776
630709,0.4334038507098982
156669,0.41205819120945214
715606,0.39465544015586357
