UE ID,Internet usage
960162,1.1304283961699053
47973,1.16692024996495
112268,1.113552260586974
444795,1.0708785381839832
630709,1.0935639671581536
156669,1.0722183076572642
715606,1.054815556605449
