UE ID,Internet usage
960162,0.7725328764831959
47973,0.809024730273807
112268,0.7556567409002642
444795,0.7129830184972734
630709,0.735668447471444
156669,0.7143227879705545
715606,0.6969200369143059
