UE ID,Internet usage
960162,0.48266182893957094
47973,0.5191536827346156
112268,0.4657856933610729
444795,0.42311197095497866
630709,0.445797399927819
156669,0.424451740428703
715606,0.4070489893746711
