UE ID,Internet usage
960162,0.5074646799150495
47973,0.5439565337100942
112268,0.490588544332118
444795,0.4479148219291272
630709,0.4706002509032976
156669,0.4492545914024082
715606,0.43185184034748963
