UE ID,Internet usage
960162,1.1187208255237215
47973,1.1552126793187663
112268,1.1018446899452234
444795,1.0591709675377994
630709,1.0818563965119696
156669,1.0605107370110802
715606,1.043107985959265
