UE ID,Internet usage
960162,0.7446598048520467
47973,0.7811516586470914
112268,0.7277836692691153
444795,0.6851099468661245
630709,0.707795375840295
156669,0.6864497163394054
715606,0.6690469652831568
