UE ID,Internet usage
960162,1.0829315473155754
47973,1.1194234011106199
112268,1.0660554117326437
444795,1.023381689329653
630709,1.0460671183038233
156669,1.024721458802934
715606,1.0073187077511188
