UE ID,Internet usage
960162,0.42463618172217454
47973,0.4611280355158891
112268,0.40776004614057304
444795,0.3650863237358088
630709,0.3877717527099793
156669,0.3664260932095332
715606,0.3490233421555013
