UE ID,Internet usage
960162,0.4093698215187435
47973,0.4458616753137881
112268,0.392493685937142
444795,0.3498199635323778
630709,0.37250539250654824
156669,0.3511597330061021
715606,0.33375698195207026
