UE ID,Internet usage
960162,0.7405599125416312
47973,0.7770517663366757
112268,0.7236837769586997
444795,0.6810100545557087
630709,0.7036954835298792
156669,0.6823498240289898
715606,0.6649470729771746
