UE ID,Internet usage
960162,1.0777649061785992
47973,1.1142567599692104
112268,1.0608887705956678
444795,1.0182150481882435
630709,1.040900477162414
156669,1.019554817665958
715606,1.0021520666097092
