UE ID,Internet usage
960162,0.4180961567734845
47973,0.45458801056897247
112268,0.4012200211914397
444795,0.35854629878711886
630709,0.3812317277612893
156669,0.35988606826039976
715606,0.34248331720681124
