UE ID,Internet usage
960162,0.5465137616009074
47973,0.583005615395952
112268,0.5296376260224093
444795,0.48696390361498504
630709,0.5096493325891555
156669,0.488303673088266
715606,0.47090092203645084
