UE ID,Internet usage
960162,0.7203058373097058
47973,0.7567976911047505
112268,0.7034297017267743
444795,0.6607559793237835
630709,0.683441408297954
156669,0.6620957487970645
715606,0.6446929977408159
