UE ID,Internet usage
960162,1.0716558392959088
47973,1.1081476930909533
112268,1.0547797037174107
444795,1.0121059813099864
630709,1.0347914102841569
156669,1.0134457507832675
715606,0.9960429997314523
