UE ID,Internet usage
960162,0.7577363349588386
47973,0.7942281887538833
112268,0.7408601993803406
444795,0.6981864769729162
630709,0.7208719059470867
156669,0.6995262464461972
715606,0.6821234953943821
