UE ID,Internet usage
960162,0.8741390912862383
47973,0.9106309450768496
112268,0.8572629557033069
444795,0.8145892332958825
630709,0.8372746622700531
156669,0.815929002773597
715606,0.7985262517173485
