UE ID,Internet usage
960162,1.0772841079610769
47973,1.1137759617516882
112268,1.0604079723781454
444795,1.0177342499751547
630709,1.040419678949325
156669,1.0190740194484356
715606,1.0016712683921871
