UE ID,Internet usage
960162,1.067296568199665
47973,1.103788421990276
112268,1.0504204326167332
444795,1.0077467102137423
630709,1.030432139187913
156669,1.0090864796870234
715606,0.9916837286307748
