UE ID,Internet usage
960162,1.0040421173038
47973,1.0405339710988446
112268,0.987165981725302
444795,0.9444922593178777
630709,0.9671776882920483
156669,0.9458320287911588
715606,0.9284292777393437
