UE ID,Internet usage,Data rate,optimal GU
960162,126.76538650784606,25.654899650397414,57.02765355511861
47973,132.89601794525166,26.89562267939617,59.785626652647466
112268,123.93019573013832,25.08111104062323,55.75219278551984
444795,116.76101036614459,23.630204478862595,52.52700781608059
630709,120.57216243379855,24.40150906398304,54.24152205176741
156669,116.98609163772052,23.675756640967247,52.62826461125775
715606,114.06242946066227,23.08406310513403,51.31300341623775
