UE ID,Internet usage,Data rate,optimal GU
960162,126.76538650784606,9.809226336916659,35.26287520810212
47973,132.89601794525166,10.283620436239712,36.96825944018286
112268,123.93019573013832,9.58983657435594,34.47419794106849
444795,116.76101036614459,9.035078183094521,32.47991467653858
630709,120.57216243379855,9.329988759758221,33.540079311878245
156669,116.98609163772052,9.052495186252182,32.54252650623368
715606,114.06242946066227,8.826259422551248,31.729238767834588
