UE ID,Internet usage,Data rate,optimal GU
960162,126.76538650784606,33.200458371102535,64.87425481383556
47973,132.89601794525166,34.8060999380421,68.01170547758868
112268,123.93019573013832,32.45790840551242,63.42329967516714
444795,116.76101036614459,30.580264619704533,59.75435209472835
630709,120.57216243379855,31.578423494566287,61.70477134703707
156669,116.98609163772052,30.63921447654585,59.86954110782014
715606,114.06242946066227,29.87349343017345,58.37330928705959
