UE ID,Internet usage,Data rate,optimal GU
960162,126.76538650784606,52.81891104493586,81.82670513673904
47973,132.89601794525166,55.373340810521526,85.78401071320695
112268,123.93019573013832,51.637581554224305,79.99659735917521
444795,116.76101036614459,48.65042098589358,75.36890810573826
630709,120.57216243379855,50.23840101408273,77.8289961870529
156669,116.98609163772052,48.74420484905022,75.51419744179772
715606,114.06242946066227,47.526012275275946,73.6269816215172
