UE ID,Internet usage,Data rate,optimal GU
960162,126.76538650784606,87.52848116017942,105.3355673299141
47973,132.89601794525166,91.76153620029281,110.42980920728775
112268,123.93019573013832,85.57084943271455,102.97966847388135
444795,116.76101036614459,80.6206976337665,97.02244128108723
630709,120.57216243379855,83.25220739476566,100.18931416560336
156669,116.98609163772052,80.77611089271178,97.20947233183325
715606,114.06242946066227,78.75739177045729,94.78005825765
