UE ID,Internet usage,Data rate,optimal GU
960162,126.76538650784606,58.10080214942945,85.82057236402188
47973,132.89601794525166,60.91067489157368,89.97102946753452
112268,123.93019573013832,56.80133970964673,83.90113913380794
444795,116.76101036614459,53.51546308448294,79.04757769822135
630709,120.57216243379855,55.26224111549101,81.62773984518206
156669,116.98609163772052,53.618625333955244,79.19995843942527
715606,114.06242946066227,52.278613502803545,77.22062978870838
