UE ID,Internet usage,Data rate,optimal GU
960162,126.76538650784606,30.936790754891003,62.62359169958329
47973,132.89601794525166,32.43295676044832,65.6521957260693
112268,123.93019573013832,30.244869196045663,61.22297411346798
444795,116.76101036614459,28.49524657745195,57.68131223382243
630709,120.57216243379855,29.425349165391314,59.56406617450491
156669,116.98609163772052,28.55017712587227,57.79250502894338
715606,114.06242946066227,27.836664332661627,56.348181531122634
