UE ID,Internet usage,Data rate,optimal GU
960162,126.76538650784606,31.691346626961515,63.38269325392303
47973,132.89601794525166,33.224004486312914,66.44800897262583
112268,123.93019573013832,30.98254893253458,61.96509786506916
444795,116.76101036614459,29.190252591536147,58.380505183072295
630709,120.57216243379855,30.14304060844964,60.28608121689928
156669,116.98609163772052,29.24652290943013,58.49304581886026
715606,114.06242946066227,28.515607365165568,57.031214730331136
