UE ID,Internet usage,Data rate,optimal GU
960162,126.76538650784606,58.85535802149996,86.37605112328937
47973,132.89601794525166,61.70172261743827,90.55337230727531
112268,123.93019573013832,57.539019446135654,84.44419424732423
444795,116.76101036614459,54.21046909856713,79.55921784665406
630709,120.57216243379855,55.97993255854933,82.15608024658003
156669,116.98609163772052,54.3149711175131,79.7125848812691
715606,114.06242946066227,52.95755653530749,77.7204449081292
