UE ID,Internet usage,Data rate,optimal GU
960162,126.76538650784606,97.33770749709608,111.08128605961065
47973,132.89601794525166,102.04515663653251,116.4534025591122
112268,123.93019573013832,95.1606860070705,108.59688044631153
444795,116.76101036614459,89.65577581686102,102.31470553902427
630709,120.57216243379855,92.58219615452388,105.65432122360663
156669,116.98609163772052,89.82860607896396,102.51193853616454
715606,114.06242946066227,87.58365119300852,99.95000768439081
