UE ID,Internet usage,Data rate,optimal GU
960162,126.76538650784606,122.99260714749349,124.86474835861274
47973,132.89601794525166,128.9407793159287,130.9034610766438
112268,123.93019573013832,120.24179704769372,122.07206659618838
444795,116.76101036614459,113.28598029572362,115.0103713568817
630709,120.57216243379855,116.98370521850693,118.76438147741698
156669,116.98609163772052,113.50436271993121,115.2320779055682
715606,114.06242946066227,110.66771429814256,112.35225122668709
