UE ID,Internet usage,Data rate,optimal GU
960162,126.76538650784606,14.336561569339732,42.63073736790021
47973,132.89601794525166,15.029906791427269,44.69244637149524
112268,123.93019573013832,14.015914993289451,41.67727304485434
444795,116.76101036614459,13.205114267599685,39.266302141726186
630709,120.57216243379855,13.636137418108168,40.54797868877974
156669,116.98609163772052,13.230569887599342,39.34199615283854
715606,114.06242946066227,12.899917617574898,38.358779220707625
