UE ID,Internet usage,Data rate,optimal GU
960162,126.76538650784606,89.03759290432045,106.2397518739781
47973,132.89601794525166,93.343631652022,111.37772195148398
112268,123.93019573013832,87.0462089056924,103.86363033925286
444795,116.76101036614459,82.0107096619349,97.85526721118315
630709,120.57216243379855,84.68759028088232,101.0493240525315
156669,116.98609163772052,82.1688024598275,98.04390370812015
715606,114.06242946066227,80.11527783546516,95.59363591175463
