UE ID,Internet usage,Data rate,optimal GU
960162,126.76538650784606,76.96469895119226,98.77479339390138
47973,132.89601794525166,80.6868680381885,103.55174292472944
112268,123.93019573013832,75.2433331218697,96.56563053789537
444795,116.76101036614459,70.89061343658778,90.97944630701912
630709,120.57216243379855,73.20452719194913,93.94907207352882
156669,116.98609163772052,71.02726992290175,91.15482822087755
715606,114.06242946066227,69.25218931540209,88.87672900587916
