UE ID,Internet usage,Data rate,optimal GU
960162,126.76538650784606,67.9100284863461,92.78276245526698
47973,132.89601794525166,71.19429532781339,97.2699252055055
112268,123.93019573013832,66.39117628400267,90.70761529017598
444795,116.76101036614459,62.55054126757746,85.46030890039872
630709,120.57216243379855,64.59222987524922,88.2497865860298
156669,116.98609163772052,62.671120520207424,85.62505152241143
715606,114.06242946066227,61.10487292535479,83.48514992351042
