UE ID,Internet usage,Data rate,optimal GU
960162,126.76538650784606,50.55524342872432,80.05407530688542
47973,132.89601794525166,53.000197632927744,83.92565290617316
112268,123.93019573013832,49.42454234475754,78.26361355482068
444795,116.76101036614459,46.565402943641,73.73617494694288
630709,120.57216243379855,48.085326684907756,76.14296960150008
156669,116.98609163772052,46.655167498376635,73.87831684830326
715606,114.06242946066227,45.48918317776412,72.03198419755536
