UE ID,Internet usage,Data rate,optimal GU
960162,126.76538650784606,101.11048685744863,113.21355902223446
47973,132.89601794525166,106.00039526585549,118.68879657092702
112268,123.93019573013832,98.84908468951508,110.68146372955421
444795,116.76101036614459,93.130805887282,104.27869864748185
630709,120.57216243379855,96.17065336981551,107.68242028980373
156669,116.98609163772052,93.31033499675327,104.4797176521672
715606,114.06242946066227,90.97836635552824,101.86860897682725
