UE ID,Internet usage,Data rate,optimal GU
960162,126.76538650784606,126.01083063577556,126.38754546915933
47973,132.89601794525166,132.10497021938707,132.4999037468805
112268,123.93019573013832,123.19251599364941,123.56080535340148
444795,116.76101036614459,116.0660043520604,116.41298869674254
630709,120.57216243379855,119.85447099074024,120.21278112044713
156669,116.98609163772052,116.28974585416266,116.63739908375145
715606,114.06242946066227,113.38348642815834,113.72245126937675
