UE ID,Internet usage,Data rate,optimal GU
960162,126.76538650784606,77.71925482326276,99.25780259895281
47973,132.89601794525166,81.47791576405311,104.05811143549217
112268,123.93019573013832,75.98101285835861,97.03783692617297
444795,116.76101036614459,71.58561945067198,91.42433622808969
630709,120.57216243379855,73.92221863500745,94.40848347858835
156669,116.98609163772052,71.72361570645961,91.60057576033316
715606,114.06242946066227,69.93113234790604,89.31133662944067
