UE ID,Internet usage,Data rate,optimal GU
960162,126.76538650784606,95.07403988088456,109.78204503634782
47973,132.89601794525166,99.67201345893875,115.09132760238057
112268,123.93019573013832,92.94764679760375,107.32669779827756
444795,116.76101036614459,87.57075777460845,101.1180011486194
630709,120.57216243379855,90.42912182534891,104.41855565689332
156669,116.98609163772052,87.7395687282904,101.31292724772025
715606,114.06242946066227,85.54682209549671,98.7809615303041
