UE ID,Internet usage,Data rate,optimal GU
960162,126.76538650784606,43.0096847080192,73.83860308532827
47973,132.89601794525166,45.08972037428182,77.40958782997708
112268,123.93019573013832,42.04774497986836,72.18715443460857
444795,116.76101036614459,39.615342802799056,68.01123033482038
630709,120.57216243379855,40.90841225432451,70.23115923318659
156669,116.98609163772052,39.69170966279803,68.14233620789565
715606,114.06242946066227,38.6997528527247,66.43935452658292
