UE ID,Internet usage,Data rate,optimal GU
960162,126.76538650784606,110.1651573222948,118.17414585119018
47973,132.89601794525166,115.49296797623062,123.88928744939781
112268,123.93019573013832,107.70124152738212,115.53110378970405
444795,116.76101036614459,101.47087805629232,108.84779393535057
630709,120.57216243379855,104.78295068651542,112.40065369234843
156669,116.98609163772052,101.6664843994476,109.0576208269677
715606,114.06242946066227,99.12568274557555,106.33210331742336
