UE ID,Internet usage,Data rate,optimal GU
960162,126.76538650784606,36.9732377314551,68.46113329090005
47973,132.89601794525166,38.761338567365065,71.77205267951115
112268,123.93019573013832,36.14630708795701,66.92995526916329
444795,116.76101036614459,34.05529469012551,63.05815265559127
630709,120.57216243379855,35.166880709857914,65.11641001498013
156669,116.98609163772052,34.12094339433516,63.17971043535391
715606,114.06242946066227,33.26820859269316,61.60075239708247
