UE ID,Internet usage,Data rate,optimal GU
960162,126.76538650784606,28.673123138679465,60.288966959649976
47973,132.89601794525166,30.059813582854538,63.20466379420079
112268,123.93019573013832,28.031829986578902,58.94056478275962
444795,116.76101036614459,26.41022853519937,55.53093703306889
630709,120.57216243379855,27.272274836216337,57.343501388487546
156669,116.98609163772052,26.461139775198685,55.63798453017439
715606,114.06242946066227,25.799835235149796,54.24750580999999
