UE ID,Internet usage,Data rate,optimal GU
960162,126.76538650784606,95.82859575295505,110.21682711422736
47973,132.89601794525166,100.46306118480332,115.54713662419566
112268,123.93019573013832,93.68532653409265,107.75175569062448
444795,116.76101036614459,88.26576378869262,101.5184700471161
630709,120.57216243379855,91.14681326840723,104.83209610954796
156669,116.98609163772052,88.43591451184824,101.71416813378899
715606,114.06242946066227,86.22576512800065,99.17217479013055
