UE ID,Internet usage,Data rate,optimal GU
960162,126.76538650784606,76.21014307912174,98.2894106363606
47973,132.89601794525166,79.89582031232392,103.04288607166048
112268,123.93019573013832,74.50565338538078,96.09110368318227
444795,116.76101036614459,70.1956074225036,90.53237015519233
630709,120.57216243379855,72.4868357488908,93.48740307778014
156669,116.98609163772052,70.33092413934389,90.70689023624861
715606,114.06242946066227,68.57324628289815,88.43998567973478
