UE ID,Internet usage
905441,1.1018586570605264
823460,1.0622204746515695
112981,1.051086009787328
1189434,0.9792562136463492
1284668,1.0665526757086536
1075432,1.0741799227807065
79893,1.1026736938864703
