UE ID,Internet usage
905441,0.8313355248078407
823460,0.7916973423988837
112981,0.7805628775302088
1189434,0.7087330813936634
1284668,0.796029543455968
1075432,0.8036567905235873
79893,0.8321505616337845
