UE ID,Internet usage
905441,1.0131754955128207
823460,0.9735373131038638
112981,0.9624028482396223
1189434,0.8905730520986436
1284668,0.977869514160948
1075432,0.9854967612330008
79893,1.0139905323387643
