UE ID,Internet usage
905441,0.4383362386596979
823460,0.3986980562498542
112981,0.3875635913829526
1189434,0.3157337952450772
1284668,0.4030302573069385
1075432,0.4106575043767744
79893,0.4391512754851982
