UE ID,Internet usage
905441,0.3906872533816755
823460,0.3510490709722751
112981,0.33991460610537355
1189434,0.26808480996749817
1284668,0.35538127202891606
1075432,0.36300851909919535
79893,0.3915022902071759
