UE ID,Internet usage
905441,1.0668131300410006
823460,1.0271749476320438
112981,1.0160404827678022
1189434,0.9442106866268234
1284668,1.0315071486891279
1075432,1.0391343957611807
79893,1.0676281668669445
