UE ID,Internet usage
905441,1.059445022105532
823460,1.019806839696575
112981,1.0086723748278998
1189434,0.9368425786913547
1284668,1.0241390407536592
1075432,1.0317662878212783
79893,1.0602600589314757
