UE ID,Internet usage
905441,0.8333653986862611
823460,0.7937272162773041
112981,0.782592751408629
1189434,0.7107629552720838
1284668,0.7980594173343883
1075432,0.8056866644020075
79893,0.8341804355122048
