UE ID,Internet usage
905441,0.9342485029658044
823460,0.8946103205568474
112981,0.8834758556881726
1189434,0.8116460595516272
1284668,0.8989425216139318
1075432,0.906569768681551
79893,0.9350635397917482
