UE ID,Internet usage
905441,0.7569755128524998
823460,0.7173373304435428
112981,0.7062028655748677
1189434,0.6343730694383224
1284668,0.721669531500627
1075432,0.7292967785682462
79893,0.7577905496784434
