UE ID,Internet usage
905441,0.7197400432836256
823460,0.6801018608746685
112981,0.668967396010427
1189434,0.5971375998694483
1284668,0.6844340619317528
1075432,0.6920613090038055
79893,0.7205550801095694
