UE ID,Internet usage
905441,0.7134026621733603
823460,0.67376447975997
112981,0.6626300148957285
1189434,0.5908002187591831
1284668,0.6780966808170542
1075432,0.685723927889107
79893,0.7142176989993042
