UE ID,Internet usage
905441,0.44612555080701627
823460,0.40648736839761596
112981,0.39535290353115765
1189434,0.3235231073932823
1284668,0.4108195694547002
1075432,0.41844681652453614
79893,0.4469405876329601
