UE ID,Internet usage
905441,0.8029939341023256
823460,0.7633557516933686
112981,0.752221286829127
1189434,0.6803914906881482
1284668,0.7676879527504528
1075432,0.7753151998225055
79893,0.8038089709282693
