UE ID,Internet usage
905441,0.8204752273377793
823460,0.7808370449288223
112981,0.7697025800601475
1189434,0.6978727839236022
1284668,0.7851692459859068
1075432,0.792796493053526
79893,0.8212902641637232
