UE ID,Internet usage
905441,0.3409558557207526
823460,0.30131767331090886
112981,0.2901832084440073
1189434,0.21835341230613195
1284668,0.3056498743675498
1075432,0.31327712143782915
79893,0.341770892546253
