UE ID,Internet usage
905441,0.39034475412564323
823460,0.35070657171579955
112981,0.33957210684889794
1189434,0.2677423107114659
1284668,0.3550387727728838
1075432,0.36266601984271984
79893,0.39115979095114367
