UE ID,Internet usage
905441,0.4676424781464713
823460,0.428004295738401
112981,0.4168698308714994
1189434,0.3450400347336241
1284668,0.4323364967954853
1075432,0.4399637438653213
79893,0.4684575149724151
