UE ID,Internet usage
905441,0.3835470036645615
823460,0.3439088212547178
112981,0.3327743563878162
1189434,0.2609445602503842
1284668,0.3482410223118021
1075432,0.35586826938163807
79893,0.3843620404900619
