UE ID,Internet usage
905441,0.452010486122841
823460,0.4123723037143273
112981,0.40123783884742575
1189434,0.3294080427095504
1284668,0.4167045047714116
1075432,0.4243317518412476
79893,0.45282552294878475
