UE ID,Internet usage
905441,0.34888192498382375
823460,0.30924374257398
112981,0.29810927770707846
1189434,0.2262794815692031
1284668,0.31357594363106434
1075432,0.3212031907009003
79893,0.34969696180932414
