UE ID,Internet usage
905441,0.8247833062785997
823460,0.7851451238696427
112981,0.7740106590054012
1189434,0.7021808628644225
1284668,0.789477324926727
1075432,0.7971045719987797
79893,0.8255983431045435
