UE ID,Internet usage
905441,0.9184921946888157
823460,0.8788540122798587
112981,0.8677195474111838
1189434,0.7958897512746385
1284668,0.8831862133369431
1075432,0.8908134604045623
79893,0.9193072315147596
