UE ID,Internet usage
905441,0.9528499672179953
823460,0.9132117848090383
112981,0.9020773199447968
1189434,0.8302475238038179
1284668,0.9175439858661227
1075432,0.9251712329381754
79893,0.9536650040439391
