UE ID,Internet usage,Data rate,optimal GU
905441,124.82866961420181,52.01194567258409,80.57655975750525
823460,118.16945496932735,49.2372729038864,76.27805518776869
112981,116.29886487172199,48.4578603632175,75.07059447183434
1189434,104.23145912054831,43.4297746335618,67.28111755413046
1284668,118.89726474691616,49.54052697788174,76.74785437907009
1075432,120.17864225466545,50.074434272777275,77.57498000368972
79893,124.96559580084205,52.06899825035086,80.6649452309248
