UE ID,Internet usage,Data rate,optimal GU
905441,124.82866961420181,3.715138976613149,21.534991429821527
823460,118.16945496932735,3.5169480645633135,20.3861677601475
112981,116.29886487172199,3.461275740229821,20.063460309646427
1189434,104.23145912054831,3.1021267595401283,17.981635034772726
1284668,118.89726474691616,3.5386090698486954,20.51172687546417
1075432,120.17864225466545,3.576745305198376,20.7327854971176
79893,124.96559580084205,3.7192141607393467,21.558613441214657
