UE ID,Internet usage,Data rate,optimal GU
905441,124.82866961420181,110.71114150307186,117.55817498284883
823460,118.16945496932735,104.80505232398676,111.28681822730556
112981,116.29886487172199,103.14601705884867,109.52517838370943
1189434,104.23145912054831,92.44337743429583,98.16062406081281
1284668,118.89726474691616,105.45055028149113,111.97223760614256
1075432,120.17864225466545,106.58701009491162,113.17898283334587
79893,124.96559580084205,110.83258199003254,117.6871260696347
