UE ID,Internet usage,Data rate,optimal GU
905441,124.82866961420181,119.6274750469434,122.20040327026777
823460,118.16945496932735,113.2457276789387,115.68139832066802
112981,116.29886487172199,111.45307883540025,113.85019347816494
1189434,104.23145912054831,99.88848165719213,102.03686682991233
1284668,118.89726474691616,113.943212049128,116.39388407093897
1075432,120.17864225466545,115.17119882738773,117.64828218855375
79893,124.96559580084205,119.75869597580697,122.33444647746857
