UE ID,Internet usage,Data rate,optimal GU
905441,124.82866961420181,49.03983449129357,78.24050931358272
823460,118.16945496932735,46.42371445223574,74.06662564524174
112981,116.29886487172199,45.68883977103364,72.89417125310636
1189434,104.23145912054831,40.94807322592969,65.3305244163378
1284668,118.89726474691616,46.70963972200278,74.52280456518015
1075432,120.17864225466545,47.21303802861857,75.32595042213053
79893,124.96559580084205,49.09362692175938,78.3263323429734
