UE ID,Internet usage,Data rate,optimal GU
905441,124.82866961420181,23.033861655001527,53.62169622896517
823460,118.16945496932735,21.805078000292546,50.76114836031825
112981,116.29886487172199,21.459909589424893,49.95761328866599
1189434,104.23145912054831,19.233185909148798,44.77391015811941
1284668,118.89726474691616,21.939376233061914,51.07378803617921
1075432,120.17864225466545,22.175820892229936,51.624219565150206
79893,124.96559580084205,23.05912779658395,53.68051456299457
