UE ID,Internet usage,Data rate,optimal GU
905441,124.82866961420181,65.38644598839143,90.34435822746082
823460,118.16945496932735,61.89828593631432,85.52477250849513
112981,116.29886487172199,60.91845302804485,84.17093879067129
1189434,104.23145912054831,54.597430967906256,75.4371917161441
1284668,118.89726474691616,62.27951962933704,86.05152255294527
1075432,120.17864225466545,62.95071737149142,86.97891550636292
79893,124.96559580084205,65.4581692290125,90.44345812570356
