UE ID,Internet usage,Data rate,optimal GU
905441,124.82866961420181,112.94022488903973,118.73574869780202
823460,118.16945496932735,106.91522116272473,112.40157210966524
112981,116.29886487172199,105.22278250298655,110.6222860175174
1189434,104.23145912054831,94.30465349001989,99.14389358464031
1284668,118.89726474691616,107.57371572340033,113.09385729638294
1075432,120.17864225466545,108.73305727803063,114.31269042355923
79893,124.96559580084205,113.06411048647614,118.86599148046814
