UE ID,Internet usage,Data rate,optimal GU
905441,124.82866961420181,54.24102905855198,82.28508671614988
823460,118.16945496932735,51.34744174262438,77.89543763786948
112981,116.29886487172199,50.53462580735539,76.66237420085983
1189434,104.23145912054831,45.291050689285875,68.70773099475038
1284668,118.89726474691616,51.663692419790955,78.37519834385832
1075432,120.17864225466545,52.2204814558963,79.21986215119635
79893,124.96559580084205,54.30052674679447,82.37534629494877
