UE ID,Internet usage,Data rate,optimal GU
905441,124.82866961420181,95.85058559661924,109.38419027340356
823460,118.16945496932735,90.7372600657335,103.54888974478597
112981,116.29886487172199,89.30091409792938,101.90973918912923
1189434,104.23145912054831,80.0348703961353,91.33537826008693
1284668,118.89726474691616,91.29611400209633,104.18665095333417
1075432,120.17864225466545,92.2800288741181,105.30948949317359
79893,124.96559580084205,95.95572534707514,109.5041752103508
