UE ID,Internet usage,Data rate,optimal GU
905441,124.82866961420181,43.838639924035164,73.97512486919737
823460,118.16945496932735,41.4999871618471,70.02878596798287
112981,116.29886487172199,40.84305373471189,68.92024947170272
1189434,104.23145912054831,36.60509576257351,61.76894480708277
1284668,118.89726474691616,41.755587024214606,70.46009569310094
1075432,120.17864225466545,42.20559460134084,71.21945699554287
79893,124.96559580084205,43.88672709672429,74.05626914307194
