UE ID,Internet usage,Data rate,optimal GU
905441,124.82866961420181,37.89441756145413,68.77724718249026
823460,118.16945496932735,35.8728702585458,65.10819861306064
112981,116.29886487172199,35.30501255034417,64.07755366652917
1189434,104.23145912054831,31.64169294730931,57.428736926232425
1284668,118.89726474691616,36.093812512456694,65.50920226975077
1075432,120.17864225466545,36.48280211302344,66.21520689077998
79893,124.96559580084205,37.935984439541336,68.85268983691746
