UE ID,Internet usage,Data rate,optimal GU
905441,124.82866961420181,71.33066835097246,94.36160465434945
823460,118.16945496932735,67.52540283961562,89.32771154653884
112981,116.29886487172199,66.45649421241257,87.91367834562347
1189434,104.23145912054831,59.56083378317046,78.7915770349617
1284668,118.89726474691616,67.94129414109496,89.87788402461348
1075432,120.17864225466545,68.67350985980883,90.84651437349815
79893,124.96559580084205,71.40891188619545,94.46511112229872
