UE ID,Internet usage,Data rate,optimal GU
905441,124.82866961420181,35.66533417548623,66.72373053473457
823460,118.16945496932735,33.76270141980781,63.16423058243347
112981,116.29886487172199,33.22824710620628,62.16435811724329
1189434,104.23145912054831,29.78041689158523,55.71405842180367
1284668,118.89726474691616,33.97064707054748,63.55326127250226
1075432,120.17864225466545,34.336754929904416,64.2381863606617
79893,124.96559580084205,35.70445594309773,66.79692066011818
