UE ID,Internet usage,Data rate,optimal GU
905441,124.82866961420181,36.40836197080886,67.41518662473887
823460,118.16945496932735,34.46609103272048,63.81879967736622
112981,116.29886487172199,33.92050225425225,62.80856556273375
1189434,104.23145912054831,30.40084224349326,56.29142159808105
1284668,118.89726474691616,34.67836888451722,64.21186188122614
1075432,120.17864225466545,35.05210399094409,64.90388482826741
79893,124.96559580084205,36.448298775245604,67.48913521727529
