UE ID,Internet usage,Data rate,optimal GU
905441,124.82866961420181,20.061750473711005,50.04279790105093
823460,118.16945496932735,18.991519548641893,47.3731729368251
112981,116.29886487172199,18.690888997241032,46.623268587932465
1189434,104.23145912054831,16.751484501516693,41.78554381635275
1284668,118.89726474691616,19.108488977182954,47.66494595437669
1075432,120.17864225466545,19.31442464807123,48.17863977049627
79893,124.96559580084205,20.083756467992472,50.09769049508864
