UE ID,Internet usage,Data rate,optimal GU
905441,124.82866961420181,78.01791850887614,98.68572831738244
823460,118.16945496932735,73.85590935582958,93.42115689094427
112981,116.29886487172199,72.68679054482624,91.94232557169688
1189434,104.23145912054831,65.1446619503427,82.4022036659159
1284668,118.89726474691616,74.3107904668226,93.9965410410746
1075432,120.17864225466545,75.1116514091659,95.00955890782404
79893,124.96559580084205,78.10349737552627,98.79397797265855
