UE ID,Internet usage,Data rate,optimal GU
905441,124.82866961420181,31.207167403550454,62.41433480710091
823460,118.16945496932735,29.542363742331837,59.084727484663674
112981,116.29886487172199,29.074716217930497,58.149432435860994
1189434,104.23145912054831,26.057864780137077,52.115729560274154
1284668,118.89726474691616,29.72431618672904,59.44863237345808
1075432,120.17864225466545,30.044660563666362,60.089321127332724
79893,124.96559580084205,31.241398950210513,62.482797900421026
