UE ID,Internet usage,Data rate,optimal GU
905441,124.82866961420181,121.8565584329113,123.33366155654977
823460,118.16945496932735,115.3558965176767,116.75420086229009
112981,116.29886487172199,113.52984427953812,114.90601384946588
1189434,104.23145912054831,101.7497577129162,102.98313314120678
1284668,118.89726474691616,116.0663774910372,117.47329404067702
1075432,120.17864225466545,117.31724601050675,118.73932515640834
79893,124.96559580084205,121.99022447225057,123.46894784946235
