UE ID,Internet usage,Data rate,optimal GU
905441,124.82866961420181,72.81672394161772,95.33947123461897
823460,118.16945496932735,68.93218206544095,90.25341203810302
112981,116.29886487172199,67.8410045085045,88.82472525201779
1189434,104.23145912054831,60.80168448698652,79.60809186926798
1284668,118.89726474691616,69.35673776903444,90.80928593765798
1075432,120.17864225466545,70.10420798188818,91.78795417483714
79893,124.96559580084205,72.89659755049121,95.4440503371024
