UE ID,Internet usage,Data rate,optimal GU
905441,124.82866961420181,70.58764055564984,93.86885139260652
823460,118.16945496932735,66.82201322670296,88.8612451125499
112981,116.29886487172199,65.7642390643666,87.45459594748804
1189434,104.23145912054831,58.94040843126244,78.3801299562048
1284668,118.89726474691616,67.23357232712522,89.40854460765561
1075432,120.17864225466545,67.95816079876916,90.37211680004131
79893,124.96559580084205,70.66506905404759,93.97181735311233
