UE ID,Internet usage,Data rate,optimal GU
905441,124.82866961420181,111.45416929839446,117.95200581793681
823460,118.16945496932735,105.5084419368994,111.65963943317354
112981,116.29886487172199,103.83827220689463,109.89209793202932
1189434,104.23145912054831,93.06380278620384,98.48947129370212
1284668,118.89726474691616,106.15827209546084,112.34735503076683
1075432,120.17864225466545,107.30235915595128,113.55814296687268
79893,124.96559580084205,111.5764248221804,118.08138890287341
