UE ID,Internet usage,Data rate,optimal GU
905441,124.82866961420181,108.48205811710396,116.36868561502537
823460,118.16945496932735,102.69488348524877,110.16078435446265
112981,116.29886487172199,101.06925161471078,108.41696931857723
1189434,104.23145912054831,90.58210137857175,97.16740501265825
1284668,118.89726474691616,103.32738483958191,110.83926845156576
1075432,120.17864225466545,104.4409629117926,112.0338034635489
79893,124.96559580084205,108.60105349358894,116.49633193549684
