UE ID,Internet usage,Data rate,optimal GU
905441,124.82866961420181,79.5039740995214,99.62115897682186
823460,118.16945496932735,75.26268858165491,94.3066852838142
112981,116.29886487172199,74.07130084091817,92.81383629271343
1189434,104.23145912054831,66.38551265415875,83.1832846695091
1284668,118.89726474691616,75.72623409476208,94.88752343407364
1075432,120.17864225466545,76.54234953124526,95.91014358057798
79893,124.96559580084205,79.59118303982203,99.7304347181202
