UE ID,Internet usage,Data rate,optimal GU
905441,124.82866961420181,84.70516866677981,102.82817470966164
823460,118.16945496932735,80.18641587204357,97.34261687227854
112981,116.29886487172199,78.91708687723992,95.80170991587818
1189434,104.23145912054831,70.72849011751492,85.86113047439954
1284668,118.89726474691616,80.68028679255026,97.94215343063972
1075432,120.17864225466545,81.54979295852299,98.99769388174842
79893,124.96559580084205,84.79808286485711,102.94096826811007
