UE ID,Internet usage,Data rate,optimal GU
905441,124.82866961420181,0.7430277953226299,9.630740946391265
823460,118.16945496932735,0.7033896129126628,9.11697138248089
112981,116.29886487172199,0.6922551480459642,8.972652223247678
1189434,104.23145912054831,0.6204253519080256,8.04163165686872
1284668,118.89726474691616,0.7077218139697391,9.173123125889449
1075432,120.17864225466545,0.7153490610396753,9.271983546895346
79893,124.96559580084205,0.7438428321478694,9.641305031039327
