UE ID,Internet usage,Data rate,optimal GU
905441,124.82866961420181,115.16930827500761,119.90175783681023
823460,118.16945496932735,109.02539000146272,113.5053783496236
112981,116.29886487172199,107.29954794712444,111.70861930710396
1189434,104.23145912054831,96.16592954574396,100.11750673202334
1284668,118.89726474691616,109.69688116530955,114.2044619173122
1075432,120.17864225466545,110.87910446114965,115.43526423305049
79893,124.96559580084205,115.29563898291974,120.03327963002326
