UE ID,Internet usage,Data rate,optimal GU
905441,124.82866961420181,27.492028426937306,58.58151016771761
823460,118.16945496932735,26.025415677768525,55.45637191515591
112981,116.29886487172199,25.613440477700678,54.578512740967994
1189434,104.23145912054831,22.95573802059695,48.915335724861045
1284668,118.89726474691616,26.185707116880348,55.79792963597242
1075432,120.17864225466545,26.467915258467986,56.39927410059659
79893,124.96559580084205,27.52218478947117,58.64576898598174
