UE ID,Internet usage
643635,0.723724863718849
762625,0.8382062608176287
874230,0.7523981599994579
21617,0.7752681670212311
918551,0.784708640621261
841242,0.8510809435895536
653853,0.6994170539066906
