UE ID,Internet usage
643635,0.6537310695268039
762625,0.7682124666211502
874230,0.6824043658029793
21617,0.7052743728291859
918551,0.7147148464247824
841242,0.7810871493930751
653853,0.6294232597146455
