UE ID,Internet usage
643635,1.0008002145007757
762625,1.1152816115995554
874230,1.0294735107813846
21617,1.0523435178031577
918551,1.0617839914031877
841242,1.1281562943714805
653853,0.9764924046886173
