UE ID,Internet usage
643635,0.30068500814353216
762625,0.4151664052396518
874230,0.32935830442103753
21617,0.35222831144591416
918551,0.3616687850428407
841242,0.42804108801069
653853,0.27637719833004365
