UE ID,Internet usage
643635,0.6279733932326687
762625,0.7424547903314483
874230,0.6566466895132775
21617,0.6795166965350506
918551,0.6889571701350807
841242,0.7553294731033733
653853,0.6036655834205102
