UE ID,Internet usage
643635,0.7083008476577334
762625,0.8227822447520796
874230,0.7369741439339087
21617,0.7598441509601154
918551,0.7692846245557118
841242,0.8356569275240044
653853,0.6839930378455749
