UE ID,Internet usage
643635,0.9533541043990651
762625,1.0678355014978447
874230,0.9820274006796739
21617,1.0048974077014472
918551,1.0143378813014772
841242,1.0807101842697697
653853,0.9290462945869066
