UE ID,Internet usage
643635,0.6895546012618757
762625,0.8040359983562221
874230,0.718227897538051
21617,0.7410979045642577
918551,0.7505383781598544
841242,0.8169106811281469
653853,0.6652467914497172
