UE ID,Internet usage
643635,0.655917070292749
762625,0.7703984673915287
874230,0.6845903665689244
21617,0.707460373595131
918551,0.716900847195161
841242,0.7832731501590201
653853,0.6316092604805905
