UE ID,Internet usage
643635,0.2967833022111111
762625,0.4112646993076741
874230,0.32545659848905983
21617,0.34832660551349304
918551,0.357767079110863
841242,0.42413938207871227
653853,0.2724754923980659
