UE ID,Internet usage
643635,0.9333502330688711
762625,1.047831630167651
874230,0.9620235293450464
21617,0.984893536371253
918551,0.9943340099712831
841242,1.0607063129351422
653853,0.9090424232567126
