UE ID,Internet usage
643635,0.7838154064884658
762625,0.8982968035828119
874230,0.812488702764641
21617,0.8353587097908477
918551,0.8447991833864442
841242,0.911171486354737
653853,0.7595075966718737
