UE ID,Internet usage
643635,0.6451498156543096
762625,0.7596312127486559
874230,0.6738231119304849
21617,0.6966931189566916
918551,0.7061335925522881
841242,0.7725058955205809
653853,0.6208420058421512
