UE ID,Internet usage
643635,0.6636233247264439
762625,0.7781047218207902
874230,0.6922966210026192
21617,0.7151666280288259
918551,0.7246071016244223
841242,0.790979404592715
653853,0.6393155149142854
