UE ID,Internet usage
643635,0.887295539612439
762625,1.0017769367112188
874230,0.9159688358930478
21617,0.938838842914821
918551,0.9482793165148511
841242,1.0146516194831436
653853,0.8629877298002805
