UE ID,Internet usage
643635,0.5883992851933753
762625,0.7028806822877215
874230,0.6170725814695506
21617,0.6399425884957572
918551,0.6493830620913538
841242,0.7157553650596463
653853,0.5640914753767833
