UE ID,Internet usage
643635,0.8222297087490914
762625,0.9367111058478711
874230,0.8509030050252668
21617,0.8737730120514734
918551,0.8832134856470699
841242,0.9495857886153626
653853,0.7979218989369329
