UE ID,Internet usage
643635,0.7527189403709331
762625,0.8672003374652794
874230,0.7813922366471084
21617,0.8042622436733151
918551,0.8137027172689117
841242,0.8800750202372044
653853,0.7284111305543411
