UE ID,Internet usage
643635,0.9523613929532943
762625,1.0668427900520738
874230,0.9810346892294696
21617,1.0039046962556761
918551,1.0133451698512728
841242,1.0797174728195653
653853,0.9280535831411357
