UE ID,Internet usage
643635,0.9533248980656691
762625,1.0678062951644487
874230,0.9819981943418444
21617,1.004868201368051
918551,1.014308674968081
841242,1.0806809779319402
653853,0.9290170882535106
