UE ID,Internet usage
643635,0.2892863115663359
762625,0.40376770866245554
874230,0.3179596078438413
21617,0.34082961486827457
918551,0.35027008846564445
841242,0.41664239143349374
653853,0.26497850175284743
