UE ID,Internet usage,Data rate,optimal GU
643635,107.85085126416338,2.567877411051509,16.641747646323726
762625,127.08372597636735,3.025802999437318,19.609444643818
874230,112.66796503879004,2.6825705961616677,17.385044438897157
21617,116.51012621895777,2.7740506242608993,17.97790278009134
918551,118.0961257832982,2.8118125186499574,18.22262782590749
841242,129.24667268187153,3.077301730520751,19.94319456626677
653853,103.76713921554781,2.4706461717987573,16.011617196941785
