UE ID,Internet usage,Data rate,optimal GU
643635,107.85085126416338,28.246651521566598,55.19443279863589
762625,127.08372597636735,33.28383299381049,65.03717023078869
874230,112.66796503879004,29.508276557778345,57.65966936747659
21617,116.51012621895777,30.51455686686989,59.6259580390502
918551,118.0961257832982,30.929937705149527,60.4376191928249
841242,129.24667268187153,33.850319035728255,66.14409349736145
653853,103.76713921554781,27.17710788978633,53.104526529057964
