UE ID,Internet usage,Data rate,optimal GU
643635,107.85085126416338,51.999517573793064,74.88786440845676
762625,127.08372597636735,61.27251073860569,88.242500897181
874230,112.66796503879004,54.32205457227377,78.2326999750372
21617,116.51012621895777,56.17452514128321,80.90056251041104
918551,118.0961257832982,56.93920350266164,82.00182521658371
841242,129.24667268187153,62.3153600430452,89.74437554820045
653853,103.76713921554781,50.03058497892484,72.05227738623805
