UE ID,Internet usage,Data rate,optimal GU
643635,107.85085126416338,88.59177068127705,97.74813493348752
762625,127.08372597636735,104.39020348058746,115.17940794145542
874230,112.66796503879004,92.54868556757754,102.11401505138166
21617,116.51012621895777,95.70474653700101,105.59626934120044
918551,118.0961257832982,97.00753189342352,107.03370351628993
841242,129.24667268187153,106.1669097029659,117.13974486921612
653853,103.76713921554781,85.23729292705713,94.0469565776499
