UE ID,Internet usage,Data rate,optimal GU
643635,107.85085126416338,54.56739498484457,76.71466613616542
762625,127.08372597636735,64.298313738043,90.39507333825198
874230,112.66796503879004,57.00462516843544,80.1410950482124
21617,116.51012621895777,58.948575765544106,82.87403696497076
918551,118.0961257832982,59.75101602131159,84.00216368482826
841242,129.24667268187153,65.39266177356595,91.93358446206919
653853,103.76713921554781,52.5012311507236,73.80990829018006
