UE ID,Internet usage,Data rate,optimal GU
643635,107.85085126416338,25.036804757752215,51.96384037057146
762625,127.08372597636735,29.50157924451385,61.230471275173805
874230,112.66796503879004,26.15506331257626,54.28478386148998
21617,116.51012621895777,27.046993586543767,56.13598343853571
918551,118.0961257832982,27.415172056837086,56.90013714917561
841242,129.24667268187153,30.00369187257732,62.27260507400288
653853,103.76713921554781,24.088800175037886,49.99625867301141
