UE ID,Internet usage,Data rate,optimal GU
643635,107.85085126416338,35.30831440195825,61.70925185864691
762625,127.08372597636735,41.60479124226312,72.7137668501346
874230,112.66796503879004,36.88534569722293,64.46547013291998
21617,116.51012621895777,38.14319608358736,66.66384769943316
918551,118.0961257832982,38.66242213143691,67.57131245670122
841242,129.24667268187153,42.31289879466032,73.95134468510102
653853,103.76713921554781,33.97138486223292,59.37266561595729
