UE ID,Internet usage,Data rate,optimal GU
643635,107.85085126416338,70.6166288039165,87.27006090239558
762625,127.08372597636735,83.20958248452624,102.83279525069553
874230,112.66796503879004,73.77069139444586,91.16794216673313
21617,116.51012621895777,76.28639216717472,94.27691753651283
918551,118.0961257832982,77.32484426287382,95.56026650361693
841242,129.24667268187153,84.62579758932064,104.58299460939736
653853,103.76713921554781,67.94276972446583,83.96562894832952
