UE ID,Internet usage,Data rate,optimal GU
643635,107.85085126416338,34.66634504919537,61.14568524248409
762625,127.08372597636735,40.84834049240379,72.04970027506009
874230,112.66796503879004,36.214703048182514,63.87673204636248
21617,116.51012621895777,37.44968342752214,66.05503268488037
918551,118.0961257832982,37.95946900177442,66.95420991917358
841242,129.24667268187153,41.54357336203013,73.27597579259948
653853,103.76713921554781,33.353723319283226,58.830438133919465
