UE ID,Internet usage,Data rate,optimal GU
643635,107.85085126416338,18.61711123012344,44.80927687709799
762625,127.08372597636735,21.937071745920555,52.800045591670454
874230,112.66796503879004,19.44863682217209,46.81066474140919
21617,116.51012621895777,20.11186702589152,48.406984678716725
918551,118.0961257832982,20.38564076021219,49.065927030793475
841242,129.24667268187153,22.31043754627544,53.69869476004793
653853,103.76713921554781,17.91218474554099,43.11259871714026
