UE ID,Internet usage,Data rate,optimal GU
643635,107.85085126416338,4.493785469340141,22.014962826833532
762625,127.08372597636735,5.295155249015306,25.940856937814996
874230,112.66796503879004,4.6944985432829185,22.998252058564162
21617,116.51012621895777,4.854588592456573,23.782529925309206
918551,118.0961257832982,4.920671907637425,24.106270730718414
841242,129.24667268187153,5.385278028411314,26.382366585258257
653853,103.76713921554781,4.323630800647826,21.18137859553654
