UE ID,Internet usage,Data rate,optimal GU
643635,107.85085126416338,44.29588534063853,69.11836905980668
762625,127.08372597636735,52.19510174029373,81.44414040845481
874230,112.66796503879004,46.27434278378877,72.20551249701715
21617,116.51012621895777,47.85237326850051,74.66783811916396
918551,118.0961257832982,48.50376594671176,75.68425757187903
841242,129.24667268187153,53.08345485148295,82.8303079434848
653853,103.76713921554781,42.61864646352856,66.50124074601302
