UE ID,Internet usage,Data rate,optimal GU
643635,107.85085126416338,78.96223038983389,92.28295490100312
762625,127.08372597636735,93.04344223269752,108.73963084633908
874230,112.66796503879004,82.48904583197128,96.40473500756947
21617,116.51012621895777,85.30205669602265,99.69229354564118
918551,118.0961257832982,86.46323494848617,101.04935957296954
841242,129.24667268187153,94.62702821351307,110.59036369580375
653853,103.76713921554781,75.97236978281178,88.78871252466784
