UE ID,Internet usage,Data rate,optimal GU
643635,107.85085126416338,21.826957993937825,48.51861498593432
762625,127.08372597636735,25.719325495217202,57.1708642013673
874230,112.66796503879004,22.801850067374176,50.685678906478564
21617,116.51012621895777,23.579430306217642,52.414143140459096
918551,118.0961257832982,23.900406408524635,53.127633125267984
841242,129.24667268187153,26.15706470942638,58.14390407272085
653853,103.76713921554781,21.000492460289436,46.68148481702265
