UE ID,Internet usage,Data rate,optimal GU
643635,107.85085126416338,41.086038576824144,66.5669905852949
762625,127.08372597636735,48.412847990997086,78.437778575272
874230,112.66796503879004,42.92112953858668,69.54017775558863
21617,116.51012621895777,44.38480998817439,71.91161112036536
918551,118.0961257832982,44.98900029839932,72.89051130362996
841242,129.24667268187153,49.23682768833201,79.77277826506707
653853,103.76713921554781,39.53033874878012,64.04646878776714
