UE ID,Internet usage,Data rate,optimal GU
643635,107.85085126416338,28.888620874329476,55.818118502365465
762625,127.08372597636735,34.040283743669825,65.7720768368943
874230,112.66796503879004,30.17891920681876,58.311211735843095
21617,116.51012621895777,31.208069522935116,60.29971906375004
918551,118.0961257832982,31.63289083481202,61.12055182111252
841242,129.24667268187153,34.619644468358445,66.89150810801539
653853,103.76713921554781,27.79476943273602,53.704596723099705
