UE ID,Internet usage,Data rate,optimal GU
643635,107.85085126416338,63.55496592352485,82.79164919795384
762625,127.08372597636735,74.88862423607361,97.55575534618305
874230,112.66796503879004,66.39362225500128,86.4895040512149
21617,116.51012621895777,68.65775295045725,89.4389370585753
918551,118.0961257832982,69.59235983658644,90.65642878923735
841242,129.24667268187153,76.16321783038858,99.21614024604219
653853,103.76713921554781,61.148492752019244,79.65678979358695
