UE ID,Internet usage,Data rate,optimal GU
643635,107.85085126416338,64.19693527628773,83.20873823161863
762625,127.08372597636735,75.64507498593295,98.04722321909001
874230,112.66796503879004,67.06426490404169,86.92522219448578
21617,116.51012621895777,69.35126560652249,89.8895139004567
918551,118.0961257832982,70.29531296624893,91.11313912953744
841242,129.24667268187153,76.93254326301877,99.71597283133384
653853,103.76713921554781,61.76615429496894,80.05808598470894
