UE ID,Internet usage,Data rate,optimal GU
643635,107.85085126416338,21.18498864117495,47.79978095109171
762625,127.08372597636735,24.962874745357873,56.323841610116055
874230,112.66796503879004,22.13120741833376,49.93473844604614
21617,116.51012621895777,22.885917650152418,51.63759438680245
918551,118.0961257832982,23.19745327886215,52.34051356523633
841242,129.24667268187153,25.387739276796193,57.28246527900813
653853,103.76713921554781,20.38283091733975,45.989869030108856
