UE ID,Internet usage,Data rate,optimal GU
643635,107.85085126416338,55.20936433760745,77.16460938515989
762625,127.08372597636735,65.05476448790233,90.92525426765489
874230,112.66796503879004,57.675267817475856,80.6111348267857
21617,116.51012621895777,59.64208842160934,83.36010586583934
918551,118.0961257832982,60.45396915097408,84.49484922143517
841242,129.24667268187153,66.16198720619614,92.47278899450046
653853,103.76713921554781,53.11889269367329,74.24281469017821
