UE ID,Internet usage,Data rate,optimal GU
643635,107.85085126416338,82.17207715364829,94.13994089208617
762625,127.08372597636735,96.82569598199417,110.92777026356745
874230,112.66796503879004,85.84225907717337,98.34466251178925
21617,116.51012621895777,88.76961997634878,101.69837573852058
918551,118.0961257832982,89.97800059679864,103.08274965390288
841242,129.24667268187153,98.47365537666403,112.81574493063951
653853,103.76713921554781,79.06067749756023,90.57538478176541
