UE ID,Internet usage,Data rate,optimal GU
643635,107.85085126416338,1.2839387055257545,11.767492611510772
762625,127.08372597636735,1.512901499718659,13.865971282945932
874230,112.66796503879004,1.3412852980808339,12.293082813973657
21617,116.51012621895777,1.3870253121304497,12.712296967315073
918551,118.0961257832982,1.4059062593249787,12.88534370673786
841242,129.24667268187153,1.5386508652603754,14.101968116329939
653853,103.76713921554781,1.2353230858993787,11.321923097720676
