UE ID,Internet usage,Data rate,optimal GU
643635,107.85085126416338,15.407264466309055,40.76379016165606
762625,127.08372597636735,18.15481799662391,48.03313351670673
874230,112.66796503879004,16.095423576970006,42.58448803090832
21617,116.51012621895777,16.644303745565395,44.036688456586916
918551,118.0961257832982,16.870875111899743,44.63613994611572
841242,129.24667268187153,18.463810383124503,48.850650528399655
653853,103.76713921554781,14.823877030792545,39.220292089279646
