UE ID,Internet usage,Data rate,optimal GU
643635,107.85085126416338,0.6419693527628773,8.320873823161863
762625,127.08372597636735,0.7564507498593295,9.804722321909
874230,112.66796503879004,0.6706426490404169,8.692522219448579
21617,116.51012621895777,0.6935126560652248,8.98895139004567
918551,118.0961257832982,0.7029531296624894,9.111313912953745
841242,129.24667268187153,0.7693254326301877,9.971597283133384
653853,103.76713921554781,0.6176615429496893,8.005808598470892
