UE ID,Internet usage,Data rate,optimal GU
643635,107.85085126416338,105.28297385311187,106.55917770741651
762625,127.08372597636735,124.05792297693003,125.5617102814288
874230,112.66796503879004,109.98539444262838,111.31859941554954
21617,116.51012621895777,113.73607559469686,115.11474502941425
918551,118.0961257832982,115.28431326464825,116.68174990178649
841242,129.24667268187153,126.16937095135077,127.69875249910181
653853,103.76713921554781,101.29649304374905,102.52437415423456
