UE ID,Internet usage,Data rate,optimal GU
643635,107.85085126416338,95.01146420890583,101.22779902173654
762625,127.08372597636735,111.95471097918076,119.27959511937325
874230,112.66796503879004,99.2551120579817,105.74909690049306
21617,116.51012621895777,102.63987309765328,109.3553134040838
918551,118.0961257832982,104.03706319004843,110.84391774299978
841242,129.24667268187153,113.86016402926778,121.30971664213455
653853,103.76713921554781,91.41390835655403,97.3948651350361
