UE ID,Internet usage
449162,0.5560897849367082
88425,0.5442073703071113
269468,0.558132080076427
805549,0.4612394950162158
873037,0.47963257378964547
112906,0.5219793889713201
596128,0.5405641135276047
