UE ID,Internet usage
449162,0.7075892393270473
88425,0.6957068246974505
269468,0.7096315344623328
805549,0.612738949406555
873037,0.6311320281799846
112906,0.6734788433616593
596128,0.6920635679179439
