UE ID,Internet usage
449162,0.405379558790826
88425,0.3934971441607858
269468,0.40742185392877145
805549,0.31052926887033366
873037,0.32892234764420664
112906,0.37126916282543804
596128,0.3898538873803925
