UE ID,Internet usage
449162,0.9220996300753954
88425,0.9102172154457986
269468,0.9241419252106807
805549,0.8272493401549029
873037,0.8456424189283327
112906,0.8879892341100074
596128,0.9065739586662919
