UE ID,Internet usage
449162,0.5209937931330157
88425,0.5091113785034188
269468,0.5230360882727345
805549,0.42614350321385336
873037,0.44453658198595297
112906,0.4868833971676277
596128,0.5054681217239122
