UE ID,Internet usage
449162,1.1073555518674796
88425,1.0954731372378828
269468,1.109397847002765
805549,1.0125052619469872
873037,1.0308983407204169
112906,1.0732451559020917
596128,1.0918298804583761
