UE ID,Internet usage
449162,1.0650483081959408
88425,1.0531658935619106
269468,1.0670906033312264
805549,0.9701980182754484
873037,0.9885910970488782
112906,1.0309379122305529
596128,1.049522636782404
