UE ID,Internet usage
449162,0.4434860980567449
88425,0.4316036834253747
269468,0.4455283931920303
805549,0.3486358081349225
873037,0.36702888690923885
112906,0.4093757020900269
596128,0.4279604266454247
