UE ID,Internet usage
449162,0.6015471247006936
88425,0.5896647100666633
269468,0.603589419835979
805549,0.5066968347757678
873037,0.5250899135536309
112906,0.5674367287308721
596128,0.5860214532871566
