UE ID,Internet usage
449162,0.4473775892383792
88425,0.4354951746078957
269468,0.44941988437366465
805549,0.3525272993174436
873037,0.37092037809131656
112906,0.4132671932725479
596128,0.43185191782750243
