UE ID,Internet usage
449162,0.47070817410647675
88425,0.45882575947687987
269468,0.47275046924619557
805549,0.37585788418687105
873037,0.3942509629611874
112906,0.43659777814241874
596128,0.45518250269737326
