UE ID,Internet usage
449162,0.8081707689840373
88425,0.7962883543500069
269468,0.8102130641193227
805549,0.7133204790591114
873037,0.7317135578369746
112906,0.7740603730142158
596128,0.7926450975705004
