UE ID,Internet usage
449162,0.3823584824302281
88425,0.3704760678001879
269468,0.38440077756817354
805549,0.28750819250973575
873037,0.30590127128360867
112906,0.34824808646484007
596128,0.3668328110197946
