UE ID,Internet usage
449162,0.36436546062035835
88425,0.3524830459903181
269468,0.3664077557583038
805549,0.26951517069986597
873037,0.28790824947373894
112906,0.3302550646549703
596128,0.3488397892099248
