UE ID,Internet usage
449162,0.793444102976997
88425,0.7815616883474001
269468,0.7954863981122823
805549,0.6985938130565046
873037,0.7169868918299342
112906,0.759333707011609
596128,0.7779184315678934
