UE ID,Internet usage
449162,0.7580446448224367
88425,0.7461622301884064
269468,0.7600869399577223
805549,0.663194354897511
873037,0.681587433675374
112906,0.7239342488526153
596128,0.7425189734088999
