UE ID,Internet usage
449162,0.8018054128688789
88425,0.7899229982392819
269468,0.8038477080085976
805549,0.7069551229483865
873037,0.725348201721816
112906,0.7676950169034907
596128,0.7862797414597753
