UE ID,Internet usage
449162,0.927537486010817
88425,0.91565507138122
269468,0.9295797811461023
805549,0.8326871960903246
873037,0.8510802748637541
112906,0.8934270900454289
596128,0.9120118146017135
