UE ID,Internet usage
449162,0.5252089468168689
88425,0.513326532187272
269468,0.5272512419565877
805549,0.43035865689726327
873037,0.44875173566980614
112906,0.49109855085148085
596128,0.5096832754077654
