UE ID,Internet usage
449162,1.106004227541063
88425,1.0941218129114663
269468,1.1080465226807819
805549,1.0111539376205707
873037,1.029547016398434
112906,1.071893831575675
596128,1.0904785561319597
