UE ID,Internet usage
449162,0.42464895316220325
88425,0.41276653853216305
269468,0.4266912483001487
805549,0.32979866324171087
873037,0.34819174201558384
112906,0.3905385571968152
596128,0.409123281752213
