UE ID,Internet usage
449162,0.3502823585650398
88425,0.3383999439349996
269468,0.35232465370298527
805549,0.2554320686441041
873037,0.2738251474184204
112906,0.3161719625996518
596128,0.33475668715460627
