UE ID,Internet usage,Data rate,optimal GU
449162,124.62899804680816,14.094946207674731,41.91227771651357
88425,122.6327523889167,13.869180329698912,41.240947578943924
269468,124.9721036299342,14.133749815290175,42.027662873350536
805549,108.69414934012292,12.292790699180568,36.55344618587428
873037,111.78418657415706,12.64225919588681,37.5926144431571
112906,118.89845152457778,13.446848684327248,39.98511581140932
596128,122.02068524986596,13.799958450877696,41.035111631330736
