UE ID,Internet usage,Data rate,optimal GU
449162,124.62899804680816,56.379784830698924,83.82455543302714
88425,122.6327523889167,55.47672131879565,82.48189515788785
269468,124.9721036299342,56.5349992611607,84.05532574670107
805549,108.69414934012292,49.17116279672227,73.10689237174856
873037,111.78418657415706,50.56903678354724,75.1852288863142
112906,118.89845152457778,53.78739473730899,79.97023162281864
596128,122.02068524986596,55.199833803510785,82.07022326266147
