UE ID,Internet usage,Data rate,optimal GU
449162,124.62899804680816,6.676553466793294,28.846007851562263
88425,122.6327523889167,6.569611735120537,28.383966763022364
269468,124.9721036299342,6.694934123032189,28.925421362862828
805549,108.69414934012292,5.822900857506585,25.1578070466913
873037,111.78418657415706,5.988438566472699,25.8730116917699
112906,118.89845152457778,6.369559903102381,27.519644063321618
596128,122.02068524986596,6.536822424099962,28.2423007480865
