UE ID,Internet usage,Data rate,optimal GU
449162,124.62899804680816,89.76255216466541,105.7686954557283
88425,122.6327523889167,88.32477999439834,104.07454479774867
269468,124.9721036299342,90.00966987632165,106.05987833049704
805549,108.69414934012292,78.2856670842552,92.24529250453477
873037,111.78418657415706,80.51122961591074,94.86770953648963
112906,118.89845152457778,85.6351942528209,100.9053615655126
596128,122.02068524986596,87.8839459240106,103.55510274298383
