UE ID,Internet usage,Data rate,optimal GU
449162,124.62899804680816,71.21657031246181,94.21066713685971
88425,122.6327523889167,70.0758585079524,92.7016472606959
269468,124.9721036299342,71.41263064567669,94.47003057868523
805549,108.69414934012292,62.11094248007024,82.16505374905161
873037,111.78418657415706,63.87667804237547,84.50090233853281
112906,118.89845152457778,67.94197229975873,89.87878114420039
596128,122.02068524986596,69.72610585706626,92.23896799338074
