UE ID,Internet usage,Data rate,optimal GU
449162,124.62899804680816,49.70323136390564,78.70491677507988
88425,122.6327523889167,48.90710958367511,77.44426034014687
269468,124.9721036299342,49.840065138128516,78.92159264336262
805549,108.69414934012292,43.34826193921569,68.64184188128897
873037,111.78418657415706,44.58059821707454,70.59324265597235
112906,118.89845152457778,47.41783483420661,75.08599827155093
596128,122.02068524986596,48.663011379410825,77.05773157080174
