UE ID,Internet usage,Data rate,optimal GU
449162,124.62899804680816,35.608285156230906,66.61700159258213
88425,122.6327523889167,35.0379292539762,65.54996340520141
269468,124.9721036299342,35.70631532283834,66.80039924108883
805549,108.69414934012292,31.05547124003512,58.09946668251155
873037,111.78418657415706,31.938339021187733,59.75116105995875
112906,118.89845152457778,33.970986149879366,63.55389563184569
596128,122.02068524986596,34.86305292853313,65.22279975776844
