UE ID,Internet usage,Data rate,optimal GU
449162,124.62899804680816,28.189892415349462,59.27291157664115
88425,122.6327523889167,27.738360659397824,58.32350739126036
269468,124.9721036299342,28.26749963058035,59.436090830336525
805549,108.69414934012292,24.585581398361136,51.69437934753849
873037,111.78418657415706,25.28451839177362,53.163985190575474
112906,118.89845152457778,26.893697368654497,56.54749307355395
596128,122.02068524986596,27.599916901755392,58.03241140252187
