UE ID,Internet usage,Data rate,optimal GU
449162,124.62899804680816,109.79221256504529,116.97561047211413
88425,122.6327523889167,108.03361519975995,115.10195299156166
269468,124.9721036299342,110.09447224541823,117.29764615940645
805549,108.69414934012292,95.75436965677495,102.01931069872425
873037,111.78418657415706,98.47654531532885,104.91959070977714
112906,118.89845152457778,104.74387396212805,111.5969731703444
596128,122.02068524986596,107.49441319631049,114.52747250658263
