UE ID,Internet usage,Data rate,optimal GU
449162,124.62899804680816,88.27887361648911,104.89093176973806
88425,122.6327523889167,86.86486627548265,103.21084069639984
269468,124.9721036299342,88.52190673787005,105.17969814733482
805549,108.69414934012292,76.9916891159204,91.47975816930305
873037,111.78418657415706,79.18046549002791,94.0804120280406
112906,118.89845152457778,84.21973649657592,100.06795819467311
596128,122.02068524986596,86.43131871865505,102.69570943861217
