UE ID,Internet usage,Data rate,optimal GU
449162,124.62899804680816,40.80116007484791,71.30923992916856
88425,122.6327523889167,40.14762727018106,70.16704378856669
269468,124.9721036299342,40.91348630741893,71.50555538328929
805549,108.69414934012292,35.584394129206906,62.19176351943888
873037,111.78418657415706,36.59601346177761,63.95979672170411
112906,118.89845152457778,38.925088296736774,68.03038088927231
596128,122.02068524986596,39.94724814727755,69.8168360266866
