UE ID,Internet usage,Data rate,optimal GU
449162,124.62899804680816,32.64092805987833,63.780923162185275
88425,122.6327523889167,32.11810181614485,62.759311876575794
269468,124.9721036299342,32.73078904593515,63.95651304236436
805549,108.69414934012292,28.467515303365527,55.62600434802276
873037,111.78418657415706,29.276810769422088,57.207381318719435
112906,118.89845152457778,31.140070637389417,60.84822248144619
596128,122.02068524986596,31.957798517822038,62.44607653185103
