UE ID,Internet usage,Data rate,optimal GU
449162,124.62899804680816,93.47174853510613,107.93187835673706
88425,122.6327523889167,91.97456429168753,106.20307890480866
269468,124.9721036299342,93.72907772245065,108.22901650790448
805549,108.69414934012292,81.52061200509219,94.13189457128603
873037,111.78418657415706,83.8381399306178,96.8079453145994
112906,118.89845152457778,89.17383864343334,102.96907949091698
596128,122.02068524986596,91.51551393739948,105.67301321356908
