UE ID,Internet usage,Data rate,optimal GU
449162,124.62899804680816,75.66760595699067,97.11013291629479
88425,122.6327523889167,74.45559966469943,95.55467083114982
269468,124.9721036299342,75.87592006103148,97.37747863281237
805549,108.69414934012292,65.99287638507464,84.69379883547303
873037,111.78418657415706,67.86897042002393,87.10153645044329
112906,118.89845152457778,72.18834556849366,92.64492703982778
596128,122.02068524986596,74.08398747313291,95.07775195866887
