UE ID,Internet usage,Data rate,optimal GU
449162,124.62899804680816,112.75956966139785,118.5458231532823
88425,122.6327523889167,110.9534426375913,116.64701478252071
269468,124.9721036299342,113.0699985223214,118.87218166067305
805549,108.69414934012292,98.34232559344454,103.38875869507697
873037,111.78418657415706,101.13807356709448,106.32797038115095
112906,118.89845152457778,107.57478947461799,113.0949861471079
596128,122.02068524986596,110.39966760702157,116.06482280504375
