UE ID,Internet usage,Data rate,optimal GU
449162,124.62899804680816,69.73289176428553,93.22414081926111
88425,122.6327523889167,68.61594478903673,91.73092263378538
269468,124.9721036299342,69.92486750722509,93.48078833868675
805549,108.69414934012292,60.81696451173545,81.30466298467468
873037,111.78418657415706,62.545913916492644,83.61605175259342
112906,118.89845152457778,66.52651454351376,88.93761613935405
596128,122.02068524986596,68.27347865171072,91.27308830906203
