UE ID,Internet usage,Data rate,optimal GU
449162,124.62899804680816,83.08599869787211,101.7591507896671
88425,122.6327523889167,81.7551682592778,100.12922303530691
269468,124.9721036299342,83.31473575328947,102.03929532518673
805549,108.69414934012292,72.46276622674861,88.748401303058
873037,111.78418657415706,74.52279104943804,91.27140613958626
112906,118.89845152457778,79.26563434971852,97.08017914741873
596128,122.02068524986596,81.34712349991064,99.62947230897377
