UE ID,Internet usage,Data rate,optimal GU
449162,124.62899804680816,8.160232014969582,31.890461581092637
88425,122.6327523889167,8.029525454036213,31.379655938287897
269468,124.9721036299342,8.182697261483787,31.97825652118218
805549,108.69414934012292,7.116878825841382,27.81300217401138
873037,111.78418657415706,7.319202692355522,28.603690659359717
112906,118.89845152457778,7.785017659347354,30.424111240723096
596128,122.02068524986596,7.9894496294555095,31.223038265925513
