UE ID,Internet usage,Data rate,optimal GU
449162,124.62899804680816,91.98806998692984,107.07184968389559
88425,122.6327523889167,90.51465057277186,105.3568257459385
269468,124.9721036299342,92.24131458399906,107.36662016265991
805549,108.69414934012292,80.2266340367574,93.38182768101457
873037,111.78418657415706,82.50737580473498,96.03655497101397
112906,118.89845152457778,87.75838088718837,102.14859566235259
596128,122.02068524986596,90.06288673204394,104.8309837530158
