UE ID,Internet usage,Data rate,optimal GU
449162,124.62899804680816,96.43910563145869,109.63169754856024
88425,122.6327523889167,94.89439172951887,107.87567123342943
269468,124.9721036299342,96.70460399935384,109.93351532857938
805549,108.69414934012292,84.10856794176178,95.61437781341115
873037,111.78418657415706,86.49966818238343,98.33257368086237
112906,118.89845152457778,92.00475415592328,104.59073956158231
596128,122.02068524986596,94.42076834811056,107.3372575374241
