UE ID,Internet usage,Data rate,optimal GU
449162,124.62899804680816,31.899088785790187,63.051974386050794
88425,122.6327523889167,31.388144956687015,62.04203904145014
269468,124.9721036299342,31.986907476709348,63.22555745883493
805549,108.69414934012292,27.82052631919813,54.99025770497663
873037,111.78418657415706,28.611428706480677,56.55356120244267
112906,118.89845152457778,30.432341759266933,60.15279138530134
596128,122.02068524986596,31.231484915144264,61.73238364680854
