UE ID,Internet usage,Data rate,optimal GU
449162,124.62899804680816,112.01773038730973,118.15522629849222
88425,122.6327523889167,110.22348577813347,116.26267431498866
269468,124.9721036299342,112.32611695309562,118.48050948662558
805549,108.69414934012292,97.69533660927715,103.04810288036529
873037,111.78418657415706,100.47269150415308,105.97763015234852
112906,118.89845152457778,106.86706059649552,112.722349265381
596128,122.02068524986596,109.67335400434382,115.68240060294895
