UE ID,Internet usage,Data rate,optimal GU
449162,124.62899804680816,80.86048087560768,100.38705450958345
88425,122.6327523889167,79.56529768090428,98.77910431489437
269468,124.9721036299342,81.08309104561206,100.66342164255902
805549,108.69414934012292,70.52179927424642,87.55173888649564
873037,111.78418657415706,72.5266448606138,90.04072412356801
112906,118.89845152457778,77.14244771535105,95.77117301239942
596128,122.02068524986596,79.16818269187732,98.28609210895226
