UE ID,Internet usage,Data rate,optimal GU
449162,124.62899804680816,36.35012443031905,67.30735165364528
88425,122.6327523889167,35.76788611343404,66.22925578038551
269468,124.9721036299342,36.45019689206414,67.49264984667994
805549,108.69414934012292,31.702460224202518,58.70154977561304
873037,111.78418657415706,32.60372108412915,60.37036061412977
112906,118.89845152457778,34.678715028001854,64.2125028144171
596128,122.02068524986596,35.589366531210906,65.89870174553518
