UE ID,Internet usage,Data rate,optimal GU
449162,124.62899804680816,22.255178222644318,52.66536398090595
88425,122.6327523889167,21.898705783735128,51.821796225280806
269468,124.9721036299342,22.316447076773965,52.81035255260599
805549,108.69414934012292,19.40966952502195,45.93166138945084
873037,111.78418657415706,19.961461888242333,47.23744044725758
112906,118.89845152457778,21.231866343674604,50.2437660933146
596128,122.02068524986596,21.78940808033321,51.56315065190668
