UE ID,Internet usage,Data rate,optimal GU
449162,124.62899804680816,61.57265974931594,87.59987951837765
88425,122.6327523889167,60.586419335000514,86.19674796905156
269468,124.9721036299342,61.742170245741306,87.84104335837446
805549,108.69414934012292,53.70008568589407,76.3995100319365
873037,111.78418657415706,55.22671122413713,78.57145150343119
112906,118.89845152457778,58.74149688416641,83.57196312019478
596128,122.02068524986596,60.28402902225521,85.76653502921981
