UE ID,Internet usage,Data rate,optimal GU
449162,124.62899804680816,52.670588460258216,81.02026083849495
88425,122.6327523889167,51.82693702150647,79.72251836736207
269468,124.9721036299342,52.81559141503171,81.24331088523908
805549,108.69414934012292,45.93621787588528,70.66115004669751
873037,111.78418657415706,47.24212646884019,72.66995719933207
112906,118.89845152457778,50.24875034669656,77.29488086068386
596128,122.02068524986596,51.56826579012193,79.32461868082252
