UE ID,Internet usage,Data rate,optimal GU
449162,124.62899804680816,101.6319805500757,112.54462184159948
88425,122.6327523889167,100.00408974572373,110.74193774567222
269468,124.9721036299342,101.91177498393444,112.85445894780936
805549,108.69414934012292,88.63749083093357,98.15486063110309
873037,111.78418657415706,91.15734262297332,100.94527921290232
112906,118.89845152457778,96.95885630278069,107.3697251369988
596128,122.02068524986596,99.50496356685498,110.18921834821495
