UE ID,Internet usage,Data rate,optimal GU
449162,124.62899804680816,51.18690991208192,79.87097905656975
88425,122.6327523889167,50.36702330259079,78.59164521266503
269468,124.9721036299342,51.327828276580114,80.09086511257222
805549,108.69414934012292,44.64223990755048,69.65881345091148
873037,111.78418657415706,45.91136234295736,71.63912544147139
112906,118.89845152457778,48.833292590451585,76.19844402513303
596128,122.02068524986596,50.11563858476637,78.19938977925477
