UE ID,Internet usage
1240373,0.6669799869008041
519363,0.6551665665992941
407213,0.6846698441937182
1222905,0.7183206846226318
1049225,0.6687945345653453
89778,0.7066103002402819
821073,0.6583663676607846
