UE ID,Internet usage
1240373,0.6886377708845237
519363,0.6768243505785803
407213,0.7063276281774378
1222905,0.7399784686063513
1049225,0.6904523185490649
89778,0.7282680842240016
821073,0.6800241516445041
