UE ID,Internet usage
1240373,0.5599105388125003
519363,0.5480971185109903
407213,0.5776003961054144
1222905,0.6112512365387613
1049225,0.5617250864814749
89778,0.5995408521564116
821073,0.5512969195769142
