UE ID,Internet usage
1240373,0.9682569344265908
519363,0.9564435141250808
407213,0.985946791719505
1222905,1.019597632152852
1049225,0.9700714820911319
89778,1.0078872477660685
821073,0.9596433151865713
