UE ID,Internet usage
1240373,0.34502036044571294
519363,0.3332069401428729
407213,0.3627102177390703
1222905,0.39636105817020056
1049225,0.34683490811247086
89778,0.3846506737874075
821073,0.3364067412074668
