UE ID,Internet usage
1240373,0.9559143417089294
519363,0.9441009214074192
407213,0.9736041990018434
1222905,1.0072550394351905
1049225,0.9577288893779039
89778,0.9955446550528406
821073,0.9473007224733433
