UE ID,Internet usage
1240373,1.052748578218663
519363,1.0409351579171526
407213,1.0704384355115768
1222905,1.104089275944924
1049225,1.0545631258876373
89778,1.092378891562574
821073,1.0441349589830766
