UE ID,Internet usage
1240373,0.34041633882224187
519363,0.32860291851940177
407213,0.35810619611559924
1222905,0.39175703654717287
1049225,0.34223088648944305
89778,0.3800466521643797
821073,0.33180271958399565
