UE ID,Internet usage
1240373,0.8523404534867849
519363,0.8405270331852748
407213,0.8700303107796988
1222905,0.9036811512086125
1049225,0.854155001151326
89778,0.8919707668262628
821073,0.8437268342467653
