UE ID,Internet usage
1240373,0.49236977398182363
519363,0.48055635368031363
407213,0.5100596312747377
1222905,0.5437104717080846
1049225,0.49418432165079823
89778,0.5320000873257349
821073,0.48375615474180406
