UE ID,Internet usage
1240373,0.41669479630808326
519363,0.4048813760052432
407213,0.43438465360144063
1222905,0.46803549403168426
1049225,0.41850934397484113
89778,0.4563251096493344
821073,0.4080811770698371
