UE ID,Internet usage
1240373,0.7964592733349958
519363,0.7846458530290522
407213,0.8141491306279097
1222905,0.8477999710568234
1049225,0.7982738209995369
89778,0.8360895866744734
821073,0.7878456540949761
