UE ID,Internet usage
1240373,0.41768719756824035
519363,0.40587377726540025
407213,0.4353770548615977
1222905,0.46902789529228467
1049225,0.4195017452349983
89778,0.4573175109099349
821073,0.40907357832999414
