UE ID,Internet usage
1240373,0.6233059865466616
519363,0.6114925662451515
407213,0.6409958438395755
1222905,0.6746466842729226
1049225,0.6251205342156362
89778,0.6629362998905728
821073,0.6146923673110755
