UE ID,Internet usage
1240373,0.5861726269167397
519363,0.5743592066107961
407213,0.6038624842096536
1222905,0.6375133246385671
1049225,0.5879871745812807
89778,0.6258029402562174
821073,0.57755900767672
