UE ID,Internet usage
1240373,0.6670718469056851
519363,0.6552584266041751
407213,0.6847617042030326
1222905,0.7184125446319461
1049225,0.6688863945746598
89778,0.7067021602495964
821073,0.658458227670099
