UE ID,Internet usage
1240373,0.6535883020815946
519363,0.6417748817800846
407213,0.6712781593745086
1222905,0.7049289998078556
1049225,0.6554028497505692
89778,0.6932186154255059
821073,0.644974682841575
