UE ID,Internet usage
1240373,1.0357069158584957
519363,1.0238934955569856
407213,1.0533967731514096
1222905,1.0870476135847567
1049225,1.03752146352747
89778,1.0753372292024068
821073,1.027093296618476
