UE ID,Internet usage
1240373,0.983515157881802
519363,0.971701737580292
407213,1.001205015174716
1222905,1.0348558556036296
1049225,0.9853297055463431
89778,1.02314547122128
821073,0.9749015386417824
