UE ID,Internet usage
1240373,0.4602457268482847
519363,0.4484323065467747
407213,0.47793558414119874
1222905,0.5115864245745457
1049225,0.4620602745172593
89778,0.499876040192196
821073,0.45163210761269856
