UE ID,Internet usage
1240373,1.0016455976421559
519363,0.9898321773406458
407213,1.0193354549350697
1222905,1.0529862953684168
1049225,1.0034601453111303
89778,1.041275910986067
821073,0.9930319784065696
