UE ID,Internet usage
1240373,0.37852287808727403
519363,0.3667094577844339
407213,0.3962127353806314
1222905,0.42986357581176166
1049225,0.38033742575403195
89778,0.41815319142896856
821073,0.3699092588490278
