UE ID,Internet usage
1240373,0.39258846177129414
519363,0.3807750414684541
407213,0.4102783190646515
1222905,0.44392915949622513
1049225,0.394403009438052
89778,0.432218775113432
821073,0.383974842533048
