UE ID,Internet usage
1240373,0.7827392386286289
519363,0.7709258183271188
407213,0.8004290959215429
1222905,0.8340799363548899
1049225,0.7845537862976034
89778,0.8223695519725401
821073,0.7741256193930427
