UE ID,Internet usage
1240373,0.6472509209668961
519363,0.6354375006653861
407213,0.6649407782642436
1222905,0.6985916186931571
1049225,0.6490654686358707
89778,0.6868812343108073
821073,0.63863730173131
