UE ID,Internet usage
1240373,0.46567295176943063
519363,0.4538595314679205
407213,0.4833628090623446
1222905,0.5170136494956916
1049225,0.46748749943840523
89778,0.5053032651133418
821073,0.45705933252941106
