UE ID,Internet usage
1240373,1.0446290399932838
519363,1.0328156196873401
407213,1.0623188972861977
1222905,1.0959697377151114
1049225,1.0464435876578249
89778,1.0842593533327616
821073,1.0360154207532641
