UE ID,Internet usage
1240373,0.8680967617637735
519363,0.8562833414622635
407213,0.8857866190566877
1222905,0.9194374594856011
1049225,0.8699113094283147
89778,0.9077270751032513
821073,0.859483142523754
