UE ID,Internet usage,Data rate,optimal GU
1240373,113.71517709209043,4.7381323788371015,23.212013323820678
519363,111.73052248121826,4.655438436717428,22.806897397795787
407213,116.68707311735277,4.861961379889698,23.818649059695524
1222905,122.34041430981151,5.097517262908813,24.972632498310638
1049225,114.02002110012441,4.7508342125051835,23.274239346389688
89778,120.37306973351905,5.0155445722299605,24.57104996829826
821073,112.26808906005577,4.6778370441689905,22.916627716206246
