UE ID,Internet usage,Data rate,optimal GU
1240373,113.71517709209043,81.2251264943503,96.10686574658696
519363,111.73052248121826,79.80751605801305,94.42952645804179
407213,116.68707311735277,83.3479093695377,98.61857631694821
1222905,122.34041430981151,87.38601022129394,103.39652167918669
1049225,114.02002110012441,81.44287221437459,96.36450595700538
89778,120.37306973351905,85.98076409537076,101.73381204001605
821073,112.26808906005577,80.19149218575413,94.88385313934616
