UE ID,Internet usage,Data rate,optimal GU
1240373,113.71517709209043,27.751918218903022,56.17663477734998
519363,111.73052248121826,27.267567986487787,55.19619205998201
407213,116.68707311735277,28.477202367925376,57.64478636341503
1222905,122.34041430981151,29.85688682560876,60.43760339594985
1049225,114.02002110012441,27.826314673244646,56.327231302293356
89778,120.37306973351905,29.376761065918338,59.46571203923077
821073,112.26808906005577,27.398759830132658,55.461756271726664
