UE ID,Internet usage,Data rate,optimal GU
1240373,113.71517709209043,4.061256324717515,21.490148491381454
519363,111.73052248121826,3.990375802900652,21.115084024329636
407213,116.68707311735277,4.167395468476885,22.051784048894703
1222905,122.34041430981151,4.369300511064696,23.120165111169214
1049225,114.02002110012441,4.0721436107187285,21.547758593804744
89778,120.37306973351905,4.299038204768538,22.748371933166244
821073,112.26808906005577,4.009574609287706,21.216674558668483
