UE ID,Internet usage,Data rate,optimal GU
1240373,113.71517709209043,18.952529515348406,46.424026647641355
519363,111.73052248121826,18.62175374686971,45.61379479559157
407213,116.68707311735277,19.447845519558793,47.63729811939105
1222905,122.34041430981151,20.39006905163525,49.945264996621276
1049225,114.02002110012441,19.003336850020734,46.548478692779376
89778,120.37306973351905,20.062178288919842,49.14209993659652
821073,112.26808906005577,18.711348176675962,45.83325543241249
