UE ID,Internet usage,Data rate,optimal GU
1240373,113.71517709209043,9.476264757674203,32.82674405253219
519363,111.73052248121826,9.310876873434855,32.25382361561445
407213,116.68707311735277,9.723922759779397,33.68465653762658
1222905,122.34041430981151,10.195034525817626,35.31663556727001
1049225,114.02002110012441,9.501668425010367,32.914744937581816
89778,120.37306973351905,10.031089144459921,34.74871210691441
821073,112.26808906005577,9.355674088337981,32.40900572011404
