UE ID,Internet usage,Data rate,optimal GU
1240373,113.71517709209043,54.150084329566866,78.47092728576824
519363,111.73052248121826,53.205010705342026,77.10138549161536
407213,116.68707311735277,55.565272913025126,80.52173037874822
1222905,122.34041430981151,58.257340147529284,84.42290643087543
1049225,114.02002110012441,54.295248142916385,78.68128963668438
89778,120.37306973351905,57.32050939691383,83.06530969541703
821073,112.26808906005577,53.460994790502745,77.47234167352462
