UE ID,Internet usage,Data rate,optimal GU
1240373,113.71517709209043,35.19755481421846,63.265284152585714
519363,111.73052248121826,34.58325695847232,62.161124258432935
407213,116.68707311735277,36.11742739346633,64.91869446524694
1222905,122.34041430981151,37.86727109589404,68.0639231506209
1049225,114.02002110012441,35.29191129289565,63.4348837019481
89778,120.37306973351905,37.25833110799399,66.96939367066946
821073,112.26808906005577,34.74964661382678,62.460198693620654
