UE ID,Internet usage,Data rate,optimal GU
1240373,113.71517709209043,87.31701098142658,99.64571926031206
519363,111.73052248121826,85.79307976236402,97.90661687098459
407213,116.68707311735277,89.59900257225301,102.24991620725352
1222905,122.34041430981151,93.93996098789097,107.20379539692665
1049225,114.02002110012441,87.55108763045267,99.9128463159921
89778,120.37306973351905,92.42932140252354,105.4798613509129
821073,112.26808906005577,86.20585409968568,98.37767280009061
