UE ID,Internet usage,Data rate,optimal GU
1240373,113.71517709209043,1.3537521082391717,12.407343016424111
519363,111.73052248121826,1.3301252676335507,12.190799445408283
407213,116.68707311735277,1.3891318228256282,12.731603456740853
1222905,122.34041430981151,1.4564335036882323,13.34843355064214
1049225,114.02002110012441,1.3573812035729096,12.440604224566242
89778,120.37306973351905,1.4330127349228459,13.133778659239258
821073,112.26808906005577,1.3365248697625687,12.249452767755933
