UE ID,Internet usage,Data rate,optimal GU
1240373,113.71517709209043,92.73201941438326,102.6890354897433
519363,111.73052248121826,91.11358083289822,100.89681854049924
407213,116.68707311735277,95.15552986355553,105.3727681647832
1222905,122.34041430981151,99.76569500264391,110.47794558430994
1049225,114.02002110012441,92.98061244474431,102.96432097018965
89778,120.37306973351905,98.16137234221493,108.7013602402811
821073,112.26808906005577,91.55195357873595,101.38226116042007
