UE ID,Internet usage,Data rate,optimal GU
1240373,113.71517709209043,37.22818297657722,65.06465568953874
519363,111.73052248121826,36.57844485992264,63.92909162305991
407213,116.68707311735277,38.20112512770477,66.76509178411746
1222905,122.34041430981151,40.05192135142639,69.99977608562395
1049225,114.02002110012441,37.32798309825501,65.23907893654021
89778,120.37306973351905,39.40785021037826,68.87411633859222
821073,112.26808906005577,36.75443391847064,64.23667224032388
