UE ID,Internet usage,Data rate,optimal GU
1240373,113.71517709209043,54.82696038368646,78.9598474507894
519363,111.73052248121826,53.87007333915881,77.5817726034006
407213,116.68707311735277,56.25983882443794,81.0234282567559
1222905,122.34041430981151,58.98555689937341,84.94891093689372
1049225,114.02002110012441,54.97393874470284,79.1715204832392
89778,120.37306973351905,58.037015764375255,83.58285557296117
821073,112.26808906005577,54.12925722538404,77.9550400611409
