UE ID,Internet usage,Data rate,optimal GU
1240373,113.71517709209043,104.23891233441623,108.87399311127993
519363,111.73052248121826,102.41964560778341,106.97383098729732
407213,116.68707311735277,106.96315035757338,111.71936692729942
1222905,122.34041430981151,112.14537978399389,117.13202903435496
1049225,114.02002110012441,104.51835267511404,109.16585902820876
89778,120.37306973351905,110.34198058905913,115.24844000671514
821073,112.26808906005577,102.9124149717178,107.48851180210019
