UE ID,Internet usage,Data rate,optimal GU
1240373,113.71517709209043,98.82390390145954,106.00838520176694
519363,111.73052248121826,97.0991445372492,104.15823611998326
407213,116.68707311735277,101.40662306627087,108.77886761829147
1222905,122.34041430981151,106.31964576924096,114.04906625080864
1049225,114.02002110012441,99.0888278608224,106.29256908870707
89778,120.37306973351905,104.60992964936774,112.21505405471167
821073,112.26808906005577,97.56631549266753,104.6593703257969
