UE ID,Internet usage,Data rate,optimal GU
1240373,113.71517709209043,11.506892920032959,36.17331013580689
519363,111.73052248121826,11.306064774885181,35.54198256294123
407213,116.68707311735277,11.807620494017838,37.11868365025102
1222905,122.34041430981151,12.379684781349974,38.917036952666685
1049225,114.02002110012441,11.537740230369732,36.27028238812749
89778,120.37306973351905,12.180608246844189,38.29121577978496
821073,112.26808906005577,11.360461392981833,35.71298491348223
