UE ID,Internet usage,Data rate,optimal GU
1240373,113.71517709209043,3.384380270597929,19.61773182144206
519363,111.73052248121826,3.3253131690838766,19.27534637290384
407213,116.68707311735277,3.4728295570640704,20.130432594687054
1222905,122.34041430981151,3.6410837592205803,21.105726607718857
1049225,114.02002110012441,3.393453008932274,19.670322409171096
89778,120.37306973351905,3.582531837307114,20.766327423854257
821073,112.26808906005577,3.3413121744064216,19.368085418381156
