UE ID,Internet usage,Data rate,optimal GU
1240373,113.71517709209043,77.1638701696328,93.67338555561483
519363,111.73052248121826,75.81714025511239,92.03851744642301
407213,116.68707311735277,79.1805139010608,96.12149819391419
1222905,122.34041430981151,83.01670971022924,100.77846327756143
1049225,114.02002110012441,77.37072860365585,93.92450217020497
89778,120.37306973351905,81.68172589060221,99.15785438674864
821073,112.26808906005577,76.18191757646642,92.48134031922635
