UE ID,Internet usage,Data rate,optimal GU
1240373,113.71517709209043,67.010729357839,87.29339583265623
519363,111.73052248121826,65.84120074786075,85.7698767653846
407213,116.68707311735277,68.7620252298686,89.57477025197961
1222905,122.34041430981151,72.09345843256749,93.91455464233157
1049225,114.02002110012441,67.19036957685903,87.52740917494715
89778,120.37306973351905,70.93413037868086,92.40432361399266
821073,112.26808906005577,66.15798105324716,86.18253946664274
