UE ID,Internet usage,Data rate,optimal GU
1240373,113.71517709209043,0.6768760541195858,8.773316383421044
519363,111.73052248121826,0.6650626338167753,8.6201969559334
407213,116.68707311735277,0.6945659114128141,9.002603139639545
1222905,122.34041430981151,0.7282167518441162,9.438767881877082
1049225,114.02002110012441,0.6786906017864548,8.7968356092488
89778,120.37306973351905,0.7165063674614229,9.28698395255124
821073,112.26808906005577,0.6682624348812843,8.661671117904543
