UE ID,Internet usage
137747,0.9189630377468229
339406,1.0179917151492412
1135989,0.9517651754700359
956094,0.9373160518039468
974581,0.9238047158693484
800678,0.9722245502494772
820594,0.9220764077466147
