UE ID,Internet usage
137747,0.8444769623087053
339406,0.9435056397066904
1135989,0.8772791000319184
956094,0.8628299763613959
974581,0.849318640431231
800678,0.8977384748113596
820594,0.8475903323084972
