UE ID,Internet usage
137747,0.6779853666047747
339406,0.7770140440027599
1135989,0.7107875043279878
956094,0.6963383806618988
974581,0.6828270447273004
800678,0.7312468791074291
820594,0.6810987366045667
