UE ID,Internet usage
137747,0.7240037878546005
339406,0.8230324652570191
1135989,0.7568059255778136
956094,0.7423568019117246
974581,0.7288454659771262
800678,0.7772653003616884
820594,0.7271171578543926
