UE ID,Internet usage
137747,0.3671354045592913
339406,0.4661640819572764
1135989,0.39993754228294764
956094,0.38548841861597194
974581,0.3719770826822604
800678,0.42039691706327564
820594,0.3702487745590832
