UE ID,Internet usage
137747,0.6749157620234482
339406,0.7739444394258667
1135989,0.7077178997466612
956094,0.6932687760805721
974581,0.6797574401459738
800678,0.7281772745261025
820594,0.6780291320232401
