UE ID,Internet usage
137747,0.6579087990384401
339406,0.7569374764364253
1135989,0.6907109367616533
956094,0.6762618130955642
974581,0.6627504771609659
800678,0.7111703115410946
820594,0.6610221690382322
