UE ID,Internet usage
137747,0.3240172245421787
339406,0.42304590194193714
1135989,0.35681936226583505
956094,0.342370238598416
974581,0.32885890266470436
800678,0.37727873704571974
820594,0.32713059454197063
