UE ID,Internet usage
137747,0.6265619925181942
339406,0.7255906699206128
1135989,0.6593641302414073
956094,0.6449150065753182
974581,0.6314036706407199
800678,0.679823505025282
820594,0.6296753625179862
