UE ID,Internet usage
137747,0.6104675815009675
339406,0.7094962589033861
1135989,0.643269719228614
956094,0.6288205955580916
974581,0.6153092596279266
800678,0.6637290940080552
820594,0.6135809515007594
