UE ID,Internet usage
137747,0.6931727598914469
339406,0.7922014372894319
1135989,0.7259748976146599
956094,0.7115257739485707
974581,0.6980144380139726
800678,0.7464342723941011
820594,0.6962861298912387
