UE ID,Internet usage
137747,0.6672181119663354
339406,0.7662467893643204
1135989,0.7000202496895483
956094,0.6855711260190259
974581,0.672059790088861
800678,0.7204796244689897
820594,0.6703314819661272
