UE ID,Internet usage
137747,0.7052781769101466
339406,0.8043068543125651
1135989,0.7380803146333598
956094,0.7236311909672706
974581,0.7101198550326723
800678,0.7585396894128009
820594,0.7083915469099386
