UE ID,Internet usage
137747,0.7523453785601157
339406,0.8513740559581009
1135989,0.7851475162833287
956094,0.7706983926172397
974581,0.7571870566826414
800678,0.8056068910627701
820594,0.7554587485599077
