UE ID,Internet usage
137747,0.5470721337668063
339406,0.6461008111692247
1135989,0.5798742714944527
956094,0.5654251478239302
974581,0.5519138118893319
800678,0.6003336462738941
820594,0.5501855037665981
