UE ID,Internet usage
137747,0.6754574098996219
339406,0.774486087297607
1135989,0.7082595476228349
956094,0.6938104239567459
974581,0.6802990880221476
800678,0.7287189224022762
820594,0.6785707798994138
