UE ID,Internet usage
137747,0.7414850810900544
339406,0.8405137584880396
1135989,0.7742872188132676
956094,0.7598380951471784
974581,0.7463267592125801
800678,0.7947465935927087
820594,0.7445984510898463
