UE ID,Internet usage
137747,0.9867658849641403
339406,1.0857945623621252
1135989,1.0195680226873534
956094,1.0051188990212643
974581,0.991607563086666
800678,1.0400273974667946
820594,0.9898792549639323
