UE ID,Internet usage
137747,0.7836208682893017
339406,0.8826495456872867
1135989,0.8164230060125147
956094,0.8019738823464257
974581,0.7884625464118273
800678,0.836882380791956
820594,0.7867342382890936
