UE ID,Internet usage
137747,0.6280004301097464
339406,0.7270291075121649
1135989,0.6608025678329593
956094,0.6463534441668704
974581,0.632842108232272
800678,0.6812619426124007
820594,0.6311138001095382
