UE ID,Internet usage
137747,0.9104822087805002
339406,1.0095108861784854
1135989,0.9432843465037133
956094,0.9288352228376243
974581,0.9153238869030259
800678,0.9637437212831546
820594,0.9135955787802922
