UE ID,Internet usage,Data rate,optimal GU
137747,111.55832504447017,104.91794855372791,108.18720168187998
339406,128.19514284766865,120.56447958292648,124.32128008707154
1135989,117.06908418207814,110.10068631409732,113.53143403749306
956094,114.64163140596283,107.81772477465553,111.17733520212474
974581,112.37172696909306,105.68293369712325,108.97602383417143
800678,120.50625914510364,113.33326752932368,116.86474278690746
820594,112.08137120442593,105.40986101368631,108.69444218027857
