UE ID,Internet usage,Data rate,optimal GU
137747,111.55832504447017,106.91006150095058,109.20946566780437
339406,128.19514284766865,122.85367856234913,125.49599544472292
1135989,117.06908418207814,112.19120567449156,114.6041958289307
956094,114.64163140596283,109.86489676404771,112.22785304583758
974581,112.37172696909306,107.68957167871419,110.00574142334139
800678,120.50625914510364,115.48516501405766,117.96900110876199
820594,112.08137120442593,107.41131407090819,109.72149909628759
