UE ID,Internet usage,Data rate,optimal GU
137747,111.55832504447017,51.1308989787155,75.52534308484478
339406,128.19514284766865,58.7561071385148,86.78852198185442
1135989,117.06908418207814,53.656663583452485,79.2561446575636
956094,114.64163140596283,52.5440810610663,77.61275135934684
974581,112.37172696909306,51.50370819416766,76.07601879101487
800678,120.50625914510364,55.232035441505836,81.58312310781962
820594,112.08137120442593,51.37062846869522,75.87944700908461
