UE ID,Internet usage,Data rate,optimal GU
137747,111.55832504447017,59.76338841668044,81.65233316168596
339406,128.19514284766865,68.67596938267963,93.82923694251559
1135989,117.06908418207814,62.71558081182758,85.68579584498103
956094,114.64163140596283,61.4151596817658,83.90908233901348
974581,112.37172696909306,60.19913944772843,82.24768240986793
800678,120.50625914510364,64.5569245420198,88.20155031784611
820594,112.08137120442593,60.04359171665675,82.03516375092818
