UE ID,Internet usage,Data rate,optimal GU
137747,111.55832504447017,14.608828279632997,40.369993977435094
339406,128.19514284766865,16.787459182432798,46.39041633722831
1135989,117.06908418207814,15.330475309557851,42.364191300742405
956094,114.64163140596283,15.012594588876084,41.48576063307848
974581,112.37172696909306,14.715345198333614,40.66434252367914
800678,120.50625914510364,15.780581554715953,43.60801360178016
820594,112.08137120442593,14.677322419627204,40.559270486551895
