UE ID,Internet usage,Data rate,optimal GU
137747,111.55832504447017,93.62930851946604,102.20141306999415
339406,128.19514284766865,107.59235203286477,117.44282412378269
1135989,117.06908418207814,98.25440993852988,107.24995938625884
956094,114.64163140596283,96.2170835014331,105.02610828612113
974581,112.37172696909306,94.31198513477453,102.94659121834995
800678,120.50625914510364,101.1391817824977,110.39884260989973
820594,112.08137120442593,94.06829368942891,102.68058893272787
