UE ID,Internet usage,Data rate,optimal GU
137747,111.55832504447017,61.091463714828905,82.55459627750194
339406,128.19514284766865,70.20210203562807,94.86605556606615
1135989,117.06908418207814,64.10926038542375,86.63262896225613
956094,114.64163140596283,62.779941008027265,84.83628266685399
974581,112.37172696909306,61.53689810212239,83.1565241701251
800678,120.50625914510364,65.99152286517581,89.17618267099634
820594,112.08137120442593,61.37789375480468,82.94165716742148
