UE ID,Internet usage,Data rate,optimal GU
137747,111.55832504447017,45.81859778612167,71.49437757548493
339406,128.19514284766865,52.65157652672105,82.15641407703943
1135989,117.06908418207814,48.081945289067804,75.02605747794532
956094,114.64163140596283,47.08495575602044,73.470375952133
974581,112.37172696909306,46.15267357659179,72.015662421743
800678,120.50625914510364,49.49364214888185,77.22883960560446
820594,112.08137120442593,46.03342031610351,71.82958213896667
