UE ID,Internet usage,Data rate,optimal GU
137747,111.55832504447017,95.6214214666887,103.28293962313009
339406,128.19514284766865,109.8815510122874,118.68563994158507
1135989,117.06908418207814,100.34492929892411,108.3849111977328
956094,114.64163140596283,98.26425549082528,106.13752662635657
974581,112.37172696909306,96.31862311636547,104.03600347413965
800678,120.50625914510364,103.29107926723168,111.56711686493679
820594,112.08137120442593,96.0697467466508,103.767186271126
