UE ID,Internet usage,Data rate,optimal GU
137747,111.55832504447017,33.20188245371136,60.86005582366338
339406,128.19514284766865,38.15331632371091,69.93618402679981
1135989,117.06908418207814,34.84198933990421,63.8664214051822
956094,114.64163140596283,34.119533156536555,62.54213734655373
974581,112.37172696909306,33.44396635984913,61.303802953426136
800678,120.50625914510364,35.864958078899896,65.7415540771907
820594,112.08137120442593,33.357550953698194,61.14540089746734
