UE ID,Internet usage,Data rate,optimal GU
137747,111.55832504447017,36.52207069908249,63.830565047987506
339406,128.19514284766865,41.968647956081995,73.34968861456365
1135989,117.06908418207814,38.32618827389463,66.98366787071866
956094,114.64163140596283,37.53148647219021,65.59474703253844
974581,112.37172696909306,36.788362995834035,64.29597096403279
800678,120.50625914510364,39.45145388678988,68.9503236086141
820594,112.08137120442593,36.69330604906801,64.12983748617488
