UE ID,Internet usage,Data rate,optimal GU
137747,111.55832504447017,35.193995400934035,62.659262512026004
339406,128.19514284766865,40.44251530313356,72.00370842119337
1135989,117.06908418207814,36.93250870029846,65.75450532161712
956094,114.64163140596283,36.166705145928745,64.39107143469273
974581,112.37172696909306,35.45060434144007,63.1161281444422
800678,120.50625914510364,38.01685556363388,67.68507256724513
820594,112.08137120442593,35.35900401092008,62.95304324626983
