UE ID,Internet usage,Data rate,optimal GU
137747,111.55832504447017,15.272865928707226,41.27729813875097
339406,128.19514284766865,17.55052550890702,47.433027783033076
1135989,117.06908418207814,16.027315096355938,43.31631448112807
956094,114.64163140596283,15.694985252006816,42.418141333426995
974581,112.37172696909306,15.384224525530598,41.57826208506255
800678,120.50625914510364,16.497880716293952,44.58809133549817
820594,112.08137120442593,15.34447343870117,41.47082858371074
