UE ID,Internet usage,Data rate,optimal GU
137747,111.55832504447017,96.28545911576293,103.64094048730128
339406,128.19514284766865,110.64461733876162,119.09702987509043
1135989,117.06908418207814,101.0417690857222,108.76059659179198
956094,114.64163140596283,98.946646153956,106.50542210252985
974581,112.37172696909306,96.98750244356245,104.39661461945137
800678,120.50625914510364,104.00837842880968,111.95383246769244
820594,112.08137120442593,96.73689776572476,104.12686563824342
