UE ID,Internet usage,Data rate,optimal GU
137747,111.55832504447017,51.794936627789724,76.01418536023851
339406,128.19514284766865,59.51917346498902,87.35026585259736
1135989,117.06908418207814,54.35350337025057,79.7691347680463
956094,114.64163140596283,53.226471724197026,78.11510450895716
974581,112.37172696909306,52.17258752136464,76.56842534767121
800678,120.50625914510364,55.949334603083834,82.11117472473119
820594,112.08137120442593,52.037779487769185,76.37058124319023
