UE ID,Internet usage,Data rate,optimal GU
137747,111.55832504447017,43.82648483889899,69.92288067016717
339406,128.19514284766865,50.3623775472984,80.35055808035274
1135989,117.06908418207814,45.99142592867356,73.3769317544533
956094,114.64163140596283,45.03778376662825,71.85544520713272
974581,112.37172696909306,44.146035595000846,70.43270730739589
800678,120.50625914510364,47.34174466414786,75.5312951754379
820594,112.08137120442593,44.031967258881615,70.25071720063674
