UE ID,Internet usage,Data rate,optimal GU
137747,111.55832504447017,25.23343066482063,53.05656660671854
339406,128.19514284766865,28.996520406020288,60.968951733936755
1135989,117.06908418207814,26.479911898327195,55.677455358154425
956094,114.64163140596283,25.93084519896778,54.52297128133375
974581,112.37172696909306,25.417414433485334,53.443416385742964
800678,120.50625914510364,27.257368139963916,57.312158122757715
820594,112.08137120442593,25.351738724810627,53.30532467486827
