UE ID,Internet usage,Data rate,optimal GU
137747,111.55832504447017,39.84225894445363,66.66885085128817
339406,128.19514284766865,45.78397958845309,76.61125115462147
1135989,117.06908418207814,41.81038720788506,69.96215934149816
956094,114.64163140596283,40.94343978784387,68.51147883858755
974581,112.37172696909306,40.132759631818956,67.15495147688664
800678,120.50625914510364,43.037949694679874,72.01626426704614
820594,112.08137120442593,40.02906114443784,66.98143071847899
