UE ID,Internet usage,Data rate,optimal GU
137747,111.55832504447017,50.46686132964126,75.03331606817282
339406,128.19514284766865,57.993040812040576,86.22311842580399
1135989,117.06908418207814,52.95982379665439,78.73981248592455
956094,114.64163140596283,51.86169039793556,77.10712544694096
974581,112.37172696909306,50.83482886697067,75.58040427227019
800678,120.50625914510364,54.51473627992783,81.05163130607531
820594,112.08137120442593,50.70347744962125,75.3851131018999
