UE ID,Internet usage
418114,0.34684023528751884
1077093,0.3329066451559562
1047351,0.3607155156708999
212232,0.380773286033194
446568,0.3723292173390812
302161,0.37183013449867897
580612,0.37134835479347517
