UE ID,Internet usage
418114,0.385012153508328
1077093,0.37107856337676537
1047351,0.39888743389170905
212232,0.4189452042544466
446568,0.41050113556033374
302161,0.4100020527199315
580612,0.40952027301472776
