UE ID,Internet usage
418114,0.4023555041939861
1077093,0.38842191406242343
1047351,0.4162307845773671
212232,0.43628855493966123
446568,0.4278444862459918
302161,0.4273454034055896
580612,0.4268636237003858
