UE ID,Internet usage
418114,0.6077177547632464
1077093,0.5937841646316837
1047351,0.6215930351501742
212232,0.6416508055129116
446568,0.6332067368165821
302161,0.6327076539757365
580612,0.6322258742714194
