UE ID,Internet usage
418114,0.3482911668047868
1077093,0.33435757667322413
1047351,0.3621664471881679
212232,0.3822242175509053
446568,0.37378014885679256
302161,0.3732810660163902
580612,0.3727992863111865
