UE ID,Internet usage
418114,1.0040242730578537
1077093,0.9900906829262911
1047351,1.017899553440348
212232,1.0379573238030855
446568,1.0295132551111894
302161,1.0290141722703439
580612,1.0285323925660268
