UE ID,Internet usage
418114,0.6390645612834923
1077093,0.6251309711519297
1047351,0.6529398416659867
212232,0.6729976120287242
446568,0.6645535433368281
302161,0.6640544604959825
580612,0.6635726807916654
