UE ID,Internet usage
418114,0.6219056592809526
1077093,0.6079720691493901
1047351,0.6357809396634471
212232,0.6558387100261845
446568,0.6473946413342885
302161,0.6468955584934428
580612,0.6464137787891258
