UE ID,Internet usage
418114,0.6446645768344876
1077093,0.630730986702925
1047351,0.658539857216982
212232,0.6785976275797194
446568,0.6701535588833899
302161,0.6696544760469778
580612,0.6691726963382273
