UE ID,Internet usage
418114,0.38600455476848516
1077093,0.3720709646369225
1047351,0.3998798351518662
212232,0.4199376055141603
446568,0.4114935368200475
302161,0.4109944539796453
580612,0.4105126742744415
