UE ID,Internet usage
418114,1.0129463971926418
1077093,0.9990128070610792
1047351,1.0268216775751362
212232,1.0468794479378736
446568,1.0384353792415442
302161,1.037936296405132
580612,1.0374545166963813
