UE ID,Internet usage
418114,0.9689787460383279
1077093,0.9550451559067653
1047351,0.9828540264252557
212232,1.002911796787993
446568,0.9944677280916637
302161,0.993968645250818
580612,0.993486865546501
