UE ID,Internet usage
418114,0.42434793036644963
1077093,0.41041434023488704
1047351,0.43822321074983067
212232,0.4582809811134549
446568,0.44983691241712537
302161,0.44933782957627977
580612,0.44885604987196265
