UE ID,Internet usage
418114,0.29251037012297043
1077093,0.2785767799914078
1047351,0.30638565050635147
212232,0.32644342086908895
446568,0.31799935217497616
302161,0.31750026933457387
580612,0.3170184896293701
