UE ID,Internet usage
418114,0.3051729867876742
1077093,0.29123939665611154
1047351,0.3190482671710552
212232,0.33910603753334934
446568,0.3306619688396799
302161,0.3301628859988343
580612,0.3296811062940739
