UE ID,Internet usage
418114,0.8805742135946786
1077093,0.866640623463116
1047351,0.894449493977173
212232,0.9145072643399105
446568,0.9060631956435808
302161,0.9055641128027354
580612,0.9050823330984182
