UE ID,Internet usage
418114,0.7345079904524382
1077093,0.7205744003208755
1047351,0.748383270839366
212232,0.7684410411976701
446568,0.7599969725057739
302161,0.7594978896649284
580612,0.7590161099606113
