UE ID,Internet usage
418114,0.9243038145198178
1077093,0.9103702243882551
1047351,0.9381790949023121
212232,0.9582368652650495
446568,0.9497927965731534
302161,0.9492937137323079
580612,0.9488119340279907
