UE ID,Internet usage
418114,0.9757486846005325
1077093,0.9618150944689697
1047351,0.9896239649830268
212232,1.0096817353457643
446568,1.001237666653868
302161,1.0007385838130227
580612,1.0002568041087054
