UE ID,Internet usage
418114,0.5827855522180481
1077093,0.5688519620864855
1047351,0.5966608326005425
212232,0.61671860296328
446568,0.6082745342669504
302161,0.6077754514261049
580612,0.6072936717217877
