UE ID,Internet usage
418114,0.7510565958324203
1077093,0.7371230057008578
1047351,0.7649318762149147
212232,0.7849896465776521
446568,0.7765455778813227
302161,0.7760464950404771
580612,0.77556471533616
