UE ID,Internet usage,Data rate,optimal GU
418114,108.39249310174216,35.48563762259416,62.01916422540665
1077093,106.05164995964282,34.719290165359254,60.67979900645641
1047351,110.72354020613035,36.248778043673624,63.352924424542486
212232,114.09324562702187,37.35195541360835,65.28097597044936
446568,112.67464208642868,36.88753163543796,64.46929055352469
302161,112.59079616923174,36.860082079212766,64.42131625604833
580612,112.50985717877835,36.83358419543339,64.37500522105391
