UE ID,Internet usage,Data rate,optimal GU
418114,108.39249310174216,9.677901169798409,32.38845219807079
1077093,106.05164995964282,9.468897317825252,31.68899152472045
1047351,110.72354020613035,9.886030375547353,33.0849857452885
212232,114.09324562702187,10.186896930984096,34.091877826308185
446568,112.67464208642868,10.06023590057399,33.66798894205317
302161,112.59079616923174,10.05274965796712,33.642935182300754
580612,112.50985717877835,10.045522962390924,33.618750033050624
