UE ID,Internet usage,Data rate,optimal GU
418114,108.39249310174216,27.743316686755435,54.837644575497464
1077093,106.05164995964282,27.144172311099055,53.65337137944741
1047351,110.72354020613035,28.339953743235746,56.01696178595406
212232,114.09324562702187,29.202437868821075,57.721754275794915
446568,112.67464208642868,28.83934291497877,57.00405810951546
302161,112.59079616923174,28.817882352839078,56.96163900395954
580612,112.50985717877835,28.79716582552065,56.920690563124104
