UE ID,Internet usage,Data rate,optimal GU
418114,108.39249310174216,75.48762912442757,90.45602422799924
1077093,106.05164995964282,73.85739907903697,88.50253687923117
1047351,110.72354020613035,77.11103692926935,92.40133655837646
212232,114.09324562702187,79.45779606167595,95.21343310188225
446568,112.67464208642868,78.46984002447711,94.02957587555777
302161,112.59079616923174,78.41144733214352,93.95960453252142
580612,112.50985717877835,78.3550791066492,93.89205908659679
