UE ID,Internet usage,Data rate,optimal GU
418114,108.39249310174216,94.84343146402439,101.39189312124427
1077093,106.05164995964282,92.79519371468747,99.20223486276548
1047351,110.72354020613035,96.88309768036406,103.57238802550728
212232,114.09324562702187,99.83158992364415,106.72445882034002
446568,112.67464208642868,98.5903118256251,105.39747671619897
302161,112.59079616923174,98.51694664807778,105.31904604234128
580612,112.50985717877835,98.44612503143107,105.2433345494643
