UE ID,Internet usage,Data rate,optimal GU
418114,108.39249310174216,47.09911902635225,71.45061885079807
1077093,106.05164995964282,46.08196694674956,69.90757203685817
1047351,110.72354020613035,48.11201449433045,72.9872082714562
212232,114.09324562702187,49.57623173078927,75.20846484354733
446568,112.67464208642868,48.95981471612675,74.27334380353052
302161,112.59079616923174,48.92338166877332,74.21807389968016
580612,112.50985717877835,48.888211750302496,74.16472019600968
