UE ID,Internet usage,Data rate,optimal GU
418114,108.39249310174216,63.874147720669484,83.2074402694394
1077093,106.05164995964282,62.49472229764666,81.41049326367644
1047351,110.72354020613035,65.24780047861253,84.99686735201026
212232,114.09324562702187,67.23351974449503,87.58361994447304
446568,112.67464208642868,66.39755694378833,86.49462968331974
302161,112.59079616923174,66.34814774258298,86.43026540912179
580612,112.50985717877835,66.3004515517801,86.36813263570825
