UE ID,Internet usage,Data rate,optimal GU
418114,108.39249310174216,102.58575239986313,105.4491605435491
1077093,106.05164995964282,100.37031156894767,103.17188158044965
1047351,110.72354020613035,104.79192198080194,107.71690947441353
212232,114.09324562702187,107.98110746843142,110.99511258372412
446568,112.67464208642868,106.63850054608429,109.61503036383047
302161,112.59079616923174,106.55914637445147,109.533461231777
580612,112.50985717877835,106.48254340134379,109.45472009063043
