UE ID,Internet usage,Data rate,optimal GU
418114,108.39249310174216,31.6144771546748,58.53863678719614
1077093,106.05164995964282,30.931731238229155,57.27443700223013
1047351,110.72354020613035,32.29436589345469,59.797546107139
212232,114.09324562702187,33.277196641214715,61.617395029040445
446568,112.67464208642868,32.86343727520837,60.85126155400479
302161,112.59079616923174,32.838982216025926,60.80597958334033
580612,112.50985717877835,32.81537501047702,60.76226753254705
