UE ID,Internet usage,Data rate,optimal GU
418114,108.39249310174216,16.129835282997345,41.81331199085439
1077093,106.05164995964282,15.781495529708753,40.91031214445009
1047351,110.72354020613035,16.476717292578922,42.712532933670715
212232,114.09324562702187,16.97816155164016,44.01242502074317
446568,112.67464208642868,16.76705983428998,43.465186824289134
302161,112.59079616923174,16.754582763278535,43.43284255952881
580612,112.50985717877835,16.74253827065154,43.401619666105034
