UE ID,Internet usage,Data rate,optimal GU
418114,108.39249310174216,77.42320935838727,91.60837672556877
1077093,106.05164995964282,75.75117854260202,89.63000318437145
1047351,110.72354020613035,79.08824300437882,93.57847110381503
212232,114.09324562702187,81.49517544787277,96.42639197746325
446568,112.67464208642868,80.48188720459191,95.22745315935798
302161,112.59079616923174,80.42199726373696,95.15659042569736
580612,112.50985717877835,80.3641836991274,95.08818449354226
