UE ID,Internet usage,Data rate,optimal GU
418114,108.39249310174216,30.32409033203501,57.331524941621
1077093,106.05164995964282,29.669211595852456,56.09339393138839
1047351,110.72354020613035,30.976228510048372,58.56447458030015
212232,114.09324562702187,31.9189437170835,60.34679681365279
446568,112.67464208642868,31.522072488465167,59.59646160184573
302161,112.59079616923174,31.498615594963642,59.55211338034558
580612,112.50985717877835,31.475971948824895,59.50930270575788
