UE ID,Internet usage,Data rate,optimal GU
418114,108.39249310174216,46.453925615032354,70.9595434862446
1077093,106.05164995964282,45.4507071255612,69.42710193071767
1047351,110.72354020613035,47.45294580262729,72.48557202972552
212232,114.09324562702187,48.89710526872366,74.69156205271673
446568,112.67464208642868,48.289132322755144,73.76286803758806
302161,112.59079616923174,48.25319835824217,73.70797800012122
580612,112.50985717877835,48.21851021947643,73.65499099291749
