UE ID,Internet usage,Data rate,optimal GU
418114,108.39249310174216,89.03669076214534,98.23903953743537
1077093,106.05164995964282,87.11385532399231,96.11747027182415
1047351,110.72354020613035,90.95147945503564,100.3517303898975
212232,114.09324562702187,93.71945176505368,103.40578528428716
446568,112.67464208642868,92.55417028528069,102.12006663971765
302161,112.59079616923174,92.4852968532975,102.04407482387455
580612,112.50985717877835,92.4188112539965,101.97071763413072
