UE ID,Internet usage,Data rate,optimal GU
418114,108.39249310174216,48.38950584899203,72.42278080088875
1077093,106.05164995964282,47.344486589126255,70.85873918768962
1047351,110.72354020613035,49.43015187773676,73.98027716107663
212232,114.09324562702187,50.934484654920475,76.23175630024286
446568,112.67464208642868,50.30117950286994,75.28391194014212
302161,112.59079616923174,50.26374828983559,75.22789003024377
580612,112.50985717877835,50.227614811954616,75.1738103924745
