UE ID,Internet usage,Data rate,optimal GU
418114,108.39249310174216,54.19624655087108,76.64506690195796
1077093,106.05164995964282,53.02582497982141,74.98984084248549
1047351,110.72354020613035,55.361770103065176,78.29336611673611
212232,114.09324562702187,57.046622813510936,80.67610767044957
446568,112.67464208642868,56.33732104321434,79.67300348708088
302161,112.59079616923174,56.29539808461587,79.61371547045611
580612,112.50985717877835,56.25492858938917,79.55648296144413
