UE ID,Internet usage,Data rate,optimal GU
418114,108.39249310174216,106.45691286778249,107.42034348136241
1077093,106.05164995964282,104.15787049607778,105.10049487225
1047351,110.72354020613035,108.74633413102089,109.73048391137887
212232,114.09324562702187,112.05586624082507,113.06996714850129
446568,112.67464208642868,110.66259490631388,111.66408676662502
302161,112.59079616923174,110.58024623763832,111.58099284593855
580612,112.50985717877835,110.50075258630018,111.50077978037712
