UE ID,Internet usage,Data rate,optimal GU
418114,108.39249310174216,30.969283743354904,57.938224640711006
1077093,106.05164995964282,30.300471417040804,56.6869913501517
1047351,110.72354020613035,31.63529720175153,59.1842217288613
212232,114.09324562702187,32.598070179149104,60.985405040194294
446568,112.67464208642868,32.19275488183676,60.227129552113695
302161,112.59079616923174,32.16879890549478,60.18231202419502
580612,112.50985717877835,32.14567347965096,60.13904831397959
