UE ID,Internet usage,Data rate,optimal GU
418114,108.39249310174216,36.130831033914056,62.580435070425494
1077093,106.05164995964282,35.350549986547605,61.22894865220374
1047351,110.72354020613035,36.907846735376786,63.926265743637714
212232,114.09324562702187,38.031081875673955,65.87176607547917
446568,112.67464208642868,37.55821402880956,65.05273493944433
302161,112.59079616923174,37.53026538974391,65.00432647658023
580612,112.50985717877835,37.50328572625945,64.95759632865402
