UE ID,Internet usage,Data rate,optimal GU
418114,108.39249310174216,56.13182678483076,78.00172208075251
1077093,106.05164995964282,54.919604443386454,76.31719771029374
1047351,110.72354020613035,57.33897617817465,79.67919699797727
212232,114.09324562702187,59.084002199707754,82.10411424282438
446568,112.67464208642868,58.34936822332914,81.08325462469328
302161,112.59079616923174,58.30594801620929,81.02291718117067
580612,112.50985717877835,58.264033181867354,80.96467162875113
