UE ID,Internet usage,Data rate,optimal GU
418114,108.39249310174216,80.64917641498673,93.49740797595747
1077093,106.05164995964282,78.90747764854376,91.4782389357256
1047351,110.72354020613035,82.3835864628946,95.50812713088624
212232,114.09324562702187,84.8908077582008,98.41477420099432
446568,112.67464208642868,83.8352991714499,97.19111239383871
302161,112.59079616923174,83.77291381639266,97.11878841915237
580612,112.50985717877835,83.7126913532577,97.04897190700258
