UE ID,Internet usage
696922,0.31864291016683344
720098,0.34906067951444136
747512,0.2626544648216127
656787,0.35427992078993253
1168880,0.3843606483347712
243443,0.29584737744204503
1291899,0.3401916882036195
