UE ID,Internet usage
696922,0.9837241482360543
720098,1.0141419175805588
747512,0.9277357028912768
656787,1.01936115885605
1168880,1.0494418864031054
243443,0.9609286155099359
1291899,1.0052729262701803
