UE ID,Internet usage
696922,0.7373149470030854
720098,0.7677327163475898
747512,0.6813265016538745
656787,0.772951957623081
1168880,0.8030326851701364
243443,0.7145194142769669
1291899,0.7588637250372113
