UE ID,Internet usage
696922,0.4597803497570628
720098,0.4901981191060008
747512,0.40379190441228546
656787,0.4954173603814919
1168880,0.5254980879241138
243443,0.43698481703271774
1291899,0.4813291277956222
