UE ID,Internet usage
696922,0.8062673414730054
720098,0.8366851108219434
747512,0.7502788961282281
656787,0.8419043520974345
1168880,0.8719850796444898
243443,0.7834718087513204
1291899,0.8278161195115649
