UE ID,Internet usage
696922,0.6611142352110683
720098,0.6915320045600063
747512,0.605125789866291
656787,0.6967512458310641
1168880,0.7268319733781193
243443,0.6383187024849499
1291899,0.6826630132451943
