UE ID,Internet usage
696922,0.6610873848884363
720098,0.6915051542373744
747512,0.6050989395436589
656787,0.6967243955128655
1168880,0.7268051230554873
243443,0.6382918521623179
1291899,0.6826361629225624
