UE ID,Internet usage
696922,0.41179459555587256
720098,0.44221236490348054
747512,0.3558061502106519
656787,0.447431606178085
1168880,0.4775123337251403
243443,0.38899906283108415
1291899,0.4333433735926586
