UE ID,Internet usage
696922,0.9163096389577909
720098,0.9467274083067291
747512,0.8603211936130136
656787,0.9519466495822201
1168880,0.9820273771248421
243443,0.8935141062361059
1291899,0.9378584169963504
