UE ID,Internet usage
696922,0.33325154354409947
720098,0.3636693128917074
747512,0.27726309819887873
656787,0.36888855416675526
1168880,0.3989692817115939
243443,0.31045601081931107
1291899,0.3548003215804422
