UE ID,Internet usage
696922,0.8477570514443556
720098,0.8781748207932938
747512,0.7917686060995784
656787,0.8833940620687848
1168880,0.9134747896114068
243443,0.8249615187182373
1291899,0.8693058294829152
