UE ID,Internet usage
696922,0.7309495908879268
720098,0.7613673602368648
747512,0.6749611455431493
656787,0.7665866015123559
1168880,0.796667329054978
243443,0.7081540581662419
1291899,0.7524983689264864
