UE ID,Internet usage
696922,0.6676753967558375
720098,0.6980931661047756
747512,0.6116869514110602
656787,0.7033124073802667
1168880,0.733393134927322
243443,0.6448798640341525
1291899,0.689224174794397
