UE ID,Internet usage
696922,0.6871888228414849
720098,0.7176065921859893
747512,0.631200377492274
656787,0.7228258334614805
1168880,0.7529065610085358
243443,0.6643932901153663
1291899,0.7087376008756108
