UE ID,Internet usage
696922,0.7602980312407124
720098,0.7907158005896503
747512,0.704309585895935
656787,0.7959350418651415
1168880,0.8260157694077633
243443,0.7375024985145938
1291899,0.7818468092792716
