UE ID,Internet usage
696922,1.0351484055645446
720098,1.065566174909049
747512,0.9791599602153337
656787,1.0707854161845403
1168880,1.1008661437315956
243443,1.0123528728384261
1291899,1.0566971835986705
