UE ID,Internet usage,Data rate,optimal GU
696922,112.72521995406143,0.6709834521075085,8.696939532062663
720098,117.83540520445823,0.7014012214551085,9.091198883594213
747512,103.31916113604309,0.6149950067621612,7.971246339282311
656787,118.71223773869774,0.7066204627303436,9.158847982288666
1168880,123.76579996624665,0.7367011902752777,9.54873877276501
243443,108.89557045626152,0.6481879193825091,8.401475658717079
1291899,116.34541466419405,0.6925322301440122,8.976243617706917
