UE ID,Internet usage,Data rate,optimal GU
696922,112.72521995406143,79.8470308007935,94.87240963366624
720098,117.83540520445823,83.4667453531579,99.17327139802686
747512,103.31916113604309,73.18440580469719,86.95603151007454
656787,118.71223773869774,84.08783506491089,99.91123594049922
1168880,123.76579996624665,87.66744164275804,104.16444232995342
243443,108.89557045626152,77.13436240651858,91.64927929906408
1291899,116.34541466419405,82.41133538713744,97.91925749640096
