UE ID,Internet usage,Data rate,optimal GU
696922,112.72521995406143,41.60097403066553,68.47977035526601
720098,117.83540520445823,43.48687573021673,71.58417159362821
747512,103.31916113604309,38.129690419254004,62.76565644119675
656787,118.71223773869774,43.81046868928131,72.11684112941815
1168880,123.76579996624665,45.67547379706722,75.18684428363358
243443,108.89557045626152,40.187651001715565,66.15328549005685
1291899,116.34541466419405,42.93699826892876,70.67901292487254
