UE ID,Internet usage,Data rate,optimal GU
696922,112.72521995406143,2.683933808430034,17.393879064125326
720098,117.83540520445823,2.805604885820434,18.182397767188426
747512,103.31916113604309,2.459980027048645,15.942492678564623
656787,118.71223773869774,2.8264818509213745,18.317695964577332
1168880,123.76579996624665,2.946804761101111,19.09747754553002
243443,108.89557045626152,2.5927516775300363,16.802951317434157
1291899,116.34541466419405,2.770128920576049,17.952487235413834
