UE ID,Internet usage,Data rate,optimal GU
696922,112.72521995406143,65.75637830653584,86.09530886167217
720098,117.83540520445823,68.73731970260063,89.99827731587052
747512,103.31916113604309,60.26951066269181,78.91131277420952
656787,118.71223773869774,69.24880534757368,90.6679692258626
1168880,123.76579996624665,72.19671664697721,94.5276911320147
243443,108.89557045626152,63.522416099485895,83.17036574353588
1291899,116.34541466419405,67.86815855411321,88.86027824328241
