UE ID,Internet usage,Data rate,optimal GU
696922,112.72521995406143,3.3549172605375426,19.44694798989733
720098,117.83540520445823,3.5070061072755423,20.328538700686856
747512,103.31916113604309,3.0749750338108064,17.8242486800316
656787,118.71223773869774,3.5331023136517183,20.479806683984247
1168880,123.76579996624665,3.683505951376388,21.35162899529048
243443,108.89557045626152,3.240939596912545,18.786270684201213
1291899,116.34541466419405,3.462661150720061,20.0714909117913
