UE ID,Internet usage,Data rate,optimal GU
696922,112.72521995406143,50.323758908063134,75.31770569943414
720098,117.83540520445823,52.60509160913313,78.73209184049315
747512,103.31916113604309,46.124625507162094,69.03301829642193
656787,118.71223773869774,52.99653470477577,79.31795022061833
1168880,123.76579996624665,55.25258927064582,82.69450351315942
243443,108.89557045626152,48.614093953688176,72.7589134972559
1291899,116.34541466419405,51.93991726080091,77.73655003492124
