UE ID,Internet usage,Data rate,optimal GU
696922,112.72521995406143,24.826387727977817,52.901417913900104
720098,117.83540520445823,25.951845193839016,55.29960392461588
747512,103.31916113604309,22.754815250199968,48.487198552363296
656787,118.71223773869774,26.144957121022717,55.71109732736295
1168880,123.76579996624665,27.257944040185276,58.08271041858081
243443,108.89557045626152,23.982953017152838,51.104181336056804
1291899,116.34541466419405,25.623692515328454,54.600358340616175
