UE ID,Internet usage,Data rate,optimal GU
696922,112.72521995406143,31.5362222490529,59.623213512395104
720098,117.83540520445823,32.9658574083901,62.326119449473495
747512,103.31916113604309,28.90476531782158,54.64811163683076
656787,118.71223773869774,33.211161748326155,62.789898304151116
1168880,123.76579996624665,34.62495594293805,65.46285489553426
243443,108.89557045626152,30.464832210977928,57.597615249841134
1291899,116.34541466419405,32.549014816768576,61.53802585205294
