UE ID,Internet usage,Data rate,optimal GU
696922,112.72521995406143,18.11655320690273,45.19062341966049
720098,117.83540520445823,18.93783297928793,47.23925510429589
747512,103.31916113604309,16.604865182578354,41.41981097785315
656787,118.71223773869774,19.07875249371928,47.590770132371
1168880,123.76579996624665,19.890932137432497,49.616702107895655
243443,108.89557045626152,17.501073823327744,43.65534809835354
1291899,116.34541466419405,18.698370213888328,46.64193002095274
