UE ID,Internet usage,Data rate,optimal GU
696922,112.72521995406143,63.0724444981058,84.31995718149594
720098,117.83540520445823,65.9317148167802,88.14244341553096
747512,103.31916113604309,57.80953063564316,77.28410063488502
656787,118.71223773869774,66.42232349665231,88.79832576175791
1168880,123.76579996624665,69.2499118858761,92.57845722492651
243443,108.89557045626152,60.929664421955856,81.45532864667274
1291899,116.34541466419405,65.09802963353715,87.0279107616394
