UE ID,Internet usage,Data rate,optimal GU
696922,112.72521995406143,101.98948472034128,107.22307166884308
720098,117.83540520445823,106.61298566117648,112.08382740360817
747512,103.31916113604309,93.4792410278485,98.27612510997415
656787,118.71223773869774,107.40631033501222,112.9178615061688
1168880,123.76579996624665,111.9785809218422,117.72475800305085
243443,108.89557045626152,98.52456374614137,103.58034839239713
1291899,116.34541466419405,105.26489898188984,110.66656370210684
