UE ID,Internet usage,Data rate,optimal GU
696922,112.72521995406143,91.25374948662116,101.42287208767158
720098,117.83540520445823,95.39056611789475,106.0206867134183
747512,103.31916113604309,83.63932091965393,92.95990789263371
656787,118.71223773869774,96.10038293132673,106.8096039938523
1168880,123.76579996624665,100.19136187743776,111.35647288087385
243443,108.89557045626152,88.15355703602123,97.97720082338604
1291899,116.34541466419405,94.18438329958566,104.68008946252236
