UE ID,Internet usage,Data rate,optimal GU
696922,112.72521995406143,71.1242459233959,89.54047278064574
720098,117.83540520445823,74.3485294742415,93.59962124363994
747512,103.31916113604309,65.18947071678909,82.06900407194725
656787,118.71223773869774,74.90176904941643,94.29611134316916
1168880,123.76579996624665,78.09032616917943,98.31028271729066
243443,108.89557045626152,68.70791945454596,86.49848602065617
1291899,116.34541466419405,73.40841639526529,92.41608434330553
