UE ID,Internet usage,Data rate,optimal GU
696922,112.72521995406143,14.090652494257679,39.854383720130976
720098,117.83540520445823,14.729425650557278,41.661107041968506
747512,103.31916113604309,12.914895142005387,36.528839732900835
656787,118.71223773869774,14.839029717337217,41.97111415743138
1168880,123.76579996624665,15.47072499578083,43.75781821755539
243443,108.89557045626152,13.61194630703269,38.50039815539999
1291899,116.34541466419405,14.543176833024257,41.134315834506204
