UE ID,Internet usage,Data rate,optimal GU
696922,112.72521995406143,68.44031211496588,87.83478375270326
720098,117.83540520445823,71.54292458842107,91.81660802049156
747512,103.31916113604309,62.72949068974045,80.50564176848233
656787,118.71223773869774,72.07528719849506,92.49983042683193
1168880,123.76579996624665,75.14352140807833,96.43753439066967
243443,108.89557045626152,66.11516777701593,84.85074490474193
1291899,116.34541466419405,70.63828747468925,90.65561674497211
