UE ID,Internet usage,Data rate,optimal GU
696922,112.72521995406143,67.76932866285836,87.40316058163909
720098,117.83540520445823,70.84152336696596,91.36541802699493
747512,103.31916113604309,62.114495682978294,80.11003425510245
656787,118.71223773869774,71.36866673576472,92.04528305475512
1168880,123.76579996624665,74.40682021780304,95.96363700486289
243443,108.89557045626152,65.46697985763342,84.43378540398135
1291899,116.34541466419405,69.94575524454524,90.21013190283473
