UE ID,Internet usage,Data rate,optimal GU
696922,112.72521995406143,77.16309699236348,93.26428620217253
720098,117.83540520445823,80.66114046733748,97.49224672363661
747512,103.31916113604309,70.72442577764855,85.48209369906068
656787,118.71223773869774,81.26135321398952,98.21770248640217
1168880,123.76579996624665,84.72063688165693,102.39881540969196
243443,108.89557045626152,74.54161072898854,90.0957891527778
1291899,116.34541466419405,79.6412064665614,96.25948883465348
