UE ID,Internet usage,Data rate,optimal GU
696922,112.72521995406143,38.91704022223549,66.23391819160747
720098,117.83540520445823,40.681270844396295,69.23650795773679
747512,103.31916113604309,35.66971039220535,60.70720349092236
656787,118.71223773869774,40.98398683835993,69.75170814420994
1168880,123.76579996624665,42.72866903596611,72.7210279405437
243443,108.89557045626152,37.594899324185526,63.983732371227795
1291899,116.34541466419405,40.166869348352705,68.36103473541489
