UE ID,Internet usage,Data rate,optimal GU
696922,112.72521995406143,75.15014663604096,92.03975667681705
720098,117.83540520445823,78.55693680297215,96.2122054616733
747512,103.31916113604309,68.87944075736206,84.35974181189998
656787,118.71223773869774,79.1414918257985,96.92813622792607
1168880,123.76579996624665,82.5105333108311,101.05435250822525
243443,108.89557045626152,72.59704697084102,88.91286095571184
1291899,116.34541466419405,77.56360977612937,94.99563327993296
