UE ID,Internet usage,Data rate,optimal GU
696922,112.72521995406143,87.2278487739761,99.16036728031045
720098,117.83540520445823,91.18215878916409,103.65561551762839
747512,103.31916113604309,79.94935087908097,90.88619183461157
656787,118.71223773869774,91.86066015494467,104.42693391624361
1168880,123.76579996624665,95.77115473578608,108.87237289397966
243443,108.89557045626152,84.26442951972618,95.79156080637806
1291899,116.34541466419405,90.02918991872158,102.34492382612409
