UE ID,Internet usage
376612,0.7186177272254881
1034631,0.6659138323227949
195494,0.7198284645091609
434505,0.6488614429512177
1177411,0.7007826591113614
443765,0.657466013114681
518561,0.7004056067120951
