UE ID,Internet usage
376612,0.7235438914314292
1034631,0.6708399965287359
195494,0.7247546287151019
434505,0.6537876071571588
1177411,0.7057088233217358
443765,0.6623921773206219
518561,0.7053317709180361
