UE ID,Internet usage
376612,0.5037467875870472
1034631,0.451042892684354
195494,0.50495752487072
434505,0.4339905033141069
1177411,0.48591171947735384
443765,0.44259507347668336
518561,0.4855346670736542
