UE ID,Internet usage
376612,1.015070433814571
1034631,0.9623665389118778
195494,1.0162811710982438
434505,0.9453141495403008
1177411,0.9972353657004442
443765,0.9539187197037639
518561,0.996858313301178
