UE ID,Internet usage
376612,0.8197730432939886
1034631,0.7670691483912955
195494,0.8209837805820948
434505,0.7500167590197182
1177411,0.8019379751842953
443765,0.7586213291831814
518561,0.801560922785029
