UE ID,Internet usage
376612,0.4968024776232669
1034631,0.4440985827161403
195494,0.49801321490693967
434505,0.42704619334810995
1177411,0.47896740950914024
443765,0.43565076351068643
518561,0.47859035710987397
