UE ID,Internet usage
376612,1.0849284909228152
1034631,1.032224596020122
195494,1.0861392282109215
434505,1.015172206648545
1177411,1.067093422813122
443765,1.023776776812008
518561,1.0667163704138558
