UE ID,Internet usage
376612,0.5864383056469505
1034631,0.5337344107398239
195494,0.5876490429306233
434505,0.5166820213726802
1177411,0.5686032375328238
443765,0.5252865915361434
518561,0.5682261851335575
