UE ID,Internet usage
376612,0.8615023739319065
1034631,0.8087984790247801
195494,0.8627131112155794
434505,0.7917460896576364
1177411,0.8436673058177799
443765,0.8003506598210994
518561,0.8432902534185136
