UE ID,Internet usage
376612,1.0682509836917344
1034631,1.0155470887890412
195494,1.0694617209754071
434505,0.998494699417464
1177411,1.0504159155776076
443765,1.0070992695809273
518561,1.0500388631783413
