UE ID,Internet usage
376612,0.4232219076347609
1034631,0.3705180127294077
195494,0.42443264491932037
434505,0.3534656233604906
1177411,0.4053868395215209
443765,0.3620701935230671
518561,0.4050097871222546
