UE ID,Internet usage
376612,1.0214376271578465
1034631,0.9687337322551532
195494,1.0226483644459528
434505,0.9516813428835761
1177411,1.0036025590481532
443765,0.9602859130470393
518561,1.0032255066488869
