UE ID,Internet usage
376612,0.7379377600372897
1034631,0.685233865130163
195494,0.7391484973209624
434505,0.6681814757630193
1177411,0.7201026919231629
443765,0.676786045922049
518561,0.7197256395238967
