UE ID,Internet usage
376612,0.4879002024487906
1034631,0.4351963075434374
195494,0.4891109397324634
434505,0.41814391817452035
1177411,0.4700651343346639
443765,0.4267484883370968
518561,0.4696880819353976
