UE ID,Internet usage
376612,0.8625253981586233
1034631,0.80982150325593
195494,0.8637361354467293
434505,0.7927691138843529
1177411,0.8446903300489299
443765,0.8013736840478161
518561,0.8443132776496637
