UE ID,Internet usage
376612,0.4358842862236457
1034631,0.3831803913187359
195494,0.43709502350820517
434505,0.3661280019493754
1177411,0.418049218110849
443765,0.37473257211239525
518561,0.4176721657111394
