UE ID,Internet usage
376612,0.7901647992063463
1034631,0.7374609043036531
195494,0.7913755364944525
434505,0.720408514932076
1177411,0.7723297310966529
443765,0.7290130850955392
518561,0.7719526786973867
