UE ID,Internet usage
376612,0.7361505758342669
1034631,0.6834466809271403
195494,0.7373613131179397
434505,0.6663942915599966
1177411,0.7183155077201402
443765,0.6749988617190263
518561,0.717938455320874
