UE ID,Internet usage
376612,1.0892877620234926
1034631,1.0365838671207994
195494,1.0904984993071654
434505,1.0195314777492224
1177411,1.0714526939093658
443765,1.0281360479126855
518561,1.0710756415100995
