UE ID,Internet usage
376612,0.8496352268101415
1034631,0.7969313319074484
195494,0.8508459640938143
434505,0.7798789425358713
1177411,0.8318001587004483
443765,0.7884835126993344
518561,0.8314231062967485
