UE ID,Internet usage
376612,0.7753682576864225
1034631,0.7226643627837294
195494,0.7765789949700953
434505,0.7056119734121521
1177411,0.7575331895722958
443765,0.7142165435756154
518561,0.7571561371730294
