UE ID,Internet usage,Data rate,optimal GU
376612,129.72754952591035,112.73941804037447,120.93555489331906
1034631,120.87329518183185,105.04464938421101,112.68137784163703
195494,129.93095338967018,112.91618568388004,121.12517351496989
434505,118.0084937678311,102.55500053632942,110.0107319385311
1177411,126.73125808290148,110.13549809585486,118.14233040394407
443765,119.4540615551152,103.8112677800406,111.35832960093967
518561,126.66791327976317,110.08044844550848,118.08327865321623
