UE ID,Internet usage,Data rate,optimal GU
376612,129.72754952591035,102.70097670801236,115.42593314436769
1034631,120.87329518183185,95.69135868561689,107.54780260310817
195494,129.93095338967018,102.86200476682222,115.60691305854512
434505,118.0084937678311,93.42339089953296,104.99882686362349
1177411,126.73125808290148,100.32891264896368,112.75996329412624
443765,119.4540615551152,94.56779873113287,106.28503022891084
518561,126.66791327976317,100.27876467981251,112.70360184246229
