UE ID,Internet usage,Data rate,optimal GU
376612,129.72754952591035,52.5087700462018,82.53383588997474
1034631,120.87329518183185,48.92490519264622,76.90067949695805
195494,129.93095338967018,52.591100181533164,82.66324326082459
434505,118.0084937678311,47.76534271555068,75.07806702470688
1177411,126.73125808290148,51.29598541450774,80.62756827650658
443765,119.4540615551152,48.35045348659425,75.99775027594806
518561,126.66791327976317,51.270345851332706,80.58726774199555
