UE ID,Internet usage,Data rate,optimal GU
376612,129.72754952591035,63.319399173361,90.63261274074071
1034631,120.87329518183185,58.997679791132214,84.44669303434398
195494,129.93095338967018,63.41867963067235,90.77471843595724
434505,118.0084937678311,57.59938386286994,82.4452335287638
1177411,126.73125808290148,61.856923588082864,88.53928928704842
443765,119.4540615551152,58.30495861618718,83.45516230591411
518561,126.66791327976317,61.826005291312974,88.49503419217493
