UE ID,Internet usage,Data rate,optimal GU
376612,129.72754952591035,114.28379362996864,121.7610631447536
1034631,120.87329518183185,106.48361718399472,113.45054293351873
195494,129.93095338967018,114.46298274804278,121.95197610649271
434505,118.0084937678311,103.95986355737502,110.76166715391685
1177411,126.73125808290148,111.64420354922274,118.9487720552698
443765,119.4540615551152,105.23333994141102,112.11846354196831
518561,126.66791327976317,111.58839979407708,118.88931721623982
