UE ID,Internet usage,Data rate,optimal GU
376612,129.72754952591035,85.71284522247647,105.44817387515776
1034631,120.87329518183185,79.86271288799604,98.25105225356435
195494,129.93095338967018,85.84723706103208,105.61350934993555
434505,118.0084937678311,77.96989766803125,95.92241752080842
1177411,126.73125808290148,83.73315266191705,103.01265834882817
443765,119.4540615551152,78.92500495605826,97.09743766062395
518561,126.66791327976317,83.69129984555781,102.9611689478503
