UE ID,Internet usage,Data rate,optimal GU
376612,129.72754952591035,108.87847906638905,118.8467007762133
1034631,120.87329518183185,101.44722988475174,110.73509363900294
195494,129.93095338967018,109.0491930234732,119.03304421846079
434505,118.0084937678311,99.04284298371539,108.11057635121576
1177411,126.73125808290148,106.36373446243518,116.1017221354622
443765,119.4540615551152,100.25608737661454,109.43489769155505
518561,126.66791327976317,106.31057007408695,116.04369035353292
