UE ID,Internet usage,Data rate,optimal GU
376612,129.72754952591035,50.964394456607636,81.31104479667937
1034631,120.87329518183185,47.48593739286251,75.76134718623645
195494,129.93095338967018,51.044303117370426,81.43853491530439
434505,118.0084937678311,46.360479694505074,73.96573787303593
1177411,126.73125808290148,49.787279961139866,79.43301974620432
443765,119.4540615551152,46.92838132522383,74.87179543396303
518561,126.66791327976317,49.7623945027641,79.39331628965682
