UE ID,Internet usage,Data rate,optimal GU
376612,129.72754952591035,39.381577534651356,71.47639855249398
1034631,120.87329518183185,36.69367889448467,66.5979420126508
195494,129.93095338967018,39.44332513614988,71.5884686230869
434505,118.0084937678311,35.82400703666301,65.01951331042693
1177411,126.73125808290148,38.47198906088081,69.82552237281901
443765,119.4540615551152,36.26284011494569,65.81598236943685
518561,126.66791327976317,38.45275938849954,69.79062108614637
