UE ID,Internet usage,Data rate,optimal GU
376612,129.72754952591035,122.00567157793951,125.80737975996917
1034631,120.87329518183185,113.6784561829133,117.22068755135425
195494,129.93095338967018,122.19696806885649,126.00463706750482
434505,118.0084937678311,110.98417866260307,114.44245609053333
1177411,126.73125808290148,119.18773081606211,122.90163169936255
443765,119.4540615551152,112.34370074826312,115.84434101203418
518561,126.66791327976317,119.12815653692013,122.8402010800888
