UE ID,Internet usage,Data rate,optimal GU
376612,129.72754952591035,60.230647994172664,88.39442499751728
1034631,120.87329518183185,56.11974419156479,82.36126762742245
195494,129.93095338967018,60.32508550234687,88.53302136848883
434505,118.0084937678311,54.78965782077873,80.40923450378672
1177411,126.73125808290148,58.83951268134712,86.35279652154848
443765,119.4540615551152,55.46081429344635,81.39422291849804
518561,126.66791327976317,58.81010259417576,86.30963431374872
