UE ID,Internet usage,Data rate,optimal GU
376612,129.72754952591035,14.67156810114462,43.626901992509225
1034631,120.87329518183185,13.670194097945268,40.64924853418417
195494,129.93095338967018,14.69457210954603,43.695305970396554
434505,118.0084937678311,13.346198699933277,39.68582626209654
1177411,126.73125808290148,14.332701806994809,42.61926010300422
443765,119.4540615551152,13.50968553301898,40.17196543924007
518561,126.66791327976317,14.325537811401786,42.597957476628025
