UE ID,Internet usage,Data rate,optimal GU
376612,129.72754952591035,70.26908932653477,95.47689126562855
1034631,120.87329518183185,65.47303489015891,88.96033651424973
195494,129.93095338967018,70.37926641940467,95.62659245596305
434505,118.0084937678311,63.921267457575176,86.85189976275203
1177411,126.73125808290148,68.6460981282383,93.27168047308865
443765,119.4540615551152,64.70428334235406,87.91580884719868
518561,126.66791327976317,68.61178635987172,93.22505996030182
