UE ID,Internet usage,Data rate,optimal GU
376612,129.72754952591035,43.24251650863678,74.89823564009485
1034631,120.87329518183185,40.29109839394395,69.78622951106772
195494,129.93095338967018,43.310317796556724,75.01567091559079
434505,118.0084937678311,39.33616458927703,68.13223564351956
1177411,126.73125808290148,42.24375269430049,73.1683259689031
443765,119.4540615551152,39.81802051837173,68.96683459463989
518561,126.66791327976317,42.22263775992106,73.13175382975945
