UE ID,Internet usage,Data rate,optimal GU
376612,129.72754952591035,78.76315506930271,101.08289222252164
1034631,120.87329518183185,73.38735778896934,94.1837128204277
195494,129.93095338967018,78.88665027229976,101.24138323629025
434505,118.0084937678311,71.64801407332602,91.95147754250374
1177411,126.73125808290148,76.94397812176162,98.74820073942662
443765,119.4540615551152,72.52568022989138,93.07785488776612
518561,126.66791327976317,76.90551877699907,98.6988428664699
