UE ID,Internet usage,Data rate,optimal GU
376612,129.72754952591035,37.0650141502601,69.34229199310067
1034631,120.87329518183185,34.5352271948091,64.60949396868689
195494,129.93095338967018,37.12312953990577,69.45101593157716
434505,118.0084937678311,33.7167125050946,63.07819320121026
1177411,126.73125808290148,36.208930880828994,67.74070684872044
443765,119.4540615551152,34.129731872890055,63.850881685406556
518561,126.66791327976317,36.19083236564662,67.70684762720956
