UE ID,Internet usage,Data rate,optimal GU
376612,129.72754952591035,71.81346491612895,96.52038554903488
1034631,120.87329518183185,66.91200268994264,89.93260950483403
195494,129.93095338967018,71.92606348356742,96.67172286654385
434505,118.0084937678311,65.32613047862078,87.80112904435137
1177411,126.73125808290148,70.15480358160617,94.29107337630532
443765,119.4540615551152,66.12635550372448,88.87666589582068
518561,126.66791327976317,70.11973770844033,94.24394333458494
