UE ID,Internet usage,Data rate,optimal GU
376612,129.72754952591035,3.860938973985427,22.38012850642757
1034631,120.87329518183185,3.597419499459281,20.85262451230107
195494,129.93095338967018,3.8669926604068503,22.415219006682026
434505,118.0084937678311,3.5121575526140205,20.358399314761773
1177411,126.73125808290148,3.7717636334196865,21.863219123784415
443765,119.4540615551152,3.5551804034260477,20.607783450686647
518561,126.66791327976317,3.7698783714215227,21.852291107032148
