UE ID,Internet usage,Data rate,optimal GU
376612,129.72754952591035,79.5353428640998,101.57718804171913
1034631,120.87329518183185,74.1068416888612,94.64427161984503
195494,129.93095338967018,79.66004880438112,101.73645407729177
434505,118.0084937678311,72.35044558384882,92.40112070089533
1177411,126.73125808290148,77.69833084844555,99.2310799062724
443765,119.4540615551152,73.23671631057658,93.53300603668272
518561,126.66791327976317,77.65949445128338,99.1814806730844
