UE ID,Internet usage,Data rate,optimal GU
376612,129.72754952591035,6.1775023583766835,28.30887216302937
1034631,120.87329518183185,5.75587119913485,26.37671546045169
195494,129.93095338967018,6.187188256650961,28.35325852504489
434505,118.0084937678311,5.619452084182433,25.751564539943356
1177411,126.73125808290148,6.034821813471499,27.655027765803815
443765,119.4540615551152,5.688288645481676,26.067013292677604
518561,126.66791327976317,6.0318053942744365,27.64120479650556
