UE ID,Internet usage,Data rate,optimal GU
376612,129.72754952591035,10.810629127159196,37.44911782004743
1034631,120.87329518183185,10.072774598485987,34.89311475553386
195494,129.93095338967018,10.827579449139181,37.507835457795395
434505,118.0084937678311,9.834041147319258,34.06611782175978
1177411,126.73125808290148,10.560938173575122,36.58416298445155
443765,119.4540615551152,9.954505129592933,34.483417297319946
518561,126.66791327976317,10.555659439980264,36.56587691487972
