UE ID,Internet usage,Data rate,optimal GU
376612,129.72754952591035,45.55907989302804,76.87826606510907
1034631,120.87329518183185,42.44955009361952,71.63111753143343
195494,129.93095338967018,45.630513392800836,76.99880589195345
434505,118.0084937678311,41.443459120845446,69.933398225595
1177411,126.73125808290148,44.506810874352304,75.1026240244935
443765,119.4540615551152,41.951128760427366,70.79006086488876
518561,126.66791327976317,44.48456478277397,75.06508505418762
