UE ID,Internet usage,Data rate,optimal GU
376612,129.72754952591035,58.68627240457848,87.25380398501845
1034631,120.87329518183185,54.68077639178107,81.29849706836833
195494,129.93095338967018,58.77828843818412,87.39061194079311
434505,118.0084937678311,53.38479479973311,79.37165252419308
1177411,126.73125808290148,57.330807227979236,85.23852020600845
443765,119.4540615551152,54.03874213207592,80.34393087848014
518561,126.66791327976317,57.30215124560714,85.19591495325605
