UE ID,Internet usage,Data rate,optimal GU
376612,129.72754952591035,80.30753065889688,102.06909013435757
1034631,120.87329518183185,74.82632558875305,95.10260007098232
195494,129.93095338967018,80.43344733646249,102.22912743853583
434505,118.0084937678311,73.05287709437162,92.848586372186
1177411,126.73125808290148,78.45268357512948,99.71162063398599
443765,119.4540615551152,73.94775239126179,93.9859530249505
518561,126.66791327976317,78.41347012556767,99.66178120940197
