UE ID,Internet usage,Data rate,optimal GU
376612,129.72754952591035,0.7721877947970854,10.008697737110577
1034631,120.87329518183185,0.7194838998918562,9.32557718375672
195494,129.93095338967018,0.7733985320813701,10.024390685897265
434505,118.0084937678311,0.7024315105228042,9.104552956178491
1177411,126.73125808290148,0.7543527266839374,9.777528833551068
443765,119.4540615551152,0.7110360806852095,9.216080932266104
518561,126.66791327976317,0.7539756742843046,9.772641675887602
