UE ID,Internet usage,Data rate,optimal GU
376612,129.72754952591035,23.93782163870965,55.72607057902176
1034631,120.87329518183185,22.304000896647544,51.92261630654142
195494,129.93095338967018,23.975354494522474,55.81344522002399
434505,118.0084937678311,21.77537682620693,50.69200548890934
1177411,126.73125808290148,23.38493452720206,54.43897659598863
443765,119.4540615551152,22.042118501241497,51.312966979628506
518561,126.66791327976317,23.373245902813444,54.41176605371446
