UE ID,Internet usage,Data rate,optimal GU
376612,129.72754952591035,37.83720194505719,70.06088415977405
1034631,120.87329518183185,35.25471109470096,65.27904028629703
195494,129.93095338967018,37.896528071987134,70.17073480128086
434505,118.0084937678311,34.419144015617405,63.73187069324945
1177411,126.73125808290148,36.963283607512935,68.44270183485747
443765,119.4540615551152,34.840767953575266,64.51256652586274
518561,126.66791327976317,36.944808039930926,68.40849173121322
