UE ID,Internet usage,Data rate,optimal GU
376612,129.72754952591035,117.37254480915696,123.3955129642567
1034631,120.87329518183185,109.36155278356215,114.97343715463582
195494,129.93095338967018,117.55657687636824,123.58898863075376
434505,118.0084937678311,106.76958959946622,112.24846746767857
1177411,126.73125808290148,114.66161445595847,120.54547131195025
443765,119.4540615551152,108.07748426415183,113.6234767027131
518561,126.66791327976317,114.60430249121428,120.48521838567949
