UE ID,Internet usage
653446,0.8925888825623712
153837,0.8485783150940642
725788,0.90022227073332
1213125,0.8372358552301451
171335,0.8923079270850534
1103870,0.782152880946166
429973,0.8478939733809767
