UE ID,Internet usage
653446,0.8353015993520257
153837,0.7912910318792854
725788,0.8429349875185409
1213125,0.7799485720197996
171335,0.8350206438702744
1103870,0.724865597731387
429973,0.7906066901661978
