UE ID,Internet usage
653446,0.6881913341302974
153837,0.6441807666619904
725788,0.695824722301246
1213125,0.6328383067980711
171335,0.6879103786529793
1103870,0.5777553325140921
429973,0.6434964249489027
