UE ID,Internet usage
653446,0.7373723521011938
153837,0.6933617846284533
725788,0.7450057402677089
1213125,0.6820193247689674
171335,0.7370913966194422
1103870,0.626936350480555
429973,0.6926774429153657
