UE ID,Internet usage
653446,0.6533105210312867
153837,0.6092999535629797
725788,0.6609439092022353
1213125,0.5979574937034938
171335,0.6530295655539687
1103870,0.5428745194150814
429973,0.6086156118498921
