UE ID,Internet usage
653446,0.8924919794737537
153837,0.8484814120054467
725788,0.9001253676447022
1213125,0.8371389521415273
171335,0.8922110239964357
1103870,0.7820559778575482
429973,0.847797070292359
