UE ID,Internet usage
653446,0.9948287833374897
153837,0.9508182158691827
725788,1.0024621715084385
1213125,0.9394757560052635
171335,0.9945478278557383
1103870,0.884392781716851
429973,0.9501338741516617
