UE ID,Internet usage
653446,0.3857986897888487
153837,0.3417881223192117
725788,0.39343207795802393
1213125,0.3304456624566224
171335,0.38551773430931396
1103870,0.27536268816998327
429973,0.34110378060523733
