UE ID,Internet usage
653446,0.744853490954171
153837,0.7008429234814306
725788,0.7524868791206862
1213125,0.6895004636219447
171335,0.7445725354724195
1103870,0.6344174893335321
429973,0.7001585817683429
