UE ID,Internet usage
653446,1.0776711387022821
153837,1.033660571233975
725788,1.0853045268732306
1213125,1.0223181113700557
171335,1.0773901832205306
1103870,0.9672351370816432
429973,1.0329762295208873
