UE ID,Internet usage
653446,0.7968147789551477
153837,0.7528042114868407
725788,0.8044481671260962
1213125,0.7414617516229214
171335,0.7965338234778297
1103870,0.6863787773389424
429973,0.7521198697737531
