UE ID,Internet usage
653446,0.9255405520329946
153837,0.8815299845646876
725788,0.9331739402039431
1213125,0.8701875247007682
171335,0.9252595965556766
1103870,0.8151045504167891
429973,0.8808456428515999
