UE ID,Internet usage
653446,1.0915909042356928
153837,1.047580336767386
725788,1.0992242924066415
1213125,1.0362378769034666
171335,1.0913099487583748
1103870,0.9811549026194876
429973,1.0468959950542982
