UE ID,Internet usage
653446,0.9014165920592629
153837,0.8574060245909558
725788,0.9090499802302116
1213125,0.8460635647270366
171335,0.9011356365775115
1103870,0.790980590438624
429973,0.8567216828734348
