UE ID,Internet usage
653446,0.9649682125004836
153837,0.920957645027743
725788,0.9726016006669987
1213125,0.9096151851682572
171335,0.964687257018732
1103870,0.8545322108798447
429973,0.9202733033146554
