UE ID,Internet usage
653446,1.0798833335939426
153837,1.035872766121202
725788,1.0875167217604578
1213125,1.0245303062617162
171335,1.079602378112191
1103870,0.9694473319733037
429973,1.0351884244081144
