UE ID,Internet usage
653446,0.5754262307491396
153837,0.531415663276399
725788,0.5830596189156547
1213125,0.5200732034169132
171335,0.575145275267388
1103870,0.4649902291285007
429973,0.5307313215633115
