UE ID,Internet usage
653446,0.3077415218414602
153837,0.2637309543713798
725788,0.3153749100106354
1213125,0.25238849450923384
171335,0.3074605663614821
1103870,0.19730552022259476
429973,0.2630466126574055
