UE ID,Internet usage
653446,0.4959778116902367
153837,0.4519672442219297
725788,0.5036111998611853
1213125,0.440624784358897
171335,0.49569685621291865
1103870,0.3855418100722579
429973,0.451282902508842
