UE ID,Internet usage
653446,0.3838626864627431
153837,0.3398521189931061
725788,0.39149607463236163
1213125,0.32850965913096014
171335,0.38358173098320836
1103870,0.273426684844321
429973,0.3391677772791317
