UE ID,Internet usage
653446,0.718189573733521
153837,0.674179006265214
725788,0.7258229619044696
1213125,0.6628365464012946
171335,0.717908618256203
1103870,0.6077535721173156
429973,0.6734946645521264
