UE ID,Internet usage
653446,0.3382445666692476
153837,0.2942339991996106
725788,0.3458779548388662
1213125,0.28289153933746464
171335,0.33796361118971285
1103870,0.22780856505038216
429973,0.2935496574856362
