UE ID,Internet usage
653446,0.46862718798083697
153837,0.4246166205107566
725788,0.47626057615178563
1213125,0.4132741606486107
171335,0.4683462324990856
1103870,0.3581911863619716
429973,0.42393227879678236
