UE ID,Internet usage,Data rate,optimal GU
653446,120.2406878630065,105.92632026026763,112.85678362815281
153837,112.84691252809857,99.4127562747535,105.91705533819514
725788,121.52309707548962,107.05606170935991,114.06044090580288
1213125,110.94137927123111,97.73407221513217,104.1285396677629
171335,120.19348734241191,105.88473884926765,112.81248166153443
1103870,101.68743959106457,89.58179202069975,95.44287854294953
429973,112.73194312017574,99.3114737011072,105.80914612855567
