UE ID,Internet usage,Data rate,optimal GU
653446,120.2406878630065,72.2875563938313,93.23038938420319
153837,112.84691252809857,67.84248907939259,87.49751671236561
725788,121.52309707548962,73.05852859895506,94.22472426663424
1213125,110.94137927123111,66.69690063329966,86.02003341881769
171335,120.19348734241191,72.25917989037859,93.19379176494154
1103870,101.68743959106457,61.1335202303424,78.84485490767338
429973,112.73194312017574,67.77337056629614,87.40837348756862
