UE ID,Internet usage,Data rate,optimal GU
653446,120.2406878630065,36.501637386984115,66.2493923559832
153837,112.84691252809857,34.25709844602992,62.17562055826705
725788,121.52309707548962,36.890940183630775,66.95596541863499
1213125,110.94137927123111,33.678632993052304,61.12572286868118
171335,120.19348734241191,36.48730865751791,66.22338613576065
1103870,101.68743959106457,30.86940130443032,56.02705043420176
429973,112.73194312017574,34.22219701862478,62.112275499703415
