UE ID,Internet usage,Data rate,optimal GU
653446,120.2406878630065,55.110315270544646,81.40333049990915
153837,112.84691252809857,51.72150157537852,76.39772093523898
725788,121.52309707548962,55.69808615959941,82.27152564096514
1213125,110.94137927123111,50.84813216598093,75.10766882189712
171335,120.19348734241191,55.08868169860546,81.37137559640672
1103870,101.68743959106457,46.6067431459046,68.84272204224233
429973,112.73194312017574,51.66880726341389,76.3198862781287
