UE ID,Internet usage,Data rate,optimal GU
653446,120.2406878630065,59.40462555136631,84.51540119138414
153837,112.84691252809857,55.751748451382035,79.31842585920161
725788,121.52309707548962,60.03819676943833,85.41678766056354
1213125,110.94137927123111,54.81032428281061,77.97905471495831
171335,120.19348734241191,59.381306246548746,84.4822246435334
1103870,101.68743959106457,50.23843741701405,71.47459737551583
429973,112.73194312017574,55.69494808913445,79.23761556272025
