UE ID,Internet usage,Data rate,optimal GU
653446,120.2406878630065,60.83606231164019,85.52759776369463
153837,112.84691252809857,57.095164076716536,80.2683809874266
725788,121.52309707548962,61.484900306051294,86.43977966520434
1213125,110.94137927123111,56.1310549884205,78.91296889843068
171335,120.19348734241191,60.81218109586317,85.4940238777547
1103870,101.68743959106457,51.44900217405053,72.33061108959548
429973,112.73194312017574,57.03699503104129,80.18660286846608
