UE ID,Internet usage,Data rate,optimal GU
653446,120.2406878630065,107.35775702054151,113.61677055602058
153837,112.84691252809857,100.756171900088,106.63030956100285
725788,121.52309707548962,108.50276524597287,114.82853336146648
1213125,110.94137927123111,99.05480292074206,104.82974987791918
171335,120.19348734241191,107.31561369858206,113.57217025628985
1103870,101.68743959106457,90.79235677773622,96.08559879173588
429973,112.73194312017574,100.65352064301405,106.52167368180851
