UE ID,Internet usage,Data rate,optimal GU
653446,120.2406878630065,52.963160130133815,79.8017970063698
153837,112.84691252809857,49.70637813737675,74.89466807294859
725788,121.52309707548962,53.528030854679955,80.65291122962068
1213125,110.94137927123111,48.867036107566086,73.62999651412754
171335,120.19348734241191,52.942369424633824,79.77047078535404
1103870,101.68743959106457,44.790896010349876,67.48830663368365
429973,112.73194312017574,49.6557368505536,74.81836473906004
