UE ID,Internet usage,Data rate,optimal GU
653446,120.2406878630065,117.37781434245872,118.80062767676569
153837,112.84691252809857,110.16008127742955,111.49540374384193
725788,121.52309707548962,118.62969000226367,120.0676781410398
1213125,110.94137927123111,108.29991786001132,109.61269206780159
171335,120.19348734241191,117.33173764378306,118.7539924522592
1103870,101.68743959106457,99.2663100769916,100.4695820105865
429973,112.73194312017574,110.04784923636203,111.38181126472688
