UE ID,Internet usage,Data rate,optimal GU
653446,120.2406878630065,110.93634892122623,115.49486093891251
153837,112.84691252809857,104.11471096342427,108.39291342600679
725788,121.52309707548962,112.11952408750528,116.72665423862539
1213125,110.94137927123111,102.35662968476679,106.56259040949908
171335,120.19348734241191,110.89280082186812,115.44952339419947
1103870,101.68743959106457,93.81876867032743,97.67389810830723
429973,112.73194312017574,104.00863799778118,108.28248179079023
