UE ID,Internet usage,Data rate,optimal GU
653446,120.2406878630065,76.58186667465296,95.95965989306822
153837,112.84691252809857,71.87273595539611,90.05896039547487
725788,121.52309707548962,77.39863920879398,96.98310340508324
1213125,110.94137927123111,70.65909275012935,88.5382245572679
171335,120.19348734241191,76.55180443832188,95.92199089779274
1103870,101.68743959106457,64.76521450145185,81.15299647714016
429973,112.73194312017574,71.7995113920167,89.96720754975803
