UE ID,Internet usage,Data rate,optimal GU
653446,120.2406878630065,15.745804363012756,43.51191041042651
153837,112.84691252809857,14.777571878679574,40.83629955286158
725788,121.52309707548962,15.913738902742686,43.975980233668416
1213125,110.94137927123111,14.528037761708836,40.146737692974604
171335,120.19348734241191,15.739623342458703,43.494829796036
1103870,101.68743959106457,13.316212327401313,36.79798277928303
429973,112.73194312017574,14.762516360975395,40.79469517861534
