UE ID,Internet usage,Data rate,optimal GU
653446,120.2406878630065,113.08350406163707,116.60719666611632
153837,112.84691252809857,106.12983440142605,109.43685000638182
725788,121.52309707548962,114.28957939242477,117.8508534174552
1213125,110.94137927123111,104.33772574318165,107.58889907407739
171335,120.19348734241191,113.03911309583978,116.56142247365673
1103870,101.68743959106457,95.63461580588216,98.61459941395754
429973,112.73194312017574,106.02170841064148,109.32535479957197
