UE ID,Internet usage,Data rate,optimal GU
653446,120.2406878630065,17.892959503423587,46.383852347520374
153837,112.84691252809857,16.792695316681336,43.53164158991192
725788,121.52309707548962,18.083794207662145,46.878552441291355
1213125,110.94137927123111,16.50913382012368,42.79656617741486
171335,120.19348734241191,17.885935616430345,46.36564435140112
1103870,101.68743959106457,15.132059462956038,39.22678144492279
429973,112.73194312017574,16.775586773835677,43.487291177947796
