UE ID,Internet usage,Data rate,optimal GU
653446,120.2406878630065,79.44474019520072,97.73684161138407
153837,112.84691252809857,74.55956720606513,91.72686061691917
725788,121.52309707548962,80.29204628201992,98.77923939127903
1213125,110.94137927123111,73.30055416134913,90.17796061125829
171335,120.19348734241191,79.41355413695072,97.69847498285493
1103870,101.68743959106457,67.18634401552481,82.65595742850701
429973,112.73194312017574,74.4836052758304,91.6334085000691
