UE ID,Internet usage,Data rate,optimal GU
653446,120.2406878630065,0.7157183801369434,9.276770469504076
153837,112.84691252809857,0.6717078126672534,8.706328317982384
725788,121.52309707548962,0.7233517683064858,9.375710488258271
1213125,110.94137927123111,0.6603653528049471,8.559313235482973
171335,120.19348734241191,0.7154374246572137,9.273128870280225
1103870,101.68743959106457,0.6052823785182415,7.845356288984559
429973,112.73194312017574,0.6710234709534271,8.697458235589558
