UE ID,Internet usage,Data rate,optimal GU
653446,120.2406878630065,87.3176423767071,102.46527890925427
153837,112.84691252809857,81.94835314540492,96.16453940627616
725788,121.52309707548962,88.24891573339127,103.55810713544165
1213125,110.94137927123111,80.56457304220355,94.54070474509858
171335,120.19348734241191,87.28336580818008,102.42505613114693
1103870,101.68743959106457,73.84445017922546,86.65479252029496
429973,112.73194312017574,81.8648634563181,96.0665661439952
