UE ID,Internet usage
297359,0.8827396014576624
1213304,0.914927904301593
1057679,0.8697176360723118
57521,0.9155818503462633
448646,0.7791879581473956
15184,0.8517900758698318
902975,0.8456347099900358
