UE ID,Internet usage
297359,1.0161691487159075
1213304,1.048357451559838
1057679,1.00314718333499
57521,1.0490113976045083
448646,0.9126175054056408
15184,0.9852196231325103
902975,0.9790642572482808
