UE ID,Internet usage
297359,0.5112919003835538
1213304,0.5434802032274841
1057679,0.4982699350026363
57521,0.5441341492721545
448646,0.4077402570732869
15184,0.480342374795723
902975,0.4741870089159269
