UE ID,Internet usage
297359,0.6170282413983099
1213304,0.6492165442422402
1057679,0.604006276012959
57521,0.6498704902869106
448646,0.5134765980880431
15184,0.5860787158104792
902975,0.5799233499306831
