UE ID,Internet usage
297359,0.669514343528697
1213304,0.7017026463726275
1057679,0.6564923781477796
57521,0.7023565924172979
448646,0.5659627002184302
15184,0.6385648179452997
902975,0.6324094520610702
