UE ID,Internet usage
297359,0.7873789928996598
1213304,0.8195672957435902
1057679,0.774357027514309
57521,0.8202212417882607
448646,0.6838273495893931
15184,0.7564294673118293
902975,0.7502741014320331
