UE ID,Internet usage
297359,0.8773017455222409
1213304,0.9094900483661713
1057679,0.8642797801368901
57521,0.9101439944108418
448646,0.7737501022119742
15184,0.8463522199344102
902975,0.8401968540546142
