UE ID,Internet usage
297359,0.7430705172715528
1213304,0.7752588201154831
1057679,0.7300485518862019
57521,0.7759127661601536
448646,0.6395188739612859
15184,0.712120991683722
902975,0.705965625803926
