UE ID,Internet usage
297359,0.7084611503607456
1213304,0.740649453204676
1057679,0.6954391849753948
57521,0.7413033992493464
448646,0.6049095070504789
15184,0.6775116247729149
902975,0.6713562588931189
