UE ID,Internet usage
297359,0.693733334183635
1213304,0.7259216370275654
1057679,0.6807113688027177
57521,0.7265755830722359
448646,0.5901816908733682
15184,0.6627838086002378
902975,0.6566284427160084
