UE ID,Internet usage
297359,0.9068635614313941
1213304,0.9390518642753245
1057679,0.8938415960504766
57521,0.939705810319995
448646,0.8033119181211273
15184,0.8759140358479969
902975,0.8697586699637674
