UE ID,Internet usage
297359,0.42591028955509563
1213304,0.4580985923972527
1057679,0.41288832417151816
57521,0.4587525384419231
448646,0.32235864624394217
15184,0.39496076396815166
902975,0.38880539808658227
