UE ID,Internet usage
297359,0.6871721726388659
1213304,0.7193604754827962
1057679,0.674150207253515
57521,0.7200144215274666
448646,0.5836205293285991
15184,0.6562226470510352
902975,0.650067281171239
