UE ID,Internet usage
297359,0.6346335304296864
1213304,0.6668218332736168
1057679,0.6216115650487689
57521,0.6674757793182872
448646,0.5310818871194196
15184,0.6036840048462891
902975,0.5975286389620597
