UE ID,Internet usage
297359,0.34435834833859874
1213304,0.3765466511820858
1057679,0.3313363829550212
57521,0.3772005972271995
448646,0.24080670502744525
15184,0.3134088227516547
902975,0.30725345687008526
