UE ID,Internet usage
297359,0.8739118919607709
1213304,0.9061001948047014
1057679,0.8608899265798535
57521,0.9067541408493717
448646,0.7703602486505041
15184,0.8429623663729403
902975,0.8368070004931443
