UE ID,Internet usage
297359,1.0134586163189307
1213304,1.0456469191584277
1057679,1.0004366509335798
57521,1.0463008652075314
448646,0.9099069730042305
15184,0.9825090907311
902975,0.9763537248468706
