UE ID,Internet usage
297359,0.6995125831319206
1213304,0.7317008859758509
1057679,0.6864906177510032
57521,0.7323548320205214
448646,0.5959609398216538
15184,0.6685630575485233
902975,0.6624076916642938
