UE ID,Internet usage
297359,0.3028955191967792
1213304,0.3350838220398229
1057679,0.28987355381320173
57521,0.33573776808538
448646,0.19934387588562574
15184,0.2719459936098352
902975,0.2657906277282657
