UE ID,Internet usage
297359,0.6737536374970244
1213304,0.7059419403409547
1057679,0.660731672116107
57521,0.7065958863856251
448646,0.5702019941867577
15184,0.6428041119091937
902975,0.6366487460293976
