UE ID,Internet usage
297359,0.6434713219620913
1213304,0.6756596248060217
1057679,0.6304493565811738
57521,0.6763135708506921
448646,0.5399196786518246
15184,0.6125217963786941
902975,0.6063664304944645
