UE ID,Internet usage
297359,0.33756059787751697
1213304,0.369748900721004
1057679,0.3245386324939395
57521,0.3704028467661178
448646,0.2340089545663635
15184,0.306611072290573
902975,0.30045570640900354
