UE ID,Internet usage
297359,0.8166246087504254
1213304,0.8488129115943559
1057679,0.8036026433650746
57521,0.8494668576390262
448646,0.7130729654401586
15184,0.7856750831625948
902975,0.7795197172827986
