UE ID,Internet usage
297359,0.9930324245917442
1213304,1.0252207274356746
1057679,0.9800104592063934
57521,1.025874673480345
448646,0.8894807812814775
15184,0.9620828990039135
902975,0.9559275331241175
