UE ID,Internet usage,Data rate,optimal GU
297359,117.10295344193548,50.88402143607911,77.1924166817416
1213304,122.51058831961068,53.233767543640354,80.7570441524501
1057679,114.9152632574873,49.93341796307484,75.75032587766795
57521,122.62045125521547,53.28150560494482,80.82946406376593
448646,99.70627736570107,43.32475147438201,65.72480267984682
15184,111.90343314335497,48.62470606824353,73.76497505336104
902975,110.86933167526631,48.175364358895486,73.08331170440476
