UE ID,Internet usage,Data rate,optimal GU
297359,117.10295344193548,78.76567701749231,96.04006147749975
1213304,122.51058831961068,82.40295523878575,100.47504429249179
1057679,114.9152632574873,77.29419492914323,94.245863349847
57521,122.62045125521547,82.47685114190088,100.5651465724041
448646,99.70627736570107,67.06434132335845,81.77246368634631
15184,111.90343314335497,75.26838062618519,91.77576041205494
902975,110.86933167526631,74.57282428157794,90.92765909906412
