UE ID,Internet usage,Data rate,optimal GU
297359,117.10295344193548,80.15975979656298,96.88624576983901
1213304,122.51058831961068,83.86141462354303,101.36030407829813
1057679,114.9152632574873,78.66223377744666,95.07623942372402
57521,122.62045125521547,83.93661841874868,101.45120022623584
448646,99.70627736570107,68.25132081580728,82.49293984236668
15184,111.90343314335497,76.60056435408228,92.58437304394467
902975,110.86933167526631,75.89269727771206,91.72879932830932
