UE ID,Internet usage,Data rate,optimal GU
297359,117.10295344193548,87.13017369191628,101.01089383443859
1213304,122.51058831961068,91.15371154732937,105.67542206766628
1057679,114.9152632574873,85.50242801896376,99.12383177093982
57521,122.62045125521547,91.23545480298769,105.77018785280268
448646,99.70627736570107,74.18621827805138,86.00483507538303
15184,111.90343314335497,83.26148299356768,96.52588148049874
902975,110.86933167526631,82.49206225838266,95.63388422050704
