UE ID,Internet usage,Data rate,optimal GU
297359,117.10295344193548,79.46271840702765,96.46408147071006
1213304,122.51058831961068,83.13218493116439,100.91864487898964
1057679,114.9152632574873,77.97821435329496,94.66196190000325
57521,122.62045125521547,83.2067347803248,101.00914496339655
448646,99.70627736570107,67.65783106958287,82.13349177153968
15184,111.90343314335497,75.93447249013374,92.18095337745
902975,110.86933167526631,75.232760779645,91.32910766959475
