UE ID,Internet usage,Data rate,optimal GU
297359,117.10295344193548,46.70177309886712,73.95211667594425
1213304,122.51058831961068,48.85838938936854,77.36711205958359
1057679,114.9152632574873,45.829301418164576,72.57056040416884
57521,122.62045125521547,48.90220377440141,77.4364920059761
448646,99.70627736570107,39.763812997035544,62.9658778053661
15184,111.90343314335497,44.62815488455228,70.6685484953157
902975,110.86933167526631,44.21574537049311,70.0154992751628
