UE ID,Internet usage,Data rate,optimal GU
297359,117.10295344193548,4.879289726747312,23.903540275469755
1213304,122.51058831961068,5.1046078466504445,25.00736912260158
1057679,114.9152632574873,4.788135969061971,23.45697988653698
57521,122.62045125521547,5.109185468967311,25.029794800424582
448646,99.70627736570107,4.154428223570878,20.35245864153161
15184,111.90343314335497,4.662643047639791,22.842192638905928
902975,110.86933167526631,4.619555486469429,22.631107560649244
