UE ID,Internet usage,Data rate,optimal GU
297359,117.10295344193548,35.549110866301845,64.52058489101557
1213304,122.51058831961068,37.19071431131039,67.50004659483726
1057679,114.9152632574873,34.88499063173722,63.31522630600842
57521,122.62045125521547,37.224065559618985,67.56057812418574
448646,99.70627736570107,30.26797705744497,54.93548321247648
15184,111.90343314335497,33.97068506137562,61.655788735524375
902975,110.86933167526631,33.656761401420134,61.08602657670042
