UE ID,Internet usage,Data rate,optimal GU
297359,117.10295344193548,48.79289726747312,75.58963141205311
1213304,122.51058831961068,51.04607846650445,79.0802447159875
1057679,114.9152632574873,47.88135969061971,74.1774834702149
57521,122.62045125521547,51.09185468967311,79.15116093598131
448646,99.70627736570107,41.54428223570878,64.3601252916163
15184,111.90343314335497,46.62643047639791,72.23335549127482
902975,110.86933167526631,46.195554864694294,71.5658458639088
