UE ID,Internet usage,Data rate,optimal GU
297359,117.10295344193548,26.487572802342548,55.69356340424444
1213304,122.51058831961068,27.710728310388127,58.26540678713692
1057679,114.9152632574873,25.992738117764983,54.65310918498496
57521,122.62045125521547,27.73557826010826,58.31765703523092
448646,99.70627736570107,22.55261035652762,47.419793583782344
15184,111.90343314335497,25.311490830044576,53.22069824662709
902975,110.86933167526631,25.077586926548328,52.72888489788883
