UE ID,Internet usage,Data rate,optimal GU
297359,117.10295344193548,73.18934590120968,92.5780134022926
1213304,122.51058831961068,76.56911769975667,96.85312414429751
1057679,114.9152632574873,71.82203953592956,90.84849245288007
57521,122.62045125521547,76.63778203450967,96.9399784210334
448646,99.70627736570107,62.31642335356317,78.82473337302716
15184,111.90343314335497,69.93964571459685,88.46743168134431
902975,110.86933167526631,69.29333229704145,87.64990268862329
