UE ID,Internet usage,Data rate,optimal GU
297359,117.10295344193548,88.52425647098694,101.8157742395742
1213304,122.51058831961068,92.61217093208664,106.51747061607443
1057679,114.9152632574873,86.87046686726718,99.91367558724299
57521,122.62045125521547,92.6952220798355,106.61299151900693
448646,99.70627736570107,75.37319777050021,86.69014340076579
15184,111.90343314335497,84.59366672146477,97.29502417038954
902975,110.86933167526631,83.81193525451678,96.39591925013717
