UE ID,Internet usage,Data rate,optimal GU
297359,117.10295344193548,31.36686252908986,60.60653630066315
1213304,122.51058831961068,32.81533615703857,63.40525324059977
1057679,114.9152632574873,30.780874086826955,59.474299062563894
57521,122.62045125521547,32.844763729075574,63.46211271168161
448646,99.70627736570107,26.7070385800985,51.602901045229814
15184,111.90343314335497,29.974133877684366,57.91552888829924
902975,110.86933167526631,29.69714241301776,57.38033053230423
