UE ID,Internet usage,Data rate,optimal GU
297359,117.10295344193548,37.64023503490783,66.39113412825782
1213304,122.51058831961068,39.37840338844629,69.45697492840806
1057679,114.9152632574873,36.937048904192345,65.1508303767492
57521,122.62045125521547,39.413716474890684,69.51926135824672
448646,99.70627736570107,32.0484462961182,56.528145870358564
15184,111.90343314335497,35.96896065322124,63.44328320392718
902975,110.86933167526631,35.63657089562131,62.85700277929088
