UE ID,Internet usage,Data rate,optimal GU
297359,117.10295344193548,59.24851811050307,83.2957169234884
1213304,122.51058831961068,61.98452385218397,87.1421854433431
1057679,114.9152632574873,58.141651052895355,81.73960568150811
57521,122.62045125521547,62.040109266031635,87.2203313117055
448646,99.70627736570107,50.44662842907494,70.92140386592617
15184,111.90343314335497,56.617808435626024,79.59728098998959
902975,110.86933167526631,56.094602335700216,78.86172120584813
