UE ID,Internet usage,Data rate,optimal GU
297359,117.10295344193548,73.886387290745,93.01781641653886
1213304,122.51058831961068,77.2983473921353,97.31323658754825
1057679,114.9152632574873,72.50605896008126,91.28007916933811
57521,122.62045125521547,77.36766567293357,97.40050347599728
448646,99.70627736570107,62.90991309978757,79.19919977234348
15184,111.90343314335497,70.6057375785454,88.8877068815369
902975,110.86933167526631,69.9532687951085,88.06629411877135
