UE ID,Internet usage,Data rate,optimal GU
297359,117.10295344193548,98.28283592448157,107.28098787486043
1213304,122.51058831961068,102.82138662538753,112.23505943917156
1057679,114.9152632574873,96.44673880539113,105.27678937043834
57521,122.62045125521547,102.91359301777013,112.33570766294467
448646,99.70627736570107,83.68205421764198,91.3434513709431
15184,111.90343314335497,93.91895281674435,102.51757535867917
902975,110.86933167526631,93.05104622745566,101.57020875691022
