UE ID,Internet usage,Data rate,optimal GU
297359,117.10295344193548,110.1325395465822,113.56427981969301
1213304,122.51058831961068,115.21829139582434,118.80850417408165
1057679,114.9152632574873,108.0750690159702,111.442698314162
57521,122.62045125521547,115.32161487097646,118.91504721842102
448646,99.70627736570107,93.77137990345697,96.69330490586516
15184,111.90343314335497,105.24251450386957,108.52188113750303
902975,110.86933167526631,104.26996669459571,107.5190286471753
