UE ID,Internet usage,Data rate,optimal GU
297359,117.10295344193548,9.758579453494624,33.804710846300836
1213304,122.51058831961068,10.209215693300889,35.36576057245332
1057679,114.9152632574873,9.576271938123941,33.173179087853505
57521,122.62045125521547,10.218370937934623,35.39747527017602
448646,99.70627736570107,8.308856447141755,28.7827230384915
15184,111.90343314335497,9.325286095279582,32.30373862427964
902975,110.86933167526631,9.239110972938859,32.00521924379445
