UE ID,Internet usage,Data rate,optimal GU
297359,117.10295344193548,41.12544198258448,69.39676302080386
1213304,122.51058831961068,43.02455185033946,72.601399155751
1057679,114.9152632574873,40.35714602495089,68.10030880824323
57521,122.62045125521547,43.063134667010196,72.66650538819728
448646,99.70627736570107,35.015895027240255,59.087262094247436
15184,111.90343314335497,39.299419972963946,66.31545834507367
902975,110.86933167526631,38.93625338595662,65.7026361026697
