UE ID,Internet usage,Data rate,optimal GU
297359,117.10295344193548,83.64496674423964,98.97005934272717
1213304,122.51058831961068,87.5075630854362,103.54034496761267
1057679,114.9152632574873,82.08233089820521,97.12112367531296
57521,122.62045125521547,87.5860366108682,103.63319609507603
448646,99.70627736570107,71.21876954692934,84.26718453876386
15184,111.90343314335497,79.93102367382498,94.57566263983456
902975,110.86933167526631,79.19237976804737,93.70168738425842
