UE ID,Internet usage,Data rate,optimal GU
297359,117.10295344193548,105.25324981983488,111.02011715569628
1213304,122.51058831961068,110.11368354917389,116.14685597832052
1057679,114.9152632574873,103.28693304690823,108.94606510628975
57521,122.62045125521547,110.21242940200915,116.25101215562788
448646,99.70627736570107,89.61695167988609,94.52710003413493
15184,111.90343314335497,100.57987145622978,106.09068253654252
902975,110.86933167526631,99.65041120812627,105.11029679251423
