UE ID,Internet usage,Data rate,optimal GU
297359,117.10295344193548,14.637869180241935,41.40214623788257
1213304,122.51058831961068,15.313823539951334,43.31403388397507
1057679,114.9152632574873,14.364407907185912,40.628680955603286
57521,122.62045125521547,15.327556406901934,43.352876297358684
448646,99.70627736570107,12.463284670712634,35.251492426077
15184,111.90343314335497,13.987929142919372,39.56383820686088
902975,110.86933167526631,13.858666459408289,39.19822812660065
