UE ID,Internet usage,Data rate,optimal GU
297359,117.10295344193548,6.273372505817972,27.104067009818287
1213304,122.51058831961068,6.5630672314077145,28.355691275313983
1057679,114.9152632574873,6.1561748173653905,26.597715123608975
57521,122.62045125521547,6.568952745815114,28.381119603814717
448646,99.70627736570107,5.3414077160197,23.077518914665763
15184,111.90343314335497,5.994826775536874,25.900611909417986
902975,110.86933167526631,5.939428482603552,25.661263928327788
