UE ID,Internet usage
394514,1.005463563588798
669190,1.0463568777774974
299624,1.0119978525462325
140143,0.9725625864926472
501171,1.038938453116805
499032,1.0049609503694383
514159,0.972698532351262
