UE ID,Internet usage
394514,0.6915175304062213
669190,0.7324108445949208
299624,0.6980518193592224
140143,0.6586165533100703
501171,0.7249924199342284
499032,0.6910149171868618
514159,0.6587524991686854
