UE ID,Internet usage
394514,0.33636329561112605
669190,0.3772566098002688
299624,0.3428975845663439
140143,0.30346231851541844
501171,0.36983818513735967
499032,0.33586068239132316
514159,0.3035982643731468
