UE ID,Internet usage
394514,0.6990991068006556
669190,0.7399924209893549
299624,0.7056333957536567
140143,0.6661981297045046
501171,0.7325739963286625
499032,0.6985964935812959
514159,0.6663340755631196
