UE ID,Internet usage
394514,0.6395054950739315
669190,0.6803988092626309
299624,0.6460397840269326
140143,0.6066045179777805
501171,0.672980384597505
499032,0.6390028818545719
514159,0.6067404638363955
