UE ID,Internet usage
394514,0.376246459031761
669190,0.41713977322090384
299624,0.3827807479874223
140143,0.3433454819360534
501171,0.40972134855843806
499032,0.3757438458124015
514159,0.3434814277942251
