UE ID,Internet usage
394514,0.3513144282444244
669190,0.3922077424335671
299624,0.3578487171996422
140143,0.3184134511487167
501171,0.384789317770658
499032,0.35081181502462144
514159,0.3185493970068884
