UE ID,Internet usage
394514,0.7366315853048925
669190,0.777524899493592
299624,0.7431658742623272
140143,0.7037306082087416
501171,0.7701064748328996
499032,0.7361289720855331
514159,0.7038665540673567
