UE ID,Internet usage
394514,1.0649188609083933
669190,1.1058121750970926
299624,1.0714531498613944
140143,1.0320178838122422
501171,1.0983937504364003
499032,1.0644162476890338
514159,1.0321538296708574
