UE ID,Internet usage
394514,1.0088395724730963
669190,1.0497328866662292
299624,1.0153738614305308
140143,0.9759385953813787
501171,1.0423144620011031
499032,1.0083369592537366
514159,0.9760745412355603
