UE ID,Internet usage
394514,0.4138342955192704
669190,0.45472760970974324
299624,0.4203685844749316
140143,0.3809333184235628
501171,0.44730918504461736
499032,0.41333168229991085
514159,0.3810692642817345
