UE ID,Internet usage
394514,1.0288229529217177
669190,1.069716267110417
299624,1.0353572418747188
140143,0.9959219758255665
501171,1.0622978424452911
499032,1.028320339702358
514159,0.9960579216841816
