UE ID,Internet usage
394514,0.5402998811075174
669190,0.5811931952962167
299624,0.5468341700649518
140143,0.5073989040113663
501171,0.5737747706355243
499032,0.5397972678881577
514159,0.5075348498699813
