UE ID,Internet usage
394514,0.9804272171163213
669190,1.0213205313050207
299624,0.9869615060693223
140143,0.9475262400201703
501171,1.013902106639895
499032,0.9799246038969618
514159,0.9476621858787854
