UE ID,Internet usage
394514,0.8243302261751037
669190,0.8652235403638031
299624,0.8308645151325383
140143,0.7914292490789527
501171,0.8578051157031107
499032,0.8238276129557441
514159,0.7915651949375677
