UE ID,Internet usage
394514,1.0122553709126536
669190,1.0531486851013532
299624,1.0187896598700883
140143,0.9793543938165027
501171,1.0457302604406606
499032,1.011752757693294
514159,0.9794903396751178
