UE ID,Internet usage
394514,0.9244271390806176
669190,0.965320453269317
299624,0.9309614280380522
140143,0.8915261619844665
501171,0.9579020286086246
499032,0.9239245258612581
514159,0.8916621078430816
