UE ID,Internet usage
394514,0.2949004664688632
669190,0.33579378065844934
299624,0.3014347554245244
140143,0.2619994893731556
501171,0.32837535599554024
499032,0.2943978532495036
514159,0.26213543523132726
