UE ID,Internet usage
394514,0.6615192908029978
669190,0.7024126049916971
299624,0.6680535797604323
140143,0.6286183137068467
501171,0.6949941803310048
499032,0.6610166775836381
514159,0.6287542595654618
