UE ID,Internet usage
394514,0.7152153457564783
669190,0.7561086599451778
299624,0.721749634713913
140143,0.6823143686603274
501171,0.7486902352844854
499032,0.7147127325371186
514159,0.6824503145189423
