UE ID,Internet usage
394514,0.7104025844996127
669190,0.751295898688312
299624,0.7169368734526138
140143,0.6775016074034617
501171,0.7438774740231863
499032,0.7098999712802531
514159,0.6776375532620768
