UE ID,Internet usage
394514,0.7773540662911069
669190,0.8182473804842396
299624,0.7838883552485414
140143,0.7444530891993894
501171,0.8108289558191139
499032,0.7768514530717473
514159,0.744589035053571
