UE ID,Internet usage
394514,1.0100057803557532
669190,1.0508990945444525
299624,1.0165400693087543
140143,0.9771048032596024
501171,1.0434806698793269
499032,1.0095031671363937
514159,0.9772407491182173
