UE ID,Internet usage,Data rate,optimal GU
394514,115.75978458367834,94.39934814264245,104.53539212071645
669190,122.6298613674849,100.00173218657994,110.73932704576389
299624,116.85754512823391,95.2945457295717,105.52671073272384
140143,110.23242043162958,89.89191428055507,99.54397665543684
501171,121.38356602416138,98.98540800779827,109.61387598448991
499032,115.67534556281488,94.33049013158119,104.45914054346969
514159,110.2552593357666,89.91053886309537,99.5646010355543
