UE ID,Internet usage,Data rate,optimal GU
394514,115.75978458367834,11.024741388921747,35.724245104303385
669190,122.6298613674849,11.679034415950943,37.84439682877968
299624,116.85754512823391,11.129290012212753,36.06302136326565
140143,110.23242043162958,10.498325755393292,34.01846349406038
501171,121.38356602416138,11.560339621348703,37.45978173574572
499032,115.67534556281488,11.016699577410941,35.69818665672988
514159,110.2552593357666,10.500500889120628,34.02551173289599
