UE ID,Internet usage,Data rate,optimal GU
394514,115.75978458367834,77.17318972245222,94.51746832150344
669190,122.6298613674849,81.7532409116566,100.12686252619247
299624,116.85754512823391,77.90503008548927,95.41378605281044
140143,110.23242043162958,73.48828028775306,90.00439438981316
501171,121.38356602416138,80.92237734944092,99.10926663954265
499032,115.67534556281488,77.11689704187658,94.44852414967156
514159,110.2552593357666,73.5035062238444,90.02304227695318
