UE ID,Internet usage,Data rate,optimal GU
394514,115.75978458367834,92.33220913221962,103.38450870067953
669190,122.6298613674849,97.81191323358915,109.5201413436063
299624,116.85754512823391,93.2078038522818,104.36491338075069
140143,110.23242043162958,87.92347820141883,98.44804627269157
501171,121.38356602416138,96.81784432879539,108.40708094677817
499032,115.67534556281488,92.26485896081662,103.30909661591684
514159,110.2552593357666,87.94169494638525,98.4684435884948
