UE ID,Internet usage,Data rate,optimal GU
394514,115.75978458367834,26.183760798689146,55.054759191615915
669190,122.6298613674849,27.73770673788349,58.322132436311044
299624,116.85754512823391,26.432063779005286,55.57684847027103
140143,110.23242043162958,24.93352366905907,52.42597318056868
501171,121.38356602416138,27.455806600703166,57.72940076999811
499032,115.67534556281488,26.164661496350984,55.01460042683649
514159,110.2552593357666,24.938689611661488,52.4368352461123
