UE ID,Internet usage,Data rate,optimal GU
394514,115.75978458367834,95.08839447945006,104.91621448255253
669190,122.6298613674849,100.73167183757688,111.14275033827909
299624,116.85754512823391,95.990126355335,105.91114446758394
140143,110.23242043162958,90.54805964026714,99.90661529415456
501171,121.38356602416138,99.70792923413256,110.0131992595604
499032,115.67534556281488,95.01903385516937,104.83968512086214
514159,110.2552593357666,90.56682016866542,99.92731480887467
