UE ID,Internet usage,Data rate,optimal GU
394514,115.75978458367834,41.34278020845655,69.17970317239943
669190,122.6298613674849,43.79637905981604,73.28535933256424
299624,116.85754512823391,41.73483754579783,69.83574057692509
140143,110.23242043162958,39.36872158272485,65.87647128803042
501171,121.38356602416138,43.35127358005764,72.54055540755398
499032,115.67534556281488,41.312623415291036,69.12924120565933
514159,110.2552593357666,39.37687833420236,65.89012014384562
