UE ID,Internet usage,Data rate,optimal GU
394514,115.75978458367834,35.14136317718807,63.780534894026225
669190,122.6298613674849,37.22692220084363,67.56576284352602
299624,116.85754512823391,35.47461191392815,64.38537149569336
140143,110.23242043162958,33.46341334531613,60.73510557295749
501171,121.38356602416138,36.84858254304899,66.87908755366618
499032,115.67534556281488,35.11572990299738,63.73401125944996
514159,110.2552593357666,33.470346584072004,60.74768919625543
