UE ID,Internet usage,Data rate,optimal GU
394514,115.75978458367834,102.66790418433378,109.01749617394543
669190,122.6298613674849,108.76100799854316,115.48743365859883
299624,116.85754512823391,103.64151323873128,110.05131898552372
140143,110.23242043162958,97.76565859710004,103.81206665051367
501171,121.38356602416138,107.6556627238098,114.31372727765645
499032,115.67534556281488,102.5930148146394,108.93797520155402
514159,110.2552593357666,97.78591452993585,103.83357533034864
