UE ID,Internet usage,Data rate,optimal GU
394514,115.75978458367834,97.8445798266805,106.42587788417372
669190,122.6298613674849,103.65143044156463,112.74200878816457
299624,116.85754512823391,98.77244885838819,107.43512414427263
140143,110.23242043162958,93.17264107911548,101.34419442749731
501171,121.38356602416138,102.59801413946974,111.59620434067713
499032,115.67534556281488,97.7732087495221,106.3482473239978
514159,110.2552593357666,93.19194539094558,101.36519179226813
