UE ID,Internet usage,Data rate,optimal GU
394514,115.75978458367834,81.30746774329788,97.0161581954704
669190,122.6298613674849,86.13287881763821,102.7738438932268
299624,116.85754512823391,82.07851384006905,97.93617122965468
140143,110.23242043162958,77.42515244602554,92.38377539597145
501171,121.38356602416138,85.25750470744669,101.72934656091921
499032,115.67534556281488,81.24815938340569,96.94539139648731
514159,110.2552593357666,77.44119405726464,92.40291626380164
