UE ID,Internet usage,Data rate,optimal GU
394514,115.75978458367834,28.939946145919585,57.87989229183917
669190,122.6298613674849,30.657465341871227,61.31493068374245
299624,116.85754512823391,29.214386282058477,58.428772564116954
140143,110.23242043162958,27.558105107907394,55.11621021581479
501171,121.38356602416138,30.345891506040346,60.69178301208069
499032,115.67534556281488,28.91883639070372,57.83767278140744
514159,110.2552593357666,27.56381483394165,55.1276296678833
