UE ID,Internet usage,Data rate,optimal GU
394514,115.75978458367834,91.64316279541202,102.99802320318513
669190,122.6298613674849,97.08197358259223,109.11071882136565
299624,116.85754512823391,92.51222322651851,103.97476280620282
140143,110.23242043162958,87.26733284170676,98.08001490494368
501171,121.38356602416138,96.0953231024611,108.00181941254836
499032,115.67534556281488,91.57631523722846,102.92289303374478
514159,110.2552593357666,87.28541364081522,98.10033596883214
