UE ID,Internet usage,Data rate,optimal GU
394514,115.75978458367834,53.74561427099352,78.8769974728227
669190,122.6298613674849,56.93529277776085,83.5581657305495
299624,116.85754512823391,54.25528880953718,79.62499519940867
140143,110.23242043162958,51.1793380575423,75.11073365486124
501171,121.38356602416138,56.35665565407493,82.70895859873544
499032,115.67534556281488,53.70641043987834,78.81946197844347
514159,110.2552593357666,51.18994183446306,75.12629574484245
