UE ID,Internet usage,Data rate,optimal GU
394514,115.75978458367834,74.4170043752218,92.81431137404577
669190,122.6298613674849,78.83348230766887,98.32262713386736
299624,116.85754512823391,75.12270758243608,93.69447791342691
140143,110.23242043162958,70.86369884890473,88.38256075070947
501171,121.38356602416138,78.03229244410375,97.3233678101284
499032,115.67534556281488,74.36272214752385,92.74660954130026
514159,110.2552593357666,70.87838100156424,88.4008726123602
