UE ID,Internet usage,Data rate,optimal GU
394514,115.75978458367834,111.6255065628327,113.6738518471046
669190,122.6298613674849,118.25022346150331,120.42013332395153
299624,116.85754512823391,112.68406137365413,114.75183130218214
140143,110.23242043162958,106.2955482733571,108.24608799988698
501171,121.38356602416138,117.04843866615562,119.19629559201202
499032,115.67534556281488,111.54408322128579,113.59093437466572
514159,110.2552593357666,106.31757150234637,108.26851535852936
