UE ID,Internet usage,Data rate,optimal GU
394514,115.75978458367834,68.2155873439533,88.86293769724884
669190,122.6298613674849,72.26402544869646,94.13674852378347
299624,116.85754512823391,68.8624819505664,89.70563300139243
140143,110.23242043162958,64.958390611496,84.61985951565062
501171,121.38356602416138,71.5296014070951,93.18003055955752
499032,115.67534556281488,68.1658286352302,88.79811812733351
514159,110.2552593357666,64.97184925143388,84.63739178838851
