UE ID,Internet usage,Data rate,optimal GU
394514,115.75978458367834,110.93646022602508,113.32246351999441
669190,122.6298613674849,117.52028381050637,120.04789090837822
299624,116.85754512823391,111.98848074789083,114.39711072767095
140143,110.23242043162958,105.63940291364501,107.91147796283411
501171,121.38356602416138,116.32591743982132,118.8278363005811
499032,115.67534556281488,110.8555394976976,113.23980236183938
514159,110.2552593357666,105.66129019677632,107.93383599408142
