UE ID,Internet usage,Data rate,optimal GU
394514,115.75978458367834,15.159019409767401,41.89039056125489
669190,122.6298613674849,16.058672321932548,44.37648882668
299624,116.85754512823391,15.302773766792535,42.28764093727756
140143,110.23242043162958,14.435197913665778,39.8901843243797
501171,121.38356602416138,15.895466979354467,43.92548765322191
499032,115.67534556281488,15.147961918940043,41.85983432296107
514159,110.2552593357666,14.438188722540863,39.898449117008084
