UE ID,Internet usage,Data rate,optimal GU
394514,115.75978458367834,11.713787725729356,36.82370899012436
669190,122.6298613674849,12.408974066947877,39.00911136571216
299624,116.85754512823391,11.82487063797605,37.17291156491262
140143,110.23242043162958,11.154471115105373,35.06542955180734
501171,121.38356602416138,12.282860847682997,38.612659202265725
499032,115.67534556281488,11.705243300999124,36.796848557178066
514159,110.2552593357666,11.156782194690667,35.07269471010579
