UE ID,Internet usage,Data rate,optimal GU
394514,115.75978458367834,59.25798496545439,82.82325503422243
669190,122.6298613674849,62.774809985736326,87.73862459556254
299624,116.85754512823391,59.81993381564355,83.60867547945927
140143,110.23242043162958,56.42850093523895,78.86856306171593
501171,121.38356602416138,62.13682546474928,86.84693118546093
499032,115.67534556281488,59.21476022858381,82.76284100887705
514159,110.2552593357666,56.44019227902338,78.88490373122258
