UE ID,Internet usage,Data rate,optimal GU
394514,115.75978458367834,81.99651408010548,97.42637633888248
669190,122.6298613674849,86.86281846863514,103.20840753929757
299624,116.85754512823391,82.77409446583235,98.35027950895564
140143,110.23242043162958,78.0812978057376,92.77440620973731
501171,121.38356602416138,85.98002593378098,102.15949370808477
499032,115.67534556281488,81.93670310699387,97.35531031319907
514159,110.2552593357666,78.09747536283467,92.79362801183053
