UE ID,Internet usage,Data rate,optimal GU
394514,115.75978458367834,103.35695052114137,109.38271493957913
669190,122.6298613674849,109.49094764954009,115.87432731739007
299624,116.85754512823391,104.33709386449455,110.42000115386229
140143,110.23242043162958,98.42180395681211,104.15984674243111
501171,121.38356602416138,108.37818395014408,114.69668891075723
499032,115.67534556281488,103.28155853822756,109.30292756452394
514159,110.2552593357666,98.44219583550588,104.18142747834675
