UE ID,Internet usage,Data rate,optimal GU
394514,115.75978458367834,15.848065746575012,42.83186520444206
669190,122.6298613674849,16.78861197292948,45.37383782305437
299624,116.85754512823391,15.998354392555834,43.238043669962366
140143,110.23242043162958,15.09134327337786,40.786704899869434
501171,121.38356602416138,16.61798820568876,44.912700526175854
499032,115.67534556281488,15.836505642528229,42.800622223361664
514159,110.2552593357666,15.094470028110903,40.79515544136734
