UE ID,Internet usage,Data rate,optimal GU
394514,115.75978458367834,48.233243576532644,74.72261964219072
669190,122.6298613674849,51.09577556978538,79.15723513733222
299624,116.85754512823391,48.690643803430795,75.43122102672193
140143,110.23242043162958,45.93017517984566,71.15472142397259
501171,121.38356602416138,50.576485843400576,78.35275495247424
499032,115.67534556281488,48.19806065117287,74.66811448859501
514159,110.2552593357666,45.93969138990275,71.16946387320064
