UE ID,Internet usage
624948,0.5639739252610673
215934,0.5262364286170683
511319,0.5661455670183606
398431,0.5339480917154212
1240130,0.5353361506422512
768482,0.5779265693407907
19513,0.5549547062295972
