UE ID,Internet usage
624948,1.0240759262622359
215934,0.9863384296182369
511319,1.026247568019529
398431,0.9940500927165897
1240130,0.9954381516434196
768482,1.0380285703419594
19513,1.0150567072351993
