UE ID,Internet usage
624948,0.6220169537555866
215934,0.5842794571115877
511319,0.6241885955128799
398431,0.5919911202099405
1240130,0.5933791791367704
768482,0.63596959783531
19513,0.6129977347241164
