UE ID,Internet usage
624948,0.7347390319819604
215934,0.6970015353379615
511319,0.7369106737392538
398431,0.7047131984363143
1240130,0.7061012573631443
768482,0.748691676061684
19513,0.7257198129504904
