UE ID,Internet usage
624948,0.8895908833841882
215934,0.8518533867401894
511319,0.8917625251414816
398431,0.8595650498385421
1240130,0.8609531087698056
768482,0.9035435274639118
19513,0.8805716643571516
