UE ID,Internet usage
624948,0.8478796823368595
215934,0.8101421856928607
511319,0.8500513240941528
398431,0.8178538487912136
1240130,0.8192419077224768
768482,0.861832326416583
19513,0.8388604633098229
