UE ID,Internet usage
624948,1.0241051325956319
215934,0.986367635951633
511319,1.0262767743529253
398431,0.9940792990499858
1240130,0.9954673579812492
768482,1.0380577766753554
19513,1.0150859135685952
