UE ID,Internet usage
624948,0.5724282315709565
215934,0.5346907349269575
511319,0.5745998733282497
398431,0.5424023980208769
1240130,0.5437904569521402
768482,0.5863808756506799
19513,0.5634090125394864
