UE ID,Internet usage
624948,0.6752447244027353
215934,0.6375072277631698
511319,0.677416366164462
398431,0.6452188908570892
1240130,0.6466069497883525
768482,0.6891973684868922
19513,0.6662255053756987
