UE ID,Internet usage
624948,0.4284327886110278
215934,0.39069529196747227
511319,0.4306044303687645
398431,0.3984069550640517
1240130,0.3997950139939851
768482,0.4423854326911947
19513,0.4194135695817745
