UE ID,Internet usage
624948,0.6805982803259429
215934,0.642860783681944
511319,0.6827699220832363
398431,0.6505724467802968
1240130,0.6519605057071268
768482,0.6945509244056665
19513,0.6715790612944729
