UE ID,Internet usage
624948,0.7244820977233707
215934,0.6867446010793719
511319,0.726653739480664
398431,0.6944562641777245
1240130,0.6958443231045546
768482,0.7384347418030941
19513,0.7154628786919006
