UE ID,Internet usage
624948,0.437508339671047
215934,0.39977084302749144
511319,0.43967998142878373
398431,0.40748250612407094
1240130,0.40887056505356095
768482,0.45146098374988386
19513,0.4284891206413503
