UE ID,Internet usage
624948,0.415818136444719
215934,0.3780806398007201
511319,0.4179897782024557
398431,0.3857923028977429
1240130,0.3871803618272329
768482,0.4297707805244425
19513,0.4067989174150224
