UE ID,Internet usage
624948,0.8234699685674999
215934,0.7857324719235009
511319,0.8256416103247933
398431,0.7934441350174204
1240130,0.7948321939486838
768482,0.8374226126472234
19513,0.8144507495360298
