UE ID,Internet usage
624948,0.8929807369456582
215934,0.8552432403016593
511319,0.8951523787029515
398431,0.8629549034000121
1240130,0.864342962326842
768482,0.9069333810253816
19513,0.8839615179141881
