UE ID,Internet usage
624948,1.0318481401437583
215934,0.9941106434997593
511319,1.0340197819010517
398431,1.0018223065936789
1240130,1.003210365524942
768482,1.0458007842234818
19513,1.022828921112288
