UE ID,Internet usage,Data rate,optimal GU
624948,119.7370240011883,90.51548838185067,104.10598063923578
215934,113.39712456505502,85.72282630810706,98.59372197523021
511319,120.10185981648499,90.79128688508091,104.42318904357528
398431,114.69268396529674,86.70220752138503,99.72015285960902
1240130,114.92587786545066,86.87849100542995,99.92290451355333
768482,122.0810682066457,92.28747418002382,106.14402211142435
19513,118.22179520418378,89.3700475650675,102.7885570509946
