UE ID,Internet usage,Data rate,optimal GU
624948,119.7370240011883,10.690805714391814,35.7782791706948
215934,113.39712456505502,10.124743264737056,33.88387187410243
511319,120.10185981648499,10.72338034075759,35.887294721732914
398431,114.69268396529674,10.24041821118721,34.27099428916768
1240130,114.92587786545066,10.261239095129524,34.34067429441424
768482,122.0810682066457,10.900095375593366,36.4786963446716
19513,118.22179520418378,10.555517428944981,35.32551796872802
