UE ID,Internet usage,Data rate,optimal GU
624948,119.7370240011883,106.90805714391811,113.1408529407558
215934,113.39712456505502,101.24743264737054,107.15021106748178
511319,120.10185981648499,107.23380340757588,113.48559038241459
398431,114.69268396529674,102.40418211187207,108.37439963239306
1240130,114.92587786545066,102.61239095129523,108.59474715634467
768482,122.0810682066457,109.00095375593365,115.35576652282091
19513,118.22179520418378,105.5551742894498,111.70909630638526
