UE ID,Internet usage,Data rate,optimal GU
624948,119.7370240011883,9.265364952472904,33.3077652461707
215934,113.39712456505502,8.774777496105449,31.54416803081849
511319,120.10185981648499,9.293596295323242,33.409253201050696
398431,114.69268396529674,8.875029116362247,31.904559386171467
1240130,114.92587786545066,8.893073882445586,31.969427940805737
768482,122.0810682066457,9.44674932551425,33.95981814938339
19513,118.22179520418378,9.14811510508565,32.8862675057194
