UE ID,Internet usage,Data rate,optimal GU
624948,119.7370240011883,79.1119622864994,97.32744179870178
215934,113.39712456505502,74.9231001590542,92.17409680347491
511319,120.10185981648499,79.35301452160616,97.62399615918947
398431,114.69268396529674,75.77909476278533,93.227183625831
1240130,114.92587786545066,75.93316930395846,93.41673373311292
768482,122.0810682066457,80.6607057793909,99.23278250583323
19513,118.22179520418378,78.11082897419284,96.09579817149161
