UE ID,Internet usage,Data rate,optimal GU
624948,119.7370240011883,91.22820876281014,104.51504304270277
215934,113.39712456505502,86.39780919242287,98.98112512565733
511319,120.10185981648499,91.50617890779809,104.83349785028906
398431,114.69268396529674,87.38490206879752,100.11198208164195
1240130,114.92587786545066,87.56257361177192,100.31553040527191
768482,122.0810682066457,93.01414720506338,106.56109256724203
19513,118.22179520418378,90.07374872699717,103.19244291747418
