UE ID,Internet usage,Data rate,optimal GU
624948,119.7370240011883,21.38161142878363,50.5981276415674
215934,113.39712456505502,20.24948652947411,47.919031150067916
511319,120.10185981648499,21.44676068151518,50.75229891235507
398431,114.69268396529674,20.48083642237442,48.46650491975183
1240130,114.92587786545066,20.522478190259047,48.565047328197736
768482,122.0810682066457,21.800190751186733,51.58866710832442
19513,118.22179520418378,21.111034857889962,49.957826609229635
