UE ID,Internet usage,Data rate,optimal GU
624948,119.7370240011883,86.23916609609395,101.61703154831116
215934,113.39712456505502,81.67292900221224,96.23655908051137
511319,120.10185981648499,86.50193474877787,101.92665618498653
398431,114.69268396529674,82.60604023691015,97.33605943593834
1240130,114.92587786545066,82.77399536737815,97.53396373585295
768482,122.0810682066457,87.92743602978648,103.60634785179835
19513,118.22179520418378,85.1478405934895,100.33110471195862
