UE ID,Internet usage,Data rate,optimal GU
624948,119.7370240011883,94.07909028664795,106.13552794263722
215934,113.39712456505502,89.0977407296861,100.5158077318647
511319,120.10185981648499,94.36574699866678,106.45892032850871
398431,114.69268396529674,90.11568025844744,101.66419839943579
1240130,114.92587786545066,90.2989040371398,101.87090269923193
768482,122.0810682066457,95.92083930522162,108.21330105703024
19513,118.22179520418378,92.88855337471583,104.79242116622055
