UE ID,Internet usage,Data rate,optimal GU
624948,119.7370240011883,8.55264457151345,32.00106573745535
215934,113.39712456505502,8.099794611789644,30.30665634055449
511319,120.10185981648499,8.578704272606071,32.098572210545676
398431,114.69268396529674,8.192334568949766,30.652909154834408
1240130,114.92587786545066,8.20899127610362,30.71523284619595
768482,122.0810682066457,8.720076300474693,32.62753790290352
19513,118.22179520418378,8.444413943155984,31.596103807386456
