UE ID,Internet usage,Data rate,optimal GU
624948,119.7370240011883,75.54836038170214,95.11012480421994
215934,113.39712456505502,71.5481857374752,90.0741834849263
511319,120.10185981648499,75.77855440802028,95.39992305346966
398431,114.69268396529674,72.36562202572294,91.10327884850446
1240130,114.92587786545066,72.51275627224862,91.28851061898007
768482,122.0810682066457,77.02734065419311,96.97205797641443
19513,118.22179520418378,74.59232316454452,93.9065405228149
