UE ID,Internet usage,Data rate,optimal GU
624948,119.7370240011883,99.7808533343236,109.3044483566472
215934,113.39712456505502,94.49760380421252,103.51693846750639
511319,120.10185981648499,100.08488318040416,109.6374963663535
398431,114.69268396529674,95.57723663774729,104.69961698100681
1240130,114.92587786545066,95.77156488787556,104.91249291331833
768482,122.0810682066457,101.73422350553808,111.444258168511
19513,118.22179520418378,98.51816267015315,107.92124003681253
