UE ID,Internet usage,Data rate,optimal GU
624948,119.7370240011883,14.254407619189083,41.31319822068445
215934,113.39712456505502,13.499657686316073,39.12572509539965
511319,120.10185981648499,14.29784045434345,41.43907853615986
398431,114.69268396529674,13.653890948249611,39.57273555649417
1240130,114.92587786545066,13.681652126839364,39.653195096066646
768482,122.0810682066457,14.533460500791154,42.12197030856553
19513,118.22179520418378,14.074023238593306,40.79039461701616
