UE ID,Internet usage,Data rate,optimal GU
624948,119.7370240011883,4.276322285756725,22.628170588151164
215934,113.39712456505502,4.049897305894822,21.430042213496357
511319,120.10185981648499,4.289352136303036,22.697118076482916
398431,114.69268396529674,4.096167284474883,21.674879926478614
1240130,114.92587786545066,4.10449563805181,21.718949431268936
768482,122.0810682066457,4.360038150237346,23.071153304564184
19513,118.22179520418378,4.222206971577992,22.341819261277056
