UE ID,Internet usage,Data rate,optimal GU
624948,119.7370240011883,2.850881523837817,18.475823917874756
215934,113.39712456505502,2.6999315372632147,17.497556196456614
511319,120.10185981648499,2.8595680908686902,18.53211930636119
398431,114.69268396529674,2.7307781896499224,17.69746535198879
1240130,114.92587786545066,2.7363304253678726,17.733447951973265
768482,122.0810682066457,2.9066921001582307,18.837517791236063
19513,118.22179520418378,2.8148046477186615,18.24201903853793
