UE ID,Internet usage,Data rate,optimal GU
624948,119.7370240011883,30.646976381256533,60.577039763646134
215934,113.39712456505502,29.024264025579562,57.36957454189189
511319,120.10185981648499,30.74035697683842,60.761616538246855
398431,114.69268396529674,29.355865538736666,58.02502054081558
1240130,114.92587786545066,29.415552072704635,58.142997384486954
768482,122.0810682066457,31.246940076700984,61.76293243323785
19513,118.22179520418378,30.25914996297561,59.81045920217958
