UE ID,Internet usage,Data rate,optimal GU
624948,119.7370240011883,1.4254407619189084,13.064380380337846
215934,113.39712456505502,1.3499657686316073,12.372640640707166
511319,120.10185981648499,1.4297840454343451,13.104187231286133
398431,114.69268396529674,1.3653890948249612,12.513997760205244
1240130,114.92587786545066,1.3681652126839363,12.53944130065899
768482,122.0810682066457,1.4533460500791153,13.320136570905253
19513,118.22179520418378,1.4074023238593307,12.899055364684273
