UE ID,Internet usage,Data rate,optimal GU
624948,119.7370240011883,101.2062940962425,110.08242577847342
215934,113.39712456505502,95.84756957284412,104.25372312828729
511319,120.10185981648499,101.51466722583851,110.41784426656218
398431,114.69268396529674,96.94262573257224,105.44481938868287
1240130,114.92587786545066,97.13973010055949,105.65921047130601
768482,122.0810682066457,103.1875695556172,112.23746574561144
19513,118.22179520418378,99.92556499401248,108.68937243532368
