UE ID,Internet usage,Data rate,optimal GU
624948,119.7370240011883,25.65793371454035,55.42747175362427
215934,113.39712456505502,24.299383835368932,52.49266858936984
511319,120.10185981648499,25.73611281781821,55.59635791908356
398431,114.69268396529674,24.5770037068493,53.09239605596637
1240130,114.92587786545066,24.626973828310852,53.20034385591979
768482,122.0810682066457,26.160228901424077,56.51255337370819
19513,118.22179520418378,25.33324182946795,54.726057115613784
