UE ID,Internet usage,Data rate,optimal GU
624948,119.7370240011883,62.719393524431965,86.65929568012243
215934,113.39712456505502,59.39849381979072,82.0708133422562
511319,120.10185981648499,62.91049799911118,86.92334445748455
398431,114.69268396529674,60.07712017229829,83.00847039589732
1240130,114.92587786545066,60.1992693580932,83.17724374994393
768482,122.0810682066457,63.94722620348108,88.35579032396787
19513,118.22179520418378,61.92570224981055,85.56265358935734
