UE ID,Internet usage,Data rate,optimal GU
624948,119.7370240011883,102.6317348581614,110.85494350724854
215934,113.39712456505502,97.19753534147573,104.98533717873968
511319,120.10185981648499,102.94445127127284,111.19271583816712
398431,114.69268396529674,98.3080148273972,106.18479211193274
1240130,114.92587786545066,98.50789531324341,106.40068771183958
768482,122.0810682066457,104.6409156056963,113.02510674741637
19513,118.22179520418378,101.3329673178718,109.45211423122757
