UE ID,Internet usage,Data rate,optimal GU
624948,119.7370240011883,7.127203809594541,29.21284261434998
215934,113.39712456505502,6.749828843158037,27.666065533797774
511319,120.10185981648499,7.148920227171725,29.30185343904055
398431,114.69268396529674,6.8269454741248055,27.982149662099037
1240130,114.92587786545066,6.840826063419682,28.039043148141875
768482,122.0810682066457,7.266730250395577,29.784730842125096
19513,118.22179520418378,7.037011619296653,28.843164640967373
