UE ID,Internet usage,Data rate,optimal GU
624948,119.7370240011883,9.97808533343236,34.56510151952538
215934,113.39712456505502,9.449760380421251,32.73493019648202
511319,120.10185981648499,10.008488318040415,34.67042054761115
398431,114.69268396529674,9.557723663774729,33.108925980722375
1240130,114.92587786545066,9.577156488787555,33.176243261235996
768482,122.0810682066457,10.173422350553809,35.24176879603198
19513,118.22179520418378,9.851816267015314,34.12769264260815
