UE ID,Internet usage,Data rate,optimal GU
624948,119.7370240011883,110.47165904871538,115.01107638382976
215934,113.39712456505502,104.62234706894957,108.92140892802523
511319,120.10185981648499,110.80826352116173,115.36151235107268
398431,114.69268396529674,105.81765484893448,110.16583338557237
1240130,114.92587786545066,106.03280398300507,110.38982326411303
768482,122.0810682066457,112.63431888113143,117.26260258810773
19513,118.22179520418378,109.07368009909811,113.55565274719807
