UE ID,Internet usage
247322,0.6716368806526017
1101884,0.7913651378940579
938528,0.7321561113113852
244753,0.7288944536476739
731950,0.7493483560008174
1190743,0.7331356302956777
1004516,0.7299519480144403
