UE ID,Internet usage
247322,0.5475481430338633
1101884,0.6672764002753195
938528,0.6080673736926469
244753,0.6048057160289355
731950,0.6252596183820791
1190743,0.6090468926769393
1004516,0.6058632103912686
