UE ID,Internet usage
247322,0.31912800134800184
1101884,0.438856258589458
938528,0.379647232007672
244753,0.3763855743435172
731950,0.3968394766953308
1190743,0.38062675099240784
1004516,0.377443068708067
