UE ID,Internet usage
247322,0.7603094672689648
1101884,0.8800377245104208
938528,0.8208286979277483
244753,0.8175670402640369
731950,0.8380209426171805
1190743,0.8218082169120408
1004516,0.81862453462637
