UE ID,Internet usage
247322,0.8356918659099937
1101884,0.9554201231514499
938528,0.8962110965687773
244753,0.8929494389050658
731950,0.913403341253776
1190743,0.8971906155530697
1004516,0.8940069332673989
