UE ID,Internet usage
247322,0.6579027035196734
1101884,0.7776309607611295
938528,0.7184219341784569
244753,0.7151602765147455
731950,0.7356141788678892
1190743,0.7194014531627495
1004516,0.7162177708770786
