UE ID,Internet usage
247322,0.9468123902297735
1101884,1.0665406474712296
938528,1.007331620888557
244753,1.0040699632248455
731950,1.0245238655735556
1190743,1.0083111398728495
1004516,1.0051274575871787
