UE ID,Internet usage
247322,0.9514225449794972
1101884,1.0711508022209533
938528,1.0119417756382807
244753,1.0086801179745692
731950,1.0291340203232793
1190743,1.0129212946225732
1004516,1.0097376123369024
