UE ID,Internet usage
247322,0.5482028285752312
1101884,0.6679310858166874
938528,0.6087220592340147
244753,0.6054604015703033
731950,0.6259143039234469
1190743,0.6097015782183072
1004516,0.6065178959370697
