UE ID,Internet usage
247322,0.6455622930221853
1101884,0.7652905502636415
938528,0.7060815236854022
244753,0.7028198660216909
731950,0.7232737683704009
1190743,0.7070610426696947
1004516,0.7038773603840238
