UE ID,Internet usage
247322,0.7030167584183447
1101884,0.8227450156598007
938528,0.7635359890815615
244753,0.7602743314134167
731950,0.7807282337665604
1190743,0.7645155080658541
1004516,0.7613318257801832
