UE ID,Internet usage
247322,0.9792168446421524
1101884,1.0989451018836085
938528,1.0397360753009357
244753,1.0364744176372245
731950,1.056928319990368
1190743,1.0407155942852284
1004516,1.0375319119995574
