UE ID,Internet usage
247322,0.7972775636449346
1101884,0.9170058208863908
938528,0.8577967943037181
244753,0.8545351366400068
731950,0.8749890389931504
1190743,0.8587763132880105
1004516,0.8555926310023397
