UE ID,Internet usage
247322,0.9667870552265715
1101884,1.0865153124680276
938528,1.027306285885355
244753,1.0240446282216435
731950,1.0444985305703536
1190743,1.0282858048696475
1004516,1.0251021225839767
