UE ID,Internet usage
247322,0.7750147291337448
1101884,0.894742986375201
938528,0.8355339597925284
244753,0.832272302128817
731950,0.8527262044819607
1190743,0.8365134787812543
1004516,0.8333297964955835
