UE ID,Internet usage
247322,0.9752247455865484
1101884,1.0949530028280046
938528,1.0357439762497653
244753,1.0324823185860539
731950,1.052936220934764
1190743,1.0367234952340576
1004516,1.0335398129483868
