UE ID,Internet usage
247322,0.9781597458085834
1101884,1.0978880030500395
938528,1.0386789764718003
244753,1.0354173188036555
731950,1.0558712211567993
1190743,1.0396584954560928
1004516,1.036474813170422
