UE ID,Internet usage
247322,0.7905908113011951
1101884,0.9103190685426513
938528,0.8511100419599787
244753,0.8478483842962673
731950,0.8683022866494109
1190743,0.8520895609442711
1004516,0.8489058786586002
