UE ID,Internet usage,Data rate,optimal GU
247322,110.11249366679594,9.176041138899661,31.786738929832797
1101884,130.22684088336766,10.852236740280638,37.593250819863435
938528,120.27972441757267,10.023310368131055,34.72176563526979
244753,119.73176593001456,9.977647160834547,34.56358364512159
731950,123.16802152507226,10.264001793756021,35.555545191527045
1190743,120.44428360700692,10.037023633917244,34.76926978142854
1004516,119.90942498317564,9.992452081931303,34.614869396204845
