UE ID,Internet usage,Data rate,optimal GU
247322,110.11249366679594,28.83898643654179,56.351865198505386
1101884,130.22684088336766,34.107029755167716,66.6457105666262
938528,120.27972441757267,31.501832585554745,61.55511142089693
244753,119.73176593001456,31.358319648337144,61.27468472455227
731950,123.16802152507226,32.25829135180464,63.0332445903043
1190743,120.44428360700692,31.544931420882765,61.63932727099143
1004516,119.90942498317564,31.404849400355523,61.36560464364267
