UE ID,Internet usage,Data rate,optimal GU
247322,110.11249366679594,40.63675361512708,66.89255769579175
1101884,130.22684088336766,48.05990556409997,79.11188074344916
938528,120.27972441757267,44.388945916008964,73.06907815187007
244753,119.73176593001456,44.18672314083871,72.73619726321454
731950,123.16802152507226,45.454865086633816,74.82369812706246
1190743,120.44428360700692,44.44967609306208,73.16904669047128
1004516,119.90942498317564,44.25228779141006,72.8441238759722
