UE ID,Internet usage,Data rate,optimal GU
247322,110.11249366679594,98.31472648821065,104.04652660125599
1101884,130.22684088336766,116.2739650744354,123.05279821534636
938528,120.27972441757267,107.39261108711844,113.65365663295732
244753,119.73176593001456,106.903362437513,113.13588453050525
731950,123.16802152507226,109.97144779024308,116.38284086828273
1190743,120.44428360700692,107.5395389348276,113.80915045124068
1004516,119.90942498317564,107.0619865921211,113.30375655651362
