UE ID,Internet usage,Data rate,optimal GU
247322,110.11249366679594,72.09746609135448,89.10012221302676
1101884,130.22684088336766,85.2675743879193,105.37612083544488
938528,120.27972441757267,78.75458146388686,97.3271768577389
244753,119.73176593001456,78.39579912084287,96.88378331915615
731950,123.16802152507226,80.6457283795116,99.6643106079243
1190743,120.44428360700692,78.8623285522069,97.46033380843187
1004516,119.90942498317564,78.5121235008888,97.02754033365808
