UE ID,Internet usage,Data rate,optimal GU
247322,110.11249366679594,83.89523326993977,96.11406422636914
1101884,130.22684088336766,99.22045019685154,113.67130587866707
938528,120.27972441757267,91.64169479434108,104.98875080227714
244753,119.73176593001456,91.22420261334443,104.5104534219098
731950,123.16802152507226,93.84230211434077,107.50986320697027
1190743,120.44428360700692,91.76707322438622,105.1323898388263
1004516,119.90942498317564,91.35956189194334,104.66552695695833
