UE ID,Internet usage,Data rate,optimal GU
247322,110.11249366679594,81.27350723025415,94.60036231521345
1101884,130.22684088336766,96.11981112819994,111.8810946922287
938528,120.27972441757267,88.77789183201793,103.33528131247425
244753,119.73176593001456,88.37344628167742,102.8645166450828
731950,123.16802152507226,90.90973017326763,105.81668867820207
1190743,120.44428360700692,88.89935218612416,103.4766581755747
1004516,119.90942498317564,88.50457558282012,103.01714792458569
