UE ID,Internet usage,Data rate,optimal GU
247322,110.11249366679594,17.69665076787792,44.14320271119277
1101884,130.22684088336766,20.929313713398372,52.20688083723078
938528,120.27972441757267,19.330669995681323,48.219162787086944
244753,119.73176593001456,19.24260523875234,47.999490688235085
731950,123.16802152507226,19.794860602243755,49.37705759503054
1190743,120.44428360700692,19.35711700826897,48.285133227091386
1004516,119.90942498317564,19.2711575865818,48.070712757012316
