UE ID,Internet usage,Data rate,optimal GU
247322,110.11249366679594,13.108630198428088,37.99241976637949
1101884,130.22684088336766,15.503195343258053,44.93252889778443
938528,120.27972441757267,14.319014811615792,41.50044765387825
244753,119.73176593001456,14.253781658335066,41.311384013771665
731950,123.16802152507226,14.662859705365745,42.49700483339506
1190743,120.44428360700692,14.338605191310348,41.55722596842919
1004516,119.90942498317564,14.274931545616147,41.37268221071758
