UE ID,Internet usage,Data rate,optimal GU
247322,110.11249366679594,100.28102101797487,105.08184092288063
1101884,130.22684088336766,118.59944437592411,124.27723432551628
938528,120.27972441757267,109.54046330886081,114.78456664274604
244753,119.73176593001456,109.04142968626326,114.26164245217996
731950,123.16802152507226,112.17087674604794,117.54090760898293
1190743,120.44428360700692,109.69032971352415,114.9416077013098
1004516,119.90942498317564,109.20322632396352,114.43118488774839
