UE ID,Internet usage,Data rate,optimal GU
247322,110.11249366679594,63.57685646237623,83.66962534019258
1101884,130.22684088336766,75.19049741480156,98.9536302657898
938528,120.27972441757267,69.4472218363366,91.39525536941511
244753,119.73176593001456,69.13084104292507,90.97888589280782
731950,123.16802152507226,71.11486957102386,93.58994489835206
1190743,120.44428360700692,69.54223517785519,91.52029663646618
1004516,119.90942498317564,69.23341799623832,91.1138811682873
