UE ID,Internet usage,Data rate,optimal GU
247322,110.11249366679594,17.041219257956513,43.31802335767662
1101884,130.22684088336766,20.15415394623547,51.23096523681067
938528,120.27972441757267,18.614719255100532,47.31779054556516
244753,119.73176593001456,18.529916155835586,47.10222482933584
731950,123.16802152507226,19.061717616975468,48.45404055135633
1190743,120.44428360700692,18.640186748703453,47.382527784494684
1004516,119.90942498317564,18.557411009300992,47.172115527096466
