UE ID,Internet usage,Data rate,optimal GU
247322,110.11249366679594,95.69300044852505,102.64986559097346
1101884,130.22684088336766,113.1733260057838,121.40100789530828
938528,120.27972441757267,104.5288081247953,112.12803500885812
244753,119.73176593001456,104.052606105846,111.61721318270385
731950,123.16802152507226,107.03887584916995,114.82058423736618
1190743,120.44428360700692,104.67181789656554,112.28144156713932
1004516,119.90942498317564,104.20700028299788,111.78283179073564
