UE ID,Internet usage,Data rate,optimal GU
247322,110.11249366679594,66.19858250206185,85.37734474970017
1101884,130.22684088336766,78.29113648345317,100.97330029967664
938528,120.27972441757267,72.31102479865976,93.26065695208811
244753,119.73176593001456,71.98159737459208,92.83578926321039
731950,123.16802152507226,74.04744151209702,95.5001406807262
1190743,120.44428360700692,72.40995621611727,93.3882503448104
1004516,119.90942498317564,72.08840430536155,92.9735398283328
