UE ID,Internet usage,Data rate,optimal GU
247322,110.11249366679594,90.4495483691538,99.79792243309979
1101884,130.22684088336766,106.97204786848057,118.02809774259944
938528,120.27972441757267,98.80120220014896,109.01275784401929
244753,119.73176593001456,98.35109344251195,108.51612828985299
731950,123.16802152507226,101.17373196702364,111.63049940175964
1190743,120.44428360700692,98.93637582004139,109.16190227510003
1004516,119.90942498317564,98.49702766475141,108.67714548069564
