UE ID,Internet usage,Data rate,optimal GU
247322,110.11249366679594,55.05624683339797,77.86129096515218
1101884,130.22684088336766,65.11342044168383,92.0842822811308
938528,120.27972441757267,60.13986220878633,85.05060877491479
244753,119.73176593001456,59.86588296500728,84.66314361255372
731950,123.16802152507226,61.58401076253613,87.09294324570925
1190743,120.44428360700692,60.22214180350346,85.16696969367032
1004516,119.90942498317564,59.95471249158782,84.78876753378312
