UE ID,Internet usage,Data rate,optimal GU
247322,110.11249366679594,12.453198688506683,37.03043021245559
1101884,130.22684088336766,14.72803557609515,43.794811855889066
938528,120.27972441757267,13.603064071035003,40.449632849986095
244753,119.73176593001456,13.541092575418313,40.265356408166106
731950,123.16802152507226,13.929716720097456,41.42095663814541
1190743,120.44428360700692,13.62167493174483,40.50497350550338
1004516,119.90942498317564,13.56118496833534,40.32510250010005
