UE ID,Internet usage,Data rate,optimal GU
247322,110.11249366679594,93.72670591876083,101.58976972062294
1101884,130.22684088336766,110.8478467042951,120.14726336885151
938528,120.27972441757267,102.38095590305292,110.97005524747145
244753,119.73176593001456,101.91453885709574,110.46450883113164
731950,123.16802152507226,104.83944689336508,113.63479771460263
1190743,120.44428360700692,102.521027117869,111.12187753033271
1004516,119.90942498317564,102.06576055115546,110.62841704625238
