UE ID,Internet usage,Data rate,optimal GU
247322,110.11249366679594,58.333404383004996,80.14509729662997
1101884,130.22684088336766,68.98921927749835,94.78527354773281
938528,120.27972441757267,63.71961591169028,87.54529023226598
244753,119.73176593001456,63.42932837959105,87.14646004654018
731950,123.16802152507226,65.24972568887758,89.64752990547332
1190743,120.44428360700692,63.80679310133105,87.66506421802433
1004516,119.90942498317564,63.523445377991855,87.27576873465607
