UE ID,Internet usage,Data rate,optimal GU
247322,110.11249366679594,99.62558950805347,104.73787325393022
1101884,130.22684088336766,117.8242846087612,123.87043377635266
938528,120.27972441757267,108.82451256828003,114.40883873892521
244753,119.73176593001456,108.3287406033465,113.88762625242985
731950,123.16802152507226,111.43773376077965,117.15615728826624
1190743,120.44428360700692,108.97339945395863,114.56536575009153
1004516,119.90942498317564,108.48947974668272,114.0566137194534
