UE ID,Internet usage,Data rate,optimal GU
247322,110.11249366679594,64.23228797229764,84.099806198073
1101884,130.22684088336766,75.96565718196447,99.4623926438337
938528,120.27972441757267,70.16317257691739,91.86515695199249
244753,119.73176593001456,69.84353012584184,91.44664674417109
731950,123.16802152507226,71.84801255629216,94.07113030609898
1190743,120.44428360700692,70.2591654374207,91.990841108973
1004516,119.90942498317564,69.94716457351913,91.58233608733855
