UE ID,Internet usage,Data rate,optimal GU
247322,110.11249366679594,11.797767178585278,36.04277408488842
1101884,130.22684088336766,13.952875808932248,42.62673970450015
938528,120.27972441757267,12.887113330454213,39.37078155085393
244753,119.73176593001456,12.82840349250156,39.191420033216176
731950,123.16802152507226,13.19657373482917,40.316198702613846
1190743,120.44428360700692,12.904744672179312,39.42464618955986
1004516,119.90942498317564,12.847438391054531,39.249572608859374
