UE ID,Internet usage,Data rate,optimal GU
247322,110.11249366679594,74.7191921310401,90.70565897625826
1101884,130.22684088336766,88.36821345657091,107.27494242811939
938528,120.27972441757267,81.61838442621003,99.08096076538644
244753,119.73176593001456,81.24655545250988,98.6295775113118
731950,123.16802152507226,83.57830032058476,101.46020842140399
1190743,120.44428360700692,81.730049590469,99.21651713343493
1004516,119.90942498317564,81.36710981001204,98.77592495067537
