UE ID,Internet usage,Data rate,optimal GU
247322,110.11249366679594,36.04873304567724,63.00330062138136
1101884,130.22684088336766,42.63378719395965,74.51216961787611
938528,120.27972441757267,39.37729073194343,68.8207067498496
244753,119.73176593001456,39.19789956042143,68.50718017198344
731950,123.16802152507226,40.3228641897558,70.47330987314564
1190743,120.44428360700692,39.43116427610345,68.91486293264671
1004516,119.90942498317564,39.2560617504444,68.60883173178088
