UE ID,Internet usage
204245,0.3660618855393837
429473,0.35257621320014176
1218591,0.32952163385565847
1042095,0.35528773180685
173885,0.3393005649348863
1019986,0.3266995637853965
996216,0.4066023299743042
