UE ID,Internet usage
204245,0.7501068493354073
429473,0.7366211769952787
1218591,0.7135665976494654
1042095,0.739332695600657
173885,0.72334552873091
1019986,0.7107445275818635
996216,0.7906472937707711
