UE ID,Internet usage
204245,0.6963927507999461
429473,0.6829070784598175
1218591,0.6598524991184376
1042095,0.6856185970696291
173885,0.6696314301954487
1019986,0.6570304290464022
996216,0.73693319523531
