UE ID,Internet usage
204245,0.7004034404345484
429473,0.6869177680944197
1218591,0.6638631887486064
1042095,0.689629286699798
173885,0.673642119830051
1019986,0.6610411186810045
996216,0.7409438848699123
