UE ID,Internet usage
204245,0.7057020637278413
429473,0.6922163913877126
1218591,0.6691618120418993
1042095,0.6949279099930908
173885,0.6789407431233437
1019986,0.6663397419742974
996216,0.7462425081632051
