UE ID,Internet usage
204245,1.022314836503611
429473,1.0088291641634826
1218591,0.9857745848221025
1042095,1.011540682773294
173885,0.9955535158991136
1019986,0.9829525147500671
996216,1.0628552809389749
