UE ID,Internet usage
204245,0.37066590716285486
429473,0.3571802348236129
1218591,0.3341256554786862
1042095,0.3598917534298778
173885,0.3439045865583574
1019986,0.33130358540842425
996216,0.411206351597332
