UE ID,Internet usage
204245,0.4423403430252252
429473,0.42885467068598315
1218591,0.4058000913414999
1042095,0.4315661892926914
173885,0.41557902242072775
1019986,0.4029780212712379
996216,0.48288078746103225
