UE ID,Internet usage
204245,0.6401137417345019
429473,0.6266280693943732
1218591,0.6035734900485599
1042095,0.6293395879997514
173885,0.6133524211300044
1019986,0.600751419980958
996216,0.6806541861698657
