UE ID,Internet usage
204245,0.981740865784009
429473,0.9682551934438804
1218591,0.9452006140980671
1042095,0.9709667120492587
173885,0.9549795451795117
1019986,0.9423785440304652
996216,1.0222813102193729
