UE ID,Internet usage
204245,1.0308972760801445
429473,1.0174116037444494
1218591,0.994357024398636
1042095,1.0201231223498275
173885,1.004135955475647
1019986,0.9915349543266007
996216,1.0714377205155083
