UE ID,Internet usage
204245,0.8443676545619974
429473,0.8308819822218687
1218591,0.8078274028760554
1042095,0.8335935008272469
173885,0.8176063339574999
1019986,0.80500533280402
996216,0.8849080989929277
