UE ID,Internet usage
204245,1.0330768741169862
429473,1.0195912017768576
1218591,0.9965366224354776
1042095,1.0223027203866693
173885,1.0063155535124888
1019986,0.9937145523634424
996216,1.07361731855235
