UE ID,Internet usage
204245,0.9489661605420061
429473,0.9354804882018775
1218591,0.9124259088604977
1042095,0.9381920068116891
173885,0.9222048399375087
1019986,0.9096038387884623
996216,0.98950660497737
