UE ID,Internet usage
204245,0.9939024811424026
429473,0.9804168088022741
1218591,0.9573622294608941
1042095,0.9831283274120857
173885,0.9671411605379053
1019986,0.9545401593888588
996216,1.0344429255777665
