UE ID,Internet usage
204245,0.7485507285719349
429473,0.7350650562318062
1218591,0.7120104768904263
1042095,0.737776574841618
173885,0.7217894079674374
1019986,0.709188406818391
996216,0.7890911730072986
