UE ID,Internet usage
204245,0.9379024031111325
429473,0.9244167307710037
1218591,0.9013621514251904
1042095,0.9271282493763819
173885,0.911141082506635
1019986,0.8985400813531551
996216,0.9784428475420628
