UE ID,Internet usage
204245,0.5919153130867579
429473,0.5784296407466293
1218591,0.5553750614008159
1042095,0.5811411593520075
173885,0.5651539924822604
1019986,0.552552991333214
996216,0.6324557575221218
