UE ID,Internet usage,Data rate,optimal GU
204245,118.02362894058133,6.322694407531142,27.3171619803219
429473,115.75803598755192,6.201323356475996,26.79277910686748
1218591,111.88486665767383,5.993832142375383,25.896314603011547
1042095,116.21357111347758,6.225727023936299,26.89821500080108
173885,113.52772707902581,6.081842522090668,26.276562902813662
1019986,111.4107588858459,5.968433511741744,25.78657997685738
996216,124.8344236055811,6.687558407441844,28.89355462939201
