UE ID,Internet usage,Data rate,optimal GU
204245,118.02362894058133,118.02362894058133,118.02362894058133
429473,115.75803598755192,115.75803598755192,115.75803598755192
1218591,111.88486665767383,111.88486665767383,111.88486665767383
1042095,116.21357111347758,116.21357111347758,116.21357111347758
173885,113.52772707902581,113.52772707902581,113.52772707902581
1019986,111.4107588858459,111.4107588858459,111.4107588858459
996216,124.8344236055811,124.8344236055811,124.8344236055811
