UE ID,Internet usage,Data rate,optimal GU
204245,118.02362894058133,49.176512058575554,76.18392489097253
429473,115.75803598755192,48.2325149948133,74.72149092824458
1218591,111.88486665767383,46.61869444069743,72.22137087630138
1042095,116.21357111347758,48.42232129728233,75.01553758763167
173885,113.52772707902581,47.303219616260755,73.28183271830795
1019986,111.4107588858459,46.421149535769125,71.91533562553519
996216,124.8344236055811,52.01434316899213,80.58027394296961
