UE ID,Internet usage,Data rate,optimal GU
204245,118.02362894058133,56.90424966778029,81.95148594096571
429473,115.75803598755192,55.81191020828396,80.37833732060244
1218591,111.88486665767383,53.94448928137845,77.68894380903465
1042095,116.21357111347758,56.031543215426694,80.69464500240323
173885,113.52772707902581,54.736582698816015,78.829688708441
1019986,111.4107588858459,53.715901605675704,77.35973993057215
996216,124.8344236055811,60.1880256669766,86.68066388817603
