UE ID,Internet usage,Data rate,optimal GU
204245,118.02362894058133,81.49250569706807,98.0716128848148
429473,115.75803598755192,79.92816770569061,96.18902075442092
1218591,111.88486665767383,77.25383650172716,92.97061468974742
1042095,116.21357111347758,80.24270386406785,96.56754719803425
173885,113.52772707902581,78.3881925069464,94.33574786445881
1019986,111.4107588858459,76.92647637356026,92.57665532515442
996216,124.8344236055811,86.19519725147266,103.73103569548006
