UE ID,Internet usage,Data rate,optimal GU
204245,118.02362894058133,31.613472037655715,61.08303114037254
429473,115.75803598755192,31.00661678237998,59.910475389091786
1218591,111.88486665767383,29.969160711876917,57.905919819054304
1042095,116.21357111347758,31.128635119681494,60.146237215195775
173885,113.52772707902581,30.40921261045334,58.75618086574056
1019986,111.4107588858459,29.84216755870872,57.66054573548806
996216,124.8344236055811,33.43779203720922,64.60795226292427
