UE ID,Internet usage,Data rate,optimal GU
204245,118.02362894058133,23.885734428450984,53.09501913698466
429473,115.75803598755192,23.427221568909317,52.07580203378684
1218591,111.88486665767383,22.643365871195893,50.33338823464674
1042095,116.21357111347758,23.51941320153713,52.280732575625784
173885,113.52772707902581,22.97584952789808,51.07245808272769
1019986,111.4107588858459,22.547415488802145,50.12010245921214
996216,124.8344236055811,25.264109539224744,56.15897570502318
