UE ID,Internet usage,Data rate,optimal GU
204245,118.02362894058133,87.11267850376242,101.39701397846099
429473,115.75803598755192,85.44045513366927,99.45058712826237
1218591,111.88486665767383,82.58168729494973,96.12305171685493
1042095,116.21357111347758,85.77668344090013,99.84194860346679
173885,113.52772707902581,83.79427474880477,97.53447367196489
1019986,111.4107588858459,82.23175060621959,95.71573402294182
996216,124.8344236055811,92.13969361364319,107.2483358540075
