UE ID,Internet usage,Data rate,optimal GU
204245,118.02362894058133,85.70763530208883,100.57597201254582
429473,115.75803598755192,84.06238327667461,98.64530596303446
1218591,111.88486665767383,81.24972459664409,95.34471460164032
1042095,116.21357111347758,84.39318854669206,99.03349846725662
173885,113.52772707902581,82.44275418834017,96.74470785080233
1019986,111.4107588858459,80.90543204805476,94.94069508098737
996216,124.8344236055811,90.65356952310056,106.37991398381901
