UE ID,Internet usage,Data rate,optimal GU
204245,118.02362894058133,42.853817651044416,71.11795183449956
429473,115.75803598755192,42.031191638337305,69.75276477868344
1218591,111.88486665767383,40.62486229832204,67.41889424511591
1042095,116.21357111347758,42.19659427334603,70.02725833082471
173885,113.52772707902581,41.22137709417009,68.40883896521375
1019986,111.4107588858459,40.45271602402738,67.13320930233046
996216,124.8344236055811,45.32678476155028,75.22195856000006
