UE ID,Internet usage,Data rate,optimal GU
204245,118.02362894058133,106.78328332719262,112.2628638885787
429473,115.75803598755192,104.73346113159458,110.10785513655235
1218591,111.88486665767383,101.22916507122869,106.42373624272959
1042095,116.21357111347758,105.14561195981304,110.5411554705389
173885,113.52772707902581,102.71556259530905,107.98640820533313
1019986,111.4107588858459,100.80021042052722,105.97276979867937
996216,124.8344236055811,112.94543088124003,118.74122183531546
