UE ID,Internet usage,Data rate,optimal GU
204245,118.02362894058133,68.84711688200578,90.14203556893244
429473,115.75803598755192,67.52552099273862,88.41166036872981
1218591,111.88486665767383,65.2661722169764,85.45347842980519
1042095,116.21357111347758,67.79124981619526,88.75958106810741
173885,113.52772707902581,66.22450746276506,86.70823380265395
1019986,111.4107588858459,64.98960935007678,85.09137263781047
996216,124.8344236055811,72.82008043658898,95.34386591812626
