UE ID,Internet usage,Data rate,optimal GU
204245,118.02362894058133,20.373126424267017,49.0358064424074
429473,115.75803598755192,19.982041926422653,48.09451037721046
1218591,111.88486665767383,19.31345912543179,46.48530734487371
1042095,116.21357111347758,20.060675966016962,48.283773599017124
173885,113.52772707902581,19.5970481267366,47.167873932229405
1019986,111.4107588858459,19.231619093390066,46.28832766257721
996216,124.8344236055811,21.548799312868166,51.86551784774003
