UE ID,Internet usage,Data rate,optimal GU
204245,118.02362894058133,93.43537291129356,105.01229348227452
429473,115.75803598755192,91.64177849014527,102.99646737837904
1218591,111.88486665767383,88.57551943732511,99.5502897101727
1042095,116.21357111347758,92.00241046483643,103.40178272721715
173885,113.52772707902581,89.87611727089543,101.01203548316772
1019986,111.4107588858459,88.20018411796134,99.12844922853078
996216,124.8344236055811,98.82725202108504,111.07224244866785
