UE ID,Internet usage,Data rate,optimal GU
204245,118.02362894058133,14.050432016735872,40.72202076024836
429473,115.75803598755192,13.780718569946657,39.94031692606119
1218591,111.88486665767383,13.319626983056407,38.603946546036205
1042095,116.21357111347758,13.834948942080665,40.09749147679718
173885,113.52772707902581,13.51520560464593,39.17078724382704
1019986,111.4107588858459,13.26318558164832,38.44036382365871
996216,124.8344236055811,14.86124090542632,43.07196817528285
