UE ID,Internet usage,Data rate,optimal GU
204245,118.02362894058133,2.8100864033471744,18.2114413202146
429473,115.75803598755192,2.7561437139893314,17.861852737911654
1218591,111.88486665767383,2.6639253966112815,17.264209735341034
1042095,116.21357111347758,2.766989788416133,17.932143333867387
173885,113.52772707902581,2.703041120929186,17.51770860187578
1019986,111.4107588858459,2.652637116329664,17.19105331790492
996216,124.8344236055811,2.972248181085264,19.262369752928006
