UE ID,Internet usage,Data rate,optimal GU
204245,118.02362894058133,48.47399045773876,75.63779652431342
429473,115.75803598755192,47.54347906631597,74.18584609433275
1218591,111.88486665767383,45.9527130915446,71.70364828100318
1042095,116.21357111347758,47.73057385017829,74.47778486518506
173885,113.52772707902581,46.62745933602845,72.75650814799327
1019986,111.4107588858459,45.7579902566867,71.39980685960298
996216,124.8344236055811,51.271281123720804,80.00263012301156
