UE ID,Internet usage,Data rate,optimal GU
204245,118.02362894058133,73.76476808786333,93.30587129270064
429473,115.75803598755192,72.34877249221995,91.51476279710069
1218591,111.88486665767383,69.92804166104614,88.45275358561997
1042095,116.21357111347758,72.63348194592349,91.87489493513486
173885,113.52772707902581,70.95482942439112,89.75154878792402
1019986,111.4107588858459,69.63172430365368,88.07793848177906
996216,124.8344236055811,78.02151475348818,98.69027724698131
