UE ID,Internet usage,Data rate,optimal GU
204245,118.02362894058133,72.35972488618975,92.41297160144894
429473,115.75803598755192,70.97070063522528,90.63900329435548
1218591,111.88486665767383,68.5960789627405,87.6062962804928
1042095,116.21357111347758,71.24998705171542,90.9956891125557
173885,113.52772707902581,69.60330886392654,88.89266253466025
1019986,111.4107588858459,68.30540574548886,87.23506800656793
996216,124.8344236055811,76.53539066294556,97.74585095458927
