UE ID,Internet usage,Data rate,optimal GU
204245,118.02362894058133,7.025216008367936,28.794817023190983
429473,115.75803598755192,6.890359284973329,28.24206894115771
1218591,111.88486665767383,6.659813491528204,27.297112383265198
1042095,116.21357111347758,6.917474471040332,28.35320813181308
173885,113.52772707902581,6.757602802322965,27.697929284525614
1019986,111.4107588858459,6.63159279082416,27.181441930987113
996216,124.8344236055811,7.43062045271316,30.45648077579367
