UE ID,Internet usage,Data rate,optimal GU
204245,118.02362894058133,79.38494089455767,96.795138346971
429473,115.75803598755192,77.86105992019861,94.93704954479725
1218591,111.88486665767383,75.2558924542687,91.76053341415412
1042095,116.21357111347758,78.16746152275576,95.31064918693397
173885,113.52772707902581,76.36091166624949,93.10789837146777
1019986,111.4107588858459,74.93699853631301,91.37170172191254
996216,124.8344236055811,83.9660111156587,102.3808995862171
