UE ID,Internet usage,Data rate,optimal GU
204245,118.02362894058133,24.588256029287777,53.87016990781329
429473,115.75803598755192,24.11625749740665,52.83607293573083
1218591,111.88486665767383,23.309347220348716,51.06822109322133
1042095,116.21357111347758,24.211160648641165,53.0439953225687
173885,113.52772707902581,23.651609808130377,51.818080852893765
1019986,111.4107588858459,23.210574767884562,50.85182149212244
996216,124.8344236055811,26.007171584496064,56.978858134943465
