UE ID,Internet usage,Data rate,optimal GU
204245,118.02362894058133,23.18321282761419,52.308382773862
429473,115.75803598755192,22.738185640411984,51.30426601808515
1218591,111.88486665767383,21.977384522043074,49.58766718381914
1042095,116.21357111347758,22.8276657544331,51.506160384050254
173885,113.52772707902581,22.300089247665785,50.315787243636755
1019986,111.4107588858459,21.88425620971973,49.377541372340126
996216,124.8344236055811,24.52104749395343,55.32694488323709
