UE ID,Internet usage,Data rate,optimal GU
204245,118.02362894058133,14.752953617572667,41.72765418206496
429473,115.75803598755192,14.46975449844399,40.926646111817185
1218591,111.88486665767383,13.985608332209228,39.55727396289691
1042095,116.21357111347758,14.526696389184698,41.087702100122534
173885,113.52772707902581,14.190965884878226,40.1381128351374
1019986,111.4107588858459,13.926344860730737,39.38965155266052
996216,124.8344236055811,15.604302950697637,44.13563372851021
