UE ID,Internet usage
278947,0.747784925046485
1293906,0.7697091699688106
530308,0.7304373708261834
981855,0.6798255618723912
992775,0.7186069119178178
844906,0.6192078696135329
1275381,0.7115280124112807
