UE ID,Internet usage
278947,0.7087805973327802
1293906,0.7307048422551058
530308,0.6914330431124787
981855,0.6408212341586863
992775,0.6796025842041131
844906,0.5802035418998283
1275381,0.672523684697576
