UE ID,Internet usage
278947,0.44343777294065745
1293906,0.46536201786298304
530308,0.4260902187216859
981855,0.3754784097678936
992775,0.4142597598137636
844906,0.3148607175103655
1275381,0.4071808603067832
