UE ID,Internet usage
278947,0.6562419551236006
1293906,0.6781662000459263
530308,0.6388944009077325
981855,0.5882825919539403
992775,0.627063941999367
844906,0.5276648996950821
1275381,0.6199850424928298
