UE ID,Internet usage
278947,0.7295279271784864
1293906,0.7514521721008119
530308,0.7121803729581848
981855,0.6615685640043925
992775,0.7003499140498192
844906,0.6009508717499678
1275381,0.6932710145432821
