UE ID,Internet usage
278947,1.010030694535935
1293906,1.0319549394582606
530308,0.9926831403156334
981855,0.9420713313618411
992775,0.9808526814072677
844906,0.8814536391074165
1275381,0.9737737819007307
