UE ID,Internet usage
278947,0.9043480261515767
1293906,0.9262722710739025
530308,0.8870004719312753
981855,0.836388662977483
992775,0.8751700130229098
844906,0.7757709707186248
1275381,0.8680911135163726
