UE ID,Internet usage
278947,0.9887975144201339
1293906,1.0107217593424596
530308,0.9714499601998323
981855,0.9208381512460401
992775,0.9596195012959002
844906,0.8602204589916154
1275381,0.9525406017849297
