UE ID,Internet usage
278947,0.8989101702161553
1293906,0.9208344151384809
530308,0.8815626159958537
981855,0.8309508070420615
992775,0.8697321570874881
844906,0.7703331147832033
1275381,0.862653257580951
