UE ID,Internet usage
278947,0.5020194869576288
1293906,0.5239437318799544
530308,0.4846719327417607
981855,0.434060123786195
992775,0.47284147383339503
844906,0.3734424315286669
1275381,0.46576257432685797
