UE ID,Internet usage
278947,0.8245129987379728
1293906,0.8464372436602986
530308,0.8071654445221048
981855,0.7565536355683125
992775,0.7953349856137392
844906,0.6959359433094544
1275381,0.7882560861072021
