UE ID,Internet usage
278947,0.4276325050310408
1293906,0.44955674995247974
530308,0.41028495081162597
981855,0.3596731418578337
992775,0.3984544919032604
844906,0.29905544960030556
1275381,0.39137559239672326
