UE ID,Internet usage
278947,0.68652771359644
1293906,0.7084519585187657
530308,0.6691801593761385
981855,0.6185683504223461
992775,0.6573497004677729
844906,0.5579506581634881
1275381,0.6502708009612358
