UE ID,Internet usage
278947,0.3733735809914568
1293906,0.39529782591378243
530308,0.356026026772042
981855,0.3054142178182497
992775,0.34419556786367633
844906,0.2447965255607215
1275381,0.33711666835713927
