UE ID,Internet usage
278947,0.3773654696097093
1293906,0.3992897145324783
530308,0.3600179153902945
981855,0.30940610643694555
992775,0.3481874564823722
844906,0.24878841417941738
1275381,0.3411085569753918
