UE ID,Internet usage
278947,0.9540306165002311
1293906,0.9759548614225567
530308,0.9366830622843632
981855,0.8860712533305708
992775,0.9248526033759975
844906,0.8254535610717125
1275381,0.9177737038694604
