UE ID,Internet usage
278947,0.8293994018335635
1293906,0.8513236467558891
530308,0.8120518476176954
981855,0.7614400386639031
992775,0.8002213887093299
844906,0.7008223464050449
1275381,0.7931424892027927
