UE ID,Internet usage
278947,1.0377775734098218
1293906,1.0597018183321474
530308,1.0204300191939537
981855,0.9698182102401616
992775,1.0085995602855882
844906,0.9092005179813033
1275381,1.001520660779051
