UE ID,Internet usage
278947,0.4139582575661243
1293906,0.4358825024888933
530308,0.39661070334670945
981855,0.34599889439336057
992775,0.3847802444387873
844906,0.2853812021358324
1275381,0.3777013449318068
