UE ID,Internet usage
278947,1.0147130031266853
1293906,1.0366372480490111
530308,0.9973654489063839
981855,0.9467536399525915
992775,0.9855349899980183
844906,0.8861359476937334
1275381,0.9784560904914812
