UE ID,Internet usage
278947,1.0470254894736766
1293906,1.0689497343960024
530308,1.0296779352533751
981855,0.979066126299583
992775,1.017847476349443
844906,0.9184484340451582
1275381,1.0107685768384724
