UE ID,Internet usage,Data rate,optimal GU
278947,120.73316879051261,31.620591826086635,61.78716897701999
1293906,124.41644193746245,32.58525860266874,63.67214410522182
530308,117.81877968168192,30.8572994404405,60.295682800221655
981855,109.31599577744608,28.63037984647397,55.94424440819472
992775,115.83126258512439,30.33675924848496,59.278538498287574
844906,99.1322234781761,25.96320138714136,50.7325327784745
1275381,114.64200746797698,30.025287670184447,58.66991778853489
