UE ID,Internet usage,Data rate,optimal GU
278947,120.73316879051261,53.89873606719312,80.66824157743689
1293906,124.41644193746245,55.54305443636716,83.12923196632813
530308,117.81877968168192,52.597669500750854,78.72098344583155
981855,109.31599577744608,48.801783829216994,73.03982198093394
992775,115.83126258512439,51.71038508264481,77.39301772696119
844906,99.1322234781761,44.25545690990004,66.23550290079335
1275381,114.64200746797698,51.179467619632575,76.5984132280624
