UE ID,Internet usage,Data rate,optimal GU
278947,120.73316879051261,71.14633160869492,92.68075346552997
1293906,124.41644193746245,73.31683185600465,95.50821615783273
530308,117.81877968168192,69.42892374099112,90.44352420033249
981855,109.31599577744608,64.41835465456644,83.91636661229208
992775,115.83126258512439,68.25770830909116,88.91780774743137
844906,99.1322234781761,58.417203121068056,76.09879916771173
1275381,114.64200746797698,67.55689725791501,88.00487668280233
