UE ID,Internet usage,Data rate,optimal GU
278947,120.73316879051261,18.684895169960285,47.49617460793921
1293906,124.41644193746245,19.25492553794062,48.94516651520712
530308,117.81877968168192,18.233858760260297,46.349660063715824
981855,109.31599577744608,16.917951727461894,43.004682763651
992775,115.83126258512439,17.926266828650203,45.56777501919955
844906,99.1322234781761,15.341891728765349,38.99840816538475
1275381,114.64200746797698,17.742215441472627,45.09992455802738
