UE ID,Internet usage,Data rate,optimal GU
278947,120.73316879051261,74.73958067984114,94.99234921587842
1293906,124.41644193746245,77.01970215176247,97.89033303041424
530308,117.81877968168192,72.93543504104119,92.69932012743165
981855,109.31599577744608,67.67180690984758,86.009365527302
992775,115.83126258512439,71.70506731460081,91.1355500383991
844906,99.1322234781761,61.367566915061396,77.9968163307695
1275381,114.64200746797698,70.96886176589051,90.19984911605476
