UE ID,Internet usage,Data rate,optimal GU
278947,120.73316879051261,71.86498142292417,93.1476619795739
1293906,124.41644193746245,74.05740591515622,95.98936890657279
530308,117.81877968168192,70.13022600100115,90.89916196664585
981855,109.31599577744608,65.06904510562266,84.33912176450912
992775,115.83126258512439,68.94718011019309,89.36575923611706
844906,99.1322234781761,59.00727587986673,76.48217085936656
1275381,114.64200746797698,68.2392901595101,88.44822899344003
