UE ID,Internet usage,Data rate,optimal GU
278947,120.73316879051261,0.7186498142292417,9.31476619795739
1293906,124.41644193746245,0.7405740591515622,9.598936890657278
530308,117.81877968168192,0.7013022600100114,9.089916196664584
981855,109.31599577744608,0.6506904510562267,8.433912176450912
992775,115.83126258512439,0.689471801101931,8.936575923611706
844906,99.1322234781761,0.5900727587986673,7.648217085936656
1275381,114.64200746797698,0.6823929015951011,8.844822899344003
