UE ID,Internet usage,Data rate,optimal GU
278947,120.73316879051261,76.17688030829962,95.90138762393698
1293906,124.41644193746245,78.50085027006558,98.82710397288311
530308,117.81877968168192,74.33803956106121,93.5864151734258
981855,109.31599577744608,68.97318781196002,86.83244041030527
992775,115.83126258512439,73.08401091680467,92.00768043635541
844906,99.1322234781761,62.54771243265873,78.74321435478119
1275381,114.64200746797698,72.33364756908071,91.06302523417816
