UE ID,Internet usage,Data rate,optimal GU
278947,120.73316879051261,11.498397027667867,37.25906479182956
1293906,124.41644193746245,11.849184946424995,38.39574756262911
530308,117.81877968168192,11.220836160160182,36.359664786658335
981855,109.31599577744608,10.411047216899627,33.73564870580365
992775,115.83126258512439,11.031548817630895,35.74630369444682
844906,99.1322234781761,9.441164140778676,30.592868343746623
1275381,114.64200746797698,10.918286425521618,35.37929159737601
