UE ID,Internet usage,Data rate,optimal GU
278947,120.73316879051261,94.8617754782599,107.01851592404215
1293906,124.41644193746245,97.75577580800622,110.28338861709139
530308,117.81877968168192,92.57189832132151,104.4351860870408
981855,109.31599577744608,85.89113953942191,96.89827370604431
992775,115.83126258512439,91.01027774545489,102.67344047746178
844906,99.1322234781761,77.88960416142407,87.87132436897129
1275381,114.64200746797698,90.07586301055335,101.6192784856315
