UE ID,Internet usage,Data rate,optimal GU
278947,120.73316879051261,29.46464238339891,59.64360520816119
1293906,124.41644193746245,30.36353642521405,61.46318545815593
530308,117.81877968168192,28.753392660410466,58.20386271509641
981855,109.31599577744608,26.67830849330529,54.00338747341286
992775,115.83126258512439,28.268343845179167,57.22200589613696
844906,99.1322234781761,24.192983110745356,48.97248419610903
1275381,114.64200746797698,27.978108965399144,56.63449988259067
