UE ID,Internet usage,Data rate,optimal GU
278947,120.73316879051261,115.70262009090791,118.19113317394051
1293906,124.41644193746245,119.23242352340152,121.7968550429863
530308,117.81877968168192,112.90966386161185,115.33810649756657
981855,109.31599577744608,104.76116262005249,107.01434862023876
992775,115.83126258512439,111.00495997741088,113.39243655286143
844906,99.1322234781761,95.00171416658543,97.04499554109812
1275381,114.64200746797698,109.86525715681128,112.22822118986993
