UE ID,Internet usage,Data rate,optimal GU
278947,120.73316879051261,12.93569665612635,39.51920606245743
1293906,124.41644193746245,13.33033306472812,40.72484020539285
530308,117.81877968168192,12.623440680180204,38.56524829847375
981855,109.31599577744608,11.71242811901208,35.7820589514014
992775,115.83126258512439,12.410492419834755,37.914680617045626
844906,99.1322234781761,10.62130965837601,32.44863699271575
1275381,114.64200746797698,12.283072228711818,37.52540550312123
