UE ID,Internet usage,Data rate,optimal GU
278947,120.73316879051261,101.32962380632308,110.6067202953236
1293906,124.41644193746245,104.42094234037027,113.98106031155261
530308,117.81877968168192,98.88361866141162,107.93677446170192
981855,109.31599577744608,91.74735359892796,100.14715831521262
992775,115.83126258512439,97.21552395537226,106.11595960375223
844906,99.1322234781761,83.20025899061208,90.81754603434013
1275381,114.64200746797698,96.21739912490926,105.02645280607724
