UE ID,Internet usage,Data rate,optimal GU
278947,120.73316879051261,45.27493829644223,73.9336646415177
1293906,124.41644193746245,46.65616572654842,76.18919958984829
530308,117.81877968168192,44.18204238063072,72.14897308437774
981855,109.31599577744608,40.99349841654228,66.94210259474585
992775,115.83126258512439,43.43672346942165,70.93187239897178
844906,99.1322234781761,37.17458380431604,60.70584114727053
1275381,114.64200746797698,42.99075280049137,70.20360534622053
