UE ID,Internet usage,Data rate,optimal GU
278947,120.73316879051261,58.21063495256858,83.83289578161651
1293906,124.41644193746245,59.986498791276546,86.39043201591551
530308,117.81877968168192,56.80548306081093,81.80924576998126
981855,109.31599577744608,52.70592653555436,75.90520958805821
992775,115.83126258512439,55.847215889256404,80.42918331250536
844906,99.1322234781761,47.79589346269205,68.8339537734299
1275381,114.64200746797698,55.27382502920319,79.60340609409603
