UE ID,Internet usage,Data rate,optimal GU
278947,120.73316879051261,120.73316879051261,120.73316879051261
1293906,124.41644193746245,124.41644193746245,124.41644193746245
530308,117.81877968168192,117.81877968168192,117.81877968168192
981855,109.31599577744608,109.31599577744608,109.31599577744608
992775,115.83126258512439,115.83126258512439,115.83126258512439
844906,99.1322234781761,99.1322234781761,99.1322234781761
1275381,114.64200746797698,114.64200746797698,114.64200746797698
