UE ID,Internet usage,Data rate,optimal GU
278947,120.73316879051261,81.20742900790431,99.01732289581899
1293906,124.41644193746245,83.68486868412653,102.03809879492462
530308,117.81877968168192,79.24715538113128,96.6271345960829
981855,109.31599577744608,73.5280209693536,89.65371620747143
992775,115.83126258512439,77.91031352451819,94.99710513456625
844906,99.1322234781761,66.6782217442494,81.30166283095514
1275381,114.64200746797698,77.11039788024642,94.0217571078412
