UE ID,Internet usage,Data rate,optimal GU
278947,120.73316879051261,51.7427866245054,79.03841212491486
1293906,124.41644193746245,53.32133225891248,81.4496804107857
530308,117.81877968168192,50.49376272072082,77.1304965969475
981855,109.31599577744608,46.84971247604832,71.5641179028028
992775,115.83126258512439,49.64196967933902,75.82936123409125
844906,99.1322234781761,42.48523863350404,64.8972739854315
1275381,114.64200746797698,49.13228891484727,75.05081100624245
