UE ID,Internet usage
912764,0.6974740523274316
1060779,0.7789909322068598
779435,0.7645943881790898
857614,0.7832055659908407
483407,0.7329815912094945
858567,0.7102603743236862
3206,0.7802418799426621
