UE ID,Internet usage
912764,0.5756429679076437
1060779,0.6571598477915053
779435,0.6427633037593018
857614,0.6613744815710527
483407,0.6111505067897064
858567,0.5884292899038982
3206,0.6584107955273076
