UE ID,Internet usage
912764,0.9288525216471217
1060779,1.0103694015265499
779435,0.9959728574987798
857614,1.0145840353105307
483407,0.9643600605291843
858567,0.9416388436433762
3206,1.0116203492667857
