UE ID,Internet usage
912764,0.9949110864337478
1060779,1.076427966313176
779435,1.062031422285406
857614,1.0806426000971567
483407,1.0304186253158105
858567,1.0076974084300023
3206,1.0776789140489782
