UE ID,Internet usage
912764,1.0512793206702467
1060779,1.1327962005496748
779435,1.1183996565174712
857614,1.1370108343292222
483407,1.0867868595523094
858567,1.0640656426665012
3206,1.134047148285477
