UE ID,Internet usage
912764,0.3707264570212102
1060779,0.4522433369010817
779435,0.43784679287065154
857614,0.4564579706806291
483407,0.40623399590327297
858567,0.38351277901657804
3206,0.45349428463688407
