UE ID,Internet usage
912764,0.32404554313905015
1060779,0.405562423019365
779435,0.3911658789884915
857614,0.40977705680068577
483407,0.35955308202111286
858567,0.3368318651348613
3206,0.4068133707551674
