UE ID,Internet usage
912764,0.4754842243310611
1060779,0.5570011042104892
779435,0.5426045601782856
857614,0.5612157379900365
483407,0.5109917632131238
858567,0.48827054632288214
3206,0.5582520519462916
