UE ID,Internet usage
912764,0.6492763000354261
1060779,0.7307931799148544
779435,0.7163966358826506
857614,0.7350078136988352
483407,0.6847838389174887
858567,0.6620626220316806
3206,0.7320441276506566
