UE ID,Internet usage
912764,0.91890713706785
1060779,1.0004240169517116
779435,0.9860274729195081
857614,1.004638650731259
483407,0.9544146759499128
858567,0.9316934590641045
3206,1.001674964687514
