UE ID,Internet usage
912764,0.9627455997451602
1060779,1.0442624796245883
779435,1.0298659355923847
857614,1.0484771134041355
483407,0.9982531386272229
858567,0.9755319217414147
3206,1.0455134273603908
