UE ID,Internet usage
912764,0.9327761671604163
1060779,1.0142930470398444
779435,0.9998965030076409
857614,1.0185076808193918
483407,0.968283706042479
858567,0.9455624891566708
3206,1.0155439947756468
