UE ID,Internet usage
912764,0.9901654385587649
1060779,1.0716823184381932
779435,1.0572857744059896
857614,1.075896952222174
483407,1.0256729774408275
858567,1.0029517605550193
3206,1.0729332661739954
