UE ID,Internet usage
912764,0.29937216029091634
1060779,0.38088904017078784
779435,0.36649249614035767
857614,0.3851036739521086
483407,0.3348796991729791
858567,0.3121584822862842
3206,0.3821399879070336
