UE ID,Internet usage
912764,0.8637866907837741
1060779,0.9453035706632023
779435,0.9309070266309987
857614,0.949518204447183
483407,0.8992942296658367
858567,0.8765730127800285
3206,0.9465545183990046
