UE ID,Internet usage
912764,0.749857829692416
1060779,0.8313747095718441
779435,0.8169781655396405
857614,0.8355893433513916
483407,0.7853653685744788
858567,0.7626441516842372
3206,0.8326256573076466
