UE ID,Internet usage
912764,0.40814101762273336
1060779,0.4896578975008315
779435,0.47526135347306137
857614,0.49387253128481234
483407,0.443648556503466
858567,0.42092733961810114
3206,0.49090884523663386
