UE ID,Internet usage
912764,0.6602385827585575
1060779,0.7417554626379858
779435,0.7273589186102155
857614,0.7459700964219665
483407,0.6957461216406202
858567,0.673024904754812
3206,0.7430064103737881
