UE ID,Internet usage
912764,0.6859975283934537
1060779,0.767514408272882
779435,0.7531178642451118
857614,0.7717290420568628
483407,0.7215050672755166
858567,0.6987838503897082
3206,0.7687653560131177
