UE ID,Internet usage
912764,0.7718340642827727
1060779,0.8533509441622008
779435,0.8389544001299973
857614,0.8575655779417483
483407,0.8073416031648354
858567,0.7846203862790272
3206,0.8546018918980032
