UE ID,Internet usage
912764,0.6814081743956995
1060779,0.7629250542751276
779435,0.748528510242924
857614,0.767139688054675
483407,0.716915713277762
858567,0.6941944963875205
3206,0.76417600201093
