UE ID,Internet usage
912764,0.7942759224011824
1060779,0.875792802285044
779435,0.8613962582528405
857614,0.8800074360645913
483407,0.829783461283245
858567,0.8070622443974369
3206,0.8770437500208463
