UE ID,Internet usage
912764,1.0052310648473395
1060779,1.086747944731201
779435,1.0723514006989974
857614,1.0909625785107484
483407,1.040738603729402
858567,1.0180173868435938
3206,1.0879988924670034
