UE ID,Internet usage,Data rate,optimal GU
912764,114.83242424591513,107.31363456314688,111.00939064568539
1060779,128.52726006573525,120.1117847042883,124.24829411162015
779435,126.10864066861062,117.85152729149921,121.91019607666388
857614,129.23531854104863,120.77348220800378,124.93277970357914
483407,120.79769077806228,112.88831816759391,116.77605983447343
858567,116.98052634114136,109.32108711642377,113.08597751739612
3206,128.73741928541705,120.30818349887188,124.45145665102181
