UE ID,Internet usage,Data rate,optimal GU
912764,114.83242424591513,13.670526695942277,39.62095053394797
1060779,128.52726006573525,15.30086429353991,44.34611780400091
779435,126.10864066861062,15.012933412929835,43.51161483044437
857614,129.23531854104863,15.385156969172455,44.59042118790802
483407,120.79769077806228,14.380677473578842,41.67916302701414
858567,116.98052634114136,13.92625313585016,40.36211617088135
3206,128.73741928541705,15.325883248263933,44.418629623741246
