UE ID,Internet usage,Data rate,optimal GU
912764,114.83242424591513,106.63010822834977,110.65529280366894
1060779,128.52726006573525,119.3467414896113,123.85196680486486
779435,126.10864066861062,117.10088062085272,121.52132683686837
857614,129.23531854104863,120.00422435954516,124.53426902414165
483407,120.79769077806228,112.16928429391497,116.40356746652097
858567,116.98052634114136,108.62477445963127,112.72525577693507
3206,128.73741928541705,119.5418893364587,124.05448129623778
