UE ID,Internet usage,Data rate,optimal GU
912764,114.83242424591513,30.07515873107301,58.76736668143141
1060779,128.52726006573525,33.661901445787805,65.77592235331952
779435,126.10864066861062,33.02845350844564,64.53815441532615
857614,129.23531854104863,33.8473453321794,66.13828283054437
483407,120.79769077806228,31.637490441873453,61.82018915687116
858567,116.98052634114136,30.637756898870354,59.86669297649394
3206,128.73741928541705,33.716943146180654,65.88347476289049
