UE ID,Internet usage,Data rate,optimal GU
912764,114.83242424591513,36.22689574424704,64.498234558908
1060779,128.52726006573525,40.54729037788076,72.19024958648339
779435,126.10864066861062,39.78427354426406,70.83177716713952
857614,129.23531854104863,40.77066596830701,72.58794668224778
483407,120.79769077806228,38.10879530498393,67.84876175123551
858567,116.98052634114136,36.90457081000292,65.70476480247125
3206,128.73741928541705,40.613590607899425,72.30829027694836
