UE ID,Internet usage,Data rate,optimal GU
912764,114.83242424591513,86.80784451923346,99.8416507761468
1060779,128.52726006573525,97.16048826397842,111.74869727749926
779435,126.10864066861062,95.33212717210445,109.6458160155745
857614,129.23531854104863,97.69574675424509,112.3643224154824
483407,120.79769077806228,91.31730195722564,105.02818290590332
858567,116.98052634114136,88.43170741264852,101.70932935762302
3206,128.73741928541705,97.31935862647597,111.93142130824796
