UE ID,Internet usage,Data rate,optimal GU
912764,114.83242424591513,34.17631673985569,62.64622337407005
1060779,128.52726006573525,38.25216073384978,70.11736882339365
779435,126.10864066861062,37.53233353232459,68.79790376808269
857614,129.23531854104863,38.46289242293114,70.50364639001015
483407,120.79769077806228,35.951693683947106,65.90054306742135
858567,116.98052634114136,34.81563283962541,63.8181091421495
3206,128.73741928541705,38.31470812065984,70.23202007722517
