UE ID,Internet usage,Data rate,optimal GU
912764,114.83242424591513,96.37721320639307,105.2008984493742
1060779,128.52726006573525,107.87109326945638,117.74708513682452
779435,126.10864066861062,105.84118056115534,115.53132651938293
857614,129.23531854104863,108.46535663266582,118.39575547751282
483407,120.79769077806228,101.38377618873085,110.66583052577062
858567,116.98052634114136,98.18008460774364,107.16882930046236
3206,128.73741928541705,108.04747690026075,117.93961733209194
