UE ID,Internet usage,Data rate,optimal GU
912764,114.83242424591513,10.936421356753822,35.438055490825704
1060779,128.52726006573525,12.240691434831929,39.664373579183895
779435,126.10864066861062,12.01034673034387,38.91797142866464
857614,129.23531854104863,12.308125575337964,39.8828851686037
483407,120.79769077806228,11.504541978863074,37.278976709479814
858567,116.98052634114136,11.14100250868013,36.100974189533694
3206,128.73741928541705,12.260706598611147,39.72923012242853
