UE ID,Internet usage,Data rate,optimal GU
912764,114.83242424591513,33.492790405058585,62.016597108944985
1060779,128.52726006573525,37.487117519172784,69.41265376357181
779435,126.10864066861062,36.7816868616781,68.10645000016312
857614,129.23531854104863,37.69363457447252,69.79504904505649
483407,120.79769077806228,35.23265981026817,65.23820924158967
858567,116.98052634114136,34.1193201828329,63.17670483168396
3206,128.73741928541705,37.54841395824664,69.52615271424993
