UE ID,Internet usage,Data rate,optimal GU
912764,114.83242424591513,111.41479257192957,113.11070120855256
1060779,128.52726006573525,124.70204399235027,126.60020552484724
779435,126.10864066861062,122.35540731537816,124.21784934137492
857614,129.23531854104863,125.3890292987555,127.29764782971266
483407,120.79769077806228,117.20252140966755,118.98652839567278
858567,116.98052634114136,113.49896305717881,115.22659605144351
3206,128.73741928541705,124.90594847335106,126.80721375322656
