UE ID,Internet usage,Data rate,optimal GU
912764,114.83242424591513,14.354053030739392,40.59939294218855
1060779,128.52726006573525,16.065907508216906,45.44124857990417
779435,126.10864066861062,15.763580083576327,44.586137491496096
857614,129.23531854104863,16.15441481763108,45.69158505458952
483407,120.79769077806228,15.099711347257784,42.708433150421754
858567,116.98052634114136,14.62256579264267,41.3588617212963
3206,128.73741928541705,16.09217741067713,45.51555108458711
