UE ID,Internet usage,Data rate,optimal GU
912764,114.83242424591513,8.88584235236248,31.94343154372756
1060779,128.52726006573525,9.94556179080094,35.75298318722666
779435,126.10864066861062,9.758406718404393,35.08018538077322
857614,129.23531854104863,10.000352029962096,35.949946872210724
483407,120.79769077806228,9.347440357826247,33.602815505714325
858567,116.98052634114136,9.052064538302604,32.54097838364144
3206,128.73741928541705,9.961824111371557,35.81144408528114
