UE ID,Internet usage,Data rate,optimal GU
912764,114.83242424591513,36.91042207904415,65.10386507171899
1060779,128.52726006573525,41.312333592557756,72.86810717709828
779435,126.10864066861062,40.53492021491056,71.49687886833212
857614,129.23531854104863,41.53992381676563,73.26953859982059
483407,120.79769077806228,38.827829178662874,68.48585330349285
858567,116.98052634114136,37.60088346679544,66.32172448630728
3206,128.73741928541705,41.37988477031262,72.98725625517088
