UE ID,Internet usage,Data rate,optimal GU
912764,114.83242424591513,88.17489718882769,100.62473454289164
1060779,128.52726006573525,98.69057469333242,112.62517107488364
779435,126.10864066861062,96.83342051339743,110.50579637393011
857614,129.23531854104863,99.23426245116234,113.24562471928877
483407,120.79769077806228,92.75536970458353,105.85194597917946
858567,116.98052634114136,89.82433272623354,102.50706180823157
3206,128.73741928541705,98.85194695130237,112.80932825723951
