UE ID,Internet usage,Data rate,optimal GU
912764,114.83242424591513,45.11273809660952,71.97503094827208
1060779,128.52726006573525,50.49285216868171,80.55872356327946
779435,126.10864066861062,49.542680262668455,79.04277362924914
857614,129.23531854104863,50.7710179982691,81.00252269935561
483407,120.79769077806228,47.45623566281018,75.71395961833588
858567,116.98052634114136,45.95663534830553,73.32142519013581
3206,128.73741928541705,50.57541471927098,80.69044782530732
