UE ID,Internet usage,Data rate,optimal GU
912764,114.83242424591513,53.99858044897201,78.74508174351926
1060779,128.52726006573525,60.43841395948265,88.13616595320556
779435,126.10864066861062,59.30108698107286,86.47762409637618
857614,129.23531854104863,60.7713700282312,88.62170932550553
483407,120.79769077806228,56.80367602063643,82.83569816810908
858567,116.98052634114136,55.00869988660814,80.21811931276689
3206,128.73741928541705,60.53723883064254,88.28028034460391
