UE ID,Internet usage,Data rate,optimal GU
912764,114.83242424591513,9.569368687159594,33.1492655250382
1060779,128.52726006573525,10.710605005477937,37.102624098578644
779435,126.10864066861062,10.509053389050885,36.404428818580065
857614,129.23531854104863,10.769609878420718,37.30702297424073
483407,120.79769077806228,10.06647423150519,34.87128964409971
858567,116.98052634114136,9.748377195095113,33.76936918650103
3206,128.73741928541705,10.728118273784753,37.16329183960663
