UE ID,Internet usage,Data rate,optimal GU
912764,114.83242424591513,99.11131854558151,106.68267422031683
1060779,128.52726006573525,110.93126612816434,119.40557646557328
779435,126.10864066861062,108.8437672437413,117.15860844325039
857614,129.23531854104863,111.54238802650029,120.0633834582135
483407,120.79769077806228,104.2599116834466,112.22458096194909
858567,116.98052634114136,100.96533523491367,108.67832377245237
3206,128.73741928541705,111.11265354991352,119.60082051545675
