UE ID,Internet usage,Data rate,optimal GU
912764,114.83242424591513,114.83242424591513,114.83242424591513
1060779,128.52726006573525,128.52726006573525,128.52726006573525
779435,126.10864066861062,126.10864066861062,126.10864066861062
857614,129.23531854104863,129.23531854104863,129.23531854104863
483407,120.79769077806228,120.79769077806228,120.79769077806228
858567,116.98052634114136,116.98052634114136,116.98052634114136
3206,128.73741928541705,128.73741928541705,128.73741928541705
