UE ID,Internet usage,Data rate,optimal GU
912764,114.83242424591513,112.09831890672667,113.45713602039815
1060779,128.52726006573525,125.46708720702726,126.98795591373175
779435,126.10864066861062,123.10605398602465,124.59830306330083
857614,129.23531854104863,126.15828714721414,127.68753434091873
483407,120.79769077806228,117.9215552833465,119.35095965758242
858567,116.98052634114136,114.19527571397133,115.57951141397044
3206,128.73741928541705,125.67224263576426,127.19559816573468
