UE ID,Internet usage,Data rate,optimal GU
912764,114.83242424591513,114.14889791111803,114.49015098310056
1060779,128.52726006573525,127.76221685105826,128.14416752935276
779435,126.10864066861062,125.35799399796413,125.73275714795689
857614,129.23531854104863,128.46606069259002,128.85011554251923
483407,120.79769077806228,120.07865690438334,120.4376372475844
858567,116.98052634114136,116.28421368434886,116.63185037527649
3206,128.73741928541705,127.97112512300386,128.3537003416213
