UE ID,Internet usage,Data rate,optimal GU
912764,114.83242424591513,90.90900252801616,102.17289829534114
1060779,128.52726006573525,101.75074755204041,114.35796777008619
779435,126.10864066861062,99.83600719598341,112.20598538967116
857614,129.23531854104863,102.31129384499684,114.98796741574743
483407,120.79769077806228,95.63150519929931,107.48053309183767
858567,116.98052634114136,92.60958335340358,104.08418614234803
3206,128.73741928541705,101.91712360095516,114.54495830624688
