UE ID,Internet usage,Data rate,optimal GU
912764,114.83242424591513,25.974000722290327,54.6137113764094
1060779,128.52726006573525,29.071642157725826,61.12690497762847
779435,126.10864066861062,28.524573484566684,59.97662201050171
857614,129.23531854104863,29.23179824142766,61.463653953036086
483407,120.79769077806228,27.323287199799797,57.45076151106792
858567,116.98052634114136,26.459880958115303,55.63533770369577
3206,128.73741928541705,29.11917817170147,61.22685562346882
