UE ID,Internet usage,Data rate,optimal GU
912764,114.83242424591513,56.73268578816046,80.71401268079937
1060779,128.52726006573525,63.49858681819063,90.33991023788022
779435,126.10864066861062,62.30367366365882,88.6398984339712
857614,129.23531854104863,63.8484014220657,90.83759406830083
483407,120.79769077806228,59.6798115153522,84.90691030254578
858567,116.98052634114136,57.79395051377817,82.22388187403735
3206,128.73741928541705,63.602415480295335,90.48762804523103
