UE ID,Internet usage,Data rate,optimal GU
912764,114.83242424591513,59.466791127348905,82.63604411683168
1060779,128.52726006573525,66.5587596768986,92.49116181909231
779435,126.10864066861062,65.30626034624478,90.75066787310888
857614,129.23531854104863,66.92543281590018,93.00069692459519
483407,120.79769077806228,62.55594701006796,86.92878662014695
858567,116.98052634114136,60.5792011409482,84.18186761288912
3206,128.73741928541705,66.6675921299481,92.64239720982127
