UE ID,Internet usage,Data rate,optimal GU
912764,114.83242424591513,92.27605519761038,102.93824905345669
1060779,128.52726006573525,103.2808339813944,115.21459373244652
779435,126.10864066861062,101.33730053727639,113.04649140854568
857614,129.23531854104863,103.84980954191407,115.8493125425287
483407,120.79769077806228,97.06957294665719,108.28564196960211
858567,116.98052634114136,94.0022086669886,104.86385386344584
3206,128.73741928541705,103.44971192578156,115.40298496635583
