UE ID,Internet usage,Data rate,optimal GU
912764,114.83242424591513,75.87142316247964,93.34077058143036
1060779,128.52726006573525,84.91979682914649,104.47252658852044
779435,126.10864066861062,83.32178044176058,102.50656793395657
857614,129.23531854104863,85.38762117890712,105.0480672002986
483407,120.79769077806228,79.81275997836256,98.1895977179352
858567,116.98052634114136,77.29070490396839,95.08684105040012
3206,128.73741928541705,85.05865202786482,104.64335310932856
