UE ID,Internet usage
962913,0.7653323513119858
536476,0.7207470210127879
223446,0.7119962088646956
812387,0.6982010962817454
1203924,0.6345483195685726
1013597,0.7099060025763031
1127066,0.6616869969098081
