UE ID,Internet usage
962913,1.098149999060097
536476,1.0535646687653324
223446,1.0448138566128067
812387,1.03101874403429
1203924,0.9673659673166836
1013597,1.0427236503244142
1127066,0.9945046446579192
