UE ID,Internet usage
962913,0.8942271404254871
536476,0.8496418101307226
223446,0.8408909979781969
812387,0.8270958853996802
1203924,0.763443108682074
1013597,0.8388007916898044
1127066,0.7905817860277428
