UE ID,Internet usage
962913,0.4760159826847015
536476,0.43143065238727696
223446,0.4226798402360813
812387,0.4088847276557912
1203924,0.34523195093995834
1013597,0.4205896339472454
1127066,0.3723706282825239
