UE ID,Internet usage
962913,0.9911226291673618
536476,0.9465372988725973
223446,0.9377864867200716
812387,0.9239913741415549
1203924,0.8603385974239487
1013597,0.9356962804316791
1127066,0.8874772747651841
