UE ID,Internet usage
962913,0.757553488184727
536476,0.7129681578899626
223446,0.7042173457374369
812387,0.6904222331589202
1203924,0.626769456441314
1013597,0.7021271394490444
1127066,0.6539081337825494
