UE ID,Internet usage
962913,0.734079080089148
536476,0.6894937497943836
223446,0.6807429376462912
812387,0.666947825063341
1203924,0.6032950483501682
1013597,0.6786527313578987
1127066,0.6304337256914038
