UE ID,Internet usage
962913,1.0153076436953046
536476,0.97072231340054
223446,0.9619715012480143
812387,0.9481763886650643
1203924,0.8845236119518914
1013597,0.9598812949596218
1127066,0.9116622892931269
