UE ID,Internet usage
962913,0.826534843859075
536476,0.7819495135643105
223446,0.7731987014117848
812387,0.7594035888288347
1203924,0.6957508121156619
1013597,0.7711084951233923
1127066,0.7228894894568973
