UE ID,Internet usage
962913,0.39101118994234574
536476,0.34642585964669453
223446,0.33767504749594224
812387,0.32387993491565215
1203924,0.2602271581998193
1013597,0.33558484120710635
1127066,0.28736583554238476
