UE ID,Internet usage
962913,0.6454938132915845
536476,0.6009084829923866
223446,0.5921576708442943
812387,0.5783625582613441
1203924,0.5147097815481713
1013597,0.5900674645559018
1127066,0.5418484588894068
