UE ID,Internet usage
962913,0.8713565418728575
536476,0.8267712115780931
223446,0.8180203994255674
812387,0.8042252868470505
1203924,0.7405725101294444
1013597,0.8159301931371747
1127066,0.7677111874751132
