UE ID,Internet usage
962913,1.1017135182737403
536476,1.0571281879789758
223446,1.04837737582645
812387,1.0345822632479333
1203924,0.9709294865303272
1013597,1.0462871695380576
1127066,0.9980681638715627
