UE ID,Internet usage
962913,0.6987215839387332
536476,0.6541362536439688
223446,0.645385441491443
812387,0.6315903289129263
1203924,0.56793755219532
1013597,0.6432952352030504
1127066,0.595076229540989
