UE ID,Internet usage
962913,0.3984653319304255
536476,0.35388000163521766
223446,0.34512918948402194
812387,0.3313340769037319
1203924,0.267681300187899
1013597,0.3430389831951861
1127066,0.29481997753046457
