UE ID,Internet usage
962913,0.7129094884564395
536476,0.6683241581616751
223446,0.6595733460091493
812387,0.6457782334306327
1203924,0.5821254567130264
1013597,0.6574831397207568
1127066,0.6092641340542618
