UE ID,Internet usage
962913,0.9130677429201861
536476,0.8684824126254216
223446,0.8597316004728959
812387,0.8459364878943793
1203924,0.782283711176773
1013597,0.8576413941845035
1127066,0.809422388522442
