UE ID,Internet usage
962913,0.7001600215302852
536476,0.6555746912355208
223446,0.6468238790829951
812387,0.6330287665044784
1203924,0.5693759897868721
1013597,0.6447336727946026
1127066,0.5965146671281076
