UE ID,Internet usage
962913,0.5153517595392764
536476,0.4707664292445119
223446,0.4620156170919862
812387,0.4482205045134695
1203924,0.38456772779808
1013597,0.4599254108035937
1127066,0.4117064051406455
