UE ID,Internet usage
962913,0.9274179481386184
536476,0.882832617843854
223446,0.8740818056913283
812387,0.8602866931128116
1203924,0.7966339163952053
1013597,0.8719915994029357
1127066,0.8237725937364409
