UE ID,Internet usage,Data rate,optimal GU
962913,123.6811364030063,105.27620539065418,114.10819742206257
536476,116.19080091336572,98.90050315840058,107.19761505140598
223446,114.72066447197471,97.649137020788,105.84126739669978
812387,112.40308555850895,95.67643592182607,103.70306944760225
1203924,101.70941907026497,86.57408885147554,93.83709439033734
1013597,114.36950981546653,97.3502375214983,105.51729216461631
1127066,106.2687168637823,90.45491971143375,98.04350183337247
