UE ID,Internet usage,Data rate,optimal GU
962913,123.6811364030063,44.908031670139195,74.52701785651303
536476,116.19080091336572,42.188326522114934,70.0135376038029
223446,114.72066447197471,41.65452698089558,69.12767183635032
812387,112.40308555850895,40.81302511350623,67.73115940049318
1203924,101.70941907026497,36.93020573384621,61.287435672696134
1013597,114.36950981546653,41.52702439728249,68.91607522495835
1127066,106.2687168637823,38.58566505173048,64.03474927243087
