UE ID,Internet usage,Data rate,optimal GU
962913,123.6811364030063,116.31916399806546,119.94368006997449
536476,116.19080091336572,109.27468181137968,112.67969115691346
223446,114.72066447197471,107.89205349150004,111.25398000876518
812387,112.40308555850895,105.7124257038358,109.00643481458228
1203924,101.70941907026497,95.6552869827492,98.63591470663665
1013597,114.36950981546653,107.56180089787925,110.91343671331828
1127066,106.2687168637823,99.94319800284289,103.0574374367277
