UE ID,Internet usage,Data rate,optimal GU
962913,123.6811364030063,75.82831577089077,96.84282248091375
536476,116.19080091336572,71.23602675045636,90.9778599551642
223446,114.72066447197471,70.33469309888926,89.82673726534317
812387,112.40308555850895,68.91379650313347,88.01206374414468
1203924,101.70941907026497,62.35756050141246,79.6388802861866
1013597,114.36950981546653,70.11940185114912,89.55178177049099
1127066,106.2687168637823,65.15284426767606,83.20882862023578
