UE ID,Internet usage,Data rate,optimal GU
962913,123.6811364030063,106.01240263114826,114.50648204461385
536476,116.19080091336572,99.59211506859918,107.57177889426491
223446,114.72066447197471,98.33199811883546,106.21069702741703
812387,112.40308555850895,96.34550190729338,104.0650358865214
1203924,101.70941907026497,87.17950206022711,94.16462451144096
1013597,114.36950981546653,98.03100841325701,105.88559098829302
1127066,106.2687168637823,91.08747159752768,98.38571404952795
