UE ID,Internet usage,Data rate,optimal GU
962913,123.6811364030063,66.25775164446766,90.52532252853851
536476,116.19080091336572,62.24507191787449,85.04295831547658
223446,114.72066447197471,61.457498824272164,83.96692862017824
812387,112.40308555850895,60.215938692058366,82.27063454714182
1203924,101.70941907026497,54.48718878764195,74.44367211766838
1013597,114.36950981546653,61.269380258285636,83.70990972900132
1127066,106.2687168637823,56.929669748454806,77.78073640463413
