UE ID,Internet usage,Data rate,optimal GU
962913,123.6811364030063,3.6809862024704256,21.337023143009638
536476,116.19080091336572,3.458059550993027,20.044817505679458
223446,114.72066447197471,3.4143054902373424,19.791194874244944
812387,112.40308555850895,3.3453299273365755,19.391374526934744
1203924,101.70941907026497,3.027066043757886,17.546541790277075
1013597,114.36950981546653,3.4038544587936466,19.730614940630193
1127066,106.2687168637823,3.1627594304697113,18.33309538580005
