UE ID,Internet usage,Data rate,optimal GU
962913,123.6811364030063,43.435637189151024,73.29508147169823
536476,116.19080091336572,40.80510270171772,68.85620933702874
223446,114.72066447197471,40.28880478480065,67.98498698752545
812387,112.40308555850895,39.474893142571595,66.61155899179566
1203924,101.70941907026497,35.71937931634306,60.27435043047491
1013597,114.36950981546653,40.16548261376503,67.77688808169013
1127066,106.2687168637823,37.320561279542595,62.97625076021237
