UE ID,Internet usage,Data rate,optimal GU
962913,123.6811364030063,5.153380683458596,25.24630624957759
536476,116.19080091336572,4.841283371390238,23.717347920254305
223446,114.72066447197471,4.7800276863322795,23.41725757578105
812387,112.40308555850895,4.683461898271206,22.944183761062302
1203924,101.70941907026497,4.2378924612610405,20.76134822975415
1013597,114.36950981546653,4.765396242311105,23.345578431677108
1127066,106.2687168637823,4.427863202657596,21.69201099471371
