UE ID,Internet usage,Data rate,optimal GU
962913,123.6811364030063,123.6811364030063,123.6811364030063
536476,116.19080091336572,116.19080091336572,116.19080091336572
223446,114.72066447197471,114.72066447197471,114.72066447197471
812387,112.40308555850895,112.40308555850895,112.40308555850895
1203924,101.70941907026497,101.70941907026497,101.70941907026497
1013597,114.36950981546653,114.36950981546653,114.36950981546653
1127066,106.2687168637823,106.2687168637823,106.2687168637823
