UE ID,Internet usage,Data rate,optimal GU
962913,123.6811364030063,37.546059265198345,68.14498717715306
536476,116.19080091336572,35.27220742012888,64.0180133253691
223446,114.72066447197471,34.8259160004209,63.208007597245626
812387,112.40308555850895,34.12236525883308,61.93108380811132
1203924,101.70941907026497,30.87607364633044,56.03916053742228
1013597,114.36950981546653,34.7193154796952,63.01453080473804
1127066,106.2687168637823,32.260146190791055,58.551211272982215
