UE ID,Internet usage,Data rate,optimal GU
962913,123.6811364030063,60.36817372051498,86.40835797726626
536476,116.19080091336572,56.71217663628565,81.17532399017756
223446,114.72066447197471,55.99461003989242,80.14823061444068
812387,112.40308555850895,54.86341080831984,78.52908161387856
1203924,101.70941907026497,49.64388311762933,71.05807844493273
1013597,114.36950981546653,55.823213124215805,79.90290058152382
1127066,106.2687168637823,51.869254659703266,74.24337773409442
