UE ID,Internet usage,Data rate,optimal GU
962913,123.6811364030063,59.6319764800209,85.87986153346039
536476,116.19080091336572,56.020564726087045,80.67883417069869
223446,114.72066447197471,55.311748941844954,79.65802277056277
812387,112.40308555850895,54.19434482285253,78.04877691489105
1203924,101.70941907026497,49.03846990887776,70.62346838358073
1013597,114.36950981546653,55.14244223245708,79.41419324121976
1127066,106.2687168637823,51.23670277360933,73.78928553714597
