UE ID,Internet usage,Data rate,optimal GU
962913,123.6811364030063,85.39887989731388,102.77271288257224
536476,116.19080091336572,80.22698158303824,96.54862632370828
223446,114.72066447197471,79.21188737350634,95.32701796221191
812387,112.40308555850895,77.61165431420856,93.40122815154737
1203924,101.70941907026497,70.22793221518296,84.51533699934116
1013597,114.36950981546653,78.9694234440126,95.03522636213233
1127066,106.2687168637823,73.3760187868973,88.30388080405278
