UE ID,Internet usage,Data rate,optimal GU
962913,123.6811364030063,94.96944402373698,108.37863608856446
536476,116.19080091336572,89.2179364156201,101.81504548920378
223446,114.72066447197471,88.08908164812344,100.52680229371047
812387,112.40308555850895,86.30951212528365,98.49596680032855
1203924,101.70941907026497,78.09830392895346,89.12537866952852
1013597,114.36950981546653,87.81944503687608,100.21909439390191
1127066,106.2687168637823,81.59919330611855,93.12057543723058
