UE ID,Internet usage,Data rate,optimal GU
962913,123.6811364030063,27.975495138775234,58.82211344554443
536476,116.19080091336572,26.281252587547005,55.25974834500744
223446,114.72066447197471,25.948721725803804,54.560559001742085
812387,112.40308555850895,25.424507447757975,53.45833036986179
1203924,101.70941907026497,23.005701932559933,48.37247749355353
1013597,114.36950981546653,25.869293886831713,54.39355165007326
1127066,106.2687168637823,24.036971671569805,50.54085611491764
