UE ID,Internet usage,Data rate,optimal GU
962913,123.6811364030063,4.417183442964511,23.373537770872314
536476,116.19080091336572,4.149671461191633,21.957997417870157
223446,114.72066447197471,4.097166588284812,21.68016774520915
812387,112.40308555850895,4.014395912803891,21.242186498866456
1203924,101.70941907026497,3.632479252509463,19.22127348948367
1013597,114.36950981546653,4.084625350552376,21.613805752863225
1127066,106.2687168637823,3.795311316563654,20.082899783393128
