UE ID,Internet usage,Data rate,optimal GU
962913,123.6811364030063,113.37437503608912,118.41567271034747
536476,116.19080091336572,106.50823417058525,111.24422246637624
223446,114.72066447197471,105.16060909931016,109.83667398528804
812387,112.40308555850895,103.03616176196654,107.61776110917144
1203924,101.70941907026497,93.23363414774289,97.37935493202113
1013597,114.36950981546653,104.83871733084433,109.50046899813225
1127066,106.2687168637823,97.41299045846712,101.74455023186829
