UE ID,Internet usage,Data rate,optimal GU
962913,123.6811364030063,55.95099027755047,83.18703060213772
536476,116.19080091336572,52.56250517509401,78.1490855628337
223446,114.72066447197471,51.89744345160761,77.1602825109211
812387,112.40308555850895,50.84901489551595,75.60149583088007
1203924,101.70941907026497,46.01140386511987,68.4090137169707
1013597,114.36950981546653,51.738587773663426,76.92409844917505
1127066,106.2687168637823,48.07394334313961,71.4755641716637
