UE ID,Internet usage,Data rate,optimal GU
962913,123.6811364030063,114.11057227658318,118.79951706452849
536476,116.19080091336572,107.19984608078384,111.60482056755346
223446,114.72066447197471,105.84347019735762,110.19270951864519
812387,112.40308555850895,103.70522774743384,107.96660403735713
1203924,101.70941907026497,93.83904735649446,97.6950100708124
1013597,114.36950981546653,105.51948822260304,109.85541472316238
1127066,106.2687168637823,98.04554234456104,102.07435514942104
