UE ID,Internet usage,Data rate,optimal GU
962913,123.6811364030063,80.98169645434936,100.07950961768965
536476,116.19080091336572,76.0773101218466,94.01852793142349
223446,114.72066447197471,75.11472078522154,92.82893234389516
812387,112.40308555850895,73.59725840140466,90.95360868577332
1203924,101.70941907026497,66.59545296267349,82.30057614351601
1013597,114.36950981546653,74.88479809346022,92.54478726853948
1127066,106.2687168637823,69.58070747033365,85.98983952390276
