UE ID,Internet usage,Data rate,optimal GU
962913,123.6811364030063,56.68718751804456,83.7325251722535
536476,116.19080091336572,53.25411708529263,78.66154407379952
223446,114.72066447197471,52.58030454965508,77.66625699797324
812387,112.40308555850895,51.51808088098327,76.09724865640904
1203924,101.70941907026497,46.616817073871445,68.85760222000381
1013597,114.36950981546653,52.419358665422166,77.42852417168663
1127066,106.2687168637823,48.70649522923356,71.94426141772938
