UE ID,Internet usage,Data rate,optimal GU
962913,123.6811364030063,53.00620131557413,80.96830994356209
536476,116.19080091336572,49.79605753429959,76.06473432043465
223446,114.72066447197471,49.16599905941773,75.10230410263647
812387,112.40308555850895,48.17275095364669,73.5850925597807
1203924,101.70941907026497,43.589751030113554,66.58444453992489
1013597,114.36950981546653,49.015504206628506,74.87241941776718
1127066,106.2687168637823,45.54373579876384,69.5692055763018
