UE ID,Internet usage,Data rate,optimal GU
962913,123.6811364030063,70.67493508743217,93.49415108348926
536476,116.19080091336572,66.39474337906613,87.83198967148063
223446,114.72066447197471,65.55466541255699,86.7206709808366
812387,112.40308555850895,64.23033460486225,84.96874599546582
1203924,101.70941907026497,58.11966804015141,76.88509395793469
1013597,114.36950981546653,65.35400560883802,86.4552230114529
1127066,106.2687168637823,60.72498106501846,80.33159913357251
