UE ID,Internet usage
661761,0.35957650599397306
428156,0.3653257036855613
862437,0.3204797820254558
867943,0.24937775518928879
464087,0.23862618160757895
590152,0.2008196973512582
354486,0.2836658152796804
