UE ID,Internet usage
661761,0.40519462578791193
428156,0.4109438234790568
862437,0.36609790181895124
867943,0.2949958749832276
464087,0.28424430140107443
590152,0.24643781714475368
354486,0.3292839350731758
