UE ID,Internet usage
661761,1.0541502866895252
428156,1.05989948438067
862437,1.0150535627205646
867943,0.9439515358835108
464087,0.9331999623035744
590152,0.8953934780481403
354486,0.9782395959747892
