UE ID,Internet usage
661761,0.4414584157251118
428156,0.4472076134175867
862437,0.4023616917565945
867943,0.33125966492042747
464087,0.3205080913387176
590152,0.2827016070823969
354486,0.36554772501081906
