UE ID,Internet usage
661761,0.7337668806325249
428156,0.73951607832367
862437,0.6946701566635644
867943,0.6235681298265107
464087,0.6128165562465742
590152,0.5750100719911402
354486,0.6578561899177889
