UE ID,Internet usage
661761,0.8477999070690786
428156,0.8535491047602234
862437,0.8087031831001179
867943,0.7376011562630642
464087,0.7268495826831277
590152,0.6890430984232602
354486,0.7718892163543424
