UE ID,Internet usage
661761,1.0990030780256774
428156,1.1047522757168222
862437,1.0599063540567168
867943,0.9888043272240965
464087,0.9780527536397267
590152,0.9402462693842927
354486,1.0230923873109414
