UE ID,Internet usage
661761,0.5525440393222493
428156,0.5582932370133941
862437,0.5134473153532886
867943,0.44234528851933835
464087,0.43159371493762844
590152,0.3937872306813077
354486,0.47663334860751316
