UE ID,Internet usage
661761,0.9865365646974166
428156,0.9922857623885614
862437,0.9474398407284559
867943,0.8763378138914021
464087,0.8655862403114657
590152,0.8277797560515983
354486,0.9106258739826805
