UE ID,Internet usage
661761,0.7272461122505441
428156,0.7329953099416889
862437,0.6881493882815835
867943,0.6170473614445299
464087,0.6062957878645934
590152,0.5684893036091593
354486,0.651335421535808
