UE ID,Internet usage
661761,1.007198019655649
428156,1.0129472173467937
862437,0.9681012956866881
867943,0.8969992688496345
464087,0.8862476952652647
590152,0.8484412110098305
354486,0.9312873289409127
