UE ID,Internet usage
661761,0.9227485313826584
428156,0.9284977290738032
862437,0.8836518074136976
867943,0.8125497805810774
464087,0.8017982069967076
590152,0.7639917227412735
354486,0.8468378406679222
