UE ID,Internet usage
661761,0.5290082089945237
428156,0.5347574066856686
862437,0.48991148502556303
867943,0.41880945818939613
464087,0.4080578846076862
590152,0.3702514003513655
354486,0.4530975182797876
