UE ID,Internet usage
661761,0.4126127061259964
428156,0.4183619038175846
862437,0.37351598215747905
867943,0.30241395532131204
464087,0.2916623817396022
590152,0.2538558974832815
354486,0.33670201541170364
