UE ID,Internet usage
661761,0.47786146291088266
428156,0.48361066060202756
862437,0.43876473894147866
867943,0.367662712105755
464087,0.35691113852360185
590152,0.3191046542677244
354486,0.40195077219570324
