UE ID,Internet usage,Data rate,optimal GU
661761,123.82445366957185,38.32661661201033,68.8895664305221
428156,124.79031888173564,38.62557489196579,69.4269242279879
862437,117.25620404283255,36.293586965638646,65.23532968176993
867943,105.3110635343951,32.596281570169914,58.5896670021361
464087,103.50479917267498,32.03719974392321,57.584754280535456
590152,97.1533098175847,30.07126256258574,54.05111181417852
354486,111.07145762954104,34.37926069485794,61.794454424356395
