UE ID,Internet usage,Data rate,optimal GU
661761,123.82445366957185,117.92805111387796,120.84029336894743
428156,124.79031888173564,118.84792274451013,121.78288129995653
862437,117.25620404283255,111.67257527888813,114.43033807906838
867943,105.3110635343951,100.29625098513819,102.77307458550379
464087,103.50479917267498,98.57599921207141,101.01034106313679
590152,97.1533098175847,92.52696173103304,94.81192213817235
354486,111.07145762954104,105.7823405995629,108.39464360316902
