UE ID,Internet usage,Data rate,optimal GU
661761,123.82445366957185,66.33452875155635,90.63022002671057
428156,124.79031888173564,66.85195654378695,91.3371609749674
862437,117.25620404283255,62.81582359437458,85.82275355930128
867943,105.3110635343951,56.416641179140235,77.07980593912784
464087,103.50479917267498,55.44899955679016,75.75775579735259
590152,97.1533098175847,52.04641597370609,71.10894160362926
354486,111.07145762954104,59.50256658725413,81.29598270237676
