UE ID,Internet usage,Data rate,optimal GU
661761,123.82445366957185,40.537767570395545,70.84890205492471
428156,124.79031888173564,40.85397344342536,71.40154321575277
862437,117.25620404283255,38.3874477521178,67.09073264099818
867943,105.3110635343951,34.47683627614125,60.256056090169466
464087,103.50479917267498,33.885499729149544,59.22256195345956
590152,97.1533098175847,31.806143095042607,55.588416727004436
354486,111.07145762954104,36.36267958109975,63.55199307959348
