UE ID,Internet usage,Data rate,optimal GU
661761,123.82445366957185,107.60934664141364,115.43252816088115
428156,124.79031888173564,108.4487295043655,116.33293401770999
862437,117.25620404283255,101.90122494198543,109.30942696772324
867943,105.3110635343951,91.5203290239386,98.17384165106682
464087,103.50479917267498,89.95059928101516,96.48999281813236
590152,97.1533098175847,84.43085257956766,90.56896145383116
354486,111.07145762954104,96.52638579710116,103.54383791513358
