UE ID,Internet usage,Data rate,optimal GU
661761,123.82445366957185,80.33848482132935,99.739004364603
428156,124.79031888173564,80.96514736969753,100.51699636664077
862437,117.25620404283255,76.07694190874254,94.4483637942248
867943,105.3110635343951,68.3268209836254,84.82670679514686
464087,103.50479917267498,67.15489946322364,83.37178409031524
590152,97.1533098175847,63.03399267926626,78.25574113001628
354486,111.07145762954104,72.06421953345222,89.46663012830975
