UE ID,Internet usage,Data rate,optimal GU
661761,123.82445366957185,1.4741006389234745,13.510355519699178
428156,124.79031888173564,1.4855990343063767,13.615740054124538
862437,117.25620404283255,1.3959071909861018,12.79370073165398
867943,105.3110635343951,1.2537031373142273,11.490379051492125
464087,103.50479917267498,1.2321999901508927,11.293299452380612
590152,97.1533098175847,1.156587021637913,10.60029514891853
354486,111.07145762954104,1.3222792574945363,12.118889574677434
