UE ID,Internet usage,Data rate,optimal GU
661761,123.82445366957185,59.701075876400715,85.97937603798351
428156,124.79031888173564,60.16676088940826,86.65003910830276
862437,117.25620404283255,56.53424123493713,81.41861289441441
867943,105.3110635343951,50.77497706122622,73.12432451142539
464087,103.50479917267498,49.904099601111156,71.8701176227379
590152,97.1533098175847,46.84177437633548,67.4598652414124
354486,111.07145762954104,53.55230992852872,77.12414098834832
