UE ID,Internet usage,Data rate,optimal GU
661761,123.82445366957185,105.39819568302842,114.24042191015236
428156,124.79031888173564,106.22033095290594,115.1315290063353
862437,117.25620404283255,99.80736415550628,108.18055581478279
867943,105.3110635343951,89.63977431796727,97.15997101897618
464087,103.50479917267498,88.10229929578882,95.49351179667406
590152,97.1533098175847,82.69597204711079,89.63362869458805
354486,111.07145762954104,94.54296691085935,102.47450972515368
