UE ID,Internet usage,Data rate,optimal GU
661761,123.82445366957185,14.741006389234744,42.723495440877265
428156,124.79031888173564,14.855990343063766,43.056750599817825
862437,117.25620404283255,13.959071909861017,40.457234014589226
867943,105.3110635343951,12.537031373142273,36.33576898140028
464087,103.50479917267498,12.321999901508926,35.712548567855
590152,97.1533098175847,11.56587021637913,33.521076540616306
354486,111.07145762954104,13.222792574945363,38.32329376804992
