UE ID,Internet usage,Data rate,optimal GU
661761,123.82445366957185,20.63740894492864,50.55112152822451
428156,124.79031888173564,20.798386480289274,50.9454343499089
862437,117.25620404283255,19.542700673805424,47.86964484676829
867943,105.3110635343951,17.551843922399183,42.99306165484806
464087,103.50479917267498,17.250799862112498,42.25565731705002
590152,97.1533098175847,16.192218302930783,39.66267264593499
354486,111.07145762954104,18.511909604923506,45.344732696589524
