UE ID,Internet usage,Data rate,optimal GU
661761,123.82445366957185,4.422301916770423,23.4006221884376
428156,124.79031888173564,4.45679710291913,23.583153556394315
862437,117.25620404283255,4.1877215729583055,22.159339684055812
867943,105.3110635343951,3.7611094119426824,19.901920315409445
464087,103.50479917267498,3.6965999704526777,19.560568436612996
590152,97.1533098175847,3.4697610649137394,18.36024977315279
354486,111.07145762954104,3.9668377724836086,20.990532474658096
