UE ID,Internet usage,Data rate,optimal GU
661761,123.82445366957185,47.908270765012915,77.02087673956747
428156,124.79031888173564,48.28196861495724,77.62166102125403
862437,117.25620404283255,45.366983707048306,72.93531585152364
867943,105.3110635343951,40.74535196271239,65.50523909792632
464087,103.50479917267498,40.04649967990401,64.38171251944964
590152,97.1533098175847,37.58907820323217,60.43098013797257
354486,111.07145762954104,42.97407586857243,69.08830036268677
