UE ID,Internet usage,Data rate,optimal GU
661761,123.82445366957185,79.60143450186762,99.28043180057168
428156,124.79031888173564,80.22234785254435,100.0548468089404
862437,117.25620404283255,75.3789883132495,94.01411614327219
867943,105.3110635343951,67.69996941496828,84.43669688196199
464087,103.50479917267498,66.5387994681482,82.98846351235558
590152,97.1533098175847,62.4556991684473,77.89594271325065
354486,111.07145762954104,71.40307990470495,89.05528712128309
