UE ID,Internet usage,Data rate,optimal GU
661761,123.82445366957185,88.44603833540847,104.65076385827274
428156,124.79031888173564,89.13594205838261,105.46706895182722
862437,117.25620404283255,83.75443145916611,99.09957974011502
867943,105.3110635343951,75.22218823885365,89.00409341607916
464087,103.50479917267498,73.93199940905356,87.47752140560691
590152,97.1533098175847,69.39522129827479,82.10953315328948
354486,111.07145762954104,79.33675544967218,93.87251499450477
