UE ID,Internet usage,Data rate,optimal GU
661761,123.82445366957185,106.13524600249015,114.63916805064468
428156,124.79031888173564,106.96313047005911,115.533385477737
862437,117.25620404283255,100.50531775099932,108.55815052588588
867943,105.3110635343951,90.26662588662437,97.49909934856717
464087,103.50479917267498,88.71839929086426,95.82682349698385
590152,97.1533098175847,83.27426555792974,89.94648698854986
354486,111.07145762954104,95.2041065396066,102.83218798446441
