UE ID,Internet usage,Data rate,optimal GU
661761,123.82445366957185,62.64927715424766,88.07674219916576
428156,124.79031888173564,63.13795895802101,88.76376530946273
862437,117.25620404283255,59.32605561690932,83.40472458124151
867943,105.3110635343951,53.28238333585466,74.90810674917759
464087,103.50479917267498,52.368499581412934,73.62330495263343
590152,97.1533098175847,49.1549484196113,69.10546963068764
354486,111.07145762954104,56.196868443517786,79.00549406362242
