UE ID,Internet usage,Data rate,optimal GU
661761,123.82445366957185,83.2866860991763,101.55258935241203
428156,124.79031888173564,83.93634543831028,102.34472782226868
862437,117.25620404283255,78.86875629071474,96.1657474375803
867943,105.3110635343951,70.83422725825385,86.36913689046425
464087,103.50479917267498,69.61929944352542,84.88775887867709
590152,97.1533098175847,65.34716672254208,79.67868933596041
354486,111.07145762954104,74.70877804844129,91.09342937644972
