UE ID,Internet usage,Data rate,optimal GU
661761,123.82445366957185,35.378415334163385,66.18695453371446
428156,124.79031888173564,35.65437682335304,66.70323120596026
862437,117.25620404283255,33.501772583666444,62.67607742884813
867943,105.3110635343951,30.08887529554146,56.29113125464133
464087,103.50479917267498,29.572799763621422,55.32564234157038
590152,97.1533098175847,27.758088519309915,51.930628475500434
354486,111.07145762954104,31.73470217986887,59.37019141418873
