UE ID,Internet usage,Data rate,optimal GU
661761,123.82445366957185,114.97984983603101,119.32022916905561
428156,124.79031888173564,115.87672467589739,120.2509601761097
862437,117.25620404283255,108.88076089691594,112.99090545733156
867943,105.3110635343951,97.78884471050975,101.48028004624145
464087,103.50479917267498,96.11159923176963,99.73972015525679
590152,97.1533098175847,90.21378768775722,93.61927186774359
354486,111.07145762954104,103.13778208457383,107.03113468898468
