UE ID,Internet usage,Data rate,optimal GU
661761,123.82445366957185,64.12337779317113,89.10691456159265
428156,124.79031888173564,64.62355799232738,89.80197330312329
862437,117.25620404283255,60.72196280789542,84.38025160476754
867943,105.3110635343951,54.53608647316889,75.78425474657091
464087,103.50479917267498,53.60069957156382,74.48442551748384
590152,97.1533098175847,50.31153544124922,69.91374821966048
354486,111.07145762954104,57.51914770101232,79.92956634913206
