UE ID,Internet usage,Data rate,optimal GU
661761,123.82445366957185,120.8762523917249,122.34147258403675
428156,124.79031888173564,121.8191208131229,123.29577013086168
862437,117.25620404283255,114.46438966086035,115.85188746719724
867943,105.3110635343951,102.80365725976665,104.0498076944473
464087,103.50479917267498,101.04039919237319,102.2651760216228
590152,97.1533098175847,94.84013577430888,95.98975515138702
354486,111.07145762954104,108.42689911455197,109.74121254526251
