UE ID,Internet usage,Data rate,optimal GU
661761,123.82445366957185,92.13128993271715,106.80873860219316
428156,124.79031888173564,92.84993964414853,107.64187649954455
862437,117.25620404283255,87.24419943663136,101.14308503647308
867943,105.3110635343951,78.35644608213921,90.8394224535007
464087,103.50479917267498,77.01249938443078,89.2813714196375
590152,97.1533098175847,72.28668885236956,83.80269135154077
354486,111.07145762954104,82.6424535934085,95.80823442012479
