UE ID,Internet usage,Data rate,optimal GU
661761,123.82445366957185,31.6931637368547,62.644941414102384
428156,124.79031888173564,31.940379237587102,63.1335893978955
862437,117.25620404283255,30.012004606201188,59.321949865451636
867943,105.3110635343951,26.954617452255892,53.278695846086876
464087,103.50479917267498,26.492299788244193,52.364875338384174
590152,97.1533098175847,24.866620965215134,49.15154657536213
354486,111.07145762954104,28.42900403613253,56.19297925229935
