UE ID,Internet usage,Data rate,optimal GU
661761,123.82445366957185,99.50179312733452,110.99889717080507
428156,124.79031888173564,100.27793481568042,111.86471947155931
862437,117.25620404283255,94.22373539156187,105.11097727045849
867943,105.3110635343951,84.62496176871035,94.40309701180577
464087,103.50479917267498,83.17349933518526,92.78392288094402
590152,97.1533098175847,78.06962396055913,87.09031153912893
354486,111.07145762954104,89.25384988088119,99.56683787947527
