UE ID,Internet usage,Data rate,optimal GU
661761,123.82445366957185,93.60539057164063,107.65981770400826
428156,124.79031888173564,94.33553867845491,108.49959425529984
862437,117.25620404283255,88.64010662761746,101.94901877461277
867943,105.3110635343951,79.61014921945343,91.5632539965271
464087,103.50479917267498,78.24469937458167,89.99278801710948
590152,97.1533098175847,73.44327587400747,84.47045243755825
354486,111.07145762954104,83.96473285090305,96.57165871633774
