UE ID,Internet usage,Data rate,optimal GU
661761,123.82445366957185,52.330572681783345,80.49723332225552
428156,124.79031888173564,52.738765717876376,81.12513415312755
862437,117.25620404283255,49.554705280006615,76.22726961917819
867943,105.3110635343951,44.506461374655075,68.46183448840239
464087,103.50479917267498,43.74309965035669,67.28759725611012
590152,97.1533098175847,41.05883926814592,63.158547578048314
354486,111.07145762954104,46.940913641056035,72.20661812171029
