UE ID,Internet usage,Data rate,optimal GU
661761,123.82445366957185,33.167264375778174,64.0852431613159
428156,124.79031888173564,33.42597827189348,64.58512589972675
862437,117.25620404283255,31.40791179718729,60.68585102188384
867943,105.3110635343951,28.208320589570118,54.50365347210042
464087,103.50479917267498,27.72449977839508,53.5688228517825
590152,97.1533098175847,26.023207986853045,50.28161481092447
354486,111.07145762954104,29.751283293627065,57.484940652074876
