UE ID,Internet usage
560551,0.8927921455590365
1174816,0.8839144438819828
241627,0.8466206721363446
455234,0.867839820169309
142375,0.8918987071646625
392674,0.9326046234381546
1213427,0.8494765627927965
