UE ID,Internet usage
560551,1.031638477122384
1174816,1.0227607754453303
241627,0.9854670036996922
455234,1.0066861517326566
142375,1.0307450387324433
392674,1.0714509550015023
1213427,0.9883228943605776
