UE ID,Internet usage
560551,0.730508793979745
1174816,0.7216310923071247
241627,0.6843373205614867
455234,0.705556468594451
142375,0.7296153555898044
392674,0.7703212718632967
1213427,0.6871932112179385
