UE ID,Internet usage
560551,1.06267113593585
1174816,1.0537934342587962
241627,1.0164996625131582
455234,1.0377188105461226
142375,1.0617776975459092
392674,1.1024836138149683
1213427,1.0193555531740435
