UE ID,Internet usage
560551,1.033491233118248
1174816,1.0246135314411942
241627,0.9873197596955563
455234,1.0085389077285207
142375,1.0325977947283074
392674,1.0733037109973662
1213427,0.9901756503564416
