UE ID,Internet usage
560551,0.7026625726756615
1174816,0.6937848709986076
241627,0.6564910992529696
455234,0.6777102472859339
142375,0.7017691342812873
392674,0.7424750505547796
1213427,0.6593469899094214
