UE ID,Internet usage
560551,0.5267823004203493
1174816,0.5179045987432955
241627,0.4806108269976574
455234,0.5018299750306218
142375,0.5258888620304086
392674,0.5665947783039009
1213427,0.4834667176585428
