UE ID,Internet usage
560551,0.8705616895028675
1174816,0.8616839878258138
241627,0.8243902160846092
455234,0.8456093641131399
142375,0.8696682511129269
392674,0.9103741673864192
1213427,0.8272461067410609
