UE ID,Internet usage
560551,0.6053031082242739
1174816,0.5964254065472202
241627,0.5591316348060155
455234,0.5803507828389798
142375,0.6044096698343332
392674,0.6451155861078256
1213427,0.5619875254624673
