UE ID,Internet usage
560551,0.6218283623645314
1174816,0.6129506606919111
241627,0.575656888946273
455234,0.5968760369792374
142375,0.6209349239745908
392674,0.6616408402480831
1213427,0.578512779602725
