UE ID,Internet usage
560551,0.3283776150644054
1174816,0.319499913387795
241627,0.2822061416439302
455234,0.3034252896764512
142375,0.327484176673578
392674,0.368190092946627
1213427,0.2850620323017122
