UE ID,Internet usage
560551,0.3797132185579648
1174816,0.37083551688135435
241627,0.33354174513748963
455234,0.35476089317001064
142375,0.37881978016713747
392674,0.41952569644018645
1213427,0.3363976357952716
