UE ID,Internet usage
560551,0.6764945706076657
1174816,0.6676168689306119
241627,0.6303230971849738
455234,0.6515422452179382
142375,0.675601132217725
392674,0.7163070484867838
1213427,0.6331789878458591
