UE ID,Internet usage
560551,1.0085228246285398
1174816,0.9996451229514861
241627,0.9623513512058479
455234,0.9835704992388123
142375,1.0076293862341656
392674,1.048335302507658
1213427,0.9652072418622999
