UE ID,Internet usage
560551,0.3598487483740643
1174816,0.35097104669701046
241627,0.31367727495314573
455234,0.3348964229856668
142375,0.3589553099832369
392674,0.39966122625584255
1213427,0.3165331656109277
