UE ID,Internet usage
560551,1.0289490163512929
1174816,1.020071314674239
241627,0.9827775429330344
455234,1.0039966909659988
142375,1.028055577961352
392674,1.0687614942348447
1213427,0.9856334335894864
