UE ID,Internet usage
560551,0.32097487404779423
1174816,0.31209717237074047
241627,0.27480340062687575
455234,0.29602254865939676
142375,0.3200814356569669
392674,0.3607873519295725
1213427,0.2776592912846577
