UE ID,Internet usage
560551,0.7287371603016445
1174816,0.7198594586245907
241627,0.682565686883386
455234,0.7037848349163505
142375,0.7278437219117039
392674,0.7685496381851961
1213427,0.6854215775398379
