UE ID,Internet usage,Data rate,optimal GU
560551,119.7053406478826,91.2040690650534,104.48738754464688
1174816,118.21388676619249,90.06772325043237,103.1855398668601
241627,111.9485331132144,85.29412046721097,97.71669084391911
455234,115.5133499826832,88.01017141537767,100.82831810925174
142375,119.55524299820358,91.08970895101226,104.35637157487754
392674,126.39383693204525,96.30006623393923,110.32558573657188
1213427,112.42832274372309,85.65967447140807,98.13548556762596
