UE ID,Internet usage,Data rate,optimal GU
560551,119.7053406478826,12.113040422702404,38.07880814943088
1174816,118.21388676619249,11.962119494198049,37.60436995045645
241627,111.9485331132144,11.328125374551457,35.611332727147655
455234,115.5133499826832,11.688850891104847,36.745317033325385
142375,119.55524299820358,12.097851970056315,38.03106141085703
392674,126.39383693204525,12.789852546695053,40.20644895003634
1213427,112.42832274372309,11.376675515733883,35.76395597013201
