UE ID,Internet usage,Data rate,optimal GU
560551,119.7053406478826,76.24090148406809,95.53241901811148
1174816,118.21388676619249,75.29098740465831,94.34214466275982
241627,111.9485331132144,71.30055382805917,89.34199690633183
455234,115.5133499826832,73.57100266754227,92.18694582050503
142375,119.55524299820358,76.14530357623681,95.41263161777361
392674,126.39383693204525,80.50083661743358,100.87026130786573
1213427,112.42832274372309,71.60613412844268,89.72489932133041
