UE ID,Internet usage,Data rate,optimal GU
560551,119.7053406478826,83.36621937977537,99.89685525271615
1174816,118.21388676619249,82.32752828359834,98.6522027440736
241627,111.9485331132144,77.96415698956002,93.42362126566067
455234,115.5133499826832,80.44679730936865,96.39854279284037
142375,119.55524299820358,83.26168708803463,99.7715953177575
392674,126.39383693204525,88.02427929196008,105.47855897237508
1213427,112.42832274372309,78.29829619652143,93.82401672848023
