UE ID,Internet usage,Data rate,optimal GU
560551,119.7053406478826,71.96571074664371,92.81530003126623
1174816,118.21388676619249,71.0690628772943,91.65887928376542
241627,111.9485331132144,67.30239193115865,86.80094499314997
455234,115.5133499826832,69.44552588244645,89.56497828945486
142375,119.55524299820358,71.87547346915811,92.6989196065204
392674,126.39383693204525,75.98677101271768,98.0013241970439
1213427,112.42832274372309,67.59083688759543,87.17295695407448
