UE ID,Internet usage,Data rate,optimal GU
560551,119.7053406478826,41.32684379510232,70.33522527435706
1174816,118.21388676619249,40.811937097852166,69.45889223702366
241627,111.9485331132144,38.64889833670497,65.77756057528944
455234,115.5133499826832,39.87960892259301,67.87213878056313
142375,119.55524299820358,41.275024368427424,70.24703245066026
392674,126.39383693204525,43.635967512253714,74.26518270438591
1213427,112.42832274372309,38.81453999485678,66.05947040122942
