UE ID,Internet usage,Data rate,optimal GU
560551,119.7053406478826,46.31456632209743,74.45871969451008
1174816,118.21388676619249,45.737515713110184,73.53101048861329
241627,111.9485331132144,43.31342054975557,69.63385595140407
455234,115.5133499826832,44.692665171871475,71.8512315389045
142375,119.55524299820358,46.25649282668591,74.3653564513685
392674,126.39383693204525,48.902377384422266,78.61907601031702
1213427,112.42832274372309,43.49905344251191,69.9322931089864
