UE ID,Internet usage,Data rate,optimal GU
560551,119.7053406478826,116.85521348959968,118.271692036825
1174816,118.21388676619249,115.39927041461647,116.79810052263134
241627,111.9485331132144,109.28309184861405,110.60778375199921
455234,115.5133499826832,112.76303212595263,114.12990666373874
142375,119.55524299820358,116.70868959348445,118.12339202863652
392674,126.39383693204525,123.38445986223465,124.88008367940729
1213427,112.42832274372309,109.75145791649159,111.08182719162238
