UE ID,Internet usage,Data rate,optimal GU
560551,119.7053406478826,84.79128295891684,100.74705658513376
1174816,118.21388676619249,83.73483645938634,99.49181109817805
241627,111.9485331132144,79.29687762186019,94.21873025160828
455234,115.5133499826832,81.82195623773393,97.21897071640467
142375,119.55524299820358,84.68496379039419,100.62073058895294
392674,126.39383693204525,89.52896782686538,106.37626502281019
1213427,112.42832274372309,79.63672861013718,94.62253339683306
