UE ID,Internet usage,Data rate,optimal GU
560551,119.7053406478826,15.675699370556053,43.318182476255984
1174816,118.21388676619249,15.480389933668063,42.7784649410792
241627,111.9485331132144,14.659926955301884,40.51119991055458
455234,115.5133499826832,15.126748212018036,41.80121242637308
142375,119.55524299820358,15.65604372595523,43.26386612459731
392674,126.39383693204525,16.551573883958305,45.7385715830493
1213427,112.42832274372309,14.72275654977326,40.6848230308941
