UE ID,Internet usage,Data rate,optimal GU
560551,119.7053406478826,77.66596506320954,96.42111182017166
1174816,118.21388676619249,76.69829558044631,95.21976490680305
241627,111.9485331132144,72.63327446035933,90.17310314637467
455234,115.5133499826832,74.94616159590754,93.0445172715018
142375,119.55524299820358,77.56858027859637,96.30021009443983
392674,126.39383693204525,82.00552515233888,101.80860952606835
1213427,112.42832274372309,72.94456654205842,90.55956752100536
