UE ID,Internet usage,Data rate,optimal GU
560551,119.7053406478826,65.55292464050714,88.58349267531104
1174816,118.21388676619249,64.73617608624826,87.47979760799662
241627,111.9485331132144,61.305149085807884,82.84335527031186
455234,115.5133499826832,63.257310704802705,85.48136563255882
142375,119.55524299820358,65.47072830854006,88.47241848280667
392674,126.39383693204525,69.21567260564383,93.53306600587611
1213427,112.42832274372309,61.56789102632455,83.19840577173332
