UE ID,Internet usage,Data rate,optimal GU
560551,119.7053406478826,118.99280885831188,119.34854301177121
1174816,118.21388676619249,117.5102326782985,117.86153460608473
241627,111.9485331132144,111.28217279706432,111.61485567021354
455234,115.5133499826832,114.82577051850056,115.16904713044569
142375,119.55524299820358,118.84360464702381,119.19889274803423
392674,126.39383693204525,125.6414926645926,126.01710334612234
1213427,112.42832274372309,111.75910653691521,112.09321522412691
