UE ID,Internet usage,Data rate,optimal GU
560551,119.7053406478826,96.90432338161924,107.70313384785656
1174816,118.21388676619249,95.69695595358439,106.36121997686156
241627,111.9485331132144,90.62500299641165,100.72405943382616
455234,115.5133499826832,93.51080712883878,103.93145140445571
142375,119.55524299820358,96.78281576045052,107.56808567735612
392674,126.39383693204525,102.31882037356043,113.72101080000576
1213427,112.42832274372309,91.01340412587106,101.15574315414983
