UE ID,Internet usage,Data rate,optimal GU
560551,119.7053406478826,86.21634653805829,101.59014288676909
1174816,118.21388676619249,85.14214463517435,100.32439307034598
241627,111.9485331132144,80.62959825416037,95.00718525491136
455234,115.5133499826832,83.19711516609921,98.03253277219363
142375,119.55524299820358,86.10824049275377,101.46275975085109
392674,126.39383693204525,91.03365636177068,107.26645849247325
1213427,112.42832274372309,80.97516102375293,95.41436756486645
