UE ID,Internet usage,Data rate,optimal GU
560551,119.7053406478826,19.95089010798043,48.869500678892436
1174816,118.21388676619249,19.70231446103208,48.26061718138676
241627,111.9485331132144,18.6580888522024,45.702797263406936
455234,115.5133499826832,19.252224997113867,47.15812765618432
142375,119.55524299820358,19.92587383303393,48.808223570008344
392674,126.39383693204525,21.065639488674208,51.60006785267574
1213427,112.42832274372309,18.738053790620516,45.898670559844405
