UE ID,Internet usage,Data rate,optimal GU
560551,119.7053406478826,22.80101726626335,52.24369377232344
1174816,118.21388676619249,22.51693081260809,51.59276993343005
241627,111.9485331132144,21.323530116802743,48.858345421959555
455234,115.5133499826832,22.002542853844417,50.41415905462587
142375,119.55524299820358,22.772427237753064,52.17818578743877
392674,126.39383693204525,24.07501655848481,55.16279286828594
1213427,112.42832274372309,21.414918617852017,49.06774278381298
