UE ID,Internet usage,Data rate,optimal GU
560551,119.7053406478826,1.4250635791414594,13.06092344308086
1174816,118.21388676619249,1.4073081757880057,12.898192483357512
241627,111.9485331132144,1.3327206323001715,12.214586355489889
455234,115.5133499826832,1.375158928365276,12.603539763656467
142375,119.55524299820358,1.4232767023595665,13.044546446859693
392674,126.39383693204525,1.5046885349053005,13.790698217071485
1213427,112.42832274372309,1.338432413615751,12.266935695953245
