UE ID,Internet usage,Data rate,optimal GU
560551,119.7053406478826,43.46443916381451,72.13130732333627
1174816,118.21388676619249,42.92289936153418,71.2325962239274
241627,111.9485331132144,40.64797928515523,67.45725798599771
455234,115.5133499826832,41.94234731514092,69.60532339203034
142375,119.55524299820358,43.409939421966776,72.04086240551632
392674,126.39383693204525,45.89300031461167,76.16162024331763
1213427,112.42832274372309,40.82218861528041,67.74636666821243
