UE ID,Internet usage,Data rate,optimal GU
560551,119.7053406478826,37.051653057677946,66.59790350181078
1174816,118.21388676619249,36.59001257048815,65.76813516271574
241627,111.9485331132144,34.650736439804454,62.282414177107114
455234,115.5133499826832,35.75413213749718,64.26569519522693
142375,119.55524299820358,37.00519426134873,66.514396878505
392674,126.39383693204525,39.12190190753781,70.31903931491672
1213427,112.42832274372309,34.799242754009526,62.549344485653485
