UE ID,Internet usage,Data rate,optimal GU
560551,119.7053406478826,61.27773390308276,85.64620254861757
1174816,118.21388676619249,60.514251558884254,84.57910428423105
241627,111.9485331132144,57.30698718890737,80.09639912590296
455234,115.5133499826832,59.13183391970688,82.64693718877305
142375,119.55524299820358,61.20089820146136,85.53881140268453
392674,126.39383693204525,64.70160700092792,90.43165576564746
1213427,112.42832274372309,57.5525937854773,80.43967670777918
