UE ID,Internet usage,Data rate,optimal GU
560551,119.7053406478826,99.04191875033143,108.88455640001632
1174816,118.21388676619249,97.8079182172664,107.52792274089994
241627,111.9485331132144,92.62408394486191,101.82892677713207
455234,115.5133499826832,95.57354552138669,105.07150143068218
142375,119.55524299820358,98.91773081398986,108.74802685243282
392674,126.39383693204525,104.57585317591838,114.96844494619614
1213427,112.42832274372309,93.0210527462947,102.26534574390931
