UE ID,Internet usage,Data rate,optimal GU
560551,119.7053406478826,79.80356043192172,97.73900135778487
1174816,118.21388676619249,78.80925784412833,96.52123436277353
241627,111.9485331132144,74.6323554088096,91.40559452681387
455234,115.5133499826832,77.00889998845547,94.31625531236864
142375,119.55524299820358,79.70349533213572,97.61644714001669
392674,126.39383693204525,84.26255795469683,103.20013570535149
1213427,112.42832274372309,74.95221516248206,91.79734111968881
