UE ID,Internet usage
516506,0.7185156171003317
1106585,0.8218088570998292
893437,0.85081777867817
1100792,0.798898788119346
362258,0.7473048238267671
871374,0.7120084541009529
183197,0.8259145241036008
