UE ID,Internet usage
516506,0.9620276286306061
1106585,1.065320868634537
893437,1.0943297902084443
1100792,1.0424107996496204
362258,0.9908168353570415
871374,0.9555204656356606
183197,1.0694265356383086
