UE ID,Internet usage
516506,0.8959935737571001
1106585,0.9992868137610309
893437,1.0282957353349385
1100792,0.9763767447761144
362258,0.9247827804835355
871374,0.8894864107621546
183197,1.0033924807648027
