UE ID,Internet usage
516506,0.6572735558184358
1106585,0.7605667958179333
893437,0.7895757173918407
1100792,0.7376567268374501
362258,0.6860627625404377
871374,0.6507663928190569
183197,0.7646724628217049
