UE ID,Internet usage
516506,0.4696135834952644
1106585,0.5729068234991953
893437,0.6019157450731027
1100792,0.5499967545187121
362258,0.4984027902216998
871374,0.46310642050031897
183197,0.577012490502967
