UE ID,Internet usage
516506,0.3818793285332669
1106585,0.4851725685345378
893437,0.5141814901084452
1100792,0.4622624995540546
362258,0.41066853525881564
871374,0.37537216553566144
183197,0.4892782355383094
