UE ID,Internet usage
516506,0.3939769929279468
1106585,0.49727023293232103
893437,0.5262791545062284
1100792,0.4743601639474044
362258,0.42276619965393886
871374,0.38746982993078466
183197,0.5013758999316592
