UE ID,Internet usage
516506,0.3982302779587678
1106585,0.5015235179609253
893437,0.5305324395348328
1100792,0.47861344898044217
362258,0.42701948468475986
871374,0.39172311496116236
183197,0.505629184964697
