UE ID,Internet usage
516506,0.9639083408158718
1106585,1.0672015808198028
893437,1.09621050239371
1100792,1.0442915118393195
362258,0.9926975475423072
871374,0.9574011778209264
183197,1.0713072478235743
