UE ID,Internet usage
516506,0.38088692727310985
1106585,0.4841801672739373
893437,0.5131890888522782
1100792,0.4612700982934541
362258,0.40967613399910185
871374,0.3743797642755043
183197,0.488285834277709
