UE ID,Internet usage
516506,0.9370592201408977
1106585,1.0403524601448286
893437,1.069361381718736
1100792,1.017442391159912
362258,0.9658484268673331
871374,0.9305520571415189
183197,1.0444581271486004
