UE ID,Internet usage
516506,0.5503647578813228
1106585,0.6536579978852537
893437,0.6826669194591611
1100792,0.630747928900337
362258,0.5791539646077581
871374,0.5438575948819439
183197,0.6577636648845919
