UE ID,Internet usage
516506,0.45531869593270724
1106585,0.5586119359366382
893437,0.5876208575105456
1100792,0.535701866956155
362258,0.4841079026591426
871374,0.4488115329377618
183197,0.5627176029404097
