UE ID,Internet usage
516506,0.6590451894965365
1106585,0.7623384295004673
893437,0.7913473510743747
1100792,0.7394283605155506
362258,0.6878343962229717
871374,0.6525380264971575
183197,0.7664440964998055
