UE ID,Internet usage
516506,0.9912075314482081
1106585,1.0945007714521389
893437,1.1235096930260462
1100792,1.0715907024672222
362258,1.0199967381746433
871374,0.9847003684532625
183197,1.0986064384559107
