UE ID,Internet usage
516506,0.9201785882850428
1106585,1.0234718282889737
893437,1.0524807498628812
1100792,1.000561759304057
362258,0.9489677950114782
871374,0.913671425285664
183197,1.027577495288312
