UE ID,Internet usage
516506,0.7518177726888028
1106585,0.8551110126927336
893437,0.884119934266641
1100792,0.8322009437122504
362258,0.780606979415238
871374,0.7453106096938572
183197,0.8592166796965053
