UE ID,Internet usage
516506,0.9608614207523825
1106585,1.0641546607563133
893437,1.0931635823302208
1100792,1.0412445917713966
362258,0.9896506274788177
871374,0.9543542577530036
183197,1.0682603277556515
