UE ID,Internet usage
516506,0.26359437161680066
1106585,0.36688761161984484
893437,0.3958965331937523
1100792,0.343977542637145
362258,0.2923835783427927
871374,0.2570872086191952
183197,0.37099327862228654
