UE ID,Internet usage
516506,0.643539378681074
1106585,0.7468326186850048
893437,0.7758415402589124
1100792,0.7239225497045217
362258,0.6723285854075095
871374,0.6370322156861287
183197,0.7509382856887766
