UE ID,Internet usage
516506,1.0065844628634786
1106585,1.1098777028674094
893437,1.138886624441317
1100792,1.086967633882493
362258,1.035373669589914
871374,1.0000772998640999
183197,1.1139833698667476
