UE ID,Internet usage
516506,0.35678059273632073
1106585,0.4600738327384782
893437,0.4890827543123857
1100792,0.437163763756665
362258,0.3855697994623128
871374,0.3502734297387152
183197,0.4641794997422499
