UE ID,Internet usage
516506,0.2887276431437844
1106585,0.39202088314682865
893437,0.4210298047211794
1100792,0.36911081416412866
362258,0.31751684986977646
871374,0.2822204801461789
183197,0.3961265501492703
