UE ID,Internet usage,Data rate,optimal GU
516506,107.69945509419635,73.72284128471775,89.10617169624123
1106585,125.05271941468297,85.60156388505084,103.46356049341875
893437,129.9262182391614,88.93758986609261,107.49569624225417
1100792,121.20382782562481,82.96690595206461,100.27914331623921
362258,112.53604182413326,77.03360005818647,93.10776787149194
871374,106.60625171062648,72.97451754001217,88.20169944696114
183197,125.74247147114322,86.0737155903659,104.03423343802211
