UE ID,Internet usage,Data rate,optimal GU
516506,107.69945509419635,27.56593195863359,54.487024612365566
1106585,125.05271941468297,32.00754127875814,63.2663423842917
893437,129.9262182391614,33.254924906452025,65.73193007148512
1100792,121.20382782562481,31.022408312511114,61.31912129055527
362258,112.53604182413326,28.803867847843634,56.933937829924766
871374,106.60625171062648,27.286123949743683,53.933954036337155
183197,125.74247147114322,32.184084959875946,63.61529992770647
