UE ID,Internet usage,Data rate,optimal GU
516506,107.69945509419635,37.823022919985625,63.82412520746173
1106585,125.05271941468297,43.91732408015652,74.1078997519125
893437,129.9262182391614,45.62885045303882,76.9959997789728
1100792,121.20382782562481,42.565630010189665,71.82699555908124
362258,112.53604182413326,39.521586116808706,66.69035063783417
871374,106.60625171062648,37.439100303136684,63.1762783862391
183197,125.74247147114322,44.15955843331815,74.51665596683597
