UE ID,Internet usage,Data rate,optimal GU
516506,107.69945509419635,87.18527317149228,96.90101347668339
1106585,125.05271941468297,101.23315381188621,112.51435987953383
893437,129.9262182391614,105.17836714598778,116.89921934661605
1100792,121.20382782562481,98.1173844302677,109.05137582436458
362258,112.53604182413326,91.10060528620312,101.25266182521825
871374,106.60625171062648,86.30029900384048,95.9174196812328
183197,125.74247147114322,101.79152452425879,113.1349542294325
