UE ID,Internet usage,Data rate,optimal GU
516506,107.69945509419635,71.79963672946424,87.93623685219049
1106585,125.05271941468297,83.36847960978865,102.10511783780291
893437,129.9262182391614,86.61747882610759,106.08431296514482
1100792,121.20382782562481,80.80255188374987,98.96251101497545
362258,112.53604182413326,75.0240278827555,91.88529338054438
871374,106.60625171062648,71.07083447375099,87.04364002724706
183197,125.74247147114322,83.82831431409548,102.66829803359057
