UE ID,Internet usage,Data rate,optimal GU
516506,107.69945509419635,55.13186391726718,77.05628918016401
1106585,125.05271941468297,64.01508255751628,89.4721194416051
893437,129.9262182391614,66.50984981290405,92.95898698805415
1100792,121.20382782562481,62.04481662502223,86.71833296190407
362258,112.53604182413326,57.60773569568727,80.51674703838623
871374,106.60625171062648,54.572247899487365,76.27412927059514
183197,125.74247147114322,64.36816991975189,89.96561993219466
