UE ID,Internet usage,Data rate,optimal GU
516506,107.69945509419635,98.08343231792881,102.77904559981778
1106585,125.05271941468297,113.88729803837198,119.33950027752297
893437,129.9262182391614,118.32566303923625,123.99034607310877
1100792,121.20382782562481,110.38205748405116,115.66645101469638
362258,112.53604182413326,102.4881809469785,107.39466568470014
871374,106.60625171062648,97.08783637932054,101.7357868357736
183197,125.74247147114322,114.51546508979114,119.99773998729209
