UE ID,Internet usage,Data rate,optimal GU
516506,107.69945509419635,11.539227331521037,35.25292180533229
1106585,125.05271941468297,13.398505651573174,40.93311089841846
893437,129.9262182391614,13.920666239910148,42.52833784573637
1100792,121.20382782562481,12.986124409888372,39.67326539495147
362258,112.53604182413326,12.057433052585706,36.83606643355764
871374,106.60625171062648,11.422098397567122,34.895087001390095
183197,125.74247147114322,13.472407657622487,41.1588852562385
