UE ID,Internet usage,Data rate,optimal GU
516506,107.69945509419635,21.155250107788568,47.732681770358006
1106585,125.05271941468297,24.563927027884155,55.423694159995726
893437,129.9262182391614,25.521221439835273,57.583641657349204
1100792,121.20382782562481,23.80789475146202,53.71785528431677
362258,112.53604182413326,22.105293929740462,49.876269730323976
871374,106.60625171062648,20.94051372887306,47.24817115540104
183197,125.74247147114322,24.69941403897456,55.729394085614395
