UE ID,Internet usage,Data rate,optimal GU
516506,107.69945509419635,14.103500071859045,38.97357146400851
1106585,125.05271941468297,16.37595135192277,45.253256784020486
893437,129.9262182391614,17.01414762655685,47.016846530593
1100792,121.20382782562481,15.87192983430801,43.86044517441502
362258,112.53604182413326,14.736862619826974,40.72380370423856
871374,106.60625171062648,13.960342485915373,38.57797020347296
183197,125.74247147114322,16.46627602598304,45.502859728077986
