UE ID,Internet usage,Data rate,optimal GU
516506,107.69945509419635,46.797977511168654,70.99377914622745
1106585,125.05271941468297,54.3383840313801,82.43277680463922
893437,129.9262182391614,56.45603530630227,85.64531022843241
1100792,121.20382782562481,52.665948995658404,79.89564828163621
362258,112.53604182413326,48.89958960215315,74.18198070051014
871374,106.60625171062648,46.32295461235556,70.27315674839649
183197,125.74247147114322,54.63809772258009,82.88745046217227
