UE ID,Internet usage,Data rate,optimal GU
516506,107.69945509419635,96.1602277626753,101.76641947014714
1106585,125.05271941468297,111.65421376310978,118.16371297985351
893437,129.9262182391614,116.00555199925122,122.7687365171162
1100792,121.20382782562481,108.21770341573642,114.52685227703347
362258,112.53604182413326,100.47860877154754,106.3365643565072
871374,106.60625171062648,95.18415331305935,100.73343936823991
183197,125.74247147114322,112.27006381352072,118.81546741117108
