UE ID,Internet usage,Data rate,optimal GU
516506,107.69945509419635,81.41565950573177,93.639853507478
1106585,125.05271941468297,94.53390098609962,108.72773976860798
893437,129.9262182391614,98.21803402603271,112.96502876504616
1100792,121.20382782562481,91.62432222532351,105.38130088226127
362258,112.53604182413326,85.07188875991027,97.8450490906069
871374,106.60625171062648,80.58924980505692,92.68936211825202
183197,125.74247147114322,95.05532069544755,109.32744829514536
