UE ID,Internet usage,Data rate,optimal GU
516506,107.69945509419635,90.3906140969148,98.66620436536265
1106585,125.05271941468297,104.95496093732321,114.56397025799207
893437,129.9262182391614,109.04521887929617,119.02870622689535
1100792,121.20382782562481,101.72464121079226,111.03790298333413
362258,112.53604182413326,94.4498922452547,103.09712422757903
871374,106.60625171062648,89.4731041142758,97.66469299873714
183197,125.74247147114322,105.5338599847095,115.19586962372807
