UE ID,Internet usage,Data rate,optimal GU
516506,107.69945509419635,4.487477295591515,21.984059213047622
1106585,125.05271941468297,5.210529975611791,25.526279459450727
893437,129.9262182391614,5.413592426631724,26.521078241286205
1100792,121.20382782562481,5.050159492734367,24.740627753743862
362258,112.53604182413326,4.689001742672219,22.971323345136096
871374,106.60625171062648,4.441927154609437,21.760910006811766
183197,125.74247147114322,5.2392696446309674,25.667074508397643
