UE ID,Internet usage,Data rate,optimal GU
516506,107.69945509419635,105.77625053894286,106.73352118688551
1106585,125.05271941468297,122.81963513942078,123.93114770590856
893437,129.9262182391614,127.60610719917638,128.76093713782146
1100792,121.20382782562481,119.03947375731009,120.11677602122859
362258,112.53604182413326,110.52646964870232,111.52672958111953
871374,106.60625171062648,104.7025686443653,105.65012251602151
183197,125.74247147114322,123.49707019487282,124.61471352030854
