UE ID,Internet usage,Data rate,optimal GU
516506,107.69945509419635,67.95322761895721,85.54838155367749
1106585,125.05271941468297,78.90231105926425,99.33251515019747
893437,129.9262182391614,81.97725674613754,103.20365764180275
1100792,121.20382782562481,76.47384374712041,96.27524391394559
362258,112.53604182413326,71.0048835318936,89.39020384171238
871374,106.60625171062648,67.2634683412286,84.6800226553747
183197,125.74247147114322,79.33751176155465,99.88040252856801
