UE ID,Internet usage,Data rate,optimal GU
516506,107.69945509419635,16.667772812197054,42.36873905968271
1106585,125.05271941468297,19.353397052272364,49.1954767361672
893437,129.9262182391614,20.107629013203546,51.112700921019396
1100792,121.20382782562481,18.75773525872765,47.68133088219621
362258,112.53604182413326,17.416292187068244,44.271442104196666
871374,106.60625171062648,16.498586574263623,41.938675148429645
183197,125.74247147114322,19.460144394343594,49.46682374410224
