UE ID,Internet usage,Data rate,optimal GU
516506,107.69945509419635,93.59595502233731,100.40036531271507
1106585,125.05271941468297,108.6767680627602,116.57755094119507
893437,129.9262182391614,112.91207061260454,121.12075927870026
1100792,121.20382782562481,105.33189799131681,112.98950937448059
362258,112.53604182413326,97.7991792043063,104.90916319036063
871374,106.60625171062648,92.64590922471112,99.3812513443527
183197,125.74247147114322,109.27619544516018,117.22055659413209
