UE ID,Internet usage
344122,0.6519623406387252
467565,0.5703662191438988
1214624,0.5446798369815454
831389,0.5609950968298489
389191,0.4986338085244642
788218,0.6152547091777079
1114617,0.5921909806262439
