UE ID,Internet usage
344122,0.44537830746494494
467565,0.3637821859692319
1214624,0.33809580380510507
831389,0.35441106365606867
389191,0.2920497753489106
788218,0.4086706760025976
1114617,0.38560694745024693
