UE ID,Internet usage
344122,0.7329434952391086
467565,0.6513473737442823
1214624,0.6256609915819289
831389,0.6419762514302323
389191,0.5796149631248476
788218,0.6962358637780913
1114617,0.6731721352266273
