UE ID,Internet usage
344122,1.0585596634485273
467565,0.9769635419492674
1214624,0.9512771597869139
831389,0.9675924196396507
389191,0.9052311313298326
788218,1.0218520319830764
1114617,0.9987883034316125
