UE ID,Internet usage
344122,0.41738257783882676
467565,0.3357864563431137
1214624,0.3101000741794302
831389,0.32641533402995043
389191,0.2640540457227924
788218,0.38067494637692273
1114617,0.357611217824572
