UE ID,Internet usage
344122,0.42610891309312443
467565,0.34451279159785475
1214624,0.3188264094337279
831389,0.33514166928469147
389191,0.2727803809775334
788218,0.38940128163122034
1114617,0.3663375530788698
