UE ID,Internet usage
344122,0.7283185936306759
467565,0.646722472131416
1214624,0.6210360899690625
831389,0.6373513498217994
389191,0.5749900615119813
788218,0.691610962165225
1114617,0.668547233613761
