UE ID,Internet usage
344122,1.0796685956168786
467565,0.9980724741220524
1214624,0.9723860919596988
831389,0.9887013518080024
389191,0.9263400635026178
788218,1.0429609641558615
1114617,1.0198972356043974
