UE ID,Internet usage
344122,0.3604966887887175
467565,0.27890056729300455
1214624,0.25321418512887767
831389,0.26952944497984127
389191,0.20716815667268318
788218,0.3237890573263702
1114617,0.30072532877401953
