UE ID,Internet usage
344122,0.7001607692864692
467565,0.6185646477916429
1214624,0.5928782656292895
831389,0.6091935254775929
389191,0.5468322371722083
788218,0.6634531378254519
1114617,0.6403894092739879
