UE ID,Internet usage
344122,0.7592851895598786
467565,0.6776890680650522
1214624,0.6520026859026988
831389,0.6683179457510022
389191,0.6059566574456177
788218,0.7225775580988613
1114617,0.6995138295473973
