UE ID,Internet usage
344122,0.8101538768873746
467565,0.7285577553925483
1214624,0.7028713732301949
831389,0.7191866330784983
389191,0.6568253447731137
788218,0.7734462454263574
1114617,0.7503825168748934
