UE ID,Internet usage
344122,0.43813101505468
467565,0.3565348935594103
1214624,0.3308485113952835
831389,0.34716377124624703
389191,0.28480248293908894
788218,0.401423383592776
1114617,0.37835965504042535
