UE ID,Internet usage
344122,0.4669767246537954
467565,0.38538060315852574
1214624,0.35969422099439885
831389,0.37600948084536245
389191,0.31364819253820436
788218,0.4302690931918913
1114617,0.40720536463954077
