UE ID,Internet usage
344122,0.4782810360421767
467565,0.396684914546907
1214624,0.37099853238278013
831389,0.38731379223374374
389191,0.3249525039265857
788218,0.44157340458027267
1114617,0.41850967602792205
