UE ID,Internet usage
344122,0.4656663838771979
467565,0.38407026238015485
1214624,0.3583838802160281
831389,0.37469914006699157
389191,0.31233785175983353
788218,0.42895875241352055
1114617,0.4058950238611699
