UE ID,Internet usage
344122,0.9428289843790237
467565,0.8612328628797641
1214624,0.8355464807174106
831389,0.8518617405701474
389191,0.7895004522603293
788218,0.906121352913573
1114617,0.883057624362109
