UE ID,Internet usage
344122,0.7917037392049201
467565,0.7101076177100938
1214624,0.6844212355477403
831389,0.7007364953960437
389191,0.6383752070906591
788218,0.7549961077439027
1114617,0.7319323791924387
