UE ID,Internet usage
344122,0.8141734572806253
467565,0.7325773357813656
1214624,0.7068909536190121
831389,0.723206213471749
389191,0.6608449251619309
788218,0.7774658258151745
1114617,0.7544020972637105
