UE ID,Internet usage
344122,0.7839248760820947
467565,0.7023287545872685
1214624,0.6766423724204815
831389,0.6929576322732185
389191,0.6305963439634004
788218,0.7472172446210774
1114617,0.7241535160651801
