UE ID,Internet usage
344122,0.7350415823854798
467565,0.6534454608906536
1214624,0.6277590787238666
831389,0.6440743385766036
389191,0.5817130502712189
788218,0.6983339509244626
1114617,0.6752702223729986
