UE ID,Internet usage
344122,0.4715513191930227
467565,0.38995519769642295
1214624,0.36426881553273943
831389,0.38058407538325967
389191,0.31822278707610163
788218,0.43484368773023196
1114617,0.41177995917788135
