UE ID,Internet usage
344122,0.8289001232832323
467565,0.747304001788406
1214624,0.7216176196260524
831389,0.7379328794743559
389191,0.6755715911689713
788218,0.7921924918222149
1114617,0.7691287632707511
