UE ID,Internet usage,Data rate,optimal GU
344122,128.11152956960314,55.66750987250613,84.44909612954862
467565,114.40338115834376,49.71099300332795,75.41290128565196
1214624,110.08806895477579,47.83588710534901,72.56831566301186
831389,112.8290326097536,49.02690107447627,74.37511559713536
389191,102.35233617415906,44.47452702805722,67.46904283864146
788218,121.94464748396918,52.987852775772325,80.38398489546294
1114617,118.06994108721102,51.304200591466696,77.82983965909817
