UE ID,Internet usage,Data rate,optimal GU
344122,128.11152956960314,93.79594129203086,109.6190745552195
467565,114.40338115834376,83.7596183480731,97.88964982852892
1214624,110.08806895477579,80.60019334188941,94.19723797644059
831389,112.8290326097536,82.6069703035696,96.54255303323194
389191,102.35233617415906,74.93653184179502,87.57813139589688
788218,121.94464748396918,89.28090262219172,104.34236051246756
1114617,118.06994108721102,86.44406401027949,101.02695454695642
