UE ID,Internet usage,Data rate,optimal GU
344122,128.11152956960314,32.79045102079128,64.8138475601528
467565,114.40338115834376,29.281817796480844,57.87865722682215
1214624,110.08806895477579,28.17730336342476,55.69546584446835
831389,112.8290326097536,28.87885953702027,57.08216695637048
389191,102.35233617415906,26.197324139814523,51.78182429406778
788218,121.94464748396918,31.212022867920684,61.69391482058966
1114617,118.06994108721102,30.220282540179014,59.73363356734469
