UE ID,Internet usage,Data rate,optimal GU
344122,128.11152956960314,102.1841962043263,114.41579293776134
467565,114.40338115834376,91.25031592391704,102.1731113036261
1214624,110.08806895477579,87.8083407139283,98.31912666068278
831389,112.8290326097536,89.99458553397012,100.76706816174406
389191,102.35233617415906,81.63817290081734,91.4103807966501
788218,121.94464748396918,97.26537358840397,108.90818010890867
1114617,118.06994108721102,94.1748339624183,105.44769839992055
