UE ID,Internet usage,Data rate,optimal GU
344122,128.11152956960314,127.34896094121265,127.72967617307421
467565,114.40338115834376,113.72240865144887,114.06238671532626
1214624,110.08806895477579,109.43278283004499,109.75993687182495
831389,112.8290326097536,112.15743122517173,112.49273072128305
389191,102.35233617415906,101.74309607788432,102.0472614682206
788218,121.94464748396918,121.2187864870408,121.58117529698714
1114617,118.06994108721102,117.36714381883478,117.71801797628112
