UE ID,Internet usage,Data rate,optimal GU
344122,128.11152956960314,4.575411770342969,24.21080338009054
467565,114.40338115834376,4.08583504136942,21.620206834993578
1214624,110.08806895477579,3.93171674838485,20.80468948354765
831389,112.8290326097536,4.0296083074912,21.322682925243218
389191,102.35233617415906,3.655440577648538,19.342773401664648
788218,121.94464748396918,4.355165981570328,23.045372211287198
1114617,118.06994108721102,4.2167836102575365,22.31312153062911
