UE ID,Internet usage,Data rate,optimal GU
344122,128.11152956960314,118.9607060289172,123.45135887483983
467565,114.40338115834376,106.23171107560492,110.24185653954436
1214624,110.08806895477579,102.22463545800609,106.08351765084807
831389,112.8290326097536,104.7698159947712,108.72477631796684
389191,102.35233617415906,95.041455018862,98.62917902209153
788218,121.94464748396918,113.23431552082853,117.50880260336234
1114617,118.06994108721102,109.63637386669595,113.77504209384514
