UE ID,Internet usage,Data rate,optimal GU
344122,128.11152956960314,79.30713735261146,100.79761243218839
467565,114.40338115834376,70.82114071706995,90.01209893966285
1214624,110.08806895477579,68.14975697200406,86.61682945470352
831389,112.8290326097536,69.84654399651413,88.77340812575171
389191,102.35233617415906,63.360970012574654,80.53038745124633
788218,121.94464748396918,75.48954368055234,95.94553555455641
1114617,118.06994108721102,73.09091591113064,92.89693286453266
