UE ID,Internet usage,Data rate,optimal GU
344122,128.11152956960314,25.927333365276823,57.63323984547997
467565,114.40338115834376,23.153065234426712,51.46638657413319
1214624,110.08806895477579,22.27972824084748,49.52506697493788
831389,112.8290326097536,22.834447075783466,50.75813800504571
389191,102.35233617415906,20.714163273341715,46.045010619170135
788218,121.94464748396918,24.67927389556519,54.8589587520126
1114617,118.06994108721102,23.895107124792705,53.11585347612209
