UE ID,Internet usage,Data rate,optimal GU
344122,128.11152956960314,41.17870593308672,72.63241014027162
467565,114.40338115834376,36.77251537232478,64.86062050498073
1214624,110.08806895477579,35.38545073546365,62.41406845064295
831389,112.8290326097536,36.266474767420796,63.96804877572965
389191,102.35233617415906,32.89896519883684,58.02832020499394
788218,121.94464748396918,39.19649383413295,69.13611663386159
1114617,118.06994108721102,37.95105249231783,66.93936459188733
