UE ID,Internet usage,Data rate,optimal GU
344122,128.11152956960314,35.078156905962764,67.03667903249256
467565,114.40338115834376,31.324735317165555,59.86364200559404
1214624,110.08806895477579,30.143161737617184,57.605576708212546
831389,112.8290326097536,30.893663690765866,59.03983560275369
389191,102.35233617415906,28.025044428638793,53.55771437109487
788218,121.94464748396918,33.38960585870585,63.809746246702446
1114617,118.06994108721102,32.32867434530778,61.78223592083828
