UE ID,Internet usage,Data rate,optimal GU
344122,128.11152956960314,53.37980398733464,82.69563674670533
467565,114.40338115834376,47.66807548264324,73.84706499601414
1214624,110.08806895477579,45.87002873115658,71.06154294633006
831389,112.8290326097536,47.01209692073067,72.83082737771154
389191,102.35233617415906,42.64680673923294,66.06814890799016
788218,121.94464748396918,50.810269784987156,78.71493147742447
1114617,118.06994108721102,49.19580878633793,76.21381925307652
