UE ID,Internet usage,Data rate,optimal GU
344122,128.11152956960314,67.86860792675404,93.24564961034993
467565,114.40338115834376,60.6065531136464,83.26820879876001
1214624,110.08806895477579,58.32046510104194,80.12731983236492
831389,112.8290326097536,59.77252322778613,82.12232322843245
389191,102.35233617415906,54.22236856845331,74.49688648445309
788218,121.94464748396918,64.60162872662653,88.75710023405861
1114617,118.06994108721102,62.548956885486795,85.93690507887707
