UE ID,Internet usage,Data rate,optimal GU
344122,128.11152956960314,70.15631381192553,94.80418066420306
467565,114.40338115834376,62.64947063433111,84.6599744173588
1214624,110.08806895477579,60.28632347523437,81.46658784907785
831389,112.8290326097536,61.78732738153173,83.49493622969219
389191,102.35233617415906,56.050088857277586,75.74204603330678
788218,121.94464748396918,66.7792117174117,90.2406085536723
1114617,118.06994108721102,64.65734869061556,87.3732759529837
