UE ID,Internet usage,Data rate,optimal GU
344122,128.11152956960314,108.28474523145027,117.78168083643519
467565,114.40338115834376,96.69809597907627,105.17884355506278
1214624,110.08806895477579,93.05062971177477,101.21148225372045
831389,112.8290326097536,95.36739661062506,103.73143738562345
389191,102.35233617415906,86.5120936710154,94.09949465616756
788218,121.94464748396918,103.07226156383109,112.1120448559246
1114617,118.06994108721102,99.79721210942836,108.5497625719564
