UE ID,Internet usage,Data rate,optimal GU
344122,128.11152956960314,20.58935296654336,51.35886974410862
467565,114.40338115834376,18.38625768616239,45.86338459103911
1214624,110.08806895477579,17.692725367731825,44.133411042890984
831389,112.8290326097536,18.133237383710398,45.23224106859026
389191,102.35233617415906,16.44948259941842,41.03221871781557
788218,121.94464748396918,19.598246917066476,48.8866168967076
1114617,118.06994108721102,18.975526246158914,47.3332786312422
