UE ID,Internet usage,Data rate,optimal GU
344122,128.11152956960314,39.65356867630573,71.27467527821386
467565,114.40338115834376,35.410570358534976,63.64816554907004
1214624,110.08806895477579,34.07487848600203,61.247347472299545
831389,112.8290326097536,34.923271998257064,62.772278874760005
389191,102.35233617415906,31.680485006287327,56.94358305835633
788218,121.94464748396918,37.74477184027617,67.84373881520185
1114617,118.06994108721102,36.54545795556532,65.68805117994249
