UE ID,Internet usage,Data rate,optimal GU
344122,128.11152956960314,99.89649031915484,113.12776924089849
467565,114.40338115834376,89.20739840323235,101.02290830138091
1214624,110.08806895477579,85.8424823397359,97.21230948324379
831389,112.8290326097536,87.97978138022454,99.63269354156971
389191,102.35233617415906,79.81045261199309,90.38133809561855
788218,121.94464748396918,95.08779059761883,107.6821577813897
1114617,118.06994108721102,92.06644215728956,104.26063207951647
