UE ID,Internet usage
547686,0.32881455024280476
761183,0.302155294471951
1179618,0.3115425768379726
1288083,0.29110669533703976
283761,0.261164411551844
766878,0.31351049074202125
823784,0.3211506294901475
