UE ID,Internet usage
547686,0.856374627754257
761183,0.82971537198296
1179618,0.8391026543480948
1288083,0.8186667728467187
283761,0.7887244890610796
766878,0.8410705682499269
823784,0.8487107070015998
