UE ID,Internet usage
547686,0.525588306188692
761183,0.4989290504173948
1179618,0.5083163327825297
1288083,0.48788045128115365
283761,0.4579381674955145
766878,0.5102842466887952
823784,0.5179243854360347
