UE ID,Internet usage
547686,0.4003316932410598
761183,0.3736724374702061
1179618,0.3830597198362277
1288083,0.36262383833573825
283761,0.3326815545500991
766878,0.38502763374071974
823784,0.39266777248884593
