UE ID,Internet usage
547686,0.7485531253037851
761183,0.721893869532488
1179618,0.7312811518976229
1288083,0.7108452703962468
283761,0.6809029866106076
766878,0.7332490658038882
823784,0.7408892045511278
