UE ID,Internet usage
547686,0.34523449301527365
761183,0.3185752372444199
1179618,0.3279625196104415
1288083,0.307526638109952
283761,0.27758435432431294
766878,0.3299304335149335
823784,0.3375705722630597
