UE ID,Internet usage
547686,1.0558980960894202
761183,1.0292388403181232
1179618,1.038626122683258
1288083,1.018190241181882
283761,0.9882479573962427
766878,1.0405940365895234
823784,1.048234175336763
