UE ID,Internet usage
547686,1.05963156427055
761183,1.0329723084992528
1179618,1.0423595908688212
1288083,1.021923709367445
283761,0.9919814255818059
766878,1.0443275047706533
823784,1.0519676435178926
