UE ID,Internet usage
547686,1.0765680246512483
761183,1.0499087688799515
1179618,1.0592960512450862
1288083,1.03886016974371
283761,1.008917885958071
766878,1.0612639651513516
823784,1.0689041038985914
