UE ID,Internet usage
547686,0.7843766570388568
761183,0.7577174012675597
1179618,0.7671046836326947
1288083,0.7466688021313185
283761,0.7167265183456794
766878,0.7690725975345267
823784,0.7767127362861995
