UE ID,Internet usage
547686,0.48970021638306827
761183,0.46304096061177114
1179618,0.47242824297690605
1288083,0.4519923614755299
283761,0.4220500776907775
766878,0.4743961568831715
823784,0.48203629563041095
