UE ID,Internet usage
547686,0.9860412409027147
761183,0.9593819851314177
1179618,0.9687692674965525
1288083,0.9483333859951764
283761,0.9183911022095372
766878,0.9707371813983845
823784,0.9783773201500575
