UE ID,Internet usage
547686,0.8250991380250713
761183,0.7984398822537742
1179618,0.807827164618909
1288083,0.7873912831175327
283761,0.7574489993318938
766878,0.8097950785251743
823784,0.817435217272414
