UE ID,Internet usage
547686,1.0869307549028862
761183,1.0602714991315891
1179618,1.069658781496724
1288083,1.0492228999953477
283761,1.0192806162097088
766878,1.0716266954029892
823784,1.079266834150229
