UE ID,Internet usage
547686,1.065167083783594
761183,1.038507828012297
1179618,1.0478951103774319
1288083,1.0274592288804891
283761,0.99751694509485
766878,1.0498630242836973
823784,1.0575031630309368
