UE ID,Internet usage
547686,1.0434305123010632
761183,1.0167712565297664
1179618,1.026158538894901
1288083,1.005722657393525
283761,0.9757803736078858
766878,1.0281264528011664
823784,1.0357665915484062
