UE ID,Internet usage
547686,0.43843823250609204
761183,0.41177897673523833
1179618,0.42116625910125993
1288083,0.4007303776003271
283761,0.37078809381513134
766878,0.4231341730053086
823784,0.4307743117534347
