UE ID,Internet usage
547686,1.053208635318329
761183,1.0265493795514653
1179618,1.0359366619166002
1288083,1.015500780415224
283761,0.9855584966295848
766878,1.037904575818432
823784,1.0455447145701051
