UE ID,Internet usage
547686,0.871950709917274
761183,0.8452914541459768
1179618,0.8546787365111118
1288083,0.834242855014169
283761,0.8043005712285299
766878,0.8566466504173772
823784,0.8642867891646167
