UE ID,Internet usage
547686,0.552285128401085
761183,0.525625872629788
1179618,0.5350131549949229
1288083,0.5145772734935466
283761,0.48463498970790764
766878,0.5369810689011882
823784,0.5446212076484278
