UE ID,Internet usage
547686,1.0605767432582311
761183,1.0339174874869341
1179618,1.043304769852069
1288083,1.0228688883551262
283761,0.9929266045694871
766878,1.0452726837583344
823784,1.052912822505574
