UE ID,Internet usage,Data rate,optimal GU
547686,123.78095663446743,99.46684015269705,110.95990549522155
761183,119.30220166494483,95.86784062361639,106.94505343989255
1179618,120.87926510239488,97.13512374299589,108.3587669442742
1288083,117.44603701034058,94.37627974045225,105.28114761577882
283761,112.41573333435983,90.33407142939629,100.7718754653997
766878,121.2098746383633,97.40079212011337,108.65513242620537
823784,122.49341794807108,98.43221085112854,109.80572819001723
