UE ID,Internet usage,Data rate,optimal GU
547686,123.78095663446743,92.09892606731206,106.77121884486931
761183,119.30220166494483,88.76651909594109,102.90792565336811
1179618,120.87926510239488,89.93992939166286,104.26827210722105
1288083,117.44603701034058,87.38544420412245,101.30683152760437
283761,112.41573333435983,83.64265873092249,96.96778237781994
766878,121.2098746383633,90.1859186297346,104.55344992517351
823784,122.49341794807108,91.14093597326718,105.66061121511557
