UE ID,Internet usage,Data rate,optimal GU
547686,123.78095663446743,25.787699298847382,56.49801844855547
761183,119.30220166494483,24.854625346863507,54.453755843267224
1179618,120.87926510239488,25.183180229665602,55.17358352602392
1288083,117.44603701034058,24.467924377154286,53.60653646679178
283761,112.41573333435983,23.4199444446583,51.3105274714286
766878,121.2098746383633,25.25205721632569,55.324485443170765
823784,122.49341794807108,25.51946207251481,55.910340130055594
