UE ID,Internet usage,Data rate,optimal GU
547686,123.78095663446743,58.943312683079725,85.41697507589545
761183,119.30220166494483,56.810572221402296,82.3263405226945
1179618,120.87926510239488,57.56155481066423,83.41461768577685
1288083,117.44603701034058,55.92668429063837,81.04546522208351
283761,112.41573333435983,53.531301587790395,77.57422590225595
766878,121.2098746383633,57.71898792303014,83.6427599401388
823784,122.49341794807108,58.33019902289099,84.52848897209245
