UE ID,Internet usage,Data rate,optimal GU
547686,123.78095663446743,16.209410987846926,44.79303962176423
761183,119.30220166494483,15.622907360885632,43.172297188835444
1179618,120.87926510239488,15.829427572932662,43.74299454778658
1288083,117.44603701034058,15.379838179925551,42.50060051449373
283761,112.41573333435983,14.721107936642358,40.6802672581181
766878,121.2098746383633,15.872721678833289,43.86263335529474
823784,122.49341794807108,16.040804731295022,44.32711357819181
