UE ID,Internet usage,Data rate,optimal GU
547686,123.78095663446743,28.73486493300137,59.639157188621645
761183,119.30220166494483,27.695153957933623,57.48123904919841
1179618,120.87926510239488,28.061257970198813,58.241087226170094
1288083,117.44603701034058,27.264258591686207,56.58691654100508
283761,112.41573333435983,26.096509524047818,54.16325558543302
766878,121.2098746383633,28.138006612477195,58.400378886371946
823784,122.49341794807108,28.43597202365936,59.01880552716873
