UE ID,Internet usage,Data rate,optimal GU
547686,123.78095663446743,2.9471656341539862,19.09981627021075
761183,119.30220166494483,2.840528611070115,18.408729374754046
1179618,120.87926510239488,2.8780777405332114,18.652075546255322
1288083,117.44603701034058,2.7963342145319183,18.12231695046738
283761,112.41573333435983,2.67656507938952,17.346124241936927
766878,121.2098746383633,2.8859493961515073,18.703089705184663
823784,122.49341794807108,2.91650995114455,18.901144737694004
