UE ID,Internet usage,Data rate,optimal GU
547686,123.78095663446743,13.999036762231434,41.6270844810213
761183,119.30220166494483,13.492510902583046,40.12089551177078
1179618,120.87926510239488,13.670869267532753,40.65125619670657
1288083,117.44603701034058,13.282587519026611,39.49667410495075
283761,112.41573333435983,12.713684127100217,37.80500131635206
766878,121.2098746383633,13.708259631719658,40.762438978437935
823784,122.49341794807108,13.85342226793661,41.19408991442187
