UE ID,Internet usage,Data rate,optimal GU
547686,123.78095663446743,19.156576622000912,48.695167933920786
761183,119.30220166494483,18.463435971955747,46.93323515115979
1179618,120.87926510239488,18.707505313465873,47.55364858968134
1288083,117.44603701034058,18.17617239445747,46.203023880973234
283761,112.41573333435983,17.397673016031877,44.22411299742062
766878,121.2098746383633,18.758671074984797,47.68370968560646
823784,122.49341794807108,18.957314682439574,48.18865292337165
