UE ID,Internet usage,Data rate,optimal GU
547686,123.78095663446743,103.15079719538953,112.99603689711094
761183,119.30220166494483,99.41850138745403,108.90751168653445
1179618,120.87926510239488,100.73272091866241,110.34716705204784
1288083,117.44603701034058,97.87169750861715,107.21307293358356
283761,112.41573333435983,93.6797777786332,102.6210549428572
766878,121.2098746383633,101.00822886530275,110.64897088634153
823784,122.49341794807108,102.07784829005924,111.82068026011119
