UE ID,Internet usage,Data rate,optimal GU
547686,123.78095663446743,78.83668071361915,98.78501787527219
761183,119.30220166494483,75.98414034612559,95.21068865894703
1179618,120.87926510239488,76.98857955926341,96.4692848444572
1288083,117.44603701034058,74.80194023872882,93.72935208206141
283761,112.41573333435983,71.59811587366966,89.71485217786987
766878,121.2098746383633,77.19914634705282,96.73313212604529
823784,122.49341794807108,78.0166411931167,97.75748071924288
