UE ID,Internet usage,Data rate,optimal GU
547686,123.78095663446743,61.15368690869522,87.00380375180733
761183,119.30220166494483,58.940968679704895,83.85575312256965
1179618,120.87926510239488,59.72011311606414,84.96424768867035
1288083,117.44603701034058,58.02393495153731,82.55108243871697
283761,112.41573333435983,55.53872539733254,79.01535638087556
766878,121.2098746383633,59.88344997014378,85.1966282419312
823784,122.49341794807108,60.51758148624941,86.098811851277
