UE ID,Internet usage,Data rate,optimal GU
547686,123.78095663446743,112.72908550638996,118.1258398679545
761183,119.30220166494483,108.6502193734319,113.85170346828222
1179618,120.87926510239488,110.08647357539533,115.35671642131636
1288083,117.44603701034058,106.95978370584587,112.0803404515475
283761,112.41573333435983,102.37861428664912,107.27985366688952
766878,121.2098746383633,110.38756440279514,115.67222156981794
823784,122.49341794807108,111.55650563127901,116.89712429789967
