UE ID,Internet usage,Data rate,optimal GU
547686,123.78095663446743,95.78288311000455,108.88570567601487
761183,119.30220166494483,92.31717985977873,104.94590420197592
1179618,120.87926510239488,93.53752656732937,106.33319082466448
1288083,117.44603701034058,90.88086197228735,103.3131021639023
283761,112.41573333435983,86.98836508015938,98.88812290686448
766878,121.2098746383633,93.79335537492398,106.62401627638116
823784,122.49341794807108,94.78657341219785,107.75310368080297
