UE ID,Internet usage,Data rate,optimal GU
547686,123.78095663446743,107.5715456466205,115.39197904008306
761183,119.30220166494483,103.6792943040592,111.21676167530701
1179618,120.87926510239488,105.04983752946222,112.68694316418107
1288083,117.44603701034058,102.06619883041503,109.48639443027477
283761,112.41573333435983,97.69462539771747,104.79700833950359
766878,121.2098746383633,105.33715295953002,112.9951463780048
823784,122.49341794807108,106.45261321677607,114.19170040956088
