UE ID,Internet usage,Data rate,optimal GU
547686,123.78095663446743,100.20363156123554,111.37010987198246
761183,119.30220166494483,96.5779727763839,107.34041542941645
1179618,120.87926510239488,97.85464317812918,108.75935524923516
1288083,117.44603701034058,95.07536329408522,105.67035836131487
283761,112.41573333435983,91.00321269924366,101.14441601674412
766878,121.2098746383633,98.12227946915124,109.05681635590813
823784,122.49341794807108,99.16133833891469,110.21166572300213
