UE ID,Internet usage,Data rate,optimal GU
547686,123.78095663446743,39.78673606107881,70.17720606438674
761183,119.30220166494483,38.34713624944655,67.63799067169714
1179618,120.87926510239488,38.85404949719835,68.53210159825403
1288083,117.44603701034058,37.750511896180896,66.58564422845336
283761,112.41573333435983,36.133628571758514,63.73373011150069
766878,121.2098746383633,38.960316848045345,68.71953958680523
823784,122.49341794807108,39.37288434045142,69.44724024276256
