UE ID,Internet usage,Data rate,optimal GU
547686,123.78095663446743,45.68106732938679,75.19605185190917
761183,119.30220166494483,44.02819347158679,72.47524002368294
1179618,120.87926510239488,44.61020497826478,73.43329485893878
1288083,117.44603701034058,43.34318032524474,71.34763318165894
283761,112.41573333435983,41.48675873053756,68.29175943229926
766878,121.2098746383633,44.732215640348365,73.63413780348664
823784,122.49341794807108,45.20590424274052,74.41388124621974
