UE ID,Internet usage,Data rate,optimal GU
547686,123.78095663446743,106.834754238082,114.99612202764932
761183,119.30220166494483,102.96916215129166,110.83522792074639
1179618,120.87926510239488,104.3303180943289,112.3003658905062
1288083,117.44603701034058,101.36711527678203,109.11079677295186
283761,112.41573333435983,97.02548412787009,104.43749781738265
766878,121.2098746383633,104.61566561049213,112.6075118003088
823784,122.49341794807108,105.72348572898991,113.79996100319231
