UE ID,Internet usage,Data rate,optimal GU
547686,123.78095663446743,34.62919620130934,65.47087163984253
761183,119.30220166494483,33.37621118007385,63.10194511278521
1179618,120.87926510239488,33.81741345126524,63.93609376285656
1288083,117.44603701034058,32.85692702075004,62.120172785698756
283761,112.41573333435983,31.44963968282686,59.459518229181484
766878,121.2098746383633,33.90990540478021,64.11096148953132
823784,122.49341794807108,34.26899192594846,64.78985993690894
