UE ID,Internet usage,Data rate,optimal GU
547686,123.78095663446743,1.4735828170769931,13.505609604083173
761183,119.30220166494483,1.4202643055350574,13.01693737391658
1179618,120.87926510239488,1.4390388702666057,13.189009101960915
1288083,117.44603701034058,1.3981671072659592,12.814413206487398
283761,112.41573333435983,1.33828253969476,12.265562078777961
766878,121.2098746383633,1.4429746980757536,13.225081559676381
823784,122.49341794807108,1.458254975572275,13.365127616211858
