UE ID,Internet usage,Data rate,optimal GU
547686,123.78095663446743,47.891441555002274,76.99382085779266
761183,119.30220166494483,46.15858992988937,74.20796051897096
1179618,120.87926510239488,46.76876328366468,75.18892029732343
1288083,117.44603701034058,45.440430986143674,73.05339512551389
283761,112.41573333435983,43.49418254007969,69.92446228625263
766878,121.2098746383633,46.89667768746199,75.39456494637393
823784,122.49341794807108,47.39328670609893,76.19295030659292
