UE ID,Internet usage,Data rate,optimal GU
547686,123.78095663446743,4.420748451230979,23.392402021462246
761183,119.30220166494483,4.260792916605173,22.545996890565714
1179618,120.87926510239488,4.317116610799817,22.844033866084676
1288083,117.44603701034058,4.194501321797878,22.195214742817786
283761,112.41573333435983,4.0148476190842795,21.244576703833566
766878,121.2098746383633,4.32892409422726,22.90651319560174
823784,122.49341794807108,4.374764926716824,23.14908008092085
