UE ID,Internet usage
882597,0.3195031721905802
159005,0.3346792930307234
1291372,0.3039560524640424
286069,0.31154753269124635
602868,0.27078756240878127
1064196,0.3598571919845963
995454,0.2421345606148507
