UE ID,Internet usage
882597,0.8839177026816646
159005,0.8990938235249112
1291372,0.8683705829555701
286069,0.8759620631836607
602868,0.8352020929025257
1064196,0.9242717224778972
995454,0.8065490911068217
