UE ID,Internet usage
882597,1.0624882084377825
159005,1.0776643292765957
1291372,1.046941088711688
286069,1.054532568935345
602868,1.01377259865421
1064196,1.1028422282295818
995454,0.9851195968585061
