UE ID,Internet usage
882597,0.7636234854795814
159005,0.7787996063183947
1291372,0.7480763657534869
286069,0.7556678459815775
602868,0.7149078756960092
1064196,0.8039775052713808
995454,0.6862548739047385
