UE ID,Internet usage
882597,0.5179078575474109
159005,0.533083978386224
1291372,0.5023607378213163
286069,0.5099522180449736
602868,0.4691922477638385
1064196,0.5582618773392102
995454,0.4405392459703512
