UE ID,Internet usage
882597,0.9390381489701739
159005,0.954214269808987
1291372,0.9234910292440794
286069,0.9310825094721701
602868,0.8903225391866015
1064196,0.9793921687619733
995454,0.8616695373953311
