UE ID,Internet usage
882597,0.7512425951944489
159005,0.7664187160376956
1291372,0.7356954754683543
286069,0.7432869556964451
602868,0.70252698541531
1064196,0.7915966149906817
995454,0.673873983619606
