UE ID,Internet usage
882597,0.6761303006925541
159005,0.6913064215313672
1291372,0.6605831809664596
286069,0.6681746611945503
602868,0.6274146909089817
1064196,0.7164843204843534
995454,0.5987616891177113
