UE ID,Internet usage
882597,0.9826956342882162
159005,0.9978717551270294
1291372,0.9671485145621217
286069,0.9747399947902123
602868,0.9339800245046438
1064196,1.0230496540800156
995454,0.9053270227133733
