UE ID,Internet usage
882597,0.6937612794756576
159005,0.7089374003189042
1291372,0.678214159749563
286069,0.6858056399776536
602868,0.6450456696965187
1064196,0.7341152992718903
995454,0.6163926679008147
