UE ID,Internet usage
882597,0.4126400374983235
159005,0.4278161583384667
1291372,0.3970929177717857
286069,0.40468439799943295
602868,0.3639244277165246
1064196,0.45299405729189623
995454,0.33527142592259396
