UE ID,Internet usage
882597,1.0264975024305754
159005,1.0416736232693886
1291372,1.010950382704481
286069,1.0185418629325715
602868,0.9777818926470031
1064196,1.066851522222375
995454,0.9491288908557326
