UE ID,Internet usage
882597,0.344176555038714
159005,0.35935267587930053
1291372,0.3286294353126195
286069,0.3362209155398235
602868,0.2954609452569151
1064196,0.3845305748331734
995454,0.2668079434629845
