UE ID,Internet usage
882597,0.3636369221644995
159005,0.3788130430046427
1291372,0.34808980243796167
286069,0.35568128266560894
602868,0.31492131238270055
1064196,0.4039909419589589
995454,0.28626831058876995
