UE ID,Internet usage
882597,0.7137101166902119
159005,0.7288862375290251
1291372,0.6981629969641174
286069,0.7057544771922081
602868,0.6649945069066396
1064196,0.7540641364820112
995454,0.636341505115369
