UE ID,Internet usage
882597,0.8095205312079157
159005,0.8246966520467289
1291372,0.7939734114818212
286069,0.8015648917099117
602868,0.7608049214243433
1064196,0.849874550999715
995454,0.7321519196330728
