UE ID,Internet usage
882597,0.4284453054083835
159005,0.44362142624941336
1291372,0.4128981856818456
286069,0.4204896659094929
602868,0.3797296956265845
1064196,0.46879932520239953
995454,0.3510766938326539
