UE ID,Internet usage
882597,0.8804309460360105
159005,0.8956070668748236
1291372,0.8648838263054824
286069,0.8724753065335731
602868,0.8317153362524381
1064196,0.9207849658278097
995454,0.803062334456734
