UE ID,Internet usage
882597,0.7154190634593771
159005,0.7305951843026237
1291372,0.6998719437332827
286069,0.7074634239613732
602868,0.6667034536802382
1064196,0.7557730832556098
995454,0.6380504518845342
