UE ID,Internet usage
882597,0.9531435919318443
159005,0.9683197127706575
1291372,0.9375964722057498
286069,0.9451879524338404
602868,0.904427982148272
1064196,0.9934976117236436
995454,0.8757749803570014
