UE ID,Internet usage
882597,0.3623730020774354
159005,0.3775491229175786
1291372,0.3468258823508975
286069,0.35441736257810147
602868,0.31365739229563644
1064196,0.4027270218714514
995454,0.28500439050170584
