UE ID,Internet usage
882597,1.0714103325681372
159005,1.0865864534069503
1291372,1.0558632128420427
286069,1.0634546930701332
602868,1.0226947227889982
1064196,1.1117643523643699
995454,0.9940417209932942
