UE ID,Internet usage
882597,1.0140493868858675
159005,1.029225507729114
1291372,0.9985022671597729
286069,1.0060937473878635
602868,0.9653337771067284
1064196,1.0544034066821002
995454,0.9366807753110244
