UE ID,Internet usage,Data rate,optimal GU
882597,118.21443424505111,11.258517547147724,36.48176643576965
159005,120.76402254620795,11.501335480591234,37.26858646755497
1291372,115.60251813101756,11.009763631525482,35.675711623338955
286069,116.87788680923347,11.131227315165093,36.069298942309835
602868,110.0302118017195,10.479067790639952,33.95606055608764
1064196,124.99390957048261,11.904181863855488,38.5739579431685
995454,105.21650750033254,10.020619761936432,32.47051915722576
