UE ID,Internet usage,Data rate,optimal GU
882597,118.21443424505111,33.77555264144318,63.188273016613984
159005,120.76402254620795,34.504006441773704,64.55108528807912
1291372,115.60251813101756,33.02929089457645,61.79214512779862
286069,116.87788680923347,33.39368194549528,62.47385836147101
602868,110.0302118017195,31.437203371919857,58.81362210802929
1064196,124.99390957048261,35.71254559156646,66.8120550065929
995454,105.21650750033254,30.061859285809298,56.240588928453576
