UE ID,Internet usage,Data rate,optimal GU
882597,118.21443424505111,5.629258773573862,25.7965044363965
159005,120.76402254620795,5.750667740295617,26.352870216445318
1291372,115.60251813101756,5.504881815762741,25.226537612518708
286069,116.87788680923347,5.565613657582547,25.504845874752053
602868,110.0302118017195,5.239533895319976,24.01056068159062
1064196,124.99390957048261,5.952090931927744,27.275907238819133
995454,105.21650750033254,5.010309880968216,22.960124284722035
