UE ID,Internet usage,Data rate,optimal GU
882597,118.21443424505111,50.663328962164755,77.3895133091895
159005,120.76402254620795,51.756009662660546,79.05861064933595
1291372,115.60251813101756,49.543936341864665,75.67961283755612
286069,116.87788680923347,50.09052291824291,76.51453762425615
602868,110.0302118017195,47.15580505787978,72.03168204477186
1064196,124.99390957048261,53.56881838734969,81.82772171645739
995454,105.21650750033254,45.092788928713944,68.8803728541661
