UE ID,Internet usage,Data rate,optimal GU
882597,118.21443424505111,63.32916120270595,86.52410625248622
159005,120.76402254620795,64.69501207832569,88.39021380930198
1291372,115.60251813101756,61.929920427330835,84.61237940782063
286069,116.87788680923347,62.61315364780364,85.54585369740101
602868,110.0302118017195,58.94475632234973,80.53386879288047
1064196,124.99390957048261,66.96102298418711,91.48617410096726
995454,105.21650750033254,56.36598616089243,77.0105980087233
