UE ID,Internet usage,Data rate,optimal GU
882597,118.21443424505111,59.810874469222284,84.08631688378843
159005,120.76402254620795,61.10084474064092,85.89984744952177
1291372,115.60251813101756,58.48936929247912,82.22845233923353
286069,116.87788680923347,59.13464511181455,83.1356262855032
602868,110.0302118017195,55.67004763777474,78.26485247284485
1064196,124.99390957048261,63.24096615173227,88.908580037697
995454,105.21650750033254,53.23454248528729,74.84084873035582
