UE ID,Internet usage,Data rate,optimal GU
882597,118.21443424505111,42.21944080180397,70.64663692298228
159005,120.76402254620795,43.13000805221713,72.17030736276574
1291372,115.60251813101756,41.286613618220564,69.08571849064508
286069,116.87788680923347,41.7421024318691,69.8478970564714
602868,110.0302118017195,39.29650421489983,65.75562851826899
1064196,124.99390957048261,44.64068198945808,74.69814835559845
995454,105.21650750033254,37.577324107261624,62.87888996932213
