UE ID,Internet usage,Data rate,optimal GU
882597,118.21443424505111,71.06939201637002,91.65930377956694
159005,120.76402254620795,72.60218022123216,93.63616464347915
1291372,115.60251813101756,69.49913292400461,89.63411612738334
286069,116.87788680923347,70.26587242697966,90.62299202781028
602868,110.0302118017195,66.1491154284147,85.31354629298247
1064196,124.99390957048261,75.14514801558776,96.9158698857979
995454,105.21650750033254,63.25516224722373,81.5811697208355
