UE ID,Internet usage,Data rate,optimal GU
882597,118.21443424505111,114.69614751156745,116.4420035389587
159005,120.76402254620795,117.16985520852319,118.95336496349321
1291372,115.60251813101756,112.16196699616584,113.86924880442857
286069,116.87788680923347,113.39937827324438,115.1254954302378
602868,110.0302118017195,106.75550311714451,108.3804900292416
1064196,124.99390957048261,121.27385273802777,123.1198317997595
995454,105.21650750033254,102.0850638247274,103.6389592942073
