UE ID,Internet usage,Data rate,optimal GU
882597,118.21443424505111,28.849951214566044,58.39932072231021
159005,120.76402254620795,29.472172169015035,59.65884732631577
1291372,115.60251813101756,28.212519305784046,57.10900344576661
286069,116.87788680923347,28.52376999511055,57.73905057117878
602868,110.0302118017195,26.852611213514876,54.35621858860557
1064196,124.99390957048261,30.504466026129684,61.74846125990439
995454,105.21650750033254,25.67783813996211,51.978192054414976
