UE ID,Internet usage,Data rate,optimal GU
882597,118.21443424505111,87.25351099039487,101.56093952708333
159005,120.76402254620795,89.13534997458207,103.75135379355089
1291372,115.60251813101756,85.32566814432249,99.31697789751372
286069,116.87788680923347,86.26701169252948,100.41267862162766
602868,110.0302118017195,81.21277537745964,94.52967193314147
1064196,124.99390957048261,92.25740944488003,107.3853541846388
995454,105.21650750033254,77.65980315500735,90.39409970309555
