UE ID,Internet usage,Data rate,optimal GU
882597,118.21443424505111,69.66207732297654,90.74724821762187
159005,120.76402254620795,71.16451328615825,92.70443833484744
1291372,115.60251813101756,68.12291247006392,88.7422121876522
286069,116.87788680923347,68.87446901258402,89.72124828210346
602868,110.0302118017195,64.8392319545847,84.46463416734707
1064196,124.99390957048261,73.65712528260582,95.95150888232942
995454,105.21650750033254,62.00258477698167,80.76939659442365
