UE ID,Internet usage,Data rate,optimal GU
882597,118.21443424505111,73.1803640564602,93.01061947316187
159005,120.76402254620795,74.75868062384302,95.01662482104139
1291372,115.60251813101756,71.56346360491563,90.95557486435713
286069,116.87788680923347,72.35297754857311,91.95902957422473
602868,110.0302118017195,68.1139406391597,86.57130769011458
1064196,124.99390957048261,77.37718211506066,98.34468213436178
995454,105.21650750033254,65.1340284525868,82.78390539959125
