UE ID,Internet usage,Data rate,optimal GU
882597,118.21443424505111,58.403559775828825,83.0911774907338
159005,120.76402254620795,59.66317780556703,84.8832454003139
1291372,115.60251813101756,57.11314883853844,81.25530028328394
286069,116.87788680923347,57.743241697418924,82.15173806505338
602868,110.0302118017195,54.36016416394476,77.33860857640951
1064196,124.99390957048261,61.75294341875034,87.85637043148556
995454,105.21650750033254,51.98196501504525,73.95512701555946
