UE ID,Internet usage
635830,0.46781901916396906
39680,0.4544938042448129
69676,0.5257738911532637
163037,0.46003924248341627
1211638,0.41672588112890113
1268026,0.5216960688557767
450068,0.4109180658217599
