UE ID,Internet usage
635830,0.6865463397138407
39680,0.6732211247946844
69676,0.7445012117031353
163037,0.6787665630332879
1211638,0.6354532016787728
1268026,0.7404233894056481
450068,0.6296453863720748
