UE ID,Internet usage
635830,0.3359814589187165
39680,0.3226562440004469
69676,0.39393633091067115
163037,0.3282016822390503
1211638,0.2848883208858653
1268026,0.38985850861185406
450068,0.2790805055782807
