UE ID,Internet usage
635830,0.35236099154214007
39680,0.3390357766238705
69676,0.41031586353409466
163037,0.3445812148624739
1211638,0.30126785350928886
1268026,0.406238041235721
450068,0.2954600382021476
