UE ID,Internet usage
635830,0.7103184720792677
39680,0.6969932571601115
69676,0.7682733440685624
163037,0.7025386953987149
1211638,0.6592253340441999
1268026,0.7641955217710752
450068,0.6534175187375019
