UE ID,Internet usage
635830,1.0103692301654805
39680,0.9970440152507578
69676,1.0683241021592087
163037,1.0025894534893611
1211638,0.9592760921348462
1268026,1.0642462798617216
450068,0.9534682768281483
