UE ID,Internet usage
635830,0.3522047848182327
39680,0.33887956989996315
69676,0.41015965681018735
163037,0.34442500813856647
1211638,0.3011116467853815
1268026,0.40608183451181357
450068,0.2953038314777969
