UE ID,Internet usage
635830,0.6544144653535673
39680,0.6410892504344111
69676,0.7123693373472952
163037,0.6466346886730144
1211638,0.6033213273184994
1268026,0.7082915150453748
450068,0.5975135120118015
