UE ID,Internet usage
635830,0.6788602929052228
39680,0.6655350779860665
69676,0.7368151648945173
163037,0.6710805162246698
1211638,0.6277671548701548
1268026,0.7327373425970302
450068,0.621959339563457
