UE ID,Internet usage
635830,0.8655350025404454
39680,0.8522097876212891
69676,0.9234898745341734
163037,0.857755225864326
1211638,0.8144418645098108
1268026,0.9194120522366862
450068,0.808634049203113
