UE ID,Internet usage
635830,0.874362712037337
39680,0.8610374971181808
69676,0.932317584031065
163037,0.866582935356784
1211638,0.8232695740022691
1268026,0.9282397617291445
450068,0.817461758695571
