UE ID,Internet usage
635830,0.39420281526534257
39680,0.3808776003470731
69676,0.45215768725862726
163037,0.3864230385856764
1211638,0.34310967723249136
1268026,0.4480798649567067
450068,0.33730186192490674
