UE ID,Internet usage
635830,0.46892393166831065
39680,0.4555987167491545
69676,0.5268788036620387
163037,0.46114415498775785
1211638,0.4178307936363462
1268026,0.5228009813645517
450068,0.4120229783292049
