UE ID,Internet usage
635830,0.37147417918960984
39680,0.35814896427134035
69676,0.4294290511815645
163037,0.36369440250994367
1211638,0.3203810411567587
1268026,0.4253512288831907
450068,0.3145732258491741
