UE ID,Internet usage
635830,0.8459357291610141
39680,0.8326105142418578
69676,0.9038906011503087
163037,0.8381559524804612
1211638,0.7948425911259462
1268026,0.8998127788528216
450068,0.7890347758192483
