UE ID,Internet usage
635830,0.36422688677978826
39680,0.3509016718615187
69676,0.4221817587717429
163037,0.35644711010012203
1211638,0.31313374874693706
1268026,0.41810393647336913
450068,0.30732593343935244
