UE ID,Internet usage
635830,0.6400205967521402
39680,0.6266953818329839
69676,0.6979754687414348
163037,0.6322408200715873
1211638,0.5889274587170723
1268026,0.6938976464439477
450068,0.5831196434103743
