UE ID,Internet usage
635830,0.3917622556005328
39680,0.3784370406822633
69676,0.44971712759381754
163037,0.3839824789208667
1211638,0.34066911756768165
1268026,0.445639305291897
450068,0.334861302260097
