UE ID,Internet usage
635830,0.42947564356378787
39680,0.41615042864551827
69676,0.4874305155548558
163037,0.42169586688412164
1211638,0.37838250553093666
1268026,0.4833526932573687
450068,0.3725746902237954
