UE ID,Internet usage
635830,0.6987172701060292
39680,0.6853920551913064
69676,0.7566721420997573
163037,0.6909374934299098
1211638,0.6476241320753948
1268026,0.7525943198022701
450068,0.6418163167686968
