UE ID,Internet usage
635830,1.0284411162270912
39680,1.0151159013079352
69676,1.0863959882208194
163037,1.0206613395465385
1211638,0.9773479781964567
1268026,1.0823181659188987
450068,0.9715401628853254
