UE ID,Internet usage
635830,0.6787952832185403
39680,0.665470068299384
69676,0.7367501552122682
163037,0.6710155065379874
1211638,0.6277021451834723
1268026,0.7326723329103478
450068,0.6218943298767744
