UE ID,Internet usage
635830,0.38397294345232774
39680,0.3706477285340582
69676,0.4419278154442824
163037,0.37619316677266157
1211638,0.3328798054194766
1268026,0.4378499931459086
450068,0.327071990111892
