UE ID,Internet usage
635830,0.6746685405854926
39680,0.6613433256663364
69676,0.7326234125792206
163037,0.6668887639093731
1211638,0.6235754025548581
1268026,0.7285455902817336
450068,0.6177675872481603
