UE ID,Internet usage
635830,0.7362497486146997
39680,0.7229245336955433
69676,0.7942046206039942
163037,0.7284699719341468
1211638,0.6851566105796317
1268026,0.7901267983065072
450068,0.6793487952729338
