UE ID,Internet usage
635830,0.8798852077588777
39680,0.8665599928397215
69676,0.9378400797526056
163037,0.8721054310783248
1211638,0.8287920697238097
1268026,0.9337622574506852
450068,0.822984254417112
