UE ID,Internet usage
635830,1.0388038464787288
39680,1.0254786315595728
69676,1.096758718472457
163037,1.031024069798176
1211638,0.9877107084480945
1268026,1.0926808961749699
450068,0.981902893136963
