UE ID,Internet usage
635830,0.7004262168796278
39680,0.6871010019604716
69676,0.7583810888733559
163037,0.6926464401990751
1211638,0.6493330788445599
1268026,0.7543032665714353
450068,0.643525263537862
