UE ID,Internet usage
635830,1.003527641679594
39680,0.9902024267604379
69676,1.0614825136688888
163037,0.9957478649990412
1211638,0.9524345036445261
1268026,1.0574046913714015
450068,0.9466266883378284
