UE ID,Internet usage,Data rate,optimal GU
635830,115.69563601936679,24.791922004150024,53.55667264134947
39680,113.45699991309004,24.312214267090724,52.52038548971569
69676,125.43205451403738,26.87829739586515,58.063758612431094
163037,114.38863353721442,24.511850043688803,52.95164805713483
1211638,107.11198882983366,22.952569034964355,49.583216092636505
1268026,124.74698036788305,26.731495793117794,57.746630905258996
450068,106.1362758581899,22.743487683897836,49.13154875225821
