UE ID,Internet usage,Data rate,optimal GU
635830,115.69563601936679,36.499218506109756,64.98307702220795
39680,113.45699991309004,35.792982115439116,63.725696298750705
69676,125.43205451403738,39.57082672169036,70.45175721385941
163037,114.38863353721442,36.086890342097405,64.24896944574148
1211638,107.11198882983366,33.79128219036419,60.16187696972267
1268026,124.74698036788305,39.35470213986787,70.06696978766801
450068,106.1362758581899,33.48346797907181,59.61384565783048
