UE ID,Internet usage,Data rate,optimal GU
635830,115.69563601936679,1.377329000230557,12.623428800828753
39680,113.45699991309004,1.350678570393929,12.37917357676984
69676,125.43205451403738,1.4932387442147306,13.685759152009611
163037,114.38863353721442,1.3617694468716002,12.480823138734507
1211638,107.11198882983366,1.2751427241646864,11.686876110713742
1268026,124.74698036788305,1.4850830996176554,13.6110114345951
450068,106.1362758581899,1.26352709354988,11.580417097639748
