UE ID,Internet usage,Data rate,optimal GU
635830,115.69563601936679,113.62964251902096,114.65798603626095
39680,113.45699991309004,111.43098205749916,112.43942778942457
69676,125.43205451403738,123.19219639771529,124.30708062802466
163037,114.38863353721442,112.34597936690703,113.36270578625309
1211638,107.11198882983366,105.19927474358664,106.15132378468793
1268026,124.74698036788305,122.51935571845658,123.62815076873059
450068,106.1362758581899,104.2409852178651,105.18436177879688
