UE ID,Internet usage,Data rate,optimal GU
635830,115.69563601936679,30.301238005072253,59.209129390416166
39680,113.45699991309004,29.71492854866644,58.063470838071034
69676,125.43205451403738,32.851252372724076,64.19190041173361
163037,114.38863353721442,29.958927831175203,58.540249545489246
1211638,107.11198882983366,28.0531399316231,54.816307892795685
1268026,124.74698036788305,32.67182819158842,63.84130253996177
450068,106.1362758581899,27.797596058097355,54.316970860098166
