UE ID,Internet usage,Data rate,optimal GU
635830,115.69563601936679,9.641303001613899,33.39845329992319
39680,113.45699991309004,9.454749992757504,32.752214720634946
69676,125.43205451403738,10.452671209503114,36.209115219343644
163037,114.38863353721442,9.532386128101201,33.0211541824721
1211638,107.11198882983366,8.925999069152805,30.920567792170328
1268026,124.74698036788305,10.395581697323587,36.011351347995124
450068,106.1362758581899,8.844689654849159,30.63890371875516
