UE ID,Internet usage,Data rate,optimal GU
635830,115.69563601936679,52.33850200876116,77.81604126531064
39680,113.45699991309004,51.3257856749693,76.31035094182356
69676,125.43205451403738,56.74307228015976,84.36468535790887
163037,114.38863353721442,51.7472389811208,76.9369609249942
1211638,107.11198882983366,48.45542351825808,72.0427427478474
1268026,124.74698036788305,56.4331577854709,83.90390948198889
450068,106.1362758581899,48.01402955489543,71.3864853169118
