UE ID,Internet usage,Data rate,optimal GU
635830,115.69563601936679,50.272508508415335,76.26473527240582
39680,113.45699991309004,49.29976781937842,74.78906172160856
69676,125.43205451403738,54.50321416383767,82.6828285086374
163037,114.38863353721442,49.70458481081341,75.40317988681598
1211638,107.11198882983366,46.54270943201106,70.60653066672914
1268026,124.74698036788305,54.20553313604442,82.23123845566701
450068,106.1362758581899,46.11873891457061,69.96335609209083
