UE ID,Internet usage,Data rate,optimal GU
635830,115.69563601936679,14.461954502420848,40.90458439149242
39680,113.45699991309004,14.182124989136256,40.11310700581375
69676,125.43205451403738,15.679006814254672,44.34692816251827
163037,114.38863353721442,14.298579192151802,40.44248923241362
1211638,107.11198882983366,13.388998603729208,37.86980682397656
1268026,124.74698036788305,15.593372545985382,44.10471787533761
450068,106.1362758581899,13.267034482273738,37.52484019460607
