UE ID,Internet usage,Data rate,optimal GU
635830,115.69563601936679,42.69719900714727,70.28427701397646
39680,113.45699991309004,41.871035682211804,68.92432148202617
69676,125.43205451403738,46.29040107065666,76.19908208483393
163037,114.38863353721442,42.21485285301961,69.49028229063032
1211638,107.11198882983366,39.529424449105285,65.0697723220415
1268026,124.74698036788305,46.03757608814732,75.78290440761053
450068,106.1362758581899,39.169339900046275,64.47703362294605
