UE ID,Internet usage,Data rate,optimal GU
635830,115.69563601936679,107.43166201798346,111.48710448203525
39680,113.45699991309004,105.35292849072647,109.3299007527956
69676,125.43205451403738,116.472622048749,120.86935210470666
163037,114.38863353721442,106.21801685598481,110.2276453762345
1211638,107.11198882983366,99.46113248484555,103.21569508422343
1268026,124.74698036788305,115.83648177017713,120.20919813919787
450068,106.1362758581899,98.55511329689062,102.27547453868861
