UE ID,Internet usage,Data rate,optimal GU
635830,115.69563601936679,97.79035901636955,106.36690172681112
39680,113.45699991309004,95.89817849796897,104.30877062600996
69676,125.43205451403738,106.01995083924588,115.31825637445205
163037,114.38863353721442,96.68563072788362,105.16528505950201
1211638,107.11198882983366,90.53513341569274,98.4753684894308
1268026,124.74698036788305,105.44090007285354,114.68842091231433
450068,106.1362758581899,89.71042364204146,97.57832890056477
