UE ID,Internet usage,Data rate,optimal GU
635830,115.69563601936679,62.66846951049034,85.14968255006283
39680,113.45699991309004,61.45587495292377,83.50209098694921
69676,125.43205451403738,67.94236286177023,92.31549253668136
163037,114.38863353721442,61.960509832657806,84.18775476889061
1211638,107.11198882983366,58.01899394949323,78.83228927182253
1268026,124.74698036788305,67.57128103260332,91.81129161713648
450068,106.1362758581899,57.490482756519526,78.11418396851154
