UE ID,Internet usage,Data rate,optimal GU
635830,115.69563601936679,50.96117300853061,76.78531971356854
39680,113.45699991309004,49.97510710457538,75.29957318883338
69676,125.43205451403738,55.24983353594504,83.24722296853
163037,114.38863353721442,50.38546953424921,75.91788333557328
1211638,107.11198882983366,47.1802807940934,71.08849210248694
1268026,124.74698036788305,54.94807468585325,82.7925503538157
450068,106.1362758581899,46.750502461345555,70.4409272067479
