UE ID,Internet usage,Data rate,optimal GU
635830,115.69563601936679,106.0543330177529,110.77013817405236
39680,113.45699991309004,104.00224992033255,108.6268072815009
69676,125.43205451403738,114.97938330453427,120.09204917331014
163037,114.38863353721442,104.85624740911322,109.51877856773487
1211638,107.11198882983366,98.18598976068087,102.55192167137685
1268026,124.74698036788305,114.35139867055948,119.43614061495897
450068,106.1362758581899,97.29158620334076,101.61774762293562
