UE ID,Internet usage,Data rate,optimal GU
635830,115.69563601936679,57.847818009683394,81.80916878298484
39680,113.45699991309004,56.72849995654502,80.2262140116275
69676,125.43205451403738,62.71602725701869,88.69385632503653
163037,114.38863353721442,57.19431676860721,80.88497846482724
1211638,107.11198882983366,53.55599441491683,75.73961364795312
1268026,124.74698036788305,62.37349018394153,88.20943575067523
450068,106.1362758581899,53.06813792909495,75.04968038921214
