UE ID,Internet usage,Data rate,optimal GU
635830,115.69563601936679,66.11179201106674,87.45768019505468
39680,113.45699991309004,64.8325713789086,85.76543036271804
69676,125.43205451403738,71.67545972230707,94.81772076572558
163037,114.38863353721442,65.36493344983681,86.46967918627773
1211638,107.11198882983366,61.20685075990495,80.96905282207663
1268026,124.74698036788305,71.28398878164747,94.29985338847867
450068,106.1362758581899,60.64930049039423,80.23148314380543
