UE ID,Internet usage,Data rate,optimal GU
635830,115.69563601936679,66.800456511182,87.91200886366579
39680,113.45699991309004,65.50791066410555,86.21096806395421
69676,125.43205451403738,72.42207909441443,95.31028366860797
163037,114.38863353721442,66.04581817327261,86.918875347579
1211638,107.11198882983366,61.84442212198729,81.38967410868422
1268026,124.74698036788305,72.02653033145629,94.7897260531167
450068,106.1362758581899,61.281064037169166,80.64827287383399
