UE ID,Internet usage,Data rate,optimal GU
635830,115.69563601936679,80.57374651348758,96.55066467581247
39680,113.45699991309004,79.01469636804485,94.6824714451524
69676,125.43205451403738,87.35446653656174,104.67592946164207
163037,114.38863353721442,79.66351264198862,95.4599410951614
1211638,107.11198882983366,74.59584936363416,89.38741401220608
1268026,124.74698036788305,86.87736132763284,104.10421935710241
450068,106.1362758581899,73.91633497266797,88.57315913461288
