UE ID,Internet usage,Data rate,optimal GU
635830,115.69563601936679,19.282606003227798,47.232545619035825
39680,113.45699991309004,18.90949998551501,46.31862625567767
69676,125.43205451403738,20.905342419006228,51.20742182472583
163037,114.38863353721442,19.064772256202403,46.6989640900651
1211638,107.11198882983366,17.85199813830561,43.728286327963986
1268026,124.74698036788305,20.791163394647175,50.92774147571734
450068,106.1362758581899,17.689379309698317,43.329953175307004
