UE ID,Internet usage,Data rate,optimal GU
635830,115.69563601936679,64.73446301083618,86.54186773123669
39680,113.45699991309004,63.48189280851467,84.8673382807452
69676,125.43205451403738,70.18222097809235,93.82483769045538
163037,114.38863353721442,64.0031640029652,85.56421256785701
1211638,107.11198882983366,59.931708035740265,80.12118597273174
1268026,124.74698036788305,69.79890568202981,93.31239315769312
450068,106.1362758581899,59.38577339684436,79.39133974999683
