UE ID,Internet usage
761667,0.7358851218392303
531081,0.7676357284606908
759807,0.7040596782096253
88834,0.6828982337113413
651187,0.6694252070928126
1175438,0.6811140007695897
132322,0.707151348574385
