UE ID,Internet usage
761667,0.38682801872987893
531081,0.41857862535045265
759807,0.3550025750976139
88834,0.33384113060243314
651187,0.32036810397991444
1175438,0.33205689765890817
132322,0.3580942454641468
