UE ID,Internet usage
761667,0.820264959489682
531081,0.8520155661111424
759807,0.7884395158556436
88834,0.7672780713617929
651187,0.7538050447388309
1175438,0.7654938384200413
132322,0.7915311862248366
