UE ID,Internet usage
761667,0.3978842160510429
531081,0.4296348226716167
759807,0.3660587724187779
88834,0.34489732792359723
651187,0.3314243013015218
1175438,0.3431130949800722
132322,0.3691504427853109
