UE ID,Internet usage
761667,1.09799942241006
531081,1.1297500290315203
759807,1.0661739787760216
88834,1.045012534282171
651187,1.0315395076592089
1175438,1.0432283013404193
132322,1.0692656491452146
