UE ID,Internet usage
761667,0.5225382333998491
531081,0.5542888400213095
759807,0.4907127897702441
88834,0.46955134527196
651187,0.45607831864899795
1175438,0.4677671123302084
132322,0.49380446013500373
