UE ID,Internet usage
761667,0.715880808633159
531081,0.7476314152546195
759807,0.6840553649991206
88834,0.66289392050527
651187,0.6494208938823078
1175438,0.6611096875635183
132322,0.6871470353683137
