UE ID,Internet usage
761667,0.7279108134101591
531081,0.7596614200316195
759807,0.6960853697805541
88834,0.67492392528227
651187,0.661450898659308
1175438,0.6731396923405184
132322,0.6991770401453138
