UE ID,Internet usage
761667,0.3967090291050537
531081,0.4284596357251841
759807,0.3648835854727886
88834,0.34372214097760795
651187,0.3302491143550892
1175438,0.3419379080340829
132322,0.36797525583932156
