UE ID,Internet usage
761667,1.0639381041937201
531081,1.0956887108151805
759807,1.032112660564115
88834,1.0109512160658312
651187,0.997478189442869
1175438,1.0091669831240795
132322,1.0352043309288748
