UE ID,Internet usage
761667,1.0505241059749533
531081,1.0822747125964136
759807,1.0186986623409149
88834,0.9975372178470641
651187,0.984064191224102
1175438,0.9957529849008792
132322,1.0217903327101079
