UE ID,Internet usage
761667,0.4028650520977136
531081,0.434615658717844
759807,0.37103960846500517
88834,0.3498781639698245
651187,0.3364051373477492
1175438,0.34809393102629954
132322,0.3741312788315382
