UE ID,Internet usage
761667,0.33119170237510775
531081,0.3629423089952381
759807,0.29936625874239936
88834,0.27820481424721866
651187,0.2647317876251433
1175438,0.2764205813036937
132322,0.3024579291089324
