UE ID,Internet usage
761667,0.7016929041154527
531081,0.7334435107369132
759807,0.6698674604814142
88834,0.6487060159875636
651187,0.6352329893646015
1175438,0.6469217830458119
132322,0.6729591308506073
