UE ID,Internet usage
761667,0.7070464600386603
531081,0.7387970666556872
759807,0.6752210164046218
88834,0.6540595719107712
651187,0.6405865452878092
1175438,0.6522753389645862
132322,0.6783126867693815
