UE ID,Internet usage
761667,0.7907733895599771
531081,0.8225239961770041
759807,0.7589479459259386
88834,0.737786501432088
651187,0.7243134748091259
1175438,0.7360022684859029
132322,0.7620396162951317
