UE ID,Internet usage
761667,0.7370504002658675
531081,0.768801006887328
759807,0.7052249566362625
88834,0.6840635121379784
651187,0.6705904855194498
1175438,0.6822792791962268
132322,0.7083166270010222
