UE ID,Internet usage
761667,1.0352317495644723
531081,1.0669823561859326
759807,1.0034063059348672
88834,0.9822448614365832
651187,0.9687718348180546
1175438,0.9804606284948316
132322,1.006497976299627
