UE ID,Internet usage
761667,0.8971984606022065
531081,0.9289490672236671
759807,0.8653730169726015
88834,0.8442115724743174
651187,0.8307385458513554
1175438,0.8424273395325659
132322,0.8684646873373612
