UE ID,Internet usage
761667,0.5904221049737847
531081,0.6221727115908117
759807,0.5585966613397463
88834,0.5374352168458956
651187,0.5239621902229334
1175438,0.5356509838997106
132322,0.5616883317045058
