UE ID,Internet usage
761667,0.9159421600082879
531081,0.9476927666297483
759807,0.8841167163742494
88834,0.8629552718803988
651187,0.8494822452574367
1175438,0.8611710389386472
132322,0.8872083867434426
