UE ID,Internet usage
761667,0.40634998965819064
531081,0.438100596278321
759807,0.3745245460254822
88834,0.35336310153030154
651187,0.3398900749082261
1175438,0.3515788685867765
132322,0.37761621639245846
