UE ID,Internet usage
761667,0.8166159926873129
531081,0.8483665993043399
759807,0.7847905490532744
88834,0.7636291045594238
651187,0.7501560779364617
1175438,0.7618448716132387
132322,0.787882219418034
