UE ID,Internet usage
761667,0.37626883675024075
531081,0.40801944337037116
759807,0.3444433931179757
88834,0.3232819486227951
651187,0.3098089220002764
1175438,0.3214977156792701
132322,0.34753506348450874
