UE ID,Internet usage
761667,0.434477004007458
531081,0.4662276106289184
759807,0.4026515603751929
88834,0.38149011588001225
651187,0.3680170892579368
1175438,0.3797058829364872
132322,0.4057432307417259
