UE ID,Internet usage
761667,1.0789451767835516
531081,1.110695783405012
759807,1.047119733149513
88834,1.0259582886556624
651187,1.0124852620327003
1175438,1.0241740557094774
132322,1.0502114035187062
