UE ID,Internet usage
761667,0.9489907325675287
531081,0.9807413391889892
759807,0.9171652889334903
88834,0.8960038444396398
651187,0.8825308178166775
1175438,0.8942196114978881
132322,0.9202569593026835
