UE ID,Internet usage
761667,0.85875177988656
531081,0.890502386503587
759807,0.8269263362525217
88834,0.805764891758671
651187,0.7922918651357089
1175438,0.8039806588124859
132322,0.8300180066172813
