UE ID,Internet usage
761667,0.8209240716281333
531081,0.8526746782495936
759807,0.7890986279940948
88834,0.7679371835002442
651187,0.7544641568772821
1175438,0.7661529505584925
132322,0.7921902983632879
