UE ID,Internet usage
761667,0.478987302861421
531081,0.510737909478448
759807,0.44716185922738255
88834,0.4260004147317586
651187,0.41252738810923983
1175438,0.42421618178779025
132322,0.45025352959214215
