UE ID,Internet usage
761667,0.7500466736207066
531081,0.781797280242167
759807,0.7182212299866682
88834,0.6970597854928176
651187,0.6835867588698554
1175438,0.695275552551066
132322,0.7213129003558613
