UE ID,Internet usage
761667,0.7492213306624895
531081,0.78097193728395
759807,0.717395887028451
88834,0.6962344425346004
651187,0.6827614159116383
1175438,0.6944502095928488
132322,0.7204875573976441
