UE ID,Internet usage
761667,0.676760701565821
531081,0.7085113081872814
759807,0.644935257936216
88834,0.6237738134379319
651187,0.6103007868149699
1175438,0.6219895804961804
132322,0.6480269283009756
