UE ID,Internet usage
761667,0.44226631615566303
531081,0.47401692277801016
759807,0.41044087252339795
88834,0.3892794280282173
651187,0.37580640140569854
1175438,0.3874951950846923
132322,0.41353254288993097
