UE ID,Internet usage,Data rate,optimal GU
761667,124.18031819269257,8.13085416737868,31.77565196315356
531081,129.51442010486824,8.480110840199705,33.1405588047859
759807,118.83364366241089,7.78077428741976,30.407528000297702
88834,115.27852098721563,7.547998397972451,29.497831983590544
651187,113.01505251466438,7.399795105126834,28.918648523118527
1175438,114.97876985269988,7.528371835593444,29.421130716718665
132322,119.35304428403448,7.814782661454639,30.540433871552978
