UE ID,Internet usage,Data rate,optimal GU
761667,124.18031819269257,31.784248108843933,62.82497945619821
531081,129.51442010486824,33.14952419350794,65.52359424416888
759807,118.83364366241089,30.415754032640884,60.12000396239495
88834,115.27852098721563,29.505811919346858,58.321405663694904
651187,113.01505251466438,28.926471774586716,57.17627765663724
1175438,114.97876985269988,29.429089902774376,58.169756359344575
132322,119.35304428403448,30.548695858413588,60.38277775664795
