UE ID,Internet usage,Data rate,optimal GU
761667,124.18031819269257,104.96193561525206,114.16744966417929
531081,129.51442010486824,109.4705217553053,119.07145394138651
759807,118.83364366241089,100.44272261941873,109.25188652027197
88834,115.27852098721563,97.43779750109893,105.98341938330967
651187,113.01505251466438,95.52462772072822,103.902458191815
1175438,114.97876985269988,97.18443642311539,105.70783768840288
132322,119.35304428403448,100.88173981150534,109.72940699362702
