UE ID,Internet usage,Data rate,optimal GU
761667,124.18031819269257,39.17593371555182,69.74869112960513
531081,129.51442010486824,40.858715866416766,72.74471040335885
759807,118.83364366241089,37.48918520302248,66.74561015984573
88834,115.27852098721563,36.36762864477636,64.74879490756655
651187,113.01505251466438,35.65355823379293,63.47746652259172
1175438,114.97876985269988,36.27306429876841,64.58043288690683
132322,119.35304428403448,37.65304373246326,67.03734329483362
