UE ID,Internet usage,Data rate,optimal GU
761667,124.18031819269257,121.2236439500094,122.69307510283471
531081,129.51442010486824,126.4307434357047,127.96329325045784
759807,118.83364366241089,116.00427119425825,117.41043491281413
88834,115.27852098721563,112.53379429704383,113.89789009302487
651187,113.01505251466438,110.32421793098189,111.66153000523141
1175438,114.97876985269988,112.24118009430227,113.60172892195884
132322,119.35304428403448,116.51130513441461,117.92361494331168
