UE ID,Internet usage,Data rate,optimal GU
761667,124.18031819269257,119.74530682866784,121.94265170179618
531081,129.51442010486824,124.88890510112294,127.18063579690053
759807,118.83364366241089,114.58958496018194,116.69232154080156
88834,115.27852098721563,111.16143095195794,113.20126037710095
651187,113.01505251466438,108.97880063914066,110.97857846096976
1175438,114.97876985269988,110.87238521510346,112.90691060633652
132322,119.35304428403448,115.09043555960469,117.20236282607239
