UE ID,Internet usage,Data rate,optimal GU
761667,124.18031819269257,24.39256250213604,55.037043643807706
531081,129.51442010486824,25.440332520599117,57.401131641113274
759807,118.83364366241089,23.342322862259284,52.667383429088886
88834,115.27852098721563,22.643995193917355,51.09174370870906
651187,113.01505251466438,22.199385315380503,50.08856852826797
1175438,114.97876985269988,22.585115506780333,50.95889321748206
132322,119.35304428403448,23.444347984363915,52.89758315072723
