UE ID,Internet usage,Data rate,optimal GU
761667,124.18031819269257,28.08840530548998,59.05952174172307
531081,129.51442010486824,29.29492835705353,61.59639322377121
759807,118.83364366241089,26.879038447450082,56.5166707870565
88834,115.27852098721563,26.074903556632105,54.825872696135335
651187,113.01505251466438,25.562928544983606,53.74937871212964
1175438,114.97876985269988,26.007102704777353,54.68331259560017
132322,119.35304428403448,26.996521921388748,56.763695055893066
