UE ID,Internet usage,Data rate,optimal GU
761667,124.18031819269257,59.13348485366313,85.69256073295192
531081,129.51442010486824,61.67353338327059,89.37344075256655
759807,118.83364366241089,56.587449363052805,82.00300478259157
88834,115.27852098721563,54.89453380343601,79.54973706520227
651187,113.01505251466438,53.8166916736497,77.98779542763741
1175438,114.97876985269988,54.751795167952324,79.34288913089915
132322,119.35304428403448,56.83478299239737,82.36142526307503
