UE ID,Internet usage,Data rate,optimal GU
761667,124.18031819269257,96.83108144787337,109.65634730894261
531081,129.51442010486824,100.9904109151056,114.3665794969066
759807,118.83364366241089,92.66194833199897,104.93501298017499
88834,115.27852098721563,89.88979910312648,101.7956928973243
651187,113.01505251466438,88.12483261560139,99.79695679677913
1175438,114.97876985269988,89.65606458752194,101.53100027138254
132322,119.35304428403448,93.0669571500507,105.39366517068443
