UE ID,Internet usage,Data rate,optimal GU
761667,124.18031819269257,95.35274432653179,108.81605640260622
531081,129.51442010486824,99.44857258052382,113.49019432542813
759807,118.83364366241089,91.24726209792264,104.13090141411027
88834,115.27852098721563,88.51743575804056,101.01563777835484
651187,113.01505251466438,86.77941532376013,99.03221788896087
1175438,114.97876985269988,88.28726970832312,100.75297347828761
132322,119.35304428403448,91.64608757524076,104.58603897665411
