UE ID,Internet usage,Data rate,optimal GU
761667,124.18031819269257,68.74267614238339,92.39311336229765
531081,129.51442010486824,71.69548255805206,96.36181218535073
759807,118.83364366241089,65.78290988454889,88.41506021203044
88834,115.27852098721563,63.81489554649437,85.76996429726157
651187,113.01505251466438,62.56190407061778,84.08588986243925
1175438,114.97876985269988,63.64896188274458,85.54694231636428
132322,119.35304428403448,66.07043522866195,88.80150664100199
