UE ID,Internet usage,Data rate,optimal GU
761667,124.18031819269257,82.04771023445758,100.93914386350214
531081,129.51442010486824,85.57202756928794,105.27493304597313
759807,118.83364366241089,78.51508599123576,96.5931351122121
88834,115.27852098721563,76.16616565226747,93.7033773439392
651187,113.01505251466438,74.67065969718895,91.86353208418694
1175438,114.97876985269988,75.96811579553385,93.45972663237326
132322,119.35304428403448,78.85826140195135,97.01532644520178
