UE ID,Internet usage,Data rate,optimal GU
761667,124.18031819269257,76.13436174909128,97.23368381070274
531081,129.51442010486824,79.40467423096088,101.41030685605321
759807,118.83364366241089,72.8563410549305,93.0472163552929
88834,115.27852098721563,70.67671227192388,90.26354113896916
651187,113.01505251466438,69.28899052982399,88.49123630855284
1175438,114.97876985269988,70.49293627873863,90.0288348066003
132322,119.35304428403448,73.17478310271161,93.45390911102947
