UE ID,Internet usage,Data rate,optimal GU
761667,124.18031819269257,79.83020455244522,99.56575818377713
531081,129.51442010486824,83.25927006741529,103.84255428838364
759807,118.83364366241089,76.39305664012129,95.27888155858331
88834,115.27852098721563,74.10762063463862,92.42844205461219
651187,113.01505251466438,72.6525337594271,90.61362986960118
1175438,114.97876985269988,73.91492347673564,92.18810647318618
132322,119.35304428403448,76.72695703973645,95.69532852413892
