UE ID,Internet usage,Data rate,optimal GU
761667,124.18031819269257,72.43851894573733,94.84428465695258
531081,129.51442010486824,75.55007839450647,98.9182722864782
759807,118.83364366241089,69.31962546973969,90.76069453173454
88834,115.27852098721563,67.24580390920912,88.04542473774517
651187,113.01505251466438,65.9254473002209,86.31667213630982
1175438,114.97876985269988,67.0709490807416,87.81648602715063
132322,119.35304428403448,69.62260916568678,91.15739330916742
