UE ID,Internet usage,Data rate,optimal GU
761667,124.18031819269257,98.30941856921496,110.49024789212717
531081,129.51442010486824,102.53224924968735,115.23629985217796
759807,118.83364366241089,94.0766345660753,105.73300936313049
88834,115.27852098721563,91.26216244821238,102.56981577991127
651187,113.01505251466438,89.47024990744264,100.55587994637497
1175438,114.97876985269988,91.02485946672074,102.30311025329794
132322,119.35304428403448,94.48782672486064,106.19514945323289
