UE ID,Internet usage,Data rate,optimal GU
761667,124.18031819269257,45.828450761588925,75.43866116158384
531081,129.51442010486824,47.79698837203471,78.67909018133855
759807,118.83364366241089,43.855273256365926,72.19059436564189
88834,115.27852098721563,42.543263697662915,70.0308825950072
651187,113.01505251466438,41.70793604707852,68.65584157694698
1175438,114.97876985269988,42.432641255163055,69.84878591013283
132322,119.35304428403448,44.04695681910797,72.5061265536089
