UE ID,Internet usage,Data rate,optimal GU
761667,124.18031819269257,121.96281251068021,123.06657086817677
531081,129.51442010486824,127.2016626029956,128.35283233494334
759807,118.83364366241089,116.71161431129643,117.76784954448873
88834,115.27852098721563,113.21997596958678,114.24461202167068
651187,113.01505251466438,110.99692657690252,112.0014441248638
1175438,114.97876985269988,112.92557753390169,113.94754929244287
132322,119.35304428403448,117.22173992181959,118.28259177047359
