UE ID,Internet usage,Data rate,optimal GU
761667,124.18031819269257,3.6958428033539454,21.42314018323798
531081,129.51442010486824,3.8545958364544117,22.343360188141638
759807,118.83364366241089,3.5367155851908003,20.500751195647894
88834,115.27852098721563,3.4309083627147507,19.887434266300566
651187,113.01505251466438,3.3635432296031063,19.496948856909352
1175438,114.97876985269988,3.4219871979970202,19.835722282724788
132322,119.35304428403448,3.5521739370248357,20.59035631576876
