UE ID,Internet usage,Data rate,optimal GU
761667,124.18031819269257,19.957551138111306,49.78287909188857
531081,129.51442010486824,20.81481751685382,51.92127714419182
759807,118.83364366241089,19.098264160030322,47.639440779291654
88834,115.27852098721563,18.526905158659655,46.214221027306095
651187,113.01505251466438,18.163133439856775,45.30681493480059
1175438,114.97876985269988,18.47873086918391,46.09405323659309
132322,119.35304428403448,19.181739259934112,47.84766426206946
