UE ID,Internet usage
748265,0.4834710143870605
438681,0.46924034506351536
378847,0.4361336794725162
912247,0.38049132773406946
373873,0.43345681672770464
457283,0.4307141022714882
230171,0.4760066575249446
