UE ID,Internet usage
748265,0.3546536922023993
438681,0.3404230228819575
378847,0.3073163572900717
912247,0.25167400555162495
373873,0.3046394945452601
457283,0.3018967800890437
230171,0.34718933534294344
