UE ID,Internet usage
748265,0.6913660613858352
438681,0.6771353920622901
378847,0.6440287264735077
912247,0.5883863747337309
373873,0.6413518637291395
457283,0.6386091492738097
230171,0.6839017045237193
