UE ID,Internet usage
748265,0.3963209407022439
438681,0.3820902713818021
378847,0.34898360578991633
912247,0.29334125405146955
373873,0.3463067430451048
457283,0.34356402858888835
230171,0.3888565838427881
