UE ID,Internet usage
748265,0.36475442638634514
438681,0.35052375706590333
378847,0.3174170914740175
912247,0.26177473973557075
373873,0.314740228729206
457283,0.3119975142729895
230171,0.3572900695268892
