UE ID,Internet usage
748265,0.4194620754462832
438681,0.40523140612584146
378847,0.3721247405339556
912247,0.31648238879550883
373873,0.36944787778914406
457283,0.36670516333292763
230171,0.4119977185868274
