UE ID,Internet usage
748265,0.8701385160999814
438681,0.8559078467808697
378847,0.8228011811876538
912247,0.7671588294523104
373873,0.8201243184432855
457283,0.8173816039879558
230171,0.862674159242299
