UE ID,Internet usage
748265,0.3582144014376551
438681,0.34398373211676997
378847,0.31087706652532743
912247,0.2552347147864374
373873,0.30820020378051594
457283,0.30545748932429945
230171,0.3507500445781992
