UE ID,Internet usage
748265,0.41928879956029697
438681,0.4050581302394119
378847,0.3719514646479694
912247,0.3163091129095227
373873,0.36927460190315786
457283,0.36653188744694143
230171,0.4118244427008411
