UE ID,Internet usage
748265,0.6460302133702325
438681,0.6317995440511208
378847,0.598692878457905
912247,0.5430505267181281
373873,0.5960160157135367
457283,0.593273301258207
230171,0.63856585651255
