UE ID,Internet usage
748265,1.011774083962296
438681,0.9975434146431843
378847,0.9644367490499685
912247,0.9087943973101916
373873,0.9617598863056003
457283,0.9590171718502705
230171,1.0043097271046135
