UE ID,Internet usage
748265,0.8803723286554294
438681,0.8661416593363175
378847,0.8330349937431016
912247,0.7773926420077584
373873,0.8303581309987335
457283,0.8276154165434038
230171,0.8729079717977467
