UE ID,Internet usage
748265,1.0535049784761255
438681,1.0392743091525805
378847,1.0061676435637978
912247,0.9505252918240211
373873,1.0034907808149962
457283,1.0007480663596666
230171,1.0460406216140097
