UE ID,Internet usage
748265,0.29630619739344033
438681,0.2820755280729986
378847,0.24896886248111275
912247,0.19332651074266602
373873,0.24629199973630123
457283,0.2435492852800848
230171,0.2888418405339845
