UE ID,Internet usage
748265,1.0156335602792192
438681,1.0014028909601076
378847,0.9682962253668916
912247,0.9126538736315484
373873,0.9656193626225235
457283,0.9628766481671938
230171,1.0081692034215368
