UE ID,Internet usage
748265,0.7064358334977202
438681,0.6922051641786084
378847,0.6590984985853926
912247,0.6034561468456159
373873,0.6564216358410244
457283,0.6536789213856947
230171,0.6989714766400377
