UE ID,Internet usage
748265,0.6604240819716597
438681,0.6461934126525479
378847,0.6130867470593321
912247,0.5574443953239887
373873,0.6104098843149639
457283,0.6076671698596341
230171,0.6529597251139772
