UE ID,Internet usage
748265,0.9737845199336561
438681,0.9595538506145445
378847,0.9264471850213285
912247,0.8708048332815518
373873,0.9237703222769604
457283,0.9210276078216306
230171,0.9663201630759737
