UE ID,Internet usage
748265,0.35221458516934584
438681,0.3379839158484607
378847,0.30487725025701823
912247,0.24923489851812816
373873,0.3022003875122067
457283,0.29945767305599025
230171,0.34475022830988994
