UE ID,Internet usage
748265,0.34199107553813884
438681,0.3277604062172538
378847,0.2946537406253679
912247,0.23901138888692117
373873,0.2919768778805564
457283,0.28923416342433994
230171,0.334526718678683
