UE ID,Internet usage
748265,0.5867907498483107
438681,0.5725600805247656
378847,0.5394534149359832
912247,0.48381106319620637
373873,0.5367765521916149
457283,0.5340338377318518
230171,0.5793263929861948
