UE ID,Internet usage
748265,0.34948806618291406
438681,0.3352573968624723
378847,0.30215073127058645
912247,0.24650837953213972
373873,0.2994738685257749
457283,0.29673115406955847
230171,0.3420237093234582
