UE ID,Internet usage
748265,1.0050661569242105
438681,0.9908354876050988
378847,0.9577288220118829
912247,0.9020864702765395
373873,0.9550519592675147
457283,0.9523092448121849
230171,0.997601800066528
