UE ID,Internet usage
748265,0.9495995054101467
438681,0.9353688360866017
378847,0.9022621704978192
912247,0.8466198187580424
373873,0.8995853077490177
457283,0.8968425932936879
230171,0.9421351485480309
