UE ID,Internet usage
748265,0.704726886728555
438681,0.6904962174050099
378847,0.6573895518162275
912247,0.6017472000764507
373873,0.6547126890718592
457283,0.651969974612096
230171,0.6972625298664391
