UE ID,Internet usage
748265,0.9648218169284198
438681,0.9505911476048746
378847,0.9174844820160922
912247,0.8618421302763154
373873,0.9148076192672906
457283,0.9120649048119608
230171,0.9573574600663038
