UE ID,Internet usage,Data rate,optimal GU
748265,116.70525161144174,81.97154577470313,97.8085368187028
438681,114.31449916554857,80.29232679484959,95.8048909210265
378847,108.75257934616229,76.38574025504256,91.1435476487604
912247,99.40466425407845,69.81994274988844,83.3092309848773
373873,108.30286640502112,76.06987045114579,90.76665145810826
457283,107.84209037638209,75.74623014531599,90.3804834961697
230171,115.45123965905982,81.09075166529202,96.75757233748134
