UE ID,Internet usage,Data rate,optimal GU
748265,116.70525161144174,71.55143402368155,91.38067690104526
438681,114.31449916554857,70.0856750836399,89.50870821247317
378847,108.75257934616229,66.67568852770664,85.15370283827603
912247,99.40466425407845,60.94452629863144,77.83424808424189
373873,108.30286640502112,66.39997166498318,84.80157581395443
457283,107.84209037638209,66.11747207599616,84.44078634805278
230171,115.45123965905982,70.78260526716168,90.39878054703898
