UE ID,Internet usage,Data rate,optimal GU
748265,116.70525161144174,9.030763517552039,32.4644040228577
438681,114.31449916554857,8.845764816381735,31.799358086617232
378847,108.75257934616229,8.41537816369113,30.25217482223024
912247,99.40466425407845,7.6920275910894045,27.65182489683728
373873,108.30286640502112,8.380578948007587,30.12707623057369
457283,107.84209037638209,8.344923660077185,29.99890017207386
230171,115.45123965905982,8.933726878379629,32.115570100566345
