UE ID,Internet usage,Data rate,optimal GU
748265,116.70525161144174,86.83426459184652,100.66784341429965
438681,114.31449916554857,85.05543092674745,98.60562350951919
378847,108.75257934616229,80.91709772779932,93.80801187054155
912247,99.40466425407845,73.96180376047504,85.74466904966197
373873,108.30286640502112,80.58248988468833,93.42009760520145
457283,107.84209037638209,80.23965057766524,93.02264052028352
230171,115.45123965905982,85.90121998441951,99.58615534012164
