UE ID,Internet usage,Data rate,optimal GU
748265,116.70525161144174,37.5124023036777,66.16565838409177
438681,114.31449916554857,36.743946160354895,64.81022915163047
378847,108.75257934616229,34.95618621840931,61.6569170114496
912247,99.40466425407845,31.951499224525218,56.3571473091779
373873,108.30286640502112,34.81163563018536,61.40195373924382
457283,107.84209037638209,34.663529049551386,61.140718285984065
230171,115.45123965905982,37.10932703326923,65.45470043399781
