UE ID,Internet usage,Data rate,optimal GU
748265,116.70525161144174,19.450875268573622,47.64471945852608
438681,114.31449916554857,19.05241652759143,46.6686988595679
378847,108.75257934616229,18.12542989102705,44.398054601606376
912247,99.40466425407845,16.56744404234641,40.581784245861805
373873,108.30286640502112,18.050477734170187,44.21446006218601
457283,107.84209037638209,17.973681729397015,44.0263490362074
230171,115.45123965905982,19.24187327650997,47.132771222744914
