UE ID,Internet usage,Data rate,optimal GU
748265,116.70525161144174,13.893482334695445,40.26713736571986
438681,114.31449916554857,13.608868948279591,39.44224940380768
378847,108.75257934616229,12.946735636447892,37.52320474821662
912247,99.40466425407845,11.833888601676007,34.29786761986479
373873,108.30286640502112,12.893198381550134,37.36803904208058
457283,107.84209037638209,12.83834409242644,37.20905620811341
230171,115.45123965905982,13.744195197507121,39.83446213604865
