UE ID,Internet usage,Data rate,optimal GU
748265,116.70525161144174,61.13132227265996,84.46505991929985
438681,114.31449916554857,59.8790233724302,82.73476033289475
378847,108.75257934616229,56.965636800370724,78.70933830325967
912247,99.40466425407845,52.06910984737443,71.94381406616544
373873,108.30286640502112,56.730072878820586,78.38385997220358
457283,107.84209037638209,56.48871400667633,78.05037476625971
230171,115.45123965905982,60.47445886903133,83.5574727007734
