UE ID,Internet usage,Data rate,optimal GU
748265,116.70525161144174,15.977504684899763,43.181694088748024
438681,114.31449916554857,15.650199290521531,42.29710029939395
378847,108.75257934616229,14.888745981915077,40.23915417554244
912247,99.40466425407845,13.608971891927409,36.78036543810073
373873,108.30286640502112,14.827178138782655,40.072757493439696
457283,107.84209037638209,14.764095706290405,39.90226739777233
230171,115.45123965905982,15.805824477133191,42.71770159686191
