UE ID,Internet usage,Data rate,optimal GU
748265,116.70525161144174,111.14785867756356,113.89266356108291
438681,114.31449916554857,108.87095158623673,111.55952807473388
378847,108.75257934616229,103.57388509158314,106.13165011726092
912247,99.40466425407845,94.67110881340805,97.00901909697961
373873,108.30286640502112,103.14558705240107,105.69277522519535
457283,107.84209037638209,102.70675273941151,105.24310386523359
230171,115.45123965905982,109.95356158005697,112.66887320527506
