UE ID,Internet usage,Data rate,optimal GU
748265,116.70525161144174,59.74197403919042,83.49971324506413
438681,114.31449916554857,58.51813647760225,81.78918916053833
378847,108.75257934616229,55.67096323672594,77.80977346503022
912247,99.40466425407845,50.88572098720683,71.12157204435239
373873,108.30286640502112,55.44075304066558,77.48801500849646
457283,107.84209037638209,55.20487959743369,77.15834118722185
230171,115.45123965905982,59.10003934928063,82.60249879255267
