UE ID,Internet usage,Data rate,optimal GU
748265,116.70525161144174,9.725437634286811,33.689904216854444
438681,114.31449916554857,9.526208263795715,32.99975343275336
378847,108.75257934616229,9.062714945513525,31.394165480286468
912247,99.40466425407845,8.283722021173205,28.69565483289828
373873,108.30286640502112,9.025238867085093,31.26434453647351
457283,107.84209037638209,8.986840864698507,31.131329954388075
230171,115.45123965905982,9.620936638254985,33.3279021477171
