UE ID,Internet usage,Data rate,optimal GU
748265,116.70525161144174,31.955009369799527,61.06813742655356
438681,114.31449916554857,31.300398581043062,59.817132892458034
378847,108.75257934616229,29.777491963830155,56.906757573474074
912247,99.40466425407845,27.217943783854817,52.015291631600704
373873,108.30286640502112,29.65435627756531,56.6714371289105
457283,107.84209037638209,29.52819141258081,56.43032772336742
230171,115.45123965905982,31.611648954266382,60.411952951688924
