UE ID,Internet usage,Data rate,optimal GU
748265,116.70525161144174,7.641415284082495,29.86290832113249
438681,114.31449916554857,7.484877921553775,29.251155035616833
378847,108.75257934616229,7.1207046000463405,27.82795342847049
912247,99.40466425407845,6.5086387309218035,25.435979395304855
373873,108.30286640502112,7.091259109852573,27.712879460960966
457283,107.84209037638209,7.0610892508345415,27.594974635686818
230171,115.45123965905982,7.559307358628916,29.54202778276335
