UE ID,Internet usage,Data rate,optimal GU
748265,116.70525161144174,8.336089400817267,31.190790483375885
438681,114.31449916554857,8.165321368967755,30.55183501558131
378847,108.75257934616229,7.768041381868735,29.065349417234806
912247,99.40466425407845,7.1003331610056035,26.567014020432588
373873,108.30286640502112,7.73591902893008,28.94515857808133
457283,107.84209037638209,7.7030064554558635,28.822011004423786
230171,115.45123965905982,8.246517118504274,30.85564169160927
