UE ID,Internet usage,Data rate,optimal GU
748265,116.70525161144174,102.8117692767463,109.53845627020755
438681,114.31449916554857,100.70563021726898,107.29451841281565
378847,108.75257934616229,95.80584370971441,102.07415255522203
912247,99.40466425407845,87.57077565240245,93.30028698882063
373873,108.30286640502112,95.40966802347099,101.65205620002673
457283,107.84209037638209,95.00374628395565,101.21957613450681
230171,115.45123965905982,101.70704446155271,108.36145239496089
