UE ID,Internet usage,Data rate,optimal GU
748265,116.70525161144174,31.260335253064753,60.4007060485798
438681,114.31449916554857,30.61995513362908,59.16337410571152
378847,108.75257934616229,29.130155182007755,56.28480712232493
912247,99.40466425407845,26.626249353771016,51.44680142979718
373873,108.30286640502112,29.0096963584878,56.05205856312087
457283,107.84209037638209,28.886274207959488,55.813584312170114
230171,115.45123965905982,30.924439194391024,59.75169320407298
