UE ID,Internet usage,Data rate,optimal GU
748265,116.70525161144174,95.17035399266379,105.38918402124483
438681,114.31449916554857,93.2207522957152,103.23024561881245
378847,108.75257934616229,88.68513910966806,98.20762510034349
912247,99.40466425407845,81.06213692148064,89.76610999925262
373873,108.30286640502112,88.31840891361841,97.8015175837044
457283,107.84209037638209,87.94265703312111,97.3854196874718
230171,115.45123965905982,94.14773710292378,104.2567645749081
