UE ID,Internet usage,Data rate,optimal GU
748265,116.70525161144174,99.33839869307243,107.67224718632343
438681,114.31449916554857,97.30341298019908,105.46653934746317
378847,108.75257934616229,92.56915980060243,100.33511297757427
912247,99.40466425407845,84.61230350198345,91.71072795141717
373873,108.30286640502112,92.18636842808345,99.9202078872476
457283,107.84209037638209,91.79416026084904,99.49509599409703
230171,115.45123965905982,98.27099566217592,106.515295951935
