UE ID,Internet usage,Data rate,optimal GU
748265,116.70525161144174,112.53720691103311,114.6022820374926
438681,114.31449916554857,110.2318384810647,112.25460974080555
378847,108.75257934616229,104.86855865522793,106.79291290188853
912247,99.40466425407845,95.85449767357566,97.61344250913976
373873,108.30286640502112,104.43490689055609,106.3513035603641
457283,107.84209037638209,103.99058714865416,105.89883048257992
230171,115.45123965905982,111.32798109980769,113.37086674588485
