UE ID,Internet usage,Data rate,optimal GU
748265,116.70525161144174,18.061527035104078,45.91160046348503
438681,114.31449916554857,17.69152963276347,44.97108348085264
378847,108.75257934616229,16.83075632738226,42.78303592487988
912247,99.40466425407845,15.384055182178809,39.105585793473296
373873,108.30286640502112,16.761157896015174,42.60611979992541
457283,107.84209037638209,16.68984732015437,42.42485147962343
230171,115.45123965905982,17.867453756759257,45.418274799564784
