UE ID,Internet usage,Data rate,optimal GU
748265,116.70525161144174,13.198808217960671,39.24755067578441
438681,114.31449916554857,12.928425500865611,38.44354934355774
378847,108.75257934616229,12.299398854625496,36.57309598390266
912247,99.40466425407845,11.242194171592205,33.42942621563046
373873,108.30286640502112,12.248538462472625,36.42185916119516
457283,107.84209037638209,12.196426887805115,36.26690186249186
230171,115.45123965905982,13.056985437631765,38.825831027614576
