UE ID,Internet usage,Data rate,optimal GU
748265,116.70525161144174,33.34435760326907,62.38158096675177
438681,114.31449916554857,32.66128547587102,61.10367003116262
378847,108.75257934616229,31.07216552747494,58.13069883446961
912247,99.40466425407845,28.401332644022414,53.134028040865175
373873,108.30286640502112,30.94367611572032,57.89031715616266
457283,107.84209037638209,30.812025821823454,57.64402200884757
230171,115.45123965905982,32.986068474017095,61.71128338321854
