UE ID,Internet usage,Data rate,optimal GU
748265,116.70525161144174,52.10055875510791,77.97697620843971
438681,114.31449916554857,51.033258556048466,76.37958753895327
378847,108.75257934616229,48.55025863667959,72.66337354308702
912247,99.40466425407845,44.37708225628502,66.41753505108146
373873,108.30286640502112,48.349493930813,72.36289644520332
457283,107.84209037638209,48.14379034659914,72.05502751105946
230171,115.45123965905982,51.5407319906517,77.13910422902318
