UE ID,Internet usage,Data rate,optimal GU
748265,116.70525161144174,49.32186228816883,75.86910008880837
438681,114.31449916554857,48.31148476639255,74.31489208102367
378847,108.75257934616229,45.960911509390016,70.69913490097939
912247,99.40466425407845,42.01030453594982,64.62213411523703
373873,108.30286640502112,45.77085425450297,70.40678030963444
457283,107.84209037638209,45.57612152811386,70.107233698384
230171,115.45123965905982,48.79189295115028,75.05387749158895
