UE ID,Internet usage,Data rate,optimal GU
748265,116.70525161144174,77.10882695755971,94.86308582133056
438681,114.31449916554857,75.52922266295172,92.91977863231556
378847,108.75257934616229,71.8543827822858,88.39880918259054
912247,99.40466425407845,65.67808173930183,80.8004187126974
373873,108.30286640502112,71.55725101760324,88.0332630161466
457283,107.84209037638209,71.25280971296674,87.65872429277599
230171,115.45123965905982,76.28028334616452,93.84377056501422
