UE ID,Internet usage
208137,0.34060597620433153
1049901,0.28257962969615885
229584,0.27403670528525576
1255678,0.23518714394386936
824748,0.28993095310306904
1028530,0.236956701442431
585547,0.2511686862283364
