UE ID,Internet usage
208137,0.6194988330924593
1049901,0.5614724865838433
229584,0.5529295621729402
1255678,0.5140800008324407
824748,0.5688238099925269
1028530,0.5158495583336623
585547,0.5300615431160209
