UE ID,Internet usage
208137,0.9880041026588722
1049901,0.9299777561502561
229584,0.9214348317393529
1255678,0.8825852703988533
824748,0.9373290795589396
1028530,0.8843548278956415
585547,0.8985668126824335
