UE ID,Internet usage
208137,0.9525000877046778
1049901,0.8944737411960617
229584,0.8859308167851585
1255678,0.8470812554446588
824748,0.9018250646047452
1028530,0.8488508129414472
585547,0.8630627977282392
