UE ID,Internet usage
208137,0.8475558731544954
1049901,0.7895295266458794
229584,0.7809866022349764
1255678,0.7421370408944766
824748,0.7968808500545631
1028530,0.7439065983912649
585547,0.7581185831780569
