UE ID,Internet usage
208137,0.7130527826556093
1049901,0.6550264361469933
229584,0.6464835117360902
1255678,0.6076339503955904
824748,0.6623777595556768
1028530,0.6094035078923787
585547,0.6236154926791708
