UE ID,Internet usage
208137,1.1104309016775635
1049901,1.0524045551689476
229584,1.0438616307580444
1255678,1.0050120694175446
824748,1.059755878577631
1028530,1.006781626914333
585547,1.0209936117011251
