UE ID,Internet usage
208137,0.45839032345867736
1049901,0.400363976949618
229584,0.3918210525391582
1255678,0.3529714911973285
824748,0.4077153003569715
1028530,0.3547410486963335
585547,0.36895303348179553
