UE ID,Internet usage
208137,1.0575410573687698
1049901,0.9995147108601538
229584,0.9909717864492507
1255678,0.9521222251087509
824748,1.0068660342688374
1028530,0.9538917826055393
585547,0.9681037673923312
