UE ID,Internet usage
208137,0.6320716280552259
1049901,0.5740452815466098
229584,0.5655023571357067
1255678,0.5266527957952071
824748,0.5813966049552934
1028530,0.5284223532919954
585547,0.5426343380787874
