UE ID,Internet usage
208137,0.8779618051740865
1049901,0.8199354586654705
229584,0.8113925342545673
1255678,0.7725429729140677
824748,0.827286782074154
1028530,0.7743125304108559
585547,0.788524515197648
