UE ID,Internet usage
208137,0.7588832865381324
1049901,0.7008569400295164
229584,0.6923140156186134
1255678,0.6534644542781136
824748,0.7082082634382
1028530,0.6552340117749018
585547,0.6694459965616939
