UE ID,Internet usage
208137,1.082454531916267
1049901,1.0244281854120842
229584,1.0158852610011813
1255678,0.9770356996562481
824748,1.0317795088163344
1028530,0.9788052571574699
585547,0.9930172419442619
