UE ID,Internet usage
208137,0.7393944769763793
1049901,0.6813681304677632
229584,0.6728252060568601
1255678,0.6339756447163605
824748,0.6887194538764467
1028530,0.6357452022131487
585547,0.6499571869999408
