UE ID,Internet usage
208137,0.708427881042743
1049901,0.650401534534127
229584,0.6418586101276573
1255678,0.6030090487827242
824748,0.6577528579428106
1028530,0.6047786062839459
585547,0.6189905910663045
