UE ID,Internet usage
208137,0.7527306857996383
1049901,0.6947043392910224
229584,0.6861614148801193
1255678,0.6473118535396196
824748,0.7020556626997059
1028530,0.6490814110364078
585547,0.6632933958231999
