UE ID,Internet usage
208137,0.9007078157393554
1049901,0.8426814692307394
229584,0.8341385448198364
1255678,0.7952889834793366
824748,0.8500327926394229
1028530,0.7970585409761248
585547,0.8112705257629169
