UE ID,Internet usage
208137,0.9283761277265127
1049901,0.8703497812178966
229584,0.861806856811427
1255678,0.8229572954664938
824748,0.8777011046265801
1028530,0.8247268529677155
585547,0.838938837750074
