UE ID,Internet usage
208137,0.7942827446926926
1049901,0.7362563981840765
229584,0.7277134737776069
1255678,0.6888639124326738
824748,0.7436077215927602
1028530,0.6906334699338954
585547,0.7048454547162541
