UE ID,Internet usage
208137,0.7052022592526016
1049901,0.6471759127439856
229584,0.6386329883330825
1255678,0.5997834269925828
824748,0.6545272361526691
1028530,0.601552984489371
585547,0.6157649692761631
