UE ID,Internet usage,Data rate,optimal GU
208137,124.76988985544315,28.964438716442164,60.115637136898265
1049901,115.02146364205599,26.701411202620143,55.4187278619219
229584,113.58625234109299,26.368237150610874,54.72722575445488
1255678,107.05952603565619,24.85310425827733,51.582570335394486
824748,116.25648597448996,26.9881128155066,56.013776510907526
1028530,107.35681169546515,24.92211700073298,51.72580615031574
585547,109.74442513946047,25.476384407374756,52.8761870922938
