UE ID,Internet usage,Data rate,optimal GU
208137,124.76988985544315,93.57741739158237,108.0538942422001
1049901,115.02146364205599,86.266097731542,99.61150949448867
229584,113.58625234109299,85.18968925581974,98.36858004805619
1255678,107.05952603565619,80.29464452674215,92.71626926399978
824748,116.25648597448996,87.19236448086748,100.6810702086176
1028530,107.35681169546515,80.51760877159887,92.97372619757516
585547,109.74442513946047,82.30831885459536,95.04146009449236
