UE ID,Internet usage,Data rate,optimal GU
208137,124.76988985544315,49.016742443209814,78.2036671500251
1049901,115.02146364205599,45.18700357366485,72.09351766033994
229584,113.58625234109299,44.62317056257225,71.19395137074471
1255678,107.05952603565619,42.05909951400779,67.10310916385448
824748,116.25648597448996,45.67219091854963,72.8676088735358
1028530,107.35681169546515,42.17589030893274,67.28944281226205
585547,109.74442513946047,43.113881304788045,68.78595873668475
