UE ID,Internet usage,Data rate,optimal GU
208137,124.76988985544315,11.882846652899348,38.50482395819221
1049901,115.02146364205599,10.954425108767238,35.49639431502439
229584,113.58625234109299,10.817738318199332,35.05347849174031
1255678,107.05952603565619,10.196145336729161,33.0392870253111
824748,116.25648597448996,11.072046283284758,35.877530481369504
1028530,107.35681169546515,10.224458256710967,33.13103137171952
585547,109.74442513946047,10.45185001328195,33.867864877365534
