UE ID,Internet usage,Data rate,optimal GU
208137,124.76988985544315,78.72385907545818,99.10785652934052
1049901,115.02146364205599,72.57306634558294,91.36443680153118
229584,113.58625234109299,71.66751635807057,90.22441242650025
1255678,107.05952603565619,67.54946285583068,85.04006983362841
824748,116.25648597448996,73.35230662676152,92.34544605204194
1028530,107.35681169546515,67.73703595071015,85.27621129816535
585547,109.74442513946047,69.24350633799291,87.17275261056989
