UE ID,Internet usage,Data rate,optimal GU
208137,124.76988985544315,77.23850324384576,98.16842436513852
1049901,115.02146364205599,71.20376320698703,90.49840363724668
229584,113.58625234109299,70.31529906829566,89.3691854243444
1255678,107.05952603565619,66.27494468873955,84.2339846286271
824748,116.25648597448996,71.96830084135092,91.47011401201154
1028530,107.35681169546515,66.45897866862128,84.46788773492628
585547,109.74442513946047,67.93702508633267,86.34645194670527
