UE ID,Internet usage,Data rate,optimal GU
208137,124.76988985544315,48.274064527403596,77.60895382595169
1049901,115.02146364205599,44.5023520043669,71.5452700257415
229584,113.58625234109299,43.947061917684785,70.65254464371246
1255678,107.05952603565619,41.42184043046221,66.59281195451852
824748,116.25648597448996,44.98018802584433,72.31347452830968
1028530,107.35681169546515,41.5368616678883,66.77772859644202
585547,109.74442513946047,42.46064067895792,68.26286400646714
