UE ID,Internet usage,Data rate,optimal GU
208137,124.76988985544315,120.31382236060591,122.5215995815438
1049901,115.02146364205599,110.91355422626829,112.94883507521413
229584,113.58625234109299,109.52960047176825,111.53948555558864
1255678,107.05952603565619,103.23597153438276,105.13036755524786
824748,116.25648597448996,112.10446861825818,114.16160293021548
1028530,107.35681169546515,103.52263984919854,105.42229627791204
585547,109.74442513946047,105.82498138447976,107.76688613592692
