UE ID,Internet usage,Data rate,optimal GU
208137,124.76988985544315,88.37867198093889,105.00950989616172
1049901,115.02146364205599,81.47353674645632,96.80498667254821
229584,113.58625234109299,80.45692874160753,95.59707637074247
1255678,107.05952603565619,75.83383094192313,90.10401765798443
824748,116.25648597448996,82.34834423193038,97.84441285133191
1028530,107.35681169546515,76.04440828428781,90.35422082376317
585547,109.74442513946047,77.7356344737845,92.3636969711407
