UE ID,Internet usage,Data rate,optimal GU
208137,124.76988985544315,23.765693305798695,54.4540442584639
1049901,115.02146364205599,21.908850217534475,50.19948225565072
229584,113.58625234109299,21.635476636398664,49.57310469137273
1255678,107.05952603565619,20.392290673458323,46.724607802332386
824748,116.25648597448996,22.144092566569515,50.73849019120687
1028530,107.35681169546515,20.448916513421935,46.85435390129424
585547,109.74442513946047,20.9037000265639,47.89639383818974
