UE ID,Internet usage,Data rate,optimal GU
208137,124.76988985544315,16.338914147736602,45.15090828068288
1049901,115.02146364205599,15.06233452455495,41.6232118280243
229584,113.58625234109299,14.874390187524082,41.103846988572585
1255678,107.05952603565619,14.019699838002596,38.74199813921223
824748,116.25648597448996,15.224063639516542,42.070133598340256
1028530,107.35681169546515,14.05863010297758,38.849577921279426
585547,109.74442513946047,14.37129376826268,39.713591793091425
