UE ID,Internet usage,Data rate,optimal GU
208137,124.76988985544315,101.00419654964445,112.2598881098528
1049901,115.02146364205599,93.11261342452151,103.48888384568372
229584,113.58625234109299,91.95077570469432,102.19757341616605
1255678,107.05952603565619,86.66723536219787,96.32524664228774
824748,116.25648597448996,94.11239340792044,104.60007717135578
1028530,107.35681169546515,86.90789518204322,96.59272507755352
585547,109.74442513946047,88.84072511289656,98.74094544051957
