UE ID,Internet usage,Data rate,optimal GU
208137,124.76988985544315,79.46653699126439,99.57424901847645
1049901,115.02146364205599,73.2577179148809,91.79438946714808
229584,113.58625234109299,72.34362500295803,90.64900024189674
1255678,107.05952603565619,68.18672193937627,85.4402606079517
824748,116.25648597448996,74.04430951946682,92.78001525727773
1028530,107.35681169546515,68.3760645917546,85.6775133325773
585547,109.74442513946047,69.89674696382305,87.58297959457128
