UE ID,Internet usage,Data rate,optimal GU
208137,124.76988985544315,22.28033747418628,52.72490163666808
1049901,115.02146364205599,20.539547078938572,48.6054396910925
229584,113.58625234109299,20.283259346623748,47.99895222237083
1255678,107.05952603565619,19.117772506367178,45.24090696912661
824748,116.25648597448996,20.760086781158922,49.127331880563155
1028530,107.35681169546515,19.170859231333065,45.36653308925527
585547,109.74442513946047,19.597218774903656,46.3754839196751
