UE ID,Internet usage,Data rate,optimal GU
208137,124.76988985544315,66.84101242255883,91.32220845878057
1049901,115.02146364205599,61.61864123681571,84.18709106919712
229584,113.58625234109299,60.84977803987124,83.13662395921735
1255678,107.05952603565619,57.35331751910153,78.3595494510242
824748,116.25648597448996,62.28026034347676,85.09103485743366
1028530,107.35681169546515,57.51257769399919,78.57714027384479
585547,109.74442513946047,58.79165632471097,80.32469437447074
