UE ID,Internet usage,Data rate,optimal GU
208137,124.76988985544315,85.40796031771406,103.22955875920057
1049901,115.02146364205599,78.73493046926451,95.16410532511885
229584,113.58625234109299,77.7524941620577,93.97666956240174
1255678,107.05952603565619,73.28479460774085,88.57672028431143
824748,116.25648597448996,79.5803326611092,96.18591283478827
1028530,107.35681169546515,73.48829372011008,88.82268241125627
585547,109.74442513946047,75.12267197046401,90.79809717355774
