UE ID,Internet usage,Data rate,optimal GU
208137,124.76988985544315,69.81172408578367,93.32952975774504
1049901,115.02146364205599,64.35724751400753,86.03757786592563
229584,113.58625234109299,63.55421261942108,84.964020808393
1255678,107.05952603565619,59.90235385328383,80.08194310799864
824748,116.25648597448996,65.04827191429796,86.96139092418767
1028530,107.35681169546515,60.06869225817693,80.30431671805661
585547,109.74442513946047,61.40461882803146,82.09028318985143
