UE ID,Internet usage,Data rate,optimal GU
208137,124.76988985544315,4.456067494837256,23.57929283331595
1049901,115.02146364205599,4.107909415787714,21.73701344510984
229584,113.58625234109299,4.0566518693247495,21.465784003597157
1255678,107.05952603565619,3.8235545012734353,20.23234866934222
824748,116.25648597448996,4.152017356231784,21.97041072762636
1028530,107.35681169546515,3.834171846266613,20.288530378213665
585547,109.74442513946047,3.919443754980731,20.73974690676838
