UE ID,Internet usage,Data rate,optimal GU
208137,124.76988985544315,50.502098274822224,79.37972813772
1049901,115.02146364205599,46.556306712260756,73.1776915447099
229584,113.58625234109299,45.97538785234716,72.26459718338106
1255678,107.05952603565619,43.333617681098936,68.11223510022838
824748,116.25648597448996,47.05619670396022,73.96342388050185
1028530,107.35681169546515,43.45394759102161,68.30137091562598
585547,109.74442513946047,44.42036255644828,69.8203921017623
