UE ID,Internet usage
554462,0.7185827679713276
797362,0.6940299578536322
904898,0.6822960654121502
1182760,0.7384077766279356
582874,0.7109509905775828
24426,0.6715493341700843
982885,0.7502171988636048
