UE ID,Internet usage
554462,0.3822520864428994
797362,0.3576992763234305
904898,0.34596538388061854
1182760,0.40207709509817724
582874,0.37462030904915455
24426,0.33521865263899603
982885,0.41388651733561993
