UE ID,Internet usage
554462,1.0395747595716833
797362,1.0150219494495545
904898,1.0032880570080724
1182760,1.0593997682282914
582874,1.0319429821779385
24426,0.9925413257660066
982885,1.0712091904639607
