UE ID,Internet usage
554462,0.6168282511223075
797362,0.5922754410001787
904898,0.5805415485586968
1182760,0.6366532597744822
582874,0.6091964737285628
24426,0.5697948173166308
982885,0.6484626820145849
