UE ID,Internet usage
554462,1.1005841421102895
797362,1.0760313319881607
904898,1.0642974395466787
1182760,1.120409150762464
582874,1.0929523647165449
24426,1.053550708304613
982885,1.1322185730025667
