UE ID,Internet usage
554462,0.6711415504382884
797362,0.6465887403161595
904898,0.6348548478746775
1182760,0.6909665590904629
582874,0.6635097730445435
24426,0.6241081166326117
982885,0.7027759813305656
