UE ID,Internet usage
554462,0.6872359614555151
797362,0.6626831513333862
904898,0.6509492588919042
1182760,0.7070609701076895
582874,0.6796041840617703
24426,0.6402025276498384
982885,0.7188703923477924
