UE ID,Internet usage
554462,0.714907410797312
797362,0.6903546006751832
904898,0.6786207082337011
1182760,0.7347324194539199
582874,0.7072756334035671
24426,0.6678739769916352
982885,0.7465418416895891
