UE ID,Internet usage
554462,0.960092420282514
797362,0.935539610160385
904898,0.9238057177189031
1182760,0.9799174289346885
582874,0.9524606428887692
24426,0.9130589864768373
982885,0.9917268511747911
