UE ID,Internet usage
554462,0.7659521458430341
797362,0.7413993357253386
904898,0.7296654432838566
1182760,0.785777154499642
582874,0.7583203684492893
24426,0.7189187120417907
982885,0.7975865767397446
