UE ID,Internet usage
554462,0.9159323256509669
797362,0.8913795155332714
904898,0.8796456230917895
1182760,0.9357573343075749
582874,0.9083005482572222
24426,0.8688988918497236
982885,0.9475667565432442
