UE ID,Internet usage
554462,1.003822021207653
797362,0.9792692110899576
904898,0.9675353186440422
1182760,1.023647029864261
582874,0.9961902438139082
24426,0.9567885874064098
982885,1.0354564520999303
