UE ID,Internet usage
554462,0.3472378045407409
797362,0.3226849944212721
904898,0.31095110197846004
1182760,0.36706281319601874
582874,0.3396060271465527
24426,0.30020437073683753
982885,0.37887223543346144
