UE ID,Internet usage
554462,0.39285592433423633
797362,0.3683031142147676
904898,0.35656922177195555
1182760,0.4126809329899576
582874,0.3852241469404915
24426,0.34582249053077635
982885,0.4244903552269569
