UE ID,Internet usage
554462,1.0438393771921046
797362,1.0192865670699758
904898,1.0075526746284937
1182760,1.0636643858442791
582874,1.0362075997983597
24426,0.9968059433864278
982885,1.0754738080843818
