UE ID,Internet usage
554462,0.4494995767185067
797362,0.4249467666003679
904898,0.41321287415799923
1182760,0.4693245853751146
582874,0.4418677993260919
24426,0.4024661429163768
982885,0.4811340076107839
