UE ID,Internet usage
554462,0.6886743990426337
797362,0.6641215889249383
904898,0.6523876964834564
1182760,0.7084994076992417
582874,0.681042621648889
24426,0.6416409652413905
982885,0.7203088299349111
