UE ID,Internet usage
554462,0.44932630083606717
797362,0.4247734907143817
904898,0.41303959827156966
1182760,0.46915130948824174
582874,0.4416945234401057
24426,0.40229286703039047
982885,0.48096073172834447
