UE ID,Internet usage
554462,0.6395451380510144
797362,0.614992327933319
904898,0.6032584354918371
1182760,0.6593701467076224
582874,0.6319133606572696
24426,0.5925117042497712
982885,0.6711795689432917
