UE ID,Internet usage
554462,0.388408109435116
797362,0.3638552993156472
904898,0.35212140687283516
1182760,0.40823311809083723
582874,0.3807763320413712
24426,0.34137467563165597
982885,0.42004254032827987
