UE ID,Internet usage
554462,0.7467302690303067
797362,0.7221774589126113
904898,0.710443566466696
1182760,0.7665552776869148
582874,0.7390984916365619
24426,0.6996968352246301
982885,0.7783646999225841
