UE ID,Internet usage
554462,0.40752129708258583
797362,0.38296848696311697
904898,0.37123459452030494
1182760,0.42734630573786375
582874,0.3998895196888409
24426,0.3604878632786825
982885,0.4391557279753064
