UE ID,Internet usage
554462,0.40027400467276414
797362,0.3757211945532954
904898,0.36398730211048336
1182760,0.42009901332804206
582874,0.3926422272790193
24426,0.35324057086886085
982885,0.4319084355654847
