UE ID,Internet usage
554462,0.3795255674564676
797362,0.3549727573369988
904898,0.34323886489418676
1182760,0.3993505761121888
582874,0.3718937900627227
24426,0.33249213365300756
982885,0.4111599983496315
