UE ID,Internet usage
554462,1.0594546044576294
797362,1.034901794339934
904898,1.023167901898452
1182760,1.0792796131142375
582874,1.0518228270638845
24426,1.0124211706563861
982885,1.0910890353499068
