UE ID,Internet usage
554462,0.7148155507879974
797362,0.690262740670302
904898,0.6785288482288201
1182760,0.7346405594446054
582874,0.7071837733942526
24426,0.6677821169867543
982885,0.7464499816802748
