UE ID,Internet usage
554462,0.734764388002552
797362,0.7102115778804231
904898,0.6984776854389411
1182760,0.7545893966547264
582874,0.7271326106088071
24426,0.6877309541968752
982885,0.7663988188948292
