UE ID,Internet usage
554462,0.8354612056158462
797362,0.8109083954937174
904898,0.7991745030522355
1182760,0.8552862142680209
582874,0.8278294282221014
24426,0.7884277718101695
982885,0.8670956365081235
