UE ID,Internet usage
554462,0.7538467288243342
797362,0.7292939187066388
904898,0.7175600262607233
1182760,0.7736717374809422
582874,0.7462149514305895
24426,0.7068132950186575
982885,0.7854811597166116
