UE ID,Internet usage
554462,0.3947919276598986
797362,0.37023911754042976
904898,0.35850522509761784
1182760,0.4146169363156199
582874,0.3871601502661538
24426,0.34775849385643864
982885,0.4264263585530626
