UE ID,Internet usage
554462,0.9345337899075912
797362,0.9099809797854623
904898,0.8982470873439804
1182760,0.9543587985597658
582874,0.9269020125138463
24426,0.8875003561019145
982885,0.9661682207998684
