UE ID,Internet usage,Data rate,optimal GU
554462,121.7515518254223,64.49933400275349,88.61655605213657
797362,117.6266797253147,62.31413390210124,85.61427842867589
904898,115.65538579496928,61.26981747471587,84.1794771760054
1182760,125.08215327950099,66.26375977306898,91.0407258143906
582874,120.46941322323188,63.82010581468832,87.68335474501458
24426,113.8499349464055,60.313358394226725,82.86538438685935
982885,127.06613621538335,67.31479835219713,92.4847627273344
