UE ID,Internet usage,Data rate,optimal GU
554462,121.7515518254223,10.145962652118525,35.14664561033112
797362,117.6266797253147,9.802223310442892,33.95589760164617
904898,115.65538579496928,9.63794881624744,33.38683406097777
1182760,125.08215327950099,10.42351277329175,36.108107433368964
582874,120.46941322323188,10.039117768602656,34.77652407677459
24426,113.8499349464055,9.487494578867125,32.8656452942643
982885,127.06613621538335,10.58884468461528,36.68083397441862
