UE ID,Internet usage,Data rate,optimal GU
554462,121.7515518254223,31.887311192372504,62.30834311078661
797362,117.6266797253147,30.80698754710623,60.1973725133018
904898,115.65538579496928,30.29069627963481,59.18853068136938
1182760,125.08215327950099,32.75961157320264,64.01283274606934
582874,120.46941322323188,31.55151298703692,61.65218776210231
24426,113.8499349464055,29.817840105010962,58.26456175238786
982885,127.06613621538335,33.27922615164802,65.02816838361554
