UE ID,Internet usage,Data rate,optimal GU
554462,121.7515518254223,84.79125930699053,101.60446546219254
797362,117.6266797253147,81.91858052298703,98.16216498595473
904898,115.65538579496928,80.54571510721074,96.51707493939165
1182760,125.08215327950099,87.11078531965248,104.38392884755045
582874,120.46941322323188,83.89834135189363,100.53449136025425
24426,113.8499349464055,79.28834755196097,95.01038475239822
982885,127.06613621538335,88.4924877214277,106.03960816057871
