UE ID,Internet usage,Data rate,optimal GU
554462,121.7515518254223,105.08318461122757,113.11074571929181
797362,117.6266797253147,101.5230271438728,109.27861912833981
904898,115.65538579496928,99.82161273970561,107.44722952262042
1182760,125.08215327950099,107.95781086623596,116.20497169437246
582874,120.46941322323188,103.97657688909894,111.91960153069704
24426,113.8499349464055,98.26333670969521,105.76991298103415
982885,127.06613621538335,109.67017709065824,118.04814975664291
