UE ID,Internet usage,Data rate,optimal GU
554462,121.7515518254223,13.769520742160854,40.944603041798125
797362,117.6266797253147,13.30301734988678,39.55742359147568
904898,115.65538579496928,13.080073393478667,38.894484628919926
1182760,125.08215327950099,14.14619590661023,42.064672169321256
582874,120.46941322323188,13.624516971675034,40.51342450383151
24426,113.8499349464055,12.875885499891096,38.28731809019753
982885,127.06613621538335,14.370574929120735,42.731878398182175
