UE ID,Internet usage,Data rate,optimal GU
554462,121.7515518254223,39.13442737245717,69.02664168562704
797362,117.6266797253147,37.80857562599401,66.68805902130559
904898,115.65538579496928,37.17494543409727,65.57044041401164
1182760,125.08215327950099,40.2049778398396,70.91491522071895
582874,120.46941322323188,38.72231139318168,68.2997374239745
24426,113.8499349464055,36.59462194705891,64.54684599622944
982885,127.06613621538335,40.84268664065893,72.03972781794907
