UE ID,Internet usage,Data rate,optimal GU
554462,121.7515518254223,42.7579854624995,72.15158406430285
797362,117.6266797253147,41.3093696654379,69.70713016106096
904898,115.65538579496928,40.617070011328494,68.5389152381439
1182760,125.08215327950099,43.92766097315808,74.12534265050323
582874,120.46941322323188,42.307710596254054,71.39177172720282
24426,113.8499349464055,39.98301286808288,67.46898112460666
982885,127.06613621538335,44.62441688516439,75.3010772463605
