UE ID,Internet usage,Data rate,optimal GU
554462,121.7515518254223,75.37000827288047,95.79360870286762
797362,117.6266797253147,72.81651602043291,92.54817669002837
904898,115.65538579496928,71.59619120640956,90.99717091991204
1182760,125.08215327950099,77.43180917302442,98.41411191332934
582874,120.46941322323188,74.57630342390544,94.78482744530153
24426,113.8499349464055,70.47853115729863,89.57664978875165
982885,127.06613621538335,78.6599890857135,99.97510133961275
