UE ID,Internet usage,Data rate,optimal GU
554462,121.7515518254223,52.179236496609555,79.70510031690522
797362,117.6266797253147,50.41143416799201,77.00473765536886
904898,115.65538579496928,49.56659391212969,75.71422284782388
1182760,125.08215327950099,53.606637119786136,81.88549078448317
582874,120.46941322323188,51.62974852424223,78.86574357462487
24426,113.8499349464055,48.79282926274521,74.53227782252875
982885,127.06613621538335,54.456915520878574,83.18431249608054
