UE ID,Internet usage,Data rate,optimal GU
554462,121.7515518254223,20.29192530423705,49.704862894051075
797362,117.6266797253147,19.604446620885785,48.02089091080007
904898,115.65538579496928,19.27589763249488,47.216113533734756
1182760,125.08215327950099,20.8470255465835,51.064575243895156
582874,120.46941322323188,20.078235537205313,49.18143200156911
24426,113.8499349464055,18.97498915773425,46.47904131129206
982885,127.06613621538335,21.17768936923056,51.874532885778606
