UE ID,Internet usage,Data rate,optimal GU
554462,121.7515518254223,58.70164105868575,84.54002539385658
797362,117.6266797253147,56.71286343899102,81.67585826940362
904898,115.65538579496928,55.7624181511459,80.30706061194854
1182760,125.08215327950099,60.30746675975941,86.85267872174488
582874,120.46941322323188,58.08346708977252,83.64975312740496
24426,113.8499349464055,54.89193292058837,79.05341859838472
982885,127.06613621538335,61.2640299609884,88.23028718147913
