UE ID,Internet usage,Data rate,optimal GU
554462,121.7515518254223,71.74645018283813,93.46251466617991
797362,117.6266797253147,69.31572198098903,90.29605876995271
904898,115.65538579496928,68.15406662917832,88.78279602205407
1182760,125.08215327950099,73.70912603970594,96.019249119104
582874,120.46941322323188,70.99090422083307,92.47828164315347
24426,113.8499349464055,67.09014023627466,87.3968426285818
982885,127.06613621538335,74.87825884120805,97.5422525754233
