UE ID,Internet usage,Data rate,optimal GU
554462,121.7515518254223,55.078082968643415,81.88920608359625
797362,117.6266797253147,53.21206939954712,79.11484718295137
904898,115.65538579496928,52.32029357391467,77.78896925783985
1182760,125.08215327950099,56.58478362644092,84.12934433864251
582874,120.46941322323188,54.498067886700134,81.02684900766302
24426,113.8499349464055,51.50354199956438,76.57463618039506
982885,127.06613621538335,57.48229971648294,85.46375679636435
