UE ID,Internet usage,Data rate,optimal GU
554462,121.7515518254223,72.4711618008466,93.93336154872954
797362,117.6266797253147,70.0158807888778,90.75095363267067
904898,115.65538579496928,68.84249154462458,89.2300673466095
1182760,125.08215327950099,74.45366266636964,96.50297635749432
582874,120.46941322323188,71.70798406144755,92.94417014156106
24426,113.8499349464055,67.76781842047947,87.83713177598302
982885,127.06613621538335,75.63460489010915,98.0336524238657
