UE ID,Internet usage,Data rate,optimal GU
554462,121.7515518254223,89.13952901504132,104.17713754259394
797362,117.6266797253147,86.11953337031969,100.64767642546025
904898,115.65538579496928,84.67626459988821,98.96093193769434
1182760,125.08215327950099,91.57800507963465,107.02697822699555
582874,120.46941322323188,88.20082039558048,103.0800712012911
24426,113.8499349464055,83.35441665718973,97.41609165798343
982885,127.06613621538335,93.03056401483423,108.72458010635344
