UE ID,Internet usage,Data rate,optimal GU
554462,121.7515518254223,85.515970924999,102.03774873043956
797362,117.6266797253147,82.6187393308758,98.58076886787904
904898,115.65538579496928,81.23414002265699,96.92866348012309
1182760,125.08215327950099,87.85532194631617,104.82906489189449
582874,120.46941322323188,84.61542119250811,100.96321181845431
24426,113.8499349464055,79.96602573616576,95.41554814591309
982885,127.06613621538335,89.24883377032879,106.4918047031071
