UE ID,Internet usage,Data rate,optimal GU
554462,121.7515518254223,68.84760371080428,91.55491571320529
797362,117.6266797253147,66.5150867494339,88.45308816529351
904898,115.65538579496928,65.40036696739334,86.97071158008563
1182760,125.08215327950099,70.73097953305115,94.05946642184587
582874,120.46941322323188,68.12258485837518,90.59077119187296
24426,113.8499349464055,64.37942749945549,85.6130459258391
982885,127.06613621538335,71.85287464560368,95.55138490459017
