UE ID,Internet usage,Data rate,optimal GU
554462,121.7515518254223,8.696539416101592,32.53947094562726
797362,117.6266797253147,8.401905694665336,31.4370525054226
904898,115.65538579496928,8.261098985354948,30.910202041424057
1182760,125.08215327950099,8.934439519964355,33.42961162655966
582874,120.46941322323188,8.604958087373706,32.196804990501995
24426,113.8499349464055,8.132138210457535,30.42767500542506
982885,127.06613621538335,9.076152586813096,33.95985336993664
