UE ID,Internet usage,Data rate,optimal GU
554462,121.7515518254223,73.92058503686354,94.86804488383446
797362,117.6266797253147,71.41619840465536,91.65397043742256
904898,115.65538579496928,70.21934137551706,90.11795058174633
1182760,125.08215327950099,75.94273591969703,97.46322862891527
582874,120.46941322323188,73.14214374267651,93.86901053366611
24426,113.8499349464055,69.12317478888906,88.71115461431012
982885,127.06613621538335,77.14729698791132,99.0091356780503
