UE ID,Internet usage,Data rate,optimal GU
554462,121.7515518254223,25.364906630296314,55.57172612170257
797362,117.6266797253147,24.50555827610723,53.68898820832537
904898,115.65538579496928,24.0948720406186,52.78921974738936
1182760,125.08215327950099,26.058781933229373,57.091930743751234
582874,120.46941322323188,25.09779442150664,54.98651259314604
24426,113.8499349464055,23.718736447167814,51.965147950535005
982885,127.06613621538335,26.4721117115382,57.99749091682465
