UE ID,Internet usage,Data rate,optimal GU
554462,121.7515518254223,23.190771776270914,53.13673354460348
797362,117.6266797253147,22.405081852440894,51.33649177024591
904898,115.65538579496928,22.029597294279863,50.476148565215915
1182760,125.08215327950099,23.825172053238283,54.59032718965544
582874,120.46941322323188,22.946554899663216,52.57716238308325
24426,113.8499349464055,21.68570189455343,49.688185215019175
982885,127.06613621538335,24.203073564834924,55.45620833072036
