UE ID,Internet usage,Data rate,optimal GU
554462,121.7515518254223,102.90904975720218,111.9345188260483
797362,117.6266797253147,99.42255072020647,108.14224212138188
904898,115.65538579496928,97.75633799336688,106.32989694590256
1182760,125.08215327950099,105.72420098624488,114.9965682666846
582874,120.46941322323188,101.82533736725553,110.75576122211838
24426,113.8499349464055,96.23030215708084,104.67002264476969
982885,127.06613621538335,107.40113894395498,116.82057931178007
