UE ID,Internet usage,Data rate,optimal GU
554462,121.7515518254223,49.28039002457569,77.45943428694888
797362,117.6266797253147,47.6107989364369,74.83515349060639
904898,115.65538579496928,46.812894250344705,73.58099853020965
1182760,125.08215327950099,50.62849061313135,79.57839294168657
582874,120.46941322323188,48.76142916178433,76.64372615580707
24426,113.8499349464055,46.08211652592603,72.43235443273507
982885,127.06613621538335,51.431531325274214,80.84062076173741
