UE ID,Internet usage
1283308,0.655543019203784
1215119,0.7793489138862867
958667,0.8709274777004611
615774,0.7555133296673187
1234549,0.8287104388601971
800193,0.7751968549916786
693392,0.7729038348488956
