UE ID,Internet usage
1283308,0.2627583094101156
1215119,0.3865642040917314
958667,0.47814276790679267
615774,0.3627286198718769
1234549,0.43592572906342525
800193,0.38241214519535005
693392,0.38011912505655726
