UE ID,Internet usage
1283308,0.504873453220229
1215119,0.6286793478982982
958667,0.7202579117124727
615774,0.6048437636793302
1234549,0.6780408728722086
800193,0.62452728900369
693392,0.6222342688653406
