UE ID,Internet usage
1283308,0.48497059267443543
1215119,0.6087764873525046
958667,0.7003550511666791
615774,0.5849409031335366
1234549,0.6581380123264151
800193,0.6046244284578965
693392,0.602331408319547
