UE ID,Internet usage
1283308,0.5857726732091745
1215119,0.7095785678916771
958667,0.8011571317058516
615774,0.6857429836727092
1234549,0.7589400928655876
800193,0.7054265089970692
693392,0.7031334888587196
