UE ID,Internet usage
1283308,0.7004548377692716
1215119,0.8242607324517741
958667,0.9158392962659485
615774,0.8004251482328063
1234549,0.8736222574256846
800193,0.8201086735571661
693392,0.8178156534143831
