UE ID,Internet usage
1283308,0.874687283623949
1215119,0.9984931783020182
958667,1.0900717421161927
615774,0.9746575940830503
1234549,1.0478547032759287
800193,0.9943411194074101
693392,0.9920480992690607
