UE ID,Internet usage
1283308,0.7536067803541315
1215119,0.8774126750366341
958667,0.9689912388508086
615774,0.8535770908176663
1234549,0.9267742000105447
800193,0.8732606161420262
693392,0.8709675960036767
