UE ID,Internet usage
1283308,0.25030064718471545
1215119,0.3741065418663313
958667,0.46568510568139254
615774,0.35027095764647675
1234549,0.4234680668380251
800193,0.3699544829699499
693392,0.36766146283115714
