UE ID,Internet usage
1283308,0.30455957122429944
1215119,0.4283654659059154
958667,0.5199440297209765
615774,0.4045298816860608
1234549,0.4777269908762791
800193,0.42421340700953397
693392,0.4219203868707411
