UE ID,Internet usage
1283308,0.8309576826943764
1215119,0.954763577376879
958667,1.0463421411910534
615774,0.9309279931579112
1234549,1.0041251023507896
800193,0.9506115184822711
693392,0.9483184983439215
