UE ID,Internet usage
1283308,0.6169331281133715
1215119,0.7407390227958742
958667,0.8323175866100487
615774,0.7169034385769063
1234549,0.7901005477653512
800193,0.7365869638968328
693392,0.7342939437584831
