UE ID,Internet usage
1283308,0.715160099638485
1215119,0.8389659943165543
958667,0.9305445581307287
615774,0.8151304100975862
1234549,0.8883275192904647
800193,0.8348139354219462
693392,0.8325209152835966
