UE ID,Internet usage
1283308,0.7528481094693993
1215119,0.8766540041474685
958667,0.968232567961643
615774,0.8528184199285006
1234549,0.9260155291213791
800193,0.8725019452528604
693392,0.870208925114511
