UE ID,Internet usage
1283308,0.8916400693163974
1215119,1.0154459639989
958667,1.1070245278130744
615774,0.9916103797799319
1234549,1.0648074889728105
800193,1.0112939051042917
693392,1.0090008849659424
