UE ID,Internet usage
1283308,0.9022159841852913
1215119,1.026021878867794
958667,1.1176004426819686
615774,1.0021862946443927
1234549,1.075383403837271
800193,1.0218698199687526
693392,1.0195767998304028
