UE ID,Internet usage
1283308,0.6064549933726316
1215119,0.7302608880551342
958667,0.8218394518693087
615774,0.7064253038361663
1234549,0.7796224130246112
800193,0.7261088291560928
693392,0.7238158090177433
