UE ID,Internet usage
1283308,0.9597418338759682
1215119,1.083547728558471
958667,1.1751262923726453
615774,1.059712144339503
1234549,1.1329092535323813
800193,1.079395669663863
693392,1.0771026495255134
