UE ID,Internet usage
1283308,0.9203464239456453
1215119,1.0441523186281478
958667,1.1357308824423222
615774,1.02031673440918
1234549,1.0935138436020584
800193,1.0400002597335396
693392,1.0377072395951903
