UE ID,Internet usage
1283308,0.6859144837877195
1215119,0.8097203784657887
958667,0.9012989422799632
615774,0.7858847942468208
1234549,0.8590819034396993
800193,0.8055683195711806
693392,0.8032752994328312
