UE ID,Internet usage
1283308,0.7374229341452415
1215119,0.8612288288277441
958667,0.9528073926419185
615774,0.8373932446087761
1234549,0.9105903538016545
800193,0.857076769933136
693392,0.8547837497947864
