UE ID,Internet usage
1283308,0.3011151955723978
1215119,0.42492109025401364
958667,0.5164996540699615
615774,0.40108550603460247
1234549,0.4742826152252641
800193,0.42076903135807564
693392,0.41847601121883937
