UE ID,Internet usage
1283308,0.38753476995492747
1215119,0.5113406646356566
958667,0.6029192284498313
615774,0.4875050804166888
1234549,0.5607021896095672
800193,0.5071886057410486
693392,0.5048955856026992
