UE ID,Internet usage
1283308,0.5950480459386189
1215119,0.718853940616688
958667,0.8104325044308626
615774,0.6950183563977201
1234549,0.7682154655905987
800193,0.71470188172208
693392,0.7124088615837306
