UE ID,Internet usage
1283308,0.38437377807292
1215119,0.5081796727554225
958667,0.599758236569597
615774,0.48434408853645466
1234549,0.5575411977248996
800193,0.5040276138563811
693392,0.5017345937180316
