UE ID,Internet usage
1283308,0.8450631256560469
1215119,0.9688690203385495
958667,1.0604475841527239
615774,0.9450334361195816
1234549,1.01823054531246
800193,0.9647169614439414
693392,0.962423941305592
