UE ID,Internet usage
1283308,0.6247119912406303
1215119,0.7485178859186994
958667,0.8400964497328738
615774,0.7246823016997316
1234549,0.7978794108926098
800193,0.7443658270240914
693392,0.742072806885742
