UE ID,Internet usage
1283308,0.923952555667822
1215119,1.0477584503503248
958667,1.1393370141644992
615774,1.0239228661313569
1234549,1.0971199753198018
800193,1.0436063914557165
693392,1.0413133713129337
