UE ID,Internet usage,Data rate,optimal GU
1283308,100.05691591102344,45.26384291212965,67.29755214024304
1215119,120.85630621751987,54.673090907925655,81.28707041483636
958667,136.24150493829947,61.63306175780214,91.63504290301891
615774,116.85192806860069,52.86158650722412,78.59375486725561
1234549,129.14904241284202,58.424566805809484,86.86470431858622
800193,120.15876032298006,54.357534431824305,80.81790613188214
693392,119.77353293961991,54.18326490125662,80.55880500247513
