UE ID,Internet usage,Data rate,optimal GU
1283308,100.05691591102344,73.2559562919993,85.61404708743876
1215119,120.85630621751987,88.48408133782705,103.4111175335629
958667,136.24150493829947,99.74824468696924,116.57551617345052
615774,116.85192806860069,85.55230447879693,99.98475748362549
1234549,129.14904241284202,94.55554890940219,110.50682601753586
800193,120.15876032298006,87.97337809361039,102.81425996987498
693392,119.77353293961991,87.69133661650743,102.48463882336976
