UE ID,Internet usage,Data rate,optimal GU
1283308,100.05691591102344,41.6903816295931,64.58646149937829
1215119,120.85630621751987,50.356794257299946,78.01241021076639
958667,136.24150493829947,56.76729372429145,87.94351328137823
615774,116.85192806860069,48.68830336191695,75.42759523031958
1234549,129.14904241284202,53.81210100535085,83.36534840726209
800193,120.15876032298006,50.066150134575025,77.56214627197171
693392,119.77353293961991,49.90563872484163,77.31348306526223
