UE ID,Internet usage,Data rate,optimal GU
1283308,100.05691591102344,42.28595851001586,65.04615741804956
1215119,120.85630621751987,51.07617703240423,78.56766568919113
958667,136.24150493829947,57.578255063209895,88.56945365944728
615774,116.85192806860069,49.38385055280148,75.96445321692565
1234549,129.14904241284202,54.58084530542728,83.95870357074004
800193,120.15876032298006,50.781380850783236,78.11419698441016
693392,119.77353293961991,50.6185764209108,77.86376391047781
