UE ID,Internet usage,Data rate,optimal GU
1283308,100.05691591102344,47.05057355339793,68.61293815016057
1215119,120.85630621751987,56.83123923323852,82.87589306603823
958667,136.24150493829947,64.06594577455749,93.4261251878788
615774,116.85192806860069,54.94822807987771,80.12993445078396
1234549,129.14904241284202,60.730799706038816,88.56254641213192
800193,120.15876032298006,56.50322658044896,82.39755858127837
693392,119.77353293961991,56.322077989464134,82.1333931071822
