UE ID,Internet usage,Data rate,optimal GU
1283308,100.05691591102344,82.78518637876344,91.01225429676124
1215119,120.85630621751987,99.99420573949561,109.93148024487874
958667,136.24150493829947,112.72362610966444,123.92593135935219
615774,116.85192806860069,96.68105953294938,106.28907852710127
1234549,129.14904241284202,106.85545771062525,117.47459316768536
800193,120.15876032298006,99.41706955294183,109.29698912790313
693392,119.77353293961991,99.09833975361408,108.94658443816007
