UE ID,Internet usage,Data rate,optimal GU
1283308,100.05691591102344,13.102691369300688,36.20793957885772
1215119,120.85630621751987,15.826421052294268,43.73468633731674
958667,136.24150493829947,17.841149456205883,49.302181003913134
615774,116.85192806860069,15.302038199459613,42.285608272629055
1234549,129.14904241284202,16.91237460168169,46.735607246878274
800193,120.15876032298006,15.735075756580722,43.48226301032315
693392,119.77353293961991,15.684629313521654,43.342859454918454
