UE ID,Internet usage,Data rate,optimal GU
1283308,100.05691591102344,60.74884180312137,77.96372076797631
1215119,120.85630621751987,73.37704306063706,94.17047512608447
958667,136.24150493829947,82.71805656968182,106.15852538833065
615774,116.85192806860069,70.94581347022185,91.05028881003467
1234549,129.14904241284202,78.41191860779695,100.63212311161226
800193,120.15876032298006,72.95353305323789,93.62695174392155
693392,119.77353293961991,72.71964499905495,93.32678498508226
