UE ID,Internet usage,Data rate,optimal GU
1283308,100.05691591102344,99.46133903060068,99.75868300946343
1215119,120.85630621751987,120.1369234424156,120.49607797595456
958667,136.24150493829947,135.43054359938102,135.83541907246303
615774,116.85192806860069,116.15638087771616,116.5036354069343
1234549,129.14904241284202,128.3802981127656,128.76409657174963
800193,120.15876032298006,119.44352960677185,119.80061120942109
693392,119.77353293961991,119.06059524355075,119.41653204734335
