UE ID,Internet usage,Data rate,optimal GU
1283308,100.05691591102344,17.86730641268276,42.28176409860743
1215119,120.85630621751987,21.58148325312855,51.071110705254696
958667,136.24150493829947,24.32884016755348,57.572543784610005
615774,116.85192806860069,20.866415726535838,49.37895209020422
1234549,129.14904241284202,23.062329002293218,54.57543134466354
800193,120.15876032298006,21.45692148624644,50.776343764935326
693392,119.77353293961991,21.388130882074986,50.61355548389295
