UE ID,Internet usage,Data rate,optimal GU
1283308,100.05691591102344,25.01422897775586,50.02845795551172
1215119,120.85630621751987,30.214076554379968,60.428153108759936
958667,136.24150493829947,34.06037623457487,68.12075246914974
615774,116.85192806860069,29.21298201715017,58.42596403430034
1234549,129.14904241284202,32.287260603210505,64.57452120642101
800193,120.15876032298006,30.039690080745014,60.07938016149003
693392,119.77353293961991,29.943383234904978,59.886766469809956
