UE ID,Internet usage,Data rate,optimal GU
1283308,100.05691591102344,35.73461282536552,59.795444229310455
1215119,120.85630621751987,43.1629665062571,72.22545740482896
958667,136.24150493829947,48.65768033510696,81.41987224051431
615774,116.85192806860069,41.732831453071675,69.8323837417381
1234549,129.14904241284202,46.124658004586436,77.18131517998489
800193,120.15876032298006,42.91384297249288,71.80859400009008
693392,119.77353293961991,42.77626176414997,71.57837660524456
