UE ID,Internet usage,Data rate,optimal GU
1283308,100.05691591102344,26.800959619024134,51.78437373315847
1215119,120.85630621751987,32.37222487969282,62.549080912532766
958667,136.24150493829947,36.49326025133021,70.5116777331688
615774,116.85192806860069,31.299623589803755,60.4766183271686
1234549,129.14904241284202,34.593493503439824,66.84097964336044
800193,120.15876032298006,32.18538222936966,62.188066614120835
693392,119.77353293961991,32.08219632311248,61.988692501791526
