UE ID,Internet usage,Data rate,optimal GU
1283308,100.05691591102344,44.07268915128414,66.40615447669525
1215119,120.85630621751987,53.23432535771709,80.21037293714161
958667,136.24150493829947,60.01113907996525,90.42128013535343
615774,116.85192806860069,51.47049212545507,77.55273201828001
1234549,129.14904241284202,56.88707820565661,85.71412763322628
800193,120.15876032298006,52.92707299940788,79.74742302502771
693392,119.77353293961991,52.7573895091183,79.49175385018712
