UE ID,Internet usage,Data rate,optimal GU
1283308,100.05691591102344,49.432881075088964,70.3285263955516
1215119,120.85630621751987,59.70877033365566,84.94811022804366
958667,136.24150493829947,67.30979113023129,95.76213886847616
615774,116.85192806860069,57.73041684341582,82.13349205018108
1234549,129.14904241284202,63.805776906344576,90.77695185377085
800193,120.15876032298006,59.36414944528182,84.45781553517227
693392,119.77353293961991,59.173828773740794,84.18704490475403
