UE ID,Internet usage,Data rate,optimal GU
1283308,100.05691591102344,98.86576215017793,99.45955585030327
1215119,120.85630621751987,119.41754066731131,120.13476958246396
958667,136.24150493829947,134.61958226046258,135.4281155496547
615774,116.85192806860069,115.46083368683163,116.15429838242886
1234549,129.14904241284202,127.61155381268915,128.3779964624922
800193,120.15876032298006,118.72829889056364,119.44138817824572
693392,119.77353293961991,118.34765754748159,119.05846068041592
