UE ID,Internet usage,Data rate,optimal GU
1283308,100.05691591102344,11.91153760845517,34.52291582210564
1215119,120.85630621751987,14.387655502085698,41.69938727502185
958667,136.24150493829947,16.219226778368984,47.00778515544587
615774,116.85192806860069,13.910943817690557,40.31774555144573
1234549,129.14904241284202,15.374886001528811,44.56065309557363
800193,120.15876032298006,14.304614324164293,41.458711076080554
693392,119.77353293961991,14.258753921383322,41.32579500119435
