UE ID,Internet usage,Data rate,optimal GU
1283308,100.05691591102344,36.92576658621103,60.78386564102843
1215119,120.85630621751987,44.60173205646567,73.41934749947038
958667,136.24150493829947,50.27960301294386,82.76574643041485
615774,116.85192806860069,43.12392583484073,70.98671621992723
1234549,129.14904241284202,47.66214660473932,78.45712582896836
800193,120.15876032298006,44.34430440490931,72.99559332369843
693392,119.77353293961991,44.2021371562883,72.76157042484922
