UE ID,Internet usage,Data rate,optimal GU
1283308,100.05691591102344,88.14537830256828,93.91248428598523
1215119,120.85630621751987,106.46865071543418,113.43459725070953
958667,136.24150493829947,120.0222781599305,127.87500069455375
615774,116.85192806860069,102.94098425091013,109.67612541933777
1234549,129.14904241284202,113.77415641131321,121.2180817858871
800193,120.15876032298006,105.85414599881577,112.77988720629862
693392,119.77353293961991,105.5147790182366,112.41831639175832
