UE ID,Internet usage,Data rate,optimal GU
1283308,100.05691591102344,97.6746083893324,98.85858626469214
1215119,120.85630621751987,117.97877511710273,119.40887309040514
958667,136.24150493829947,132.99765958262566,134.60981128732246
615774,116.85192806860069,114.06973930506257,115.45245329606125
1234549,129.14904241284202,126.07406521253625,127.60229149703095
800193,120.15876032298006,117.2978374581472,118.71968134027897
693392,119.77353293961991,116.92178215534325,118.33906762494823
