UE ID,Internet usage,Data rate,optimal GU
1283308,100.05691591102344,54.79307299889379,74.04340549675497
1215119,120.85630621751987,66.18321530959422,89.4352220096555
958667,136.24150493829947,74.60844318049733,100.82046706901612
615774,116.85192806860069,63.99034156137657,86.47193064350515
1234549,129.14904241284202,70.72447560703255,95.57195352088738
800193,120.15876032298006,65.80122589115575,88.91902907034947
693392,119.77353293961991,65.59026803836329,88.63395584882468
