UE ID,Internet usage
1222811,0.8338022160869544
63225,0.8462160118470742
529609,0.9591408015908944
1001488,0.759032773467964
691434,0.8856063321603433
939398,0.8064690135187811
291065,0.8655143426209225
