UE ID,Internet usage
1222811,1.0317327784727561
63225,1.0441465742373093
529609,1.1570713639811294
1001488,0.9569633358581989
691434,1.083536894546145
939398,1.004399575909016
291065,1.0634449050111576
