UE ID,Internet usage
1222811,0.33927312116438124
63225,0.35168691692716114
529609,0.464611706669208
1001488,0.2645036785493809
691434,0.39107723723865684
939398,0.3119399185979813
291065,0.3709852477010095
