UE ID,Internet usage
1222811,0.5205015607714502
63225,0.5329153565360034
529609,0.6458401462798236
1001488,0.44573211815689306
691434,0.5723056768492724
939398,0.4931683582077102
291065,0.5522136873098517
