UE ID,Internet usage
1222811,1.0157414970797387
63225,1.0281552928442919
529609,1.1410800825881122
1001488,0.9409720544651816
691434,1.0675456131575611
939398,0.9884082945159989
291065,1.0474536236181402
