UE ID,Internet usage
1222811,0.34949663079558824
63225,0.3619104265583681
529609,0.47483521630218833
1001488,0.27472718818058783
691434,0.40130074686986383
939398,0.32216342822918825
291065,0.38120875733221643
