UE ID,Internet usage
1222811,1.0574724401396642
63225,1.0698862359042176
529609,1.1828110256436044
1001488,0.9827029975251074
691434,1.1092765562130533
939398,1.030139237571491
291065,1.089184566678066
