UE ID,Internet usage
1222811,0.6012527351575084
63225,0.6136665309176282
529609,0.7265913206614486
1001488,0.5264832925429515
691434,0.6530568512308974
939398,0.5739195325893351
291065,0.6329648616914767
