UE ID,Internet usage
1222811,0.4208250623808782
63225,0.43323885814365803
529609,0.546163647887035
1001488,0.34605561976587784
691434,0.47262917845648383
939398,0.39349185981447826
291065,0.45253718891706307
