UE ID,Internet usage
1222811,0.39749447751100736
63225,0.4099082732737872
529609,0.5228330630189375
1001488,0.32272503489600696
691434,0.4492985935839529
939398,0.37016127494460743
291065,0.4292066040476356
