UE ID,Internet usage
1222811,0.8499860622958446
63225,0.8623998580559644
529609,0.9753246477997847
1001488,0.7752166196768541
691434,0.9017901783692335
939398,0.8226528597276712
291065,0.8816981888298128
