UE ID,Internet usage
1222811,0.4448649702045758
63225,0.4572787659691291
529609,0.5702035557085159
1001488,0.3700955275895754
691434,0.4966690862779647
939398,0.4175317676386192
291065,0.4765770967429774
