UE ID,Internet usage,Data rate,optimal GU
1222811,116.2486352767033,81.65082715863684,97.4258550201409
63225,118.33415296480986,83.11565505861645,99.1736892501065
529609,137.30551764166447,96.44078024831195,115.07324299662577
1001488,103.6873689173424,72.82803293003812,86.89848743183751
691434,124.95172677715583,87.76371285538326,104.71975682579964
939398,111.6566572455361,78.42550925579322,93.57740222019802
291065,121.57627253480887,85.39285808992527,101.8908503628614
