UE ID,Internet usage,Data rate,optimal GU
1222811,116.2486352767033,103.79342435419936,109.84463542600255
63225,118.33415296480986,105.65549371858022,111.8152644108441
529609,137.30551764166447,122.59421218005755,129.74151904172714
1001488,103.6873689173424,92.57800796191285,97.9753543763916
691434,124.95172677715583,111.5640417653177,118.06828390730162
939398,111.6566572455361,99.69344396922865,105.50562403445241
291065,121.57627253480887,108.55024333465076,114.87877944761304
