UE ID,Internet usage,Data rate,optimal GU
1222811,116.2486352767033,61.584098450158294,84.61127229617246
63225,118.33415296480986,62.68892627302427,86.12921101921079
529609,137.30551764166447,72.73923256016748,99.93747034786907
1001488,103.6873689173424,54.929618057401626,75.46858665700925
691434,124.95172677715583,66.19466478075518,90.94579521775782
939398,111.6566572455361,59.151443421742336,81.26901281374226
291065,121.57627253480887,64.40647771189279,88.48897946811326
