UE ID,Internet usage,Data rate,optimal GU
1222811,116.2486352767033,20.758684870839875,49.124014355244654
63225,118.33415296480986,21.13109874371605,50.00530642895208
529609,137.30551764166447,24.518842436011514,58.022171216277066
1001488,103.6873689173424,18.515601592382573,43.815910501048634
691434,124.95172677715583,22.31280835306354,52.80174176069418
939398,111.6566572455361,19.93868879384573,47.18354946991424
291065,121.57627253480887,21.710048666930156,51.3753520034137
