UE ID,Internet usage,Data rate,optimal GU
1222811,116.2486352767033,90.64625726933413,102.65234386267582
63225,118.33415296480986,92.27246451422674,104.4939420744882
529609,137.30551764166447,107.0656119705836,121.24644024977628
1001488,103.6873689173424,80.85146028673724,91.56022711994974
691434,124.95172677715583,97.43259647504414,110.33753293389603
939398,111.6566572455361,87.06560773312637,98.59743769759936
291065,121.57627253480887,94.80054584559501,107.35686749422554
