UE ID,Internet usage,Data rate,optimal GU
1222811,116.2486352767033,115.55667911434197,115.9021408091765
63225,118.33415296480986,117.629783006686,117.98144233535447
529609,137.30551764166447,136.48822289379743,136.8962603449186
1001488,103.6873689173424,103.07018219759632,103.37831496933903
691434,124.95172677715583,124.20796649872038,124.57929159171773
939398,111.6566572455361,110.99203428574124,111.32384977725033
291065,121.57627253480887,120.8526042459112,121.21389833819511
