UE ID,Internet usage,Data rate,optimal GU
1222811,116.2486352767033,23.52650952028519,52.29650681027865
63225,118.33415296480986,23.948578576211517,53.23471386724251
529609,137.30551764166447,27.788021427479713,61.769318163128254
1001488,103.6873689173424,20.984348471366914,46.64559873600822
691434,124.95172677715583,25.287849466805344,56.211746613658136
939398,111.6566572455361,22.59718063302516,50.23072419005281
291065,121.57627253480887,24.60472182252084,54.69323875889919
