UE ID,Internet usage,Data rate,optimal GU
1222811,116.2486352767033,59.50822996307431,83.17301558161525
63225,118.33415296480986,60.57581639865267,84.66515176674758
529609,137.30551764166447,70.28734831656634,98.23869270438259
1001488,103.6873689173424,53.07805789816337,74.18574102011063
691434,124.95172677715583,63.96338394544882,89.39986171406551
939398,111.6566572455361,57.157574542357764,79.88756918108236
291065,121.57627253480887,62.23547284519978,86.98480791471982
