UE ID,Internet usage,Data rate,optimal GU
1222811,116.2486352767033,40.82541357931842,68.89048274763908
63225,118.33415296480986,41.55782752930823,70.12638818403772
529609,137.30551764166447,48.220390124155976,81.36907045604147
1001488,103.6873689173424,36.41401646501906,61.44650973790628
691434,124.95172677715583,43.88185642769163,74.04805017572916
939398,111.6566572455361,39.21275462789661,66.16921567572311
291065,121.57627253480887,42.696429044962635,72.04771123244309
