UE ID,Internet usage,Data rate,optimal GU
1222811,116.2486352767033,14.531079409587912,41.1000991539193
63225,118.33415296480986,14.791769120601233,41.83744100369162
529609,137.30551764166447,17.163189705208058,48.544831309375034
1001488,103.6873689173424,12.9609211146678,36.65902084242203
691434,124.95172677715583,15.618965847144478,44.1771066625478
939398,111.6566572455361,13.957082155692012,39.476589751470314
291065,121.57627253480887,15.197034066851108,42.98370337037358
