UE ID,Internet usage,Data rate,optimal GU
1222811,116.2486352767033,96.18190656822475,105.74032048782296
63225,118.33415296480986,97.90742417921768,107.63731745641968
529609,137.30551764166447,113.60396995352001,124.8937624568023
1001488,103.6873689173424,85.7889540447059,94.31453189761562
691434,124.95172677715583,103.38267870252774,113.65669457946035
939398,111.6566572455361,92.38259141148522,101.5634350772295
291065,121.57627253480887,100.58989215677639,110.58636508674692
