UE ID,Internet usage,Data rate,optimal GU
1222811,116.2486352767033,103.10146819183805,109.47787435059931
63225,118.33415296480986,104.95112376045637,111.44192358757334
529609,137.30551764166447,121.77691743219052,129.30832411269256
1001488,103.6873689173424,91.96082124216677,97.64822373232563
691434,124.95172677715583,110.82028148688225,117.67406483043071
939398,111.6566572455361,99.0288210094338,105.15335051666159
291065,121.57627253480887,107.8265750457531,114.49520983105582
