UE ID,Internet usage,Data rate,optimal GU
1222811,116.2486352767033,45.669106715847725,72.86268818828621
63225,118.33415296480986,46.4884172361753,74.16985557702989
529609,137.30551764166447,53.94145335922533,86.0607876784319
1001488,103.6873689173424,40.734323503241654,64.98949783371917
691434,124.95172677715583,49.08817837673979,78.31763947233522
939398,111.6566572455361,43.86511534646061,69.98451363891627
291065,121.57627253480887,47.76210706724634,76.20196156034477
