UE ID,Internet usage,Data rate,optimal GU
1222811,116.2486352767033,49.12888752765437,75.57225765949083
63225,118.33415296480986,50.010267026794644,76.92803512478207
529609,137.30551764166447,58.02792709856058,89.26115934683254
1001488,103.6873689173424,43.82025710197208,67.40628430780747
691434,124.95172677715583,52.806979768917046,81.2300640650524
939398,111.6566572455361,47.1882301454349,72.58705145804105
291065,121.57627253480887,51.3804485117347,79.03570972176674
