UE ID,Internet usage,Data rate,optimal GU
1222811,116.2486352767033,8.30347394833595,31.068754634676193
63225,118.33415296480986,8.452439497486418,31.62613268202988
529609,137.30551764166447,9.807536974404604,36.69644316633954
1001488,103.6873689173424,7.4062406369530285,27.71161498748064
691434,124.95172677715583,8.925123341225417,33.3947536775646
939398,111.6566572455361,7.9754755175382925,29.841496883231876
291065,121.57627253480887,8.684019466772062,32.49262558473639
