UE ID,Internet usage,Data rate,optimal GU
1222811,116.2486352767033,108.63711749072868,112.3784527776214
63225,118.33415296480986,110.58608342544731,114.39453882002456
529609,137.30551764166447,128.3152754151269,132.7343034494352
1001488,103.6873689173424,96.89831500013545,100.23537965652595
691434,124.95172677715583,116.77036371436586,120.7917984902392
939398,111.6566572455361,104.34580468779266,107.93935217998356
291065,121.57627253480887,113.61592135693448,117.5287208268008
