UE ID,Internet usage,Data rate,optimal GU
1222811,116.2486352767033,33.2138957933438,62.137509269352385
63225,118.33415296480986,33.80975798994567,63.25226536405976
529609,137.30551764166447,39.230147897618416,73.39288633267908
1001488,103.6873689173424,29.624962547812114,55.42322997496128
691434,124.95172677715583,35.70049336490167,66.7895073551292
939398,111.6566572455361,31.90190207015317,59.68299376646375
291065,121.57627253480887,34.73607786708825,64.98525116947278
