UE ID,Internet usage
401407,1.011792383393287
520073,1.049166455773002
692068,1.0368086310681774
1063862,1.0316995233506072
411132,1.1161900126500115
846225,1.045568668672542
32811,1.0692984061001818
