UE ID,Internet usage
401407,0.925314393203321
520073,0.962688465583036
692068,0.9503306408782113
1063862,0.9452215331650746
411132,1.0297120224600453
846225,0.9590906784870094
32811,0.9828204159102156
