UE ID,Internet usage
401407,0.6642531100263448
520073,0.7016271824060598
692068,0.6892693577012352
1063862,0.684160249983665
411132,0.7686507392830693
846225,0.6980293953055998
32811,0.7217591327332394
