UE ID,Internet usage
401407,0.9611392471788814
520073,0.9985133195585965
692068,0.9861554948537719
1063862,0.9810463871362017
411132,1.065536876435606
846225,0.9949155324581365
32811,1.0186452698857762
