UE ID,Internet usage
401407,1.0221486297130544
520073,1.0595227020927696
692068,1.0471648773879447
1063862,1.042055769674808
411132,1.1265462589697788
846225,1.055924914996743
32811,1.079654652419949
