UE ID,Internet usage
401407,0.7366137089786218
520073,0.7739877813583368
692068,0.7616299566535122
1063862,0.756520848935942
411132,0.8410113382353461
846225,0.7703899942578768
32811,0.7941197316855164
