UE ID,Internet usage
401407,0.35068420187774774
520073,0.3880582742574627
692068,0.37570044955263815
1063862,0.3705913418359547
411132,0.45508183113713224
846225,0.3844604871587762
32811,0.4081902245850858
