UE ID,Internet usage
401407,0.30099987237650433
520073,0.338373944755776
692068,0.3260161200513947
1063862,0.3209070123342679
411132,0.40539750163367205
846225,0.3347761576575327
32811,0.3585058950838424
