UE ID,Internet usage
401407,0.2973102184520994
520073,0.33468429083181434
692068,0.3223264661269898
1063862,0.3172173584103063
411132,0.4017078477092671
846225,0.33108650373312776
32811,0.3548162411594374
