UE ID,Internet usage
401407,0.37106406432614825
520073,0.40843813670586326
692068,0.3960803120010386
1063862,0.39097120428435517
411132,0.47546169358242935
846225,0.40484034960717663
32811,0.4285700870334863
