UE ID,Internet usage
401407,0.6679300775785553
520073,0.7053041499582703
692068,0.6929463252534456
1063862,0.6878372175358755
411132,0.7723277068352797
846225,0.7017063628578102
32811,0.7254361002854499
