UE ID,Internet usage
401407,0.9590168017428137
520073,0.9963908741225287
692068,0.9840330494177041
1063862,0.978923941700134
411132,1.0634144309995381
846225,0.9927930870220687
32811,1.0165228244497084
