UE ID,Internet usage
401407,0.4296457783444496
520073,0.46701985072239127
692068,0.4546620260175667
1063862,0.44955291830443
411132,0.5340434076038342
846225,0.4634220636263648
32811,0.487151801049571
