UE ID,Internet usage
401407,0.24790818627330538
520073,0.28528225865257706
692068,0.2729244339481958
1063862,0.26781532623106896
411132,0.35230581553047313
846225,0.2816844715543338
32811,0.3054142089806435
