UE ID,Internet usage
401407,0.3415845489516152
520073,0.3789586213308868
692068,0.3666007966265056
1063862,0.36149168890937877
411132,0.4459821782070096
846225,0.3753608342326436
32811,0.39909057165850986
