UE ID,Internet usage
401407,0.526739351884162
520073,0.5641134242638769
692068,0.5517555995590524
1063862,0.5466464918414822
411132,0.6311369811408863
846225,0.5605156371678505
32811,0.5842453745910567
