UE ID,Internet usage
401407,0.895525937977845
520073,0.93290001035756
692068,0.9205421856527354
1063862,0.9154330779351653
411132,0.9999235672345693
846225,0.9293022232571
32811,0.9530319606847397
