UE ID,Internet usage
401407,0.25471919009129057
520073,0.29209326247100553
692068,0.279735437766181
1063862,0.2746263300494975
411132,0.3591168193484583
846225,0.28849547537231895
32811,0.31222521279862864
