UE ID,Internet usage,Data rate,optimal GU
401407,108.57438574320727,93.06375920846337,100.52034864151963
520073,114.85322990298648,98.44562563113126,106.33342876798274
692068,112.77711535262294,96.6660988736768,104.41132018782591
1063862,111.91878525620407,95.93038736246064,103.61666093232162
411132,126.11318745844599,108.09701782152513,116.75812379541294
846225,114.24880167045411,97.92754428896066,105.77383696143427
32811,118.23539755801208,101.34462647829606,109.46470756380603
