UE ID,Internet usage,Data rate,optimal GU
401407,108.57438574320727,96.94141584214934,102.59315122432972
520073,114.85322990298648,102.54752669909506,108.52610128422475
692068,112.77711535262294,100.69385299341333,106.56435742938739
1063862,111.91878525620407,99.92748683589649,105.7533117229851
411132,126.11318745844599,112.60106023075534,119.16576109311355
846225,114.24880167045411,102.00785863433401,107.95497028827226
32811,118.23539755801208,105.56731924822506,111.72194932262626
