UE ID,Internet usage,Data rate,optimal GU
401407,108.57438574320727,16.803178745972552,42.712934936354884
520073,114.85322990298648,17.774904627843146,45.183019019597694
692068,112.77711535262294,17.453601185524978,44.366279923142386
1063862,111.91878525620407,17.320764384888726,44.02861466893626
411132,126.11318745844599,19.51751710666426,49.61266263360773
846225,114.24880167045411,17.681362163284565,44.94523822449459
32811,118.23539755801208,18.298335336359013,46.51355665979789
