UE ID,Internet usage,Data rate,optimal GU
401407,108.57438574320727,50.40953623791766,73.9809734501504
520073,114.85322990298648,53.32471388352944,78.25928458129414
692068,112.77711535262294,52.36080355657494,76.84465096970564
1063862,111.91878525620407,51.96229315466618,76.25979759346995
411132,126.11318745844599,58.55255131999279,85.93165238018253
846225,114.24880167045411,53.0440864898537,77.84743616311144
32811,118.23539755801208,54.89500600907704,80.56384337550367
