UE ID,Internet usage,Data rate,optimal GU
401407,108.57438574320727,58.16484950528961,79.46831322535361
520073,114.85322990298648,61.528516019457044,84.06395658052438
692068,112.77711535262294,60.41631179604801,82.5443963246624
1063862,111.91878525620407,59.9564921015379,81.91616302188058
411132,126.11318745844599,67.5606361384532,92.30540163035211
846225,114.24880167045411,61.20471518060042,83.62156041335899
32811,118.23539755801208,63.340391548935045,86.53944982647211
