UE ID,Internet usage,Data rate,optimal GU
401407,108.57438574320727,18.742007062815542,45.109886992100186
520073,114.85322990298648,19.825855161825046,47.71858653527369
692068,112.77711535262294,19.467478245393245,46.85601391182771
1063862,111.91878525620407,19.319314121606656,46.49939965712725
411132,126.11318745844599,21.76953831127937,52.39681160084263
846225,114.24880167045411,19.721519335971244,47.46746202669155
32811,118.23539755801208,20.409681721323516,49.123790899656534
