UE ID,Internet usage,Data rate,optimal GU
401407,108.57438574320727,67.85899108950454,85.83558862556214
520073,114.85322990298648,71.78326868936655,90.79945078009926
692068,112.77711535262294,70.48569709538934,89.15813811445797
1063862,111.91878525620407,69.94924078512754,88.47956859221908
411132,126.11318745844599,78.82074216152874,99.7012288381177
846225,114.24880167045411,71.40550104403381,90.32160830587121
32811,118.23539755801208,73.89712347375755,93.47328908470713
