UE ID,Internet usage,Data rate,optimal GU
401407,108.57438574320727,27.78987254141615,54.9296672215141
520073,114.85322990298648,29.39695765374059,58.10624351869105
692068,112.77711535262294,28.86557119144516,57.055901114406744
1063862,111.91878525620407,28.645879559623662,56.62165701309532
411132,126.11318745844599,32.2789705994832,63.80285158343859
846225,114.24880167045411,29.24225280850909,57.80045277951233
32811,118.23539755801208,30.262631517824524,59.817340869196194
