UE ID,Internet usage,Data rate,optimal GU
401407,108.57438574320727,36.191461914402424,62.68545083593899
520073,114.85322990298648,38.284409967662164,66.31054320178723
692068,112.77711535262294,37.59237178420765,65.11189790726633
1063862,111.91878525620407,37.306261752068025,64.61634079504535
411132,126.11318745844599,42.03772915281533,72.81148272749553
846225,114.24880167045411,38.082933890151374,65.96157639902886
32811,118.23539755801208,39.411799186004025,68.2632386078607
