UE ID,Internet usage,Data rate,optimal GU
401407,108.57438574320727,107.92810963759295,108.2507653937245
520073,114.85322990298648,114.16957972499253,114.51089462615298
692068,112.77711535262294,112.10582299933353,112.4409682104195
1063862,111.91878525620407,111.25260201063143,111.58519648063445
411132,126.11318745844599,125.3625137235743,125.73729038548242
846225,114.24880167045411,113.56874927955856,113.90826797209154
32811,118.23539755801208,117.53161542969059,117.8829812821378
