UE ID,Internet usage,Data rate,optimal GU
401407,108.57438574320727,88.53982646916307,98.04670964749172
520073,114.85322990298648,93.6600743851735,103.71673951725992
692068,112.77711535262294,91.96705240065084,101.84193084004701
1063862,111.91878525620407,91.26710464345213,101.06682683030088
411132,126.11318745844599,102.84230167742321,113.88490009699673
846225,114.24880167045411,93.16717755269174,103.17091833658098
32811,118.23539755801208,96.41815158004556,106.7709627374192
