UE ID,Internet usage,Data rate,optimal GU
401407,108.57438574320727,42.007946864931384,67.53507997473028
520073,114.85322990298648,44.43726156960786,71.44062583231839
692068,112.77711535262294,43.63400296381245,70.14924793286502
1063862,111.91878525620407,43.30191096222181,69.61535228786947
411132,126.11318745844599,48.79379276666065,78.44450735386411
846225,114.24880167045411,44.20340540821141,71.06466138413258
32811,118.23539755801208,45.74583834089753,73.5443905601275
