UE ID,Internet usage,Data rate,optimal GU
401407,108.57438574320727,12.279246006672249,36.51317012482168
520073,114.85322990298648,12.989353381885374,38.624722526651446
692068,112.77711535262294,12.754554712499022,37.92653277170012
1063862,111.91878525620407,12.657481665880221,37.63787948925907
411132,126.11318745844599,14.262800962562343,42.41140520513472
846225,114.24880167045411,12.920995427015642,38.42145551545327
32811,118.23539755801208,13.371860438108508,39.762133179571904
