UE ID,Internet usage,Data rate,optimal GU
401407,108.57438574320727,67.21271498389021,85.42586987270977
520073,114.85322990298648,71.09961851137258,90.36603803919539
692068,112.77711535262294,69.81440474209991,88.73255984628477
1063862,111.91878525620407,69.2830575395549,88.05722933787251
411132,126.11318745844599,78.07006842665704,99.22532526721545
846225,114.24880167045411,70.72544865313826,89.89047644898918
32811,118.23539755801208,73.19334134543605,93.02711331959578
