UE ID,Internet usage,Data rate,optimal GU
401407,108.57438574320727,82.72334151863411,94.771493562206
520073,114.85322990298648,87.5072227832278,100.25211806487641
692068,112.77711535262294,85.92542122104605,98.43993671660209
1063862,111.91878525620407,85.27145543329834,97.69072478553578
411132,126.11318745844599,96.0862380635779,110.08061479247318
846225,114.24880167045411,87.04670603463171,99.72452985006728
32811,118.23539755801208,90.08411242515206,103.2043160252928
