UE ID,Internet usage,Data rate,optimal GU
401407,108.57438574320727,68.50526719511888,86.24336093801261
520073,114.85322990298648,72.46691886736052,91.2308045181781
692068,112.77711535262294,71.15698944867876,89.58169459883541
1063862,111.91878525620407,70.61542403070018,88.89990145027005
411132,126.11318745844599,79.57141589640044,100.17487154609542
846225,114.24880167045411,72.08555343492938,90.75069199566563
32811,118.23539755801208,74.60090560207905,93.91734521402076
