UE ID,Internet usage,Data rate,optimal GU
401407,108.57438574320727,47.17815570984602,71.57051960614731
520073,114.85322990298648,49.90646299355961,75.70943447050828
692068,112.77711535262294,49.00434179012783,74.34089256152772
1063862,111.91878525620407,48.631376926802965,73.77509492358772
411132,126.11318745844599,54.799182645634275,83.13182058368803
846225,114.24880167045411,49.6438245353759,75.31100492959169
32811,118.23539755801208,51.37609536746954,77.93890595043726
