UE ID,Internet usage,Data rate,optimal GU
401407,108.57438574320727,6.4627610561432896,26.48943774178454
520073,114.85322990298648,6.836501779939671,28.02131886017479
692068,112.77711535262294,6.712923532894222,27.514798774887467
1063862,111.91878525620407,6.661832455726433,27.305387673960194
411132,126.11318745844599,7.506737348717023,30.768467210117368
846225,114.24880167045411,6.8005239089556015,27.873853471119666
32811,118.23539755801208,7.037821283215004,28.8464832754907
