UE ID,Internet usage,Data rate,optimal GU
401407,108.57438574320727,55.5797450828323,77.68228036130608
520073,114.85322990298648,58.79391530748118,82.17463764268663
692068,112.77711535262294,57.73114238289032,80.6892291694122
1063862,111.91878525620407,57.291759119247324,80.07511527195707
411132,126.11318745844599,64.5579411989664,90.23085802737656
846225,114.24880167045411,58.48450561701818,81.742184232092
32811,118.23539755801208,60.52526303564905,84.59449472231168
