UE ID,Internet usage,Data rate,optimal GU
401407,108.57438574320727,39.42284244247407,65.42408503328772
520073,114.85322990298648,41.702660857632,69.20755229776505
692068,112.77711535262294,40.94883355065476,67.95653997149611
1063862,111.91878525620407,40.637177979931245,67.43933270543289
411132,126.11318745844599,45.79109782717384,75.99250821104943
846225,114.24880167045411,41.48319584462917,68.84333965395378
32811,118.23539755801208,42.93070982761153,71.24555806445274
