UE ID,Internet usage,Data rate,optimal GU
401407,108.57438574320727,98.23396805337799,103.27484079151787
520073,114.85322990298648,103.914827055083,109.24721288017616
692068,112.77711535262294,102.03643769999218,107.2724340390519
1063862,111.91878525620407,101.25985332704177,106.45599926534864
411132,126.11318745844599,114.10240770049874,119.9575688808048
846225,114.24880167045411,103.36796341612514,108.67228695213714
32811,118.23539755801208,106.97488350486806,112.46429602287165
