UE ID,Internet usage,Data rate,optimal GU
401407,108.57438574320727,28.436148647030475,55.564713373271964
520073,114.85322990298648,30.080607831734554,58.77801431589693
692068,112.77711535262294,29.53686354473458,57.71552882144645
1063862,111.91878525620407,29.312062805196305,57.27626439033129
411132,126.11318745844599,33.0296443343549,64.54048130920854
846225,114.24880167045411,29.922305199404647,58.468688306217196
32811,118.23539755801208,30.96641364614602,60.508893795853886
