UE ID,Internet usage
733620,1.0416447816435275
599828,1.026408192700645
962419,0.998261090885647
701297,0.9735264848505678
1090977,0.9497545956678316
334844,0.9915454116389543
501487,0.9308817411818007
