UE ID,Internet usage
733620,0.4597587937785742
599828,0.4445222048356916
962419,0.41637510302069375
701297,0.39164049698916126
1090977,0.36786860780465175
334844,0.40965942377577436
501487,0.34899575331950744
