UE ID,Internet usage
733620,0.7862715464841706
599828,0.771034957541288
962419,0.7428878557262902
701297,0.7181532496956444
1090977,0.6943813605084749
334844,0.7361721764795974
501487,0.6755085060268773
