UE ID,Internet usage
733620,0.7100439843739551
599828,0.6948073954310725
962419,0.6666602936116413
701297,0.6419256875809954
1090977,0.6181537983982593
334844,0.6599446143693819
501487,0.5992809439122283
