UE ID,Internet usage
733620,0.7166319962413564
599828,0.7013954072984737
962419,0.6732483054834759
701297,0.6485136994528302
1090977,0.6247418102656606
334844,0.6665326262367831
501487,0.6058689557796295
