UE ID,Internet usage
733620,1.0390678107736289
599828,1.0238312218307462
962419,0.9956841200157484
701297,0.9709495139806692
1090977,0.947177624797933
334844,0.9889684407690555
501487,0.9283047703119021
