UE ID,Internet usage
733620,0.3746638183534904
599828,0.3594272294110511
962419,0.33128012759383657
701297,0.3065455215627474
1090977,0.28277363237779457
334844,0.3245644483489171
501487,0.2639007778930936
