UE ID,Internet usage
733620,0.36759950965102217
599828,0.35236292070813957
962419,0.32421581889136836
701297,0.29948121285983587
1090977,0.27570932367532636
334844,0.31750013964644896
501487,0.25683646919018205
