UE ID,Internet usage
733620,0.33578587708533103
599828,0.3205492881428918
962419,0.29240218632567727
701297,0.2676675802941448
1090977,0.24389569110963527
334844,0.2856865070807578
501487,0.22502283662449094
