UE ID,Internet usage
733620,0.35704032767138405
599828,0.34180373872850145
962419,0.31365663691173024
701297,0.2889220308801978
1090977,0.2651501416956883
334844,0.30694095766681084
501487,0.24627728721054395
