UE ID,Internet usage
733620,0.7659691793292739
599828,0.7507325903863914
962419,0.7225854885669601
701297,0.6978508825363143
1090977,0.6740789933535781
334844,0.7158698093247008
501487,0.6552061388675472
