UE ID,Internet usage
733620,0.579647902200827
599828,0.5644113132579444
962419,0.5362642114429464
701297,0.5115296054123007
1090977,0.48775771622513114
334844,0.5295485321962538
501487,0.46888486174353355
