UE ID,Internet usage
733620,1.0818928101584029
599828,1.0666562212155204
962419,1.0385091193960891
701297,1.0137745133654432
1090977,0.990002624182707
334844,1.0317934401538296
501487,0.9711297696966761
