UE ID,Internet usage
733620,0.9748654402656679
599828,0.9596288513227853
962419,0.931481749503354
701297,0.9067471434727082
1090977,0.882975254289972
334844,0.9247660702610946
501487,0.8641023998039411
