UE ID,Internet usage
733620,0.8082477810789608
599828,0.7930111921360783
962419,0.764864090316647
701297,0.7401294842860012
1090977,0.716357595103265
334844,0.7581484110743876
501487,0.697484740617234
