UE ID,Internet usage
733620,0.6712961482257536
599828,0.656059559282871
962419,0.6279124574678732
701297,0.6031778514372274
1090977,0.5794059622500578
334844,0.6211967782211804
501487,0.5605331077684602
