UE ID,Internet usage
733620,0.38808435791753393
599828,0.3728477689750947
962419,0.3447006671578801
701297,0.3199660611263476
1090977,0.2961941719418381
334844,0.33798498791296067
501487,0.27732131745669375
