UE ID,Internet usage
733620,0.7490751624058585
599828,0.7338385734629758
962419,0.7056914716479781
701297,0.6809568656173323
1090977,0.6571849764301626
334844,0.6989757924012852
501487,0.638312121948565
