UE ID,Internet usage
733620,0.7675253000883131
599828,0.7522887111454305
962419,0.7241416093304326
701297,0.6994070032997869
1090977,0.6756351141126172
334844,0.7174259300837398
501487,0.6567622596310196
