UE ID,Internet usage
733620,0.9056382635153837
599828,0.8904016745725011
962419,0.8622545727530698
701297,0.8375199667224242
1090977,0.813748077539688
334844,0.8555388935108106
501487,0.7948752230536569
