UE ID,Internet usage
733620,0.690314918440047
599828,0.6750783294971644
962419,0.6469312276821666
701297,0.6221966216515209
1090977,0.5984247324643512
334844,0.6402155484354738
501487,0.5795518779783202
