UE ID,Internet usage,Data rate,optimal GU
733620,120.94992866739845,66.95442479802415,89.98962664267319
599828,118.39018172500397,65.53742202634149,88.08511397215109
962419,113.66146861979001,62.91974155738376,84.56683883526611
701297,109.50605480646846,60.6194231964379,81.4751120213138
1090977,105.51237742348336,58.40863750228543,78.50372096233761
334844,112.53323450663196,62.295183387599835,83.72740579278936
501487,102.34173787000974,56.65346203518396,76.1446896443432
