UE ID,Internet usage,Data rate,optimal GU
733620,120.94992866739845,69.83418500439078,91.90451400680476
599828,118.39018172500397,68.35623587693681,89.95947525140298
962419,113.66146861979001,65.6259670007121,86.36633481221033
701297,109.50605480646846,63.22671021563952,83.2088192087024
1090977,105.51237742348336,60.92083696474932,80.17419998215838
334844,112.53323450663196,64.97454611394821,85.50903949175728
501487,102.34173787000974,59.090170079708,77.76497088658729
