UE ID,Internet usage,Data rate,optimal GU
733620,120.94992866739845,81.3532258298573,99.19509494417552
599828,118.39018172500397,79.63149127931814,97.0957605850613
962419,113.66146861979001,76.45086877402542,93.21758429671182
701297,109.50605480646846,73.65585829244604,89.80958999455498
1090977,105.51237742348336,70.96963481460487,86.5342411659418
334844,112.53323450663196,75.69199701934173,92.29228164290268
501487,102.34173787000974,68.83700225780416,83.93389327813563
