UE ID,Internet usage,Data rate,optimal GU
733620,120.94992866739845,31.677362270032926,61.898099380609594
599828,118.39018172500397,31.00695235654866,60.58810711872699
962419,113.66146861979001,29.768479876611668,58.16811103477874
701297,109.50605480646846,28.680157211217928,56.04151021724666
1090977,105.51237742348336,27.634194087102784,53.99768065678545
334844,112.53323450663196,29.47298998983218,57.590718819419166
501487,102.34173787000974,26.803788489764454,52.37505413403081
