UE ID,Internet usage,Data rate,optimal GU
733620,120.94992866739845,21.598201547749724,51.11067341118119
599828,118.39018172500397,21.141103879464996,50.02898290148469
962419,113.66146861979001,20.296690824962504,48.03073690135365
701297,109.50605480646846,19.554652644012226,46.27475406911047
1090977,105.51237742348336,18.841495968479173,44.58711735298902
334844,112.53323450663196,20.09522044761285,47.553970970820956
501487,102.34173787000974,18.27531033393031,43.24727759857464
