UE ID,Internet usage,Data rate,optimal GU
733620,120.94992866739845,58.31514417892426,83.98340626975036
599828,118.39018172500397,57.08098047455549,82.20600739255026
962419,113.66146861979001,54.80106522739876,78.92255416340154
701297,109.50605480646846,52.79756213883301,76.03717993996734
1090977,105.51237742348336,50.87203911489377,73.26410984508635
334844,112.53323450663196,54.257095208554695,78.13914779899345
501487,102.34173787000974,49.34333790161184,71.06252847428154
