UE ID,Internet usage,Data rate,optimal GU
733620,120.94992866739845,10.799100773874862,36.14070376005719
599828,118.39018172500397,10.570551939732498,35.37583306550566
962419,113.66146861979001,10.148345412481252,33.96285976833411
701297,109.50605480646846,9.777326322006113,32.721192400007794
1090977,105.51237742348336,9.420747984239586,31.52785303385892
334844,112.53323450663196,10.047610223806425,33.62573534581573
501487,102.34173787000974,9.137655166965155,30.580443257809197
