UE ID,Internet usage,Data rate,optimal GU
733620,120.94992866739845,53.9955038693743,80.81307036217012
599828,118.39018172500397,52.85275969866248,79.10276749515542
962419,113.66146861979001,50.74172706240625,75.94326315228783
701297,109.50605480646846,48.886631610030555,73.16681051126692
1090977,105.51237742348336,47.10373992119792,70.49842256833152
334844,112.53323450663196,50.23805111903212,75.18943002666137
501487,102.34173787000974,45.688275834825774,68.3799499065365
