UE ID,Internet usage,Data rate,optimal GU
733620,120.94992866739845,53.275563817782654,80.27250864073108
599828,118.39018172500397,52.14805623601366,78.57364605506979
962419,113.66146861979001,50.065170701574175,75.4352757577077
701297,109.50605480646846,48.234809855230154,72.6773949146942
1090977,105.51237742348336,46.47569005558196,70.02685592086364
334844,112.53323450663196,49.56821043744503,74.68648505071774
501487,102.34173787000974,45.079098823694764,67.92255380380536
