UE ID,Internet usage,Data rate,optimal GU
733620,120.94992866739845,46.076163301866075,74.65191668422254
599828,118.39018172500397,45.10102160952532,73.07200657115578
962419,113.66146861979001,43.299607093253336,70.15338147857915
701297,109.50605480646846,41.71659230722608,67.58860439108209
1090977,105.51237742348336,40.19519139942223,65.12365319563231
334844,112.53323450663196,42.86980362157408,69.45702026577194
501487,102.34173787000974,38.98732871238466,63.166691977139145
