UE ID,Internet usage,Data rate,optimal GU
733620,120.94992866739845,26.637781908891327,56.761235202716676
599828,118.39018172500397,26.07402811800683,55.559957948091466
962419,113.66146861979001,25.032585350787087,53.34079502895229
701297,109.50605480646846,24.117404927615077,51.39067878315297
1090977,105.51237742348336,23.23784502779098,49.516464686816015
334844,112.53323450663196,24.784105218722516,52.81132004235022
501487,102.34173787000974,22.539549411847382,48.028498390178896
