UE ID,Internet usage,Data rate,optimal GU
733620,120.94992866739845,2.8797602063666297,18.662979171055635
599828,118.39018172500397,2.8188138505953324,18.268001642788946
962419,113.66146861979001,2.7062254433283335,17.538345369644787
701297,109.50605480646846,2.60728701920163,16.89715109777052
1090977,105.51237742348336,2.5121994624638893,16.28091329890808
334844,112.53323450663196,2.67936272634838,17.364255066442986
501487,102.34173787000974,2.436708044524041,15.791672994284786
