UE ID,Internet usage,Data rate,optimal GU
733620,120.94992866739845,34.557122476399556,64.6504562897361
599828,118.39018172500397,33.82576620714399,63.28221399612434
962419,113.66146861979001,32.47470531994001,60.754610521830266
701297,109.50605480646846,31.28744423041956,58.53344840901354
1090977,105.51237742348336,30.146393549566675,56.39873805466522
334844,112.53323450663196,32.15235271618056,60.151544021329094
501487,102.34173787000974,29.240496534288496,54.70395992522919
