UE ID,Internet usage,Data rate,optimal GU
733620,120.94992866739845,52.555623766191,79.72828196814122
599828,118.39018172500397,51.44335277336482,78.04093722772778
962419,113.66146861979001,49.388614340742095,74.92384426245872
701297,109.50605480646846,47.582988100429745,72.18466113227377
1090977,105.51237742348336,45.847640189965986,69.5520921015303
334844,112.53323450663196,48.898369755857935,74.1801301611689
501487,102.34173787000974,44.469921812563754,67.46205660399947
