UE ID,Internet usage,Data rate,optimal GU
733620,120.94992866739845,92.8722666553238,105.98534817200452
599828,118.39018172500397,90.90674668169947,103.74230699032725
962419,113.66146861979001,87.27577054733875,99.59865589120335
701297,109.50605480646846,84.08500636925255,95.95737238937724
1090977,105.51237742348336,81.01843266446043,92.45781441041974
334844,112.53323450663196,86.40944792473525,98.61001301542777
501487,102.34173787000974,78.58383443590033,89.67946356139267
