UE ID,Internet usage,Data rate,optimal GU
733620,120.94992866739845,82.79310593304061,100.06907742531469
599828,118.39018172500397,81.04089820461581,97.9512463708452
962419,113.66146861979001,77.8039814956896,94.0389004681948
701297,109.50605480646846,74.95950180204686,90.6008792043461
1090977,105.51237742348336,72.22573454583681,87.29667211920884
334844,112.53323450663196,77.03167838251592,93.10544521057356
501487,102.34173787000974,70.05535628006619,84.67341323464335
