UE ID,Internet usage,Data rate,optimal GU
733620,120.94992866739845,38.156822734357846,67.93426961331923
599828,118.39018172500397,37.349283520388155,66.49652970853028
962419,113.66146861979001,35.857487124100416,63.840540783584096
701297,109.50605480646846,34.5465530044216,61.50655840377316
1090977,105.51237742348336,33.286642877646536,59.26341895694971
334844,112.53323450663196,35.50155612411603,63.20684251460047
501487,102.34173787000974,32.286381589943545,57.48255736698839
