UE ID,Internet usage,Data rate,optimal GU
733620,120.94992866739845,37.43688268276619,67.29032835415751
599828,118.39018172500397,36.644580057739326,65.86621662333593
962419,113.66146861979001,35.180930763268336,63.235403517050706
701297,109.50605480646846,33.89473124962119,60.92354469227424
1090977,105.51237742348336,32.658593012030565,58.701667710596645
334844,112.53323450663196,34.83171544252894,62.60771200229555
501487,102.34173787000974,31.677204578812535,56.93768670625375
