UE ID,Internet usage,Data rate,optimal GU
733620,120.94992866739845,88.55262634577386,103.49122590747555
599828,118.39018172500397,86.67852590580647,101.300969559249
962419,113.66146861979001,83.21643238234626,97.25482979203103
701297,109.50605480646846,80.17407584045012,93.69923555206995
1090977,105.51237742348336,77.2501334707646,90.2820316496133
334844,112.53323450663196,82.39040383521268,96.28945236049532
501487,102.34173787000974,74.92877236911427,87.56906292019757
