UE ID,Internet usage,Data rate,optimal GU
733620,120.94992866739845,48.95592350823271,76.94943441096471
599828,118.39018172500397,47.91983546012065,75.32090034217576
962419,113.66146861979001,46.00583253658167,72.31245045760787
701297,109.50605480646846,44.32387932642771,69.66873874812926
1090977,105.51237742348336,42.70739086188612,67.12792521292128
334844,112.53323450663196,45.54916634792246,71.59465774911105
501487,102.34173787000974,41.4240367569087,65.11073576065009
