UE ID,Internet usage,Data rate,optimal GU
733620,120.94992866739845,103.67136742919867,111.97787502633382
599828,118.39018172500397,101.47729862143197,109.60800985673367
962419,113.66146861979001,97.42411595982,105.23007221786871
701297,109.50605480646846,93.86233269125867,101.38290658662311
1090977,105.51237742348336,90.43918064870002,97.68547979344847
334844,112.53323450663196,96.45705814854168,104.18553039865793
501487,102.34173787000974,87.72148960286549,94.75003796570873
