UE ID,Internet usage,Data rate,optimal GU
733620,120.94992866739845,36.71694263117453,66.64016500673989
599828,118.39018172500397,35.939876595090496,65.22981313224024
962419,113.66146861979001,34.504374402436255,62.62441910619207
701297,109.50605480646846,33.242909494820786,60.33489760550121
1090977,105.51237742348336,32.030543146414594,58.134488537731755
334844,112.53323450663196,34.16187476094184,62.00279238598258
501487,102.34173787000974,31.06802756768153,56.38755122781889
