UE ID,Internet usage,Data rate,optimal GU
733620,120.94992866739845,67.6743648496158,90.47214820690691
599828,118.39018172500397,66.24212548899033,88.5574235989964
962419,113.66146861979001,63.596297918215846,85.02028358083797
701297,109.50605480646846,61.27124495123831,81.91197902438236
1090977,105.51237742348336,59.03668736790141,78.92465545945834
334844,112.53323450663196,62.96502406918693,84.17634952463511
501487,102.34173787000974,57.26263904631497,76.55297508929978
