UE ID,Internet usage,Data rate,optimal GU
733620,120.94992866739845,75.59370541712403,95.61931435596829
599828,118.39018172500397,73.99386357812747,93.59565671306369
962419,113.66146861979001,71.03841788736875,89.8572807595728
701297,109.50605480646846,68.44128425404278,86.57213769191735
1090977,105.51237742348336,65.9452358896771,83.41485849938397
334844,112.53323450663196,70.33327156664497,88.9653333767029
501487,102.34173787000974,63.96358616875608,80.908247842285
