UE ID,Internet usage,Data rate,optimal GU
733620,120.94992866739845,27.35772196048298,57.523165069586845
599828,118.39018172500397,26.778731580655656,56.30576256653422
962419,113.66146861979001,25.709141711619168,54.05681089277221
701297,109.50605480646846,24.769226682415482,52.0805174186896
1090977,105.51237742348336,23.86589489340695,50.18114496045639
334844,112.53323450663196,25.453945900309606,53.52022854135307
501487,102.34173787000974,23.148726422978392,48.67320506813808
