UE ID,Internet usage,Data rate,optimal GU
733620,120.94992866739845,79.19340567508232,97.86948843909195
599828,118.39018172500397,77.51738089137164,95.79820880671954
962419,113.66146861979001,74.42119969152917,91.97185902973729
701297,109.50605480646846,71.70039302804481,88.60940790104854
1090977,105.51237742348336,69.08548521775695,85.37782962092942
334844,112.53323450663196,73.68247497458044,91.05892177784395
501487,102.34173787000974,67.00947122441113,82.81223181907758
