UE ID,Internet usage,Data rate,optimal GU
733620,120.94992866739845,12.238980877058177,38.47471720548236
599828,118.39018172500397,11.979958865030163,37.66045017108788
962419,113.66146861979001,11.501458134145418,36.15622522880393
701297,109.50605480646846,11.080969831606927,34.83436937406463
1090977,105.51237742348336,10.67684771547153,33.56396260646064
334844,112.53323450663196,11.387291586980615,35.797328874555525
501487,102.34173787000974,10.356009189227175,32.55536788032504
