UE ID,Internet usage
36842,0.40873061024945945
1240881,0.377713411284345
487893,0.3505074196025559
332236,0.3262154097123542
573506,0.40790112984845117
520835,0.4020708144201664
1144193,0.27399031854518235
