UE ID,Internet usage
36842,0.7947801625177098
1240881,0.7637629635521518
487893,0.7365569718703628
332236,0.7122649619814911
573506,0.7939506821153713
520835,0.7881203666906333
1144193,0.6600398708143193
