UE ID,Internet usage
36842,0.47336571760602714
1240881,0.4423485186422427
487893,0.41514252696045356
332236,0.39085051706980856
573506,0.47253623720812227
520835,0.46670592177895076
1144193,0.3386254259030801
