UE ID,Internet usage
36842,1.0651682615650877
1240881,1.0341510625995298
487893,1.0069450709177408
332236,0.9826530610244356
573506,1.0643387811627494
520835,1.058508465733578
1144193,0.930427969857264
