UE ID,Internet usage
36842,0.6951809672082483
1240881,0.6641637682471239
487893,0.6369577765653348
332236,0.6126657666720297
573506,0.6943514868103434
520835,0.6885211713811719
1144193,0.5604406755048579
