UE ID,Internet usage
36842,1.0678787939620646
1240881,1.03686159500094
487893,1.009655603319151
332236,0.9853635934258459
573506,1.0670493135641597
520835,1.0612189981349882
1144193,0.9331385022586741
