UE ID,Internet usage
36842,0.4542893499313818
1240881,0.4232721509667106
487893,0.39606615928492156
332236,0.37177414939427655
573506,0.45345986952904355
520835,0.44762955410430544
1144193,0.31954905822754803
