UE ID,Internet usage
36842,0.46446344243155085
1240881,0.4334462434682097
487893,0.4062402517864206
332236,0.3819482418962189
573506,0.46363396203364593
520835,0.4578036466044745
1144193,0.32972315072904707
