UE ID,Internet usage
36842,1.0885276508935737
1240881,1.057510451928016
487893,1.0303044602462268
332236,1.0060124503573553
573506,1.0876981704912354
520835,1.0818678550664975
1144193,0.9537873591901833
