UE ID,Internet usage
36842,0.8370587642673966
1240881,0.8060415653018387
487893,0.7788355736200496
332236,0.7545435637311779
573506,0.8362292838650581
520835,0.8303989684358868
1144193,0.702318472564006
