UE ID,Internet usage
36842,0.4159324637690996
1240881,0.38491526480398514
487893,0.357709273122196
332236,0.3334172632319943
573506,0.415102983367648
520835,0.40927266793980654
1144193,0.2811921720648225
