UE ID,Internet usage
36842,1.1107037933468387
1240881,1.0796865943812808
487893,1.0524806026994917
332236,1.02818859281062
573506,1.1098743129445001
520835,1.1040439975197622
1144193,0.9759635016434483
