UE ID,Internet usage
36842,1.0725363695005565
1240881,1.0415191705349987
487893,1.0143131788532096
332236,0.9900211689643379
573506,1.0717068891026518
520835,1.06587657367348
1144193,0.937796077797166
