UE ID,Internet usage
36842,0.45773372558239683
1240881,0.426716526618169
487893,0.3995105349363799
332236,0.3752185250461782
573506,0.45690424518005845
520835,0.45107392975532046
1144193,0.32299343387900636
