UE ID,Internet usage
36842,0.6408676678922675
1240881,0.6098504689311431
487893,0.582644477249354
332236,0.5583524673560488
573506,0.6400381874943627
520835,0.6342078720651911
1144193,0.506127376188877
