UE ID,Internet usage
36842,0.40746669016195197
1240881,0.37644949119728083
487893,0.3492434995154917
332236,0.32495148962484666
573506,0.4066372097609437
520835,0.40080689433310224
1144193,0.2727263984581182
