UE ID,Internet usage
36842,0.4735389934929001
1240881,0.44252179452822893
487893,0.4153158028464398
332236,0.3910237929562381
573506,0.47270951309056175
520835,0.4668791976658237
1144193,0.3387987017890663
