UE ID,Internet usage
36842,0.6687378866444669
1240881,0.637720687678909
487893,0.6105146959971199
332236,0.5862226861082482
573506,0.6679084062421285
520835,0.6620780908129571
1144193,0.5339975949410765
