UE ID,Internet usage
36842,0.8087171735618812
1240881,0.7776999745963235
487893,0.7504939829145343
332236,0.7262019730256627
573506,0.8078876931639765
520835,0.802057377734805
1144193,0.6739768818584909
