UE ID,Internet usage
36842,1.0636141763460767
1240881,1.0325969773805188
487893,1.0053909856987298
332236,0.9810989758054247
573506,1.0627846959437384
520835,1.056954380514567
1144193,0.9288738846382527
