UE ID,Internet usage
36842,0.631785519474087
1240881,0.6007683205129626
487893,0.5735623288311734
332236,0.5492703189378684
573506,0.6309560390761821
520835,0.6251257236470107
1144193,0.49704522777069654
