UE ID,Internet usage
36842,0.6381447470325328
1240881,0.607127548066975
487893,0.5799215563851858
332236,0.5556295464963141
573506,0.6373152666301944
520835,0.631484951201023
1144193,0.5034044553291424
