UE ID,Internet usage
36842,0.8595006223858063
1240881,0.8284834234246818
487893,0.8012774317428927
332236,0.7769854218495875
573506,0.8586711419879013
520835,0.8528408265587297
1144193,0.7247603306824159
