UE ID,Internet usage
36842,0.7704050067457504
1240881,0.7393878077801926
487893,0.7121818160984035
332236,0.6878898062095317
573506,0.7695755263434121
520835,0.7637452109142405
1144193,0.6356647150423599
