UE ID,Internet usage
36842,0.5279055538260182
1240881,0.49688835486489386
487893,0.46968236318310475
332236,0.4453903532897996
573506,0.5270760734281134
520835,0.5212457579989419
1144193,0.39316526212395786
