UE ID,Internet usage
36842,0.3645968602750968
1240881,0.3335796613104257
487893,0.3063736696286366
332236,0.2820816597379915
573506,0.3637673798740885
520835,0.35793706444624707
1144193,0.22985656857126305
