UE ID,Internet usage,Data rate,optimal GU
36842,125.79017384328573,25.45753518256973,56.58893687141515
1240881,120.5792844171993,24.402950417766526,54.24472600209796
487893,116.00867781465124,23.477946700584177,52.18855769742659
332236,111.92762015309157,22.65201836431615,50.352621651529056
573506,125.65082113592621,25.429332848937445,56.52624658871109
520835,124.67132814399997,25.231102124380946,56.08560432395707
1144193,103.1538048370213,20.87636526463526,46.405565487498976
