UE ID,Internet usage,Data rate,optimal GU
36842,125.79017384328573,36.68880070429167,67.93445825716515
1240881,120.5792844171993,35.16895795501647,65.12025632562002
487893,116.00867781465124,33.835864362606614,62.65184664015794
332236,111.92762015309157,32.64555587798504,60.44782360017303
573506,125.65082113592621,36.648156164645144,67.85919919366363
520835,124.67132814399997,36.36247070866666,67.3302125189485
1144193,103.1538048370213,30.08652641079788,55.7094217669088
