UE ID,Internet usage,Data rate,optimal GU
36842,125.79017384328573,24.70878414778827,55.7505359024154
1240881,120.5792844171993,23.685216581949863,53.44105600301979
487893,116.00867781465124,22.78741885644935,51.4153511350972
332236,111.92762015309157,21.985782530071557,49.60661564543913
573506,125.65082113592621,24.681411294556934,55.68877441598623
520835,124.67132814399997,24.489010885428566,55.25466054568838
1144193,103.1538048370213,20.262354521557754,45.718037620345264
