UE ID,Internet usage,Data rate,optimal GU
36842,125.79017384328573,113.81015728678231,119.6503216470229
1240881,120.5792844171993,109.0955430441327,114.69377713445175
487893,116.00867781465124,104.96023230849397,110.34626306870126
332236,111.92762015309157,101.26784680517808,106.46440292854433
573506,125.65082113592621,113.68407626583799,119.51777078276604
520835,124.67132814399997,112.79786832076186,118.58608710705232
1144193,103.1538048370213,93.32963294778116,98.1188398963535
