UE ID,Internet usage,Data rate,optimal GU
36842,125.79017384328573,107.82014900853062,116.45907129799738
1240881,120.5792844171993,103.3536723575994,111.6347251296343
487893,116.00867781465124,99.43600955541534,107.40316566884218
332236,111.92762015309157,95.93796013122133,103.62484045743948
573506,125.65082113592621,107.70070383079388,116.33005576056621
520835,124.67132814399997,106.86113840914282,115.42322146105455
1144193,103.1538048370213,88.4175470031611,95.50186588612935
