UE ID,Internet usage,Data rate,optimal GU
36842,125.79017384328573,104.82514486940478,114.83019287743986
1240881,120.5792844171993,100.48273701433276,110.0733234052187
487893,116.00867781465124,96.67389817887603,105.900949509056
332236,111.92762015309157,93.27301679424298,102.17547060953015
573506,125.65082113592621,104.70901761327184,114.70298184198947
520835,124.67132814399997,103.89277345333332,113.8088311643291
1144193,103.1538048370213,85.96150403085109,94.16610966953681
