UE ID,Internet usage,Data rate,optimal GU
36842,125.79017384328573,41.181306912980446,71.97363236406451
1240881,120.5792844171993,39.47536096991644,68.99210663447785
487893,116.00867781465124,37.979031427415585,66.37693289521269
332236,111.92762015309157,36.6429708834526,64.04186541883269
573506,125.65082113592621,41.13568549092822,71.89389862793877
520835,124.67132814399997,40.81501814238094,71.33346003126503
1144193,103.1538048370213,33.770590869262925,59.021732774960455
