UE ID,Internet usage,Data rate,optimal GU
36842,125.79017384328573,37.437551739073136,68.62416587125131
1240881,120.5792844171993,35.886691790833126,65.78139262921727
487893,116.00867781465124,34.52639220674144,63.28792230445042
332236,111.92762015309157,33.311791712229635,61.061522822357965
573506,125.65082113592621,37.396077719025655,68.54814273675464
520835,124.67132814399997,37.10456194761904,68.01378550125693
1144193,103.1538048370213,30.700537153875388,56.27501415337524
