UE ID,Internet usage,Data rate,optimal GU
36842,125.79017384328573,90.59887520855698,106.75414868983094
1240881,120.5792844171993,86.84579413381616,102.33183136883146
487893,116.00867781465124,83.55386914031428,98.45290186310532
332236,111.92762015309157,80.61453594359571,94.98943708598618
573506,125.65082113592621,90.49850808004209,106.6358844471857
520835,124.67132814399997,89.79303991323808,105.80461967263334
1144193,103.1538048370213,74.29529991237844,87.54337706228524
