UE ID,Internet usage,Data rate,optimal GU
36842,125.79017384328573,28.45253932169558,59.82516082351145
1240881,120.5792844171993,27.273885761033174,57.346888567225875
487893,116.00867781465124,26.240058077123493,55.17313153435063
332236,111.92762015309157,25.31696170129452,53.232201464272165
573506,125.65082113592621,28.421019066459497,59.75888539138302
520835,124.67132814399997,28.199467080190466,59.29304355352616
1144193,103.1538048370213,23.33240823694529,49.05941994817675
