UE ID,Internet usage,Data rate,optimal GU
36842,125.79017384328573,77.87010761727211,98.97117951389701
1240881,120.5792844171993,74.6443189249329,94.8712736384287
487893,116.00867781465124,71.81489579002219,91.27513959451082
332236,111.92762015309157,69.28852676143764,88.0641805975705
573506,125.65082113592621,77.78384165557337,98.86153739007732
520835,124.67132814399997,77.1774888510476,98.09087642527645
1144193,103.1538048370213,63.857117280060805,81.16097962298245
