UE ID,Internet usage,Data rate,optimal GU
36842,125.79017384328573,98.83513659115307,111.5010718048308
1240881,120.5792844171993,94.74086632779945,106.88211200603958
487893,116.00867781465124,91.1496754257974,102.8307022701944
332236,111.92762015309157,87.94313012028623,99.21323129087826
573506,125.65082113592621,98.72564517822774,111.37754883197246
520835,124.67132814399997,97.95604354171427,110.50932109137676
1144193,103.1538048370213,81.04941808623101,91.43607524069053
