UE ID,Internet usage,Data rate,optimal GU
36842,125.79017384328573,102.57889176506038,113.5932067853467
1240881,120.5792844171993,98.32953550688276,108.88757977150338
487893,116.00867781465124,94.60231464647154,104.76015196792518
332236,111.92762015309157,91.27430929150918,101.07480507087726
573506,125.65082113592621,102.46525295013029,113.4673661062257
520835,124.67132814399997,101.66649973647617,112.5828474941814
1144193,103.1538048370213,84.11947180161856,93.15172342591133
