UE ID,Internet usage,Data rate,optimal GU
36842,125.79017384328573,116.80516142590818,121.21444452522167
1240881,120.5792844171993,111.96647838739936,116.19310583105361
487893,116.00867781465124,107.7223436850333,111.7887591039285
332236,111.92762015309157,103.93279014215646,107.85615354017715
573506,125.65082113592621,116.67576248336006,121.08016089638502
520835,124.67132814399997,115.76623327657141,120.13629783216346
1144193,103.1538048370213,95.78567592009121,99.40149355036502
