UE ID,Internet usage,Data rate,optimal GU
36842,125.79017384328573,50.91507036513946,80.0288420038302
1240881,120.5792844171993,48.80590083553305,76.71362719937942
487893,116.00867781465124,46.95589340116835,73.80576609639147
332236,111.92762015309157,45.3040367286323,71.20936044063353
573506,125.65082113592621,50.85866569787489,79.94018455580111
520835,124.67132814399997,50.46220424876189,79.31702228883118
1144193,103.1538048370213,41.75273052927052,65.62738008201389
