UE ID,Internet usage,Data rate,optimal GU
36842,125.79017384328573,39.68380484341752,70.65290305441465
1240881,120.5792844171993,38.03989329828311,67.72608886694694
487893,116.00867781465124,36.59797573914592,65.15890404381432
332236,111.92762015309157,35.31049921496341,62.86668548244342
573506,125.65082113592621,39.639842382167195,70.57463244692103
520835,124.67132814399997,39.330835664476176,70.02447800093655
1144193,103.1538048370213,32.54256938310791,57.938673190196006
