UE ID,Internet usage,Data rate,optimal GU
36842,125.79017384328573,57.65382967817263,85.16035026905726
1240881,120.5792844171993,55.265505357883015,81.63256145073747
487893,116.00867781465124,53.17064399838182,78.53824615310553
332236,111.92762015309157,51.300159236833636,75.77535705526849
573506,125.65082113592621,57.58995968729952,85.06600804019237
520835,124.67132814399997,57.14102539933332,84.40288814990232
1144193,103.1538048370213,47.2788272169681,69.83545600669031
