UE ID,Internet usage,Data rate,optimal GU
36842,125.79017384328573,10.482514486940477,36.31249536491542
1240881,120.5792844171993,10.048273701433276,34.80824115848123
487893,116.00867781465124,9.667389817887603,33.48882068231073
332236,111.92762015309157,9.327301679424297,32.31072081257079
573506,125.65082113592621,10.470901761327184,36.27226770336226
520835,124.67132814399997,10.389277345333332,35.98951243208327
1144193,103.1538048370213,8.596150403085108,29.777938495294183
