UE ID,Internet usage,Data rate,optimal GU
36842,125.79017384328573,119.80016556503402,122.7586398298712
1240881,120.5792844171993,114.837413730666,117.67333245882672
487893,116.00867781465124,110.4844550615726,113.21287714198102
332236,111.92762015309157,106.59773347913482,109.23017267235777
573506,125.65082113592621,119.6674487008821,122.62264551259348
520835,124.67132814399997,118.73459823238092,121.66675823032008
1144193,103.1538048370213,98.24171889240124,100.66780566536784
