UE ID,Internet usage,Data rate,optimal GU
36842,125.79017384328573,5.990008278251701,27.449666348500525
1240881,120.5792844171993,5.7418706865333,26.312557051686902
487893,116.00867781465124,5.5242227530786305,25.315168921780167
332236,111.92762015309157,5.329886673956741,24.424609128943185
573506,125.65082113592621,5.983372435044105,27.419257094701855
520835,124.67132814399997,5.936729911619047,27.205514200502776
1144193,103.1538048370213,4.9120859446200615,22.510005661350093
