UE ID,Internet usage,Data rate,optimal GU
36842,125.79017384328573,43.427560017324836,73.91048859376465
1240881,120.5792844171993,41.62856247736643,70.84872811023158
487893,116.00867781465124,40.05061495982007,68.16317838211783
332236,111.92762015309157,38.64167838618637,65.76527275460047
573506,125.65082113592621,43.379450154069765,73.82860917208076
520835,124.67132814399997,43.041291859238086,73.25308881627276
1144193,103.1538048370213,35.61262309849545,60.61004514795049
