UE ID,Internet usage,Data rate,optimal GU
36842,125.79017384328573,86.10636899986821,104.0737004507264
1240881,120.5792844171993,82.53939111891619,99.76242136872105
487893,116.00867781465124,79.41070207550531,95.9808863894919
332236,111.92762015309157,76.61712093812815,92.60438439721031
573506,125.65082113592621,86.010978753759,103.95840565877548
520835,124.67132814399997,85.34049247952379,103.14801278689411
1144193,103.1538048370213,70.6112354539134,85.3452845874565
