UE ID,Internet usage,Data rate,optimal GU
36842,125.79017384328573,50.16631933035799,79.43821517156285
1240881,120.5792844171993,48.088166999716385,76.14746723142261
487893,116.00867781465124,46.265365557033526,73.26106665127777
332236,111.92762015309157,44.63780089438771,70.68382292276188
573506,125.65082113592621,50.11074414349438,79.35021203098562
520835,124.67132814399997,49.72011300980951,78.73164881039088
1144193,103.1538048370213,41.138719786193015,65.14303855416833
