UE ID,Internet usage,Data rate,optimal GU
36842,125.79017384328573,59.90008278251701,86.80346667293894
1240881,120.5792844171993,57.418706865333,83.20761134645545
487893,116.00867781465124,55.2422275307863,80.05359314473426
332236,111.92762015309157,53.29886673956741,77.23739580680169
573506,125.65082113592621,59.83372435044105,86.70730416898903
520835,124.67132814399997,59.36729911619046,86.03138978964353
1144193,103.1538048370213,49.12085944620062,71.18288803315114
