UE ID,Internet usage,Data rate,optimal GU
36842,125.79017384328573,71.88009933902042,95.08843353283314
1240881,120.5792844171993,68.9024482383996,91.14937138115292
487893,116.00867781465124,66.29067303694356,87.69431754942377
332236,111.92762015309157,63.958640087480894,84.60932793268043
573506,125.65082113592621,71.80046922052927,94.98309278763404
520835,124.67132814399997,71.24075893942856,94.24266568261477
1144193,103.1538048370213,58.94503133544074,77.97694696824286
