UE ID,Internet usage
940811,0.6935072394880096
349128,0.7143320233133833
1136950,0.7015842961108445
340456,0.7707093351156818
407805,0.7208810514109194
882715,0.714436551211465
808243,0.6675426321384199
