UE ID,Internet usage
940811,0.9780785137190082
349128,0.998903297544382
1136950,0.986155570341843
340456,1.0552806093466804
407805,1.005452325641918
882715,0.9990078254424637
808243,0.9521139063694185
