UE ID,Internet usage
940811,0.6799693182569968
349128,0.700794102086804
1136950,0.6880463748842651
340456,0.7571714138891025
407805,0.7073431301843401
882715,0.7008986299848857
808243,0.6540047109074071
