UE ID,Internet usage
940811,0.2837195593202775
349128,0.30454434314653794
1136950,0.291796615943999
340456,0.36092165495105316
407805,0.3110933712445174
882715,0.30464887104461963
808243,0.2577549519702444
