UE ID,Internet usage
940811,0.9781506675556015
349128,0.9989754513854088
1136950,0.98622772418287
340456,1.0553527631877073
407805,1.005524479482945
882715,0.9990799792834906
808243,0.9521860602060119
