UE ID,Internet usage
940811,0.6759586286268279
349128,0.6967834124522018
1136950,0.6840356852496629
340456,0.7531607242545003
407805,0.7033324405497379
882715,0.6968879403502833
808243,0.6499940212772383
