UE ID,Internet usage
940811,0.5742041117733745
349128,0.5950288955987483
1136950,0.5822811683962094
340456,0.6514062074054802
407805,0.6015779236962844
882715,0.59513342349683
808243,0.5482395044237848
