UE ID,Internet usage
940811,0.9991874458873597
349128,1.020012229717167
1136950,1.0072645025101947
340456,1.0763895415194655
407805,1.0265612578147032
882715,1.0201167576108152
808243,0.9732228385377701
