UE ID,Internet usage
940811,0.4612419977071252
349128,0.482066781532499
1136950,0.46931905432996
340456,0.5384440933392309
407805,0.4886158096300351
882715,0.4821713094305807
808243,0.43527739035797886
