UE ID,Internet usage
940811,0.3456277633640489
349128,0.36645254719075265
1136950,0.3537048199877704
340456,0.42282985899526787
407805,0.37300157528828876
882715,0.36655707508839097
808243,0.3196631560144591
