UE ID,Internet usage
940811,0.8401173785933359
349128,0.8609421624187097
1136950,0.8481944352161708
340456,0.9173194742254416
407805,0.8674911905162458
882715,0.8610466903167914
808243,0.8141527712437462
