UE ID,Internet usage
940811,0.3648971577354261
349128,0.3857219415621299
1136950,0.37297421435959094
340456,0.4420992533666451
407805,0.392270969659666
882715,0.3858264694597682
808243,0.3389325503858363
