UE ID,Internet usage
940811,0.961125766251623
349128,0.9819505500769968
1136950,0.9692028228744579
340456,1.0383278618837288
407805,0.9884995781745329
882715,0.9820550779750785
808243,0.9351611589020333
