UE ID,Internet usage
940811,0.7724250820269238
349128,0.7932498658522976
1136950,0.7805021386497588
340456,0.8496271776545962
407805,0.7997988939498337
882715,0.7933543937503793
808243,0.7464604746773341
