UE ID,Internet usage
940811,0.7714020577957738
349128,0.7922268416211475
1136950,0.7794791144186087
340456,0.8486041534278794
407805,0.7987758697186836
882715,0.7923313695192292
808243,0.745437450446184
