UE ID,Internet usage
940811,0.9734683589692845
349128,0.9942931427946583
1136950,0.9815454155921195
340456,1.050670454596957
407805,1.0008421708921944
882715,0.99439767069274
808243,0.9475037516196948
