UE ID,Internet usage
940811,0.9887265824244956
349128,1.0095513662498694
1136950,0.9968036390473306
340456,1.065928678052168
407805,1.0161003943474056
882715,1.0096558941479512
808243,0.9627619750749059
