UE ID,Internet usage
940811,0.9370128673352106
349128,0.9578376511605844
1136950,0.9450899239580454
340456,1.0142149629673163
407805,0.9643866792581205
882715,0.9579421790586661
808243,0.9110482599856209
