UE ID,Internet usage
940811,1.0068570221848494
349128,1.0276818060102233
1136950,1.0149340788076844
340456,1.0840591178169552
407805,1.0342308341077593
882715,1.0277863339083049
808243,0.9808924148352597
