UE ID,Internet usage
940811,0.4109563786810296
349128,0.43178116250729004
1136950,0.4190334353047512
340456,0.48815847431269194
407805,0.4383301906052695
882715,0.4318856904053717
808243,0.3849917713309965
