UE ID,Internet usage
940811,1.049840464531544
349128,1.070665248361351
1136950,1.0579175211588123
340456,1.1270425601636498
407805,1.0772142764588872
882715,1.0707697762594328
808243,1.0238758571819542
