UE ID,Internet usage
940811,0.2879416083227131
349128,0.3087663921489736
1136950,0.2960186649464347
340456,0.3651437039534888
407805,0.3153154202469531
882715,0.30887092004705524
808243,0.26197700097268006
