UE ID,Internet usage
940811,0.47088437631212426
349128,0.4917091601374981
1136950,0.4789614329349592
340456,0.54808647194423
407805,0.4982581882350342
882715,0.49181368803557973
808243,0.44491976896253455
