UE ID,Internet usage
940811,0.31918775474092675
349128,0.3400125385676306
1136950,0.32726481136509167
340456,0.39638985037214586
407805,0.34656156666516674
882715,0.3401170664652689
808243,0.29322314739133704
