UE ID,Internet usage
940811,0.7082564876094415
349128,0.7290812714392487
1136950,0.7163335442367099
340456,0.7854585832415473
407805,0.7356302995367848
882715,0.7291857993373304
808243,0.6822918802598518
