UE ID,Internet usage
940811,0.7420536174429883
349128,0.762878401268362
1136950,0.7501306740658232
340456,0.8192557130750939
407805,0.7694274293658981
882715,0.7629829291664437
808243,0.7160890100933985
