UE ID,Internet usage,Data rate,optimal GU
940811,114.59069641509055,15.688012009208826,42.399295059040114
349128,118.08926009796967,16.166982037222038,43.69378613478943
1136950,115.94764192790142,15.873784311557932,42.90137363065731
340456,127.56064848110478,17.46366020872268,47.198260784464615
407805,119.18949681836544,16.3176096834667,44.100880801304676
882715,118.10682078480087,16.169386178871548,43.700283701919126
808243,110.22864238034968,15.090826040166922,40.785306996584296
