UE ID,Internet usage,Data rate,optimal GU
940811,114.59069641509055,49.792385942271494,75.53637654331756
349128,118.08926009796967,51.31259516161778,77.84257444574982
1136950,115.94764192790142,50.38201107581431,76.43085358561737
340456,127.56064848110478,55.4281389233372,84.08596401993414
407805,119.18949681836544,51.79067421274213,78.56783310808966
882715,118.10682078480087,51.32022569815753,77.85415017305002
808243,110.22864238034968,47.89696960574719,72.66097944408942
