UE ID,Internet usage,Data rate,optimal GU
940811,114.59069641509055,79.80423500336663,95.62856720619277
349128,118.08926009796967,82.24073471108602,98.54819892796397
1136950,115.94764192790142,80.74925062835992,96.76096939264015
340456,127.56064848110478,88.83688019219797,106.45229000052082
407805,119.18949681836544,83.0069709985045,99.46637173300535
882715,118.10682078480087,82.25296447512918,98.56285372432494
808243,110.22864238034968,76.76637594345782,91.9883329597123
