UE ID,Internet usage,Data rate,optimal GU
940811,114.59069641509055,103.67729675651049,108.99749372239044
349128,118.08926009796967,106.84266389816302,112.325291571534
1136950,115.94764192790142,104.90500936333936,110.28820635998946
340456,127.56064848110478,115.41201529242812,121.33437894188651
407805,119.18949681836544,107.83811616899729,113.3718254418761
882715,118.10682078480087,106.85855213862935,112.34199511652086
808243,110.22864238034968,99.73067643936399,104.84835271755593
