UE ID,Internet usage,Data rate,optimal GU
940811,114.59069641509055,104.35938423517175,109.35545033037153
349128,118.08926009796967,107.54557616065094,112.69417693750248
1136950,115.94764192790142,105.5951738986245,110.65040177293616
340456,127.56064848110478,116.17130486672042,121.73285088132529
407805,119.18949681836544,108.5475774595828,113.74414770993812
882715,118.10682078480087,107.56156892901507,112.71093533828557
808243,110.22864238034968,100.3867993106756,105.19268321002367
