UE ID,Internet usage,Data rate,optimal GU
940811,114.59069641509055,40.243161241013944,67.90796619361066
349128,118.08926009796967,41.47182348678697,69.98126142381454
1136950,115.94764192790142,40.71970758182252,68.71211009790058
340456,127.56064848110478,44.79808488324513,75.59413177236925
407805,119.18949681836544,41.858216144545004,70.6332762937038
882715,118.10682078480087,41.477990632757454,69.99166811968932
808243,110.22864238034968,38.71124940738471,65.32295513082008
