UE ID,Internet usage,Data rate,optimal GU
940811,114.59069641509055,2.728349914645013,17.68172833133755
349128,118.08926009796967,2.811649049951659,18.22156842766151
1136950,115.94764192790142,2.76065814114051,17.891109569680292
340456,127.56064848110478,3.0371582971691615,19.683035383971298
407805,119.18949681836544,2.837845162342034,18.39133863936988
882715,118.10682078480087,2.812067161542878,18.2242781004672
808243,110.22864238034968,2.624491485246421,17.008648781061375
