UE ID,Internet usage,Data rate,optimal GU
940811,114.59069641509055,100.94894684186549,107.5537545647725
349128,118.08926009796967,104.03101484821138,110.83747367504448
1136950,115.94764192790142,102.14435122219886,108.82737091591119
340456,127.56064848110478,112.37485699525898,119.72723011615464
407805,119.18949681836544,105.00027100665527,111.87014555758496
882715,118.10682078480087,104.0464849770865,110.8539559712563
808243,110.22864238034968,97.10618495411758,103.4595714964426
