UE ID,Internet usage,Data rate,optimal GU
940811,114.59069641509055,106.40564667115551,110.42235803742723
349128,118.08926009796967,109.6543129481147,113.79365835842557
1136950,115.94764192790142,107.66566750447988,111.72994345177986
340456,127.56064848110478,118.4491735895973,122.92051657530561
407805,119.18949681836544,110.67596133133934,114.85387299073204
882715,118.10682078480087,109.67061930017225,113.81058025967343
808243,110.22864238034968,102.35516792461043,106.21897759318963
