UE ID,Internet usage,Data rate,optimal GU
940811,114.59069641509055,36.832723847707676,64.96681827343507
349128,118.08926009796967,37.95726217434739,66.950317441468
1136950,115.94764192790142,37.26888490539688,65.73613406691275
340456,127.56064848110478,41.00163701178368,72.32008991981408
407805,119.18949681836544,38.31090969161746,67.57409302978269
882715,118.10682078480087,37.96290668082885,66.96027341508376
808243,110.22864238034968,35.43063505082668,62.493766091717156
