UE ID,Internet usage,Data rate,optimal GU
940811,114.59069641509055,55.93117325022277,80.05742997408866
349128,118.08926009796967,57.63880552400901,82.5016599667
1136950,115.94764192790142,56.59349189338045,81.00544385103552
340456,127.56064848110478,62.2617450919678,89.1187330447233
407805,119.18949681836544,58.1758258280117,83.27032729270123
882715,118.10682078480087,57.647376811628995,82.51392853212693
808243,110.22864238034968,53.80207544755163,77.00993269591112
