UE ID,Internet usage,Data rate,optimal GU
940811,114.59069641509055,6.820874786612532,27.95726724767752
349128,118.08926009796967,7.029122624879147,28.810829386011726
1136950,115.94764192790142,6.901645352851275,28.28832805391235
340456,127.56064848110478,7.592895742922903,31.121611539518085
407805,119.18949681836544,7.094612905855086,29.07925965993545
882715,118.10682078480087,7.030167903857195,28.815113754901628
808243,110.22864238034968,6.561228713116052,26.893035035000256
