UE ID,Internet usage,Data rate,optimal GU
940811,114.59069641509055,101.63103432052674,107.91650012938304
349128,118.08926009796967,104.7339271106993,111.21129420907377
1136950,115.94764192790142,102.834515757484,109.19441199474399
340456,127.56064848110478,113.13414656955126,120.13103305045003
407805,119.18949681836544,105.70973229724079,112.24744897463034
882715,118.10682078480087,104.74950176747221,111.22783209497533
808243,110.22864238034968,97.76230782542919,103.80850864725346
