UE ID,Internet usage,Data rate,optimal GU
940811,114.59069641509055,72.98336021675411,91.45061002503628
349128,118.08926009796967,75.21161208620687,94.24268471364599
1136950,115.94764192790142,73.84760527550864,92.5335382103034
340456,127.56064848110478,81.24398444927508,101.8014505866116
407805,119.18949681836544,75.91235809264943,95.12074307614748
882715,118.10682078480087,75.22279657127199,94.25669925037027
808243,110.22864238034968,70.20514723034177,87.96941552217531
