UE ID,Internet usage,Data rate,optimal GU
940811,114.59069641509055,89.35345970462419,101.18831540573554
349128,118.08926009796967,92.08150638591684,104.27769156353332
1136950,115.94764192790142,90.4115541223517,102.38655431023898
340456,127.56064848110478,99.46693423229004,112.64131849857901
407805,119.18949681836544,92.93942906670163,105.24924600702057
882715,118.10682078480087,92.09519954052926,104.29319837493605
808243,110.22864238034968,85.95209614182029,97.33644162110171
