UE ID,Internet usage,Data rate,optimal GU
940811,114.59069641509055,8.867137222596293,31.876189068730927
349128,118.08926009796967,9.137859412342891,32.84939964265465
1136950,115.94764192790142,8.972138958706656,32.25365646421338
340456,127.56064848110478,9.870764465799775,35.48409666684027
407805,119.18949681836544,9.22299677761161,33.15545724433512
882715,118.10682078480087,9.139218275014354,32.85428457477498
808243,110.22864238034968,8.529597327050869,30.66277765323743
