UE ID,Internet usage,Data rate,optimal GU
940811,114.59069641509055,41.60733619833645,69.0493564846493
349128,118.08926009796967,42.8776480117628,71.15749945332712
1136950,115.94764192790142,42.100036652392774,69.86701635910298
340456,127.56064848110478,46.31666403182971,76.86471036426052
407805,119.18949681836544,43.27713872571602,71.82047332381408
882715,118.10682078480087,42.88402421352889,71.16808106390334
808243,110.22864238034968,40.023495150007925,66.42089681494735
