UE ID,Internet usage,Data rate,optimal GU
940811,114.59069641509055,64.11622299415781,85.71535827613268
349128,118.08926009796967,66.07375267386398,88.33233023730803
1136950,115.94764192790142,64.87546631680199,86.73037148776768
340456,127.56064848110478,71.3732199834753,95.41705416369054
407805,119.18949681836544,66.68936131503781,89.15532187299603
882715,118.10682078480087,66.08357829625764,88.34546586358837
808243,110.22864238034968,61.6755499032909,82.45248409782002
