UE ID,Internet usage,Data rate,optimal GU
940811,114.59069641509055,34.78646141172392,63.13639868559275
349128,118.08926009796967,35.84852538688365,65.06401339097037
1136950,115.94764192790142,35.198391299541505,63.88403924954495
340456,127.56064848110478,38.72376828890681,70.28249422555373
407805,119.18949681836544,36.18252581986094,65.67021429907734
882715,118.10682078480087,35.8538563096717,65.07368885817368
808243,110.22864238034968,33.462266436891866,60.733023968086194
