UE ID,Internet usage,Data rate,optimal GU
940811,114.59069641509055,12.95966209456381,38.536433471720215
349128,118.08926009796967,13.355332987270378,39.712987684493925
1136950,115.94764192790142,13.11312617041742,38.99276930102493
340456,127.56064848110478,14.426501911553515,42.89818107043309
407805,119.18949681836544,13.479764521124661,40.08299328272407
882715,118.10682078480087,13.357319017328669,39.71889327945895
808243,110.22864238034968,12.466334554920499,37.06949060141139
