UE ID,Internet usage,Data rate,optimal GU
940811,114.59069641509055,38.87898628369144,66.74706071551732
349128,118.08926009796967,40.06599896181114,68.78491238990058
1136950,115.94764192790142,39.33937851125227,67.53745755718717
340456,127.56064848110478,43.27950573466055,74.30182916627957
407805,119.18949681836544,40.439293563373994,69.42578088512012
882715,118.10682078480087,40.07195705198601,68.79514118042894
808243,110.22864238034968,37.3990036647615,64.2062411323415
