UE ID,Internet usage,Data rate,optimal GU
940811,114.59069641509055,27.28349914645013,55.91453449535504
349128,118.08926009796967,28.116490499516587,57.62165877202345
1136950,115.94764192790142,27.6065814114051,56.5766561078247
340456,127.56064848110478,30.371582971691613,62.24322307903617
407805,119.18949681836544,28.378451623420343,58.1585193198709
882715,118.10682078480087,28.12067161542878,57.630227509803255
808243,110.22864238034968,26.24491485246421,53.78607007000051
