UE ID,Internet usage,Data rate,optimal GU
940811,114.59069641509055,56.61326072888402,80.54410576356234
349128,118.08926009796967,58.34171778649692,83.00319443402151
1136950,115.94764192790142,57.28365642866559,81.49788269588264
340456,127.56064848110478,63.0210346662601,89.66049325080876
407805,119.18949681836544,58.88528711859722,83.7765345527647
882715,118.10682078480087,58.35039360201472,83.01553758108024
808243,110.22864238034968,54.45819831886324,77.47808249542663
