UE ID,Internet usage
1234255,0.5079412851109292
1082277,0.6116397768729188
662801,0.720500023352385
677281,0.59583425509515
193632,0.5971154204704164
1050145,0.6591538234633308
1078293,0.5939832345357712
