UE ID,Internet usage
1234255,0.5362368532128796
1082277,0.6399353449704358
662801,0.7487955914543355
677281,0.6241298231971004
193632,0.625410988572367
1050145,0.6874493915652813
1078293,0.6222788026332882
