UE ID,Internet usage
1234255,0.5953366569668284
1082277,0.6990351487243845
662801,0.8078953952082844
677281,0.6832296269510493
193632,0.6845107923263156
1050145,0.7465491953192301
1078293,0.681378606387237
