UE ID,Internet usage
1234255,0.6398852401544637
1082277,0.7435837319120199
662801,0.8524439783914862
677281,0.727778210134251
193632,0.729059375513951
1050145,0.7910977785068654
1078293,0.7259271895748723
