UE ID,Internet usage
1234255,0.37890414387005616
1082277,0.48260263562938566
662801,0.591462882108852
677281,0.46679711385161693
193632,0.4680782792313169
1050145,0.5301166822242313
1078293,0.4649460932922381
