UE ID,Internet usage
1234255,0.22117089884818042
1082277,0.3248693906070666
662801,0.4337296370887497
677281,0.30906386883107123
193632,0.3103450342081111
1050145,0.37238343720102546
1078293,0.30721284826991907
