UE ID,Internet usage
1234255,0.9177724714991008
1082277,1.021470963256657
662801,1.1303312097405567
677281,1.0056654414833217
193632,1.0069466068585882
1050145,1.0689850098515024
1078293,1.0038144209195095
