UE ID,Internet usage
1234255,0.6277798231313305
1082277,0.7314783148888866
662801,0.8403385613727864
677281,0.7156727931155512
193632,0.7169539584908177
1050145,0.7789923614837322
1078293,0.7138217725517391
