UE ID,Internet usage
1234255,0.9663976981874732
1082277,1.0700961899450294
662801,1.1789564364289293
677281,1.0542906681716941
193632,1.0555718335469606
1050145,1.1176102365398748
1078293,1.052439647607882
