UE ID,Internet usage
1234255,0.9203494423689995
1082277,1.0240479341265558
662801,1.1329081806104555
677281,1.0082424123532203
193632,1.0095235777284868
1050145,1.0715619807214012
1078293,1.006391391789408
