UE ID,Internet usage
1234255,0.595361273486289
1082277,0.6990597652438452
662801,0.807920011727745
677281,0.6832542434705098
193632,0.6845354088457763
1050145,0.7465738118386908
1078293,0.6814032229066975
