UE ID,Internet usage
1234255,0.24630417037516417
1082277,0.3500026621344937
662801,0.45886290861662005
677281,0.3341971403584983
193632,0.3354783057350948
1050145,0.39751670872800915
1078293,0.33234611979734613
