UE ID,Internet usage
1234255,0.9157446795432892
1082277,1.0194431713008454
662801,1.128303417784745
677281,1.00363764952751
193632,1.0049188149027766
1050145,1.0669572178956908
1078293,1.0017866289636979
