UE ID,Internet usage
1234255,0.894635747370504
1082277,0.9983342391324938
662801,1.10719448561196
677281,0.982528717354725
193632,0.9838098827344248
1050145,1.045848285722906
1078293,0.9806776967953461
