UE ID,Internet usage
1234255,0.56260749334963
1082277,0.6663059851116195
662801,0.7751662315910859
677281,0.6505004633338508
193632,0.6517816287135507
1050145,0.713820031706465
1078293,0.648649442774472
