UE ID,Internet usage
1234255,0.4914160309706716
1082277,0.5951145227282278
662801,0.7039747692121275
677281,0.5793090009548925
193632,0.5805901663301589
1050145,0.6426285693230733
1078293,0.5774579803910802
