UE ID,Internet usage
1234255,0.9234142558407789
1082277,1.0271127475983348
662801,1.1359729940822347
677281,1.0113072258249998
193632,1.0125883912002662
1050145,1.0746267941931804
1078293,1.0094562052611873
