UE ID,Internet usage
1234255,0.4128952231649736
1082277,0.5165937149243032
662801,0.6254539614037695
677281,0.5007881931465343
193632,0.5020693585262342
1050145,0.5641077615191487
1078293,0.4989371725871556
