UE ID,Internet usage
1234255,0.6446738400503126
1082277,0.7483723318123022
662801,0.8572325782917686
677281,0.7325668100345334
193632,0.7338479754142333
1050145,0.7958863784071477
1078293,0.7307157894751547
