UE ID,Internet usage
1234255,0.3002915362836803
1082277,0.4039900280425665
662801,0.5128502745238063
677281,0.38818450626657114
193632,0.389465671643611
1050145,0.45150407463475195
1078293,0.3863334857054189
