UE ID,Internet usage
1234255,0.5887486450949937
1082277,0.6924471368569833
662801,0.8013073833364496
677281,0.6766416150792145
193632,0.6779227804544811
1050145,0.7399611834473954
1078293,0.6747905945198357
