UE ID,Internet usage
1234255,0.32325939514129004
1082277,0.4269578869006196
662801,0.5358181333800859
677281,0.4111523651246242
193632,0.41243353050166404
1050145,0.4744719334954651
1078293,0.409301344563472
