UE ID,Internet usage,Data rate,optimal GU
1234255,100.5723116690513,62.259050080841284,79.12987166013504
1082277,117.99365828460714,73.04369322380441,92.83691387640614
662801,136.2821796934372,84.36515885784208,107.22624557136098
677281,115.3383306262283,71.39991895909371,90.74771324716593
193632,115.55356640955726,71.53316015829735,90.91705985587802
1050145,125.97601811231281,77.98515406952698,99.11740100282208
1078293,115.02735917196537,71.20741282074047,90.50304221537377
