UE ID,Internet usage,Data rate,optimal GU
1234255,100.5723116690513,91.59264098431457,95.9775163028613
1082277,117.99365828460714,107.45851022348148,112.6029428349119
662801,136.2821796934372,124.11412793509459,130.0559259924161
677281,115.3383306262283,105.04026539174362,110.06892776265104
193632,115.55356640955726,105.23628369441822,110.27433017968399
1050145,125.97601811231281,114.72815935228488,120.22061670344131
1078293,115.02735917196537,104.75705924589703,109.77216350093795
