UE ID,Internet usage,Data rate,optimal GU
1234255,100.5723116690513,20.353920218736572,45.24423507946376
1082277,117.99365828460714,23.879668938551443,53.08153630675158
662801,136.2821796934372,27.580917318909908,61.30895146848879
677281,115.3383306262283,23.34228119816525,51.886990145935194
193632,115.55356640955726,23.385840820981826,51.98381777390593
1050145,125.97601811231281,25.495146522729975,56.67254220628805
1078293,115.02735917196537,23.27934649908823,51.74709413135444
