UE ID,Internet usage,Data rate,optimal GU
1234255,100.5723116690513,76.02787846410425,87.44312144719358
1082277,117.99365828460714,89.19758691753039,102.5902022152146
662801,136.2821796934372,103.02283822063407,118.49125263458211
677281,115.3383306262283,87.1902856519702,100.28151371973914
193632,115.55356640955726,87.35299365484387,100.4686515952545
1050145,125.97601811231281,95.23187083490313,109.53050664160735
1078293,115.02735917196537,86.95520604071191,100.01113796531476
