UE ID,Internet usage,Data rate,optimal GU
1234255,100.5723116690513,96.38179868284084,98.45476269005185
1082277,117.99365828460714,113.07725585608185,115.50930303332115
662801,136.2821796934372,130.60375553954398,133.4127598135871
677281,115.3383306262283,110.53256685013545,112.90988327124691
193632,115.55356640955726,110.73883447582571,113.12058726739043
1050145,125.97601811231281,120.72701735763312,123.32359435765198
1078293,115.02735917196537,110.23455253980015,112.60545931772793
