UE ID,Internet usage,Data rate,optimal GU
1234255,100.5723116690513,2.993223561578908,17.350372126564366
1082277,117.99365828460714,3.511716020375212,20.355839950754508
662801,136.2821796934372,4.056017252780869,23.510909639636743
677281,115.3383306262283,3.43268841149489,19.897752409300402
193632,115.55356640955726,3.4390942383796803,19.93488410960375
1050145,125.97601811231281,3.749286253342643,21.732927850598923
1078293,115.02735917196537,3.4234333086894453,19.84410473666904
