UE ID,Internet usage,Data rate,optimal GU
1234255,100.5723116690513,50.28615583452565,71.11536358079312
1082277,117.99365828460714,58.99682914230357,83.43411591005396
662801,136.2821796934372,68.1410898467186,96.36605341611305
677281,115.3383306262283,57.66916531311415,81.55651571654208
193632,115.55356640955726,57.77678320477863,81.708710398488
1050145,125.97601811231281,62.98800905615641,89.07849667409573
1078293,115.02735917196537,57.513679585982686,81.33662569247733
