UE ID,Internet usage,Data rate,optimal GU
1234255,100.5723116690513,78.42245731336739,88.8095029755986
1082277,117.99365828460714,92.00695973383057,104.1932712157518
662801,136.2821796934372,106.26765202285878,120.34279059660739
677281,115.3383306262283,89.93643638116612,101.8485072776017
193632,115.55356640955726,90.10426904554764,102.03856935952848
1050145,125.97601811231281,98.23129983757727,111.24202446708108
1078293,115.02735917196537,89.69395268766348,101.57390664613199
