UE ID,Internet usage,Data rate,optimal GU
1234255,100.5723116690513,17.360696657157664,41.785229387853285
1082277,117.99365828460714,20.367952918176233,49.023354399553824
662801,136.2821796934372,23.52490006612904,56.621768411825066
677281,115.3383306262283,19.909592786670363,47.92013350839662
193632,115.55356640955726,19.946746582602145,48.00955848461144
1050145,125.97601811231281,21.745860269387332,52.339821237411215
1078293,115.02735917196537,19.855913190398784,47.79093280361209
