UE ID,Internet usage,Data rate,optimal GU
1234255,100.5723116690513,40.10919572515736,63.5127903123891
1082277,117.99365828460714,47.056994673027845,74.51460896595933
662801,136.2821796934372,54.350631187263645,86.06406036153766
677281,115.3383306262283,45.99802471403152,72.83773323367764
193632,115.55356640955726,46.08386279428772,72.97365757455665
1050145,125.97601811231281,50.240435794791416,79.55557836918246
1078293,115.02735917196537,45.87400633643857,72.64135050725953
