UE ID,Internet usage,Data rate,optimal GU
1234255,100.5723116690513,53.27937939610456,73.20130019445459
1082277,117.99365828460714,62.50854516267878,85.88138283582218
662801,136.2821796934372,72.19710709949948,99.19263643577742
677281,115.3383306262283,61.10185372460904,83.94870938117153
193632,115.55356640955726,61.21587744315831,84.10536819637205
1050145,125.97601811231281,66.73729530949905,91.6913230500914
1078293,115.02735917196537,60.93711289467213,83.72236960238317
