UE ID,Internet usage,Data rate,optimal GU
1234255,100.5723116690513,58.06853709463081,76.42046199053678
1082277,117.99365828460714,68.12729079527912,89.65817458522244
662801,136.2821796934372,78.68673470394886,103.55481504214751
677281,115.3383306262283,66.59415518300086,87.64050826114206
193632,115.55356640955726,66.7184282245658,87.80405643584267
1050145,125.97601811231281,72.73615331484727,95.72361760511959
1078293,115.02735917196537,66.41460618857525,87.40421477433385
