UE ID,Internet usage,Data rate,optimal GU
1234255,100.5723116690513,79.02110202568316,89.14782611684319
1082277,117.99365828460714,92.7093029379056,104.59019940060999
662801,136.2821796934372,107.07885547341495,120.80124098284557
677281,115.3383306262283,90.6229740634651,102.23650299606325
193632,115.55356640955726,90.79208789322357,102.42728912663836
1050145,125.97601811231281,98.98115708824578,111.6658051425168
1078293,115.02735917196537,90.37863934940137,101.96085626316167
