UE ID,Internet usage,Data rate,optimal GU
1234255,100.5723116690513,92.19128569663037,96.29065748166882
1082277,117.99365828460714,108.16085342755655,112.97032698502109
662801,136.2821796934372,124.92533138565078,130.48025314261713
677281,115.3383306262283,105.72680307404262,110.42804430491404
193632,115.55356640955726,105.92410254209416,110.63411687843235
1050145,125.97601811231281,115.47801660295342,120.61285466793173
1078293,115.02735917196537,105.44174590763494,110.1303118048643
