UE ID,Internet usage,Data rate,optimal GU
1234255,100.5723116690513,83.81025972420942,91.8095396026324
1082277,117.99365828460714,98.32804857050596,107.71298047505942
662801,136.2821796934372,113.56848307786434,124.40804000678007
677281,115.3383306262283,96.11527552185692,105.28900904829032
193632,115.55356640955726,96.29463867463106,105.48549153780961
1050145,125.97601811231281,104.98001509359402,114.9998447079885
1078293,115.02735917196537,95.85613264330448,105.00513224789033
