UE ID,Internet usage,Data rate,optimal GU
1234255,100.5723116690513,69.44278662863066,83.57045877570657
1082277,117.99365828460714,81.47181167270493,98.04670879910765
662801,136.2821796934372,94.09960026451616,113.24353682365013
677281,115.3383306262283,79.63837114668145,95.84026701679323
193632,115.55356640955726,79.78698633040858,96.01911696922288
1050145,125.97601811231281,86.98344107754933,104.67964247482243
1078293,115.02735917196537,79.42365276159514,95.58186560722417
