UE ID,Internet usage,Data rate,optimal GU
1234255,100.5723116690513,43.70106399905205,66.29567880926946
1082277,117.99365828460714,51.271053897478104,77.7795552408903
662801,136.2821796934372,59.21785189060069,89.83505959487194
677281,115.3383306262283,50.11725080782539,76.02920520267573
193632,115.55356640955726,50.210775880343334,76.17108523031985
1050145,125.97601811231281,54.739579298802596,83.04140071799331
1078293,115.02735917196537,49.98212630686591,75.82421773337595
