UE ID,Internet usage,Data rate,optimal GU
1234255,100.5723116690513,26.34036734189439,51.46952140622936
1082277,117.99365828460714,30.90310097930187,60.38517977853881
662801,136.2821796934372,35.69295182447165,69.74462899988674
677281,115.3383306262283,30.20765802115503,59.02627252578309
193632,115.55356640955726,30.264029297741185,59.13642294962828
1050145,125.97601811231281,32.99371902941526,64.47028265830838
1078293,115.02735917196537,30.12621311646712,58.867127810341124
