UE ID,Internet usage,Data rate,optimal GU
1234255,100.5723116690513,59.86447123157816,77.59322301983102
1082277,117.99365828460714,70.23432040750426,91.03408373798611
662801,136.2821796934372,81.12034505561738,105.14398433416568
677281,115.3383306262283,68.65376822989779,88.98545397331185
193632,115.55356640955726,68.78188476759361,89.15151198530872
1050145,125.97601811231281,74.98572506685286,97.19260804807516
1078293,115.02735917196537,68.46866617378892,88.74553428763508
