UE ID,Internet usage,Data rate,optimal GU
1234255,100.5723116690513,65.25227364242019,81.00970313412897
1082277,117.99365828460714,76.55540924417963,95.04237369824044
662801,136.2821796934372,88.42117611062294,109.77354240167789
677281,115.3383306262283,74.83260737058859,92.90354143159277
193632,115.55356640955726,74.97225439667703,93.07691108594355
1050145,125.97601811231281,81.73444032286962,101.4720618422311
1078293,115.02735917196537,74.63084612942991,92.65305792599409
