UE ID,Internet usage,Data rate,optimal GU
1234255,100.5723116690513,85.00754914884098,92.46299652952759
1082277,117.99365828460714,99.73273497865604,108.47963058040355
662801,136.2821796934372,115.19088997897668,125.29351765818475
677281,115.3383306262283,97.48835088645487,106.03840647023931
193632,115.55356640955726,97.67027636998293,106.23628742928959
1050145,125.97601811231281,106.47972959493107,115.81835927021764
1078293,115.02735917196537,97.22550596678026,105.75250916889347
