UE ID,Internet usage,Data rate,optimal GU
1234255,100.5723116690513,41.90512986210471,64.91914803063626
1082277,117.99365828460714,49.16402428525298,76.16457891572871
662801,136.2821796934372,56.78424153893217,87.96976872292149
677281,115.3383306262283,48.05763776092846,74.45057228245784
193632,115.55356640955726,48.14731933731553,74.58950638318134
1050145,125.97601811231281,52.49000754679701,81.31717002841857
1078293,115.02735917196537,47.92806632165224,74.24984107187348
