UE ID,Internet usage,Data rate,optimal GU
1234255,100.5723116690513,44.898353423683616,67.19770229668515
1082277,117.99365828460714,52.67574030562818,78.83782912733581
662801,136.2821796934372,60.84025879171303,91.05736148850052
677281,115.3383306262283,51.490326172423345,77.06366370817896
193632,115.55356640955726,51.586413575695204,77.2074741650702
1050145,125.97601811231281,56.23929380013964,84.17126762969697
1078293,115.02735917196537,51.35149963034168,76.85588716551491
