UE ID,Internet usage,Data rate,optimal GU
1234255,100.5723116690513,89.79670684736723,95.03190194828183
1082277,117.99365828460714,105.35148061125636,111.49352717993094
662801,136.2821796934372,121.68051758342607,128.774555570947
677281,115.3383306262283,102.98065234484669,108.98447838226598
193632,115.55356640955726,103.17282715139041,109.18785708081262
1050145,125.97601811231281,112.47858760027928,119.03614824405294
1078293,115.02735917196537,102.70299926068336,108.69063797768747
