UE ID,Internet usage,Data rate,optimal GU
1234255,100.5723116690513,21.551209643368136,46.55593381189861
1082277,117.99365828460714,25.284355346701528,54.62045024279166
662801,136.2821796934372,29.203324220022257,63.086390600499406
677281,115.3383306262283,24.715356562763205,53.39127238398711
193632,115.55356640955726,24.761478516333696,53.49090719118523
1050145,125.97601811231281,26.99486102406703,58.3155648288451
1078293,115.02735917196537,24.648719822564008,53.247320572581046
