UE ID,Internet usage,Data rate,optimal GU
1234255,100.5723116690513,60.46311594389394,77.9802240391196
1082277,117.99365828460714,70.93666361157929,91.48812188494642
662801,136.2821796934372,81.93154850617356,105.66839648674485
677281,115.3383306262283,69.34030591219678,89.42927445207619
193632,115.55356640955726,69.46970361526955,89.5961606887221
1050145,125.97601811231281,75.73558231752139,97.67736221755086
1078293,115.02735917196537,69.1533528355268,89.18815815206518
