UE ID,Internet usage,Data rate,optimal GU
1234255,100.5723116690513,83.21161501189364,91.48106076921756
1082277,117.99365828460714,97.6257053664309,107.3276018496658
662801,136.2821796934372,112.75727962730815,123.96292931321022
677281,115.3383306262283,95.42873783955794,104.91230297816647
193632,115.55356640955726,95.60681982695512,105.10808248693644
1050145,125.97601811231281,104.23015784292548,114.5883949284115
1078293,115.02735917196537,95.17144598156659,104.62944184041584
