UE ID,Internet usage
682239,0.6929175467064754
845967,0.6977786709941514
895139,0.6808882998559556
609493,0.7142017711271283
927288,0.7448765432341786
620047,0.6813207316732582
1080066,0.733504446452941
