UE ID,Internet usage
682239,0.6104332049728647
845967,0.6152943292561072
895139,0.5984039581179114
609493,0.6317174293935176
927288,0.6623922015005679
620047,0.5988363899396475
1080066,0.6510201047193303
