UE ID,Internet usage
682239,0.5416998974122048
845967,0.5465610216954473
895139,0.5296706505572516
609493,0.5629841218328577
927288,0.593658893939908
620047,0.5301030823745543
1080066,0.5822867971586704
