UE ID,Internet usage
682239,0.43026509529762447
845967,0.43512621958397035
895139,0.41823584844444456
609493,0.4515493197204941
927288,0.4822240918275444
620047,0.4186682802635206
1080066,0.4708519950463067
