UE ID,Internet usage
682239,0.939932598342542
845967,0.944793722630218
895139,0.9279033514920222
609493,0.9612168227631949
927288,0.9918915948702453
620047,0.9283357833093249
1080066,0.9805194980890075
