UE ID,Internet usage
682239,0.7195814639271254
845967,0.724442588210368
895139,0.7075522170721722
609493,0.7408656883477784
927288,0.7715404604548286
620047,0.7079846488894748
1080066,0.7601683636735909
