UE ID,Internet usage
682239,0.7722018640665533
845967,0.7770629883542294
895139,0.7601726172116001
609493,0.7934860884872063
927288,0.8241608605942566
620047,0.7606050490333363
1080066,0.8127887638130189
