UE ID,Internet usage
682239,0.44760844598239585
845967,0.45246957027007173
895139,0.4355791991301026
609493,0.4688926704030487
927288,0.49956744251009905
620047,0.4360116309491786
1080066,0.4881953457288613
