UE ID,Internet usage
682239,0.5189917515206658
845967,0.5238528758083416
895139,0.5069625046701458
609493,0.5402759759413187
927288,0.5709507480483689
620047,0.5073949364874486
1080066,0.5595786512671312
