UE ID,Internet usage
682239,0.39598466825889295
845967,0.40084579254523883
895139,0.38395542140571304
609493,0.4172688926804326
927288,0.4479436647874828
620047,0.384387853224789
1080066,0.43657156800624514
