UE ID,Internet usage
682239,0.7420511819983973
845967,0.7469123062816398
895139,0.7300219351434439
609493,0.7633354064190503
927288,0.7940101785261005
620047,0.7304543669651801
1080066,0.7826380817448628
