UE ID,Internet usage
682239,0.9864373881662991
845967,0.9912985124495416
895139,0.9744081413113459
609493,1.0077216125869521
927288,1.0383963846940023
620047,0.9748405731330818
1080066,1.0270242879127645
