UE ID,Internet usage
682239,1.0523991116752365
845967,1.0572602359584788
895139,1.040369864820283
609493,1.0736833360958895
927288,1.1043581082029397
620047,1.0408022966420192
1080066,1.092986011421702
