UE ID,Internet usage
682239,0.7963095376186133
845967,0.8011706619062894
895139,0.7842802907680936
609493,0.8175937620392663
927288,0.8482685341463166
620047,0.7847127225853963
1080066,0.8368964373650789
