UE ID,Internet usage
682239,0.37764647533334517
845967,0.3825075996192477
895139,0.36561722848016526
609493,0.39893069975488477
927288,0.42960547186149173
620047,0.3660496602992413
1080066,0.4182333750806974
