UE ID,Internet usage
682239,0.3576277820966108
845967,0.3624889063825133
895139,0.3455985352434308
609493,0.3789120065181504
927288,0.40958677862475734
620047,0.34603096706250686
1080066,0.3982146818439629
