UE ID,Internet usage
682239,0.7787540825957943
845967,0.7836152068790367
895139,0.766724835740841
609493,0.8000383070164472
927288,0.8307130791234976
620047,0.7671572675581437
1080066,0.8193409823422598
