UE ID,Internet usage
682239,1.0114057966560073
845967,1.0162669209436832
895139,0.9993765498010541
609493,1.0326900210766603
927288,1.0633647931837105
620047,0.9998089816227902
1080066,1.0519926964024728
