UE ID,Internet usage
682239,0.7316868809458251
845967,0.7365480052335012
895139,0.7196576340908719
609493,0.7529711053664782
927288,0.7836458774735284
620047,0.720090065912608
1080066,0.7722737806922907
