UE ID,Internet usage
682239,1.0018018984133734
845967,1.0066630226966158
895139,0.9897726515584201
609493,1.0230861228340262
927288,1.0537608949410766
620047,0.9902050833801561
1080066,1.042388798159839
