UE ID,Internet usage
682239,0.7678937851257331
845967,0.7727549094089756
895139,0.7558645382707797
609493,0.7891780095463861
927288,0.8198527816534362
620047,0.7562969700880824
1080066,0.8084806848721985
