UE ID,Internet usage
682239,0.900268525005949
845967,0.9051296492936248
895139,0.8882392781554291
609493,0.9215527494266019
927288,0.9522275215336521
620047,0.8886717099727318
1080066,0.9408554247524145
