UE ID,Internet usage
682239,0.8761445650322173
845967,0.8810056893154598
895139,0.8641153181772641
609493,0.8974287894528702
927288,0.9281035615599206
620047,0.8645477499990002
1080066,0.9167314647786828
