UE ID,Internet usage
682239,0.43125749655733825
845967,0.43611862084368413
895139,0.4192282497046017
609493,0.4525417209810946
927288,0.4832164930837114
620047,0.4196606815236777
1080066,0.47184439630690717
