UE ID,Internet usage,Data rate,optimal GU
682239,115.9949873223467,91.13891861041527,102.81856694579783
845967,116.8116562023845,91.78058701615925,103.54246653709109
895139,113.97407385101246,89.55105802579551,101.0272186139375
609493,119.57073702513433,93.94843623403412,105.98813029232234
927288,124.72409873906109,97.99750615211943,110.55609722443485
620047,114.04672239660748,89.60813902590587,101.09161466691535
1080066,122.81358647986868,96.49638937703968,108.86260910777467
