UE ID,Internet usage,Data rate,optimal GU
682239,115.9949873223467,91.82936496352448,103.20729637367297
845967,116.8116562023845,92.47589449355439,103.9339328351865
895139,113.97407385101246,90.22947513205153,101.4091754341713
609493,119.57073702513433,94.6601668115647,106.38884298920142
927288,124.72409873906109,98.73991150175671,110.97408017925292
620047,114.04672239660748,90.28698856398093,101.47381495135583
1080066,122.81358647986868,97.22742262989604,109.27418943818104
