UE ID,Internet usage,Data rate,optimal GU
682239,115.9949873223467,72.49686707646669,91.70208927524284
845967,116.8116562023845,73.0072851264903,92.3477227140174
895139,113.97407385101246,71.23379615688279,90.10441689435945
609493,119.57073702513433,74.73171064070895,94.5289676261126
927288,124.72409873906109,77.95256171191318,98.603057781792
620047,114.04672239660748,71.27920149787967,90.16185061255415
1080066,122.81358647986868,76.75849154991792,97.0926652226115
