UE ID,Internet usage,Data rate,optimal GU
682239,115.9949873223467,111.16186285058225,113.55271406743977
845967,116.8116562023845,111.94450386061848,114.3521879926793
895139,113.97407385101246,109.22515410722028,111.57435090828241
609493,119.57073702513433,114.5886229824204,117.05317639732488
927288,124.72409873906109,119.52726129160021,122.09803413381847
620047,114.04672239660748,109.29477563008217,111.64546983950348
1080066,122.81358647986868,117.69635370987415,120.22774769042644
