UE ID,Internet usage,Data rate,optimal GU
682239,115.9949873223467,75.94909884201272,93.86008074428085
845967,116.8116562023845,76.48382251346604,94.52090763681436
895139,113.97407385101246,74.62588168816292,92.22481092809895
609493,119.57073702513433,78.29036352836177,96.7534829815026
927288,124.72409873906109,81.66458846009952,100.92344719926209
620047,114.04672239660748,74.67344918825489,92.28359621281606
1080066,122.81358647986868,80.41365781419972,99.37751112865921
