UE ID,Internet usage,Data rate,optimal GU
682239,115.9949873223467,11.73758800285651,36.89852804091607
845967,116.8116562023845,11.82022711571748,37.15831409086388
895139,113.97407385101246,11.533090806352451,36.25566636118618
609493,119.57073702513433,12.099419818019545,38.03599013062646
927288,124.72409873906109,12.620890943833562,39.675297708443466
620047,114.04672239660748,11.540442147275757,36.278776190831834
1080066,122.81358647986868,12.42756529855814,39.06755515166882
