UE ID,Internet usage,Data rate,optimal GU
682239,115.9949873223467,44.18856659898922,71.5936604905939
845967,116.8116562023845,44.499678553289336,72.0977194665924
895139,113.97407385101246,43.4186948003857,70.34632561615234
609493,119.57073702513433,45.55075696195594,73.80066112165827
927288,124.72409873906109,47.51394237678518,76.98138502575941
620047,114.04672239660748,43.44637043680285,70.39116527197308
1080066,122.81358647986868,46.78612818280711,75.80219125881126
