UE ID,Internet usage,Data rate,optimal GU
682239,115.9949873223467,33.141424949241916,62.001928734772605
845967,116.8116562023845,33.374758914966996,62.43845661299286
895139,113.97407385101246,32.564021100289274,60.92170504647993
609493,119.57073702513433,34.16306772146695,63.91324734744261
927288,124.72409873906109,35.63545678258888,66.66783505081862
620047,114.04672239660748,32.58477782760214,60.96053732751764
1080066,122.81358647986868,35.08959613710534,65.64662329265727
