UE ID,Internet usage,Data rate,optimal GU
682239,115.9949873223467,23.47517600571302,52.182398787067456
845967,116.8116562023845,23.64045423143496,52.54979174221898
895139,113.97407385101246,23.066181612704902,51.27325508086349
609493,119.57073702513433,24.19883963603909,53.791013101021136
927288,124.72409873906109,25.241781887667123,56.10934411047093
620047,114.04672239660748,23.080884294551513,51.30593731537251
1080066,122.81358647986868,24.85513059711628,55.24986634424893
