UE ID,Internet usage,Data rate,optimal GU
682239,115.9949873223467,17.95160518083937,45.63218398638439
845967,116.8116562023845,18.077994412273792,45.95345980571163
895139,113.97407385101246,17.63884476265669,44.83716087828909
609493,119.57073702513433,18.5049950157946,47.03887639692298
927288,124.72409873906109,19.302539090568978,49.06619805371832
620047,114.04672239660748,17.650087989951157,44.86574066329069
1080066,122.81358647986868,19.00686457426539,48.314606550221384
