UE ID,Internet usage,Data rate,optimal GU
682239,115.9949873223467,101.49561390705337,108.50337528585206
845967,116.8116562023845,102.21019917708644,109.26729907273752
895139,113.97407385101246,99.7273146196359,106.61298383133987
609493,119.57073702513433,104.62439489699256,111.84818285802459
927288,124.72409873906109,109.13358639667847,116.6687113389326
620047,114.04672239660748,99.79088209703156,106.68094032315588
1080066,122.81358647986868,107.4618881698851,114.88159076215022
