UE ID,Internet usage,Data rate,optimal GU
682239,115.9949873223467,95.97204308217971,105.50960108263678
845967,116.8116562023845,96.64773935792526,106.25244704295346
895139,113.97407385101246,94.29997776958768,103.67136842185415
609493,119.57073702513433,98.93055027674805,108.76212029421306
927288,124.72409873906109,103.19434359958031,113.44964301586255
620047,114.04672239660748,94.36008579243118,103.73744989004436
1080066,122.81358647986868,101.61362214703419,111.71183183122315
