UE ID,Internet usage,Data rate,optimal GU
682239,115.9949873223467,20.7133905932762,49.01682853133083
845967,116.8116562023845,20.859224321854377,49.36193412066498
895139,113.97407385101246,20.3525131876808,48.16283672196268
609493,119.57073702513433,21.351917325916848,50.52785856890843
927288,124.72409873906109,22.272160489118054,52.70555135824855
620047,114.04672239660748,20.36548614225134,48.19353633566741
1080066,122.81358647986868,21.930997585690836,51.89821257596482
