UE ID,Internet usage,Data rate,optimal GU
682239,115.9949873223467,54.54526189562733,79.54229668596057
845967,116.8116562023845,54.92929071421653,80.102318458019
895139,113.97407385101246,53.5949513942261,78.15647732751873
609493,119.57073702513433,56.22671562491436,81.99432802196532
927288,124.72409873906109,58.650022621344206,85.52818957789707
620047,114.04672239660748,53.62911350792852,78.20629527483626
1080066,122.81358647986868,57.751626975652535,84.21807664585685
