UE ID,Internet usage,Data rate,optimal GU
682239,115.9949873223467,31.760532243023505,60.69647876838075
845967,116.8116562023845,31.98414396017671,61.12381555665299
895139,113.97407385101246,31.207186887777222,59.63899917864039
609493,119.57073702513433,32.73960656640583,62.56755458748626
927288,124.72409873906109,34.15064608331435,65.26414447533982
620047,114.04672239660748,31.227078751452048,59.67701384640364
1080066,122.81358647986868,33.62752963139261,64.26443432015397
