UE ID,Internet usage,Data rate,optimal GU
682239,115.9949873223467,82.8535623731048,98.03365706266166
845967,116.8116562023845,83.43689728741751,98.72386824132997
895139,113.97407385101246,81.4100527507232,96.32567344392535
609493,119.57073702513433,85.40766930366739,101.05571713781686
927288,124.72409873906109,89.08864195647222,105.4111027164971
620047,114.04672239660748,81.46194456900535,96.38707267133482
1080066,122.81358647986868,87.72399034276334,103.79642515192964
