UE ID,Internet usage,Data rate,optimal GU
682239,115.9949873223467,57.99749366117335,82.02084211927897
845967,116.8116562023845,58.40582810119225,82.5983142223377
895139,113.97407385101246,56.98703692550623,80.59184049950728
609493,119.57073702513433,59.78536851256717,84.54927898194587
927288,124.72409873906109,62.362049369530546,88.19325599577061
620047,114.04672239660748,57.02336119830374,80.64321077874085
1080066,122.81358647986868,61.40679323993434,86.84231982175564
