UE ID,Internet usage,Data rate,optimal GU
682239,115.9949873223467,42.1172275396616,69.89554545545401
845967,116.8116562023845,42.413756121103894,70.38764876219527
895139,113.97407385101246,41.38344348161762,68.67779585559722
609493,119.57073702513433,43.415565229364255,72.05019870089103
927288,124.72409873906109,45.286726327873374,75.15547968103535
620047,114.04672239660748,41.40982182257772,68.72157196901493
1080066,122.81358647986868,44.593028424238035,74.00425496401812
