UE ID,Internet usage,Data rate,optimal GU
682239,115.9949873223467,47.64079836453525,74.33770108310279
845967,116.8116562023845,47.97621594026506,74.86107962289617
895139,113.97407385101246,46.81078033166583,73.042558378967
609493,119.57073702513433,49.10940984960874,76.62929159653709
927288,124.72409873906109,51.22596912497151,79.93192623193214
620047,114.04672239660748,46.84061812717807,73.0891166483477
1080066,122.81358647986868,50.441294447088914,78.70753634649019
