UE ID,Internet usage,Data rate,optimal GU
682239,115.9949873223467,12.428034355965718,37.968272117149766
845967,116.8116562023845,12.515534593112625,38.23558975718463
895139,113.97407385101246,12.211507912608477,37.30677290605369
609493,119.57073702513433,12.811150395550106,39.13871095138121
927288,124.72409873906109,13.36329629347083,40.82554453263526
620047,114.04672239660748,12.2192916853508,37.33055272457637
1080066,122.81358647986868,13.1585985514145,40.200182600928805
