UE ID,Internet usage,Data rate,optimal GU
682239,115.9949873223467,98.73382849461655,107.01695746244984
845967,116.8116562023845,99.42896926750585,107.77041604556116
895139,113.97407385101246,97.0136461946118,105.15246300463285
609493,119.57073702513433,101.7774725868703,110.31594358825694
927288,124.72409873906109,106.16396499812939,115.07043431288905
620047,114.04672239660748,97.07548394473137,105.21948854162477
1080066,122.81358647986868,104.53775515845965,113.30779599641333
