UE ID,Internet usage,Data rate,optimal GU
682239,115.9949873223467,13.118480709074923,39.00869138458243
845967,116.8116562023845,13.21084207050777,39.28333415182768
895139,113.97407385101246,12.889925018864503,38.32906555127683
609493,119.57073702513433,13.522880973080667,40.21120297447493
927288,124.72409873906109,14.105701643108098,41.944259732635054
620047,114.04672239660748,12.898141223425844,38.35349699232505
1080066,122.81358647986868,13.889631804270861,41.30176142451256
