UE ID,Internet usage
837224,1.0722379297720872
268585,1.0740618068125805
1282754,0.9879721278590988
1152846,1.0054028954792458
721066,1.0454894761707196
1263489,1.009124025658957
164519,0.9392157629494986
