UE ID,Internet usage
837224,0.876958007422593
268585,0.8787818844630861
1282754,0.7926922055096047
1152846,0.8101229731297517
721066,0.8502095538256588
1263489,0.813844103309463
164519,0.7439358406000043
