UE ID,Internet usage
837224,1.0365940531557944
268585,1.0384179301962877
1282754,0.9523282512428062
1152846,0.9697590188629532
721066,1.0098455995588602
1263489,0.9734801490426646
164519,0.9035718863332058
