UE ID,Internet usage
837224,0.7735801589414498
268585,0.7754040359819431
1282754,0.6893143570284616
1152846,0.7067451246486086
721066,0.7468317053445155
1263489,0.7104662548283198
164519,0.6405579921188612
