UE ID,Internet usage
837224,0.9485954958558043
268585,0.9504193728918641
1282754,0.8643296939383827
1152846,0.8817604615585296
721066,0.9218470422544365
1263489,0.8854815917382407
164519,0.8155733290287822
