UE ID,Internet usage
837224,0.7793934392307107
268585,0.7812173162712039
1282754,0.6951276373177224
1152846,0.7125584049378695
721066,0.7526449856337765
1263489,0.7162795351175807
164519,0.646371272408122
