UE ID,Internet usage
837224,0.39789399655234453
268585,0.3997178735910644
1282754,0.3136281946375829
1152846,0.3310589622572866
721066,0.37114554295230684
1263489,0.3347800924365545
164519,0.26487182972798257
