UE ID,Internet usage
837224,0.41964287964672453
268585,0.4214667566854444
1282754,0.33537707773196296
1152846,0.3528078453516666
721066,0.39289442604713026
1263489,0.35652897553093454
164519,0.28662071282280593
