UE ID,Internet usage
837224,0.49719353039745384
268585,0.4990174074379471
1282754,0.41292772848402226
1152846,0.4303584961037259
721066,0.4704450768005196
1263489,0.4340796262829939
164519,0.3641713635744219
