UE ID,Internet usage
837224,0.4149152566446332
268585,0.4167391336833531
1282754,0.3306494547298716
1152846,0.34808022234957525
721066,0.3881668030450389
1263489,0.3518013525288432
164519,0.2818930898207146
