UE ID,Internet usage
837224,0.8925340895900433
268585,0.8943579666261031
1282754,0.8082682876726215
1152846,0.8256990552927687
721066,0.8657856359886755
1263489,0.8294201854724798
164519,0.7595119227630213
