UE ID,Internet usage
837224,0.8049600367071927
268585,0.806783913747686
1282754,0.7206942347942045
1152846,0.7381250024143515
721066,0.7782115831102585
1263489,0.7418461325940627
164519,0.6719378698846041
