UE ID,Internet usage
837224,0.7252526875746932
268585,0.7270765646151865
1282754,0.6409868856617049
1152846,0.658417653281852
721066,0.6985042339777588
1263489,0.6621387834615632
164519,0.5922305207521046
