UE ID,Internet usage
837224,0.8391302991685996
268585,0.8409541762046594
1282754,0.7548644972511778
1152846,0.7722952648713248
721066,0.8123818455672318
1263489,0.776016395051036
164519,0.7061081323415774
