UE ID,Internet usage
837224,0.6467685004585433
268585,0.6485923774990366
1282754,0.562502698545555
1152846,0.5799334661657021
721066,0.620020046861609
1263489,0.5836545963454133
164519,0.5137463336359547
