UE ID,Internet usage
837224,1.03641307580096
268585,1.0382369528414532
1282754,0.9521472738879717
1152846,0.9695780415036853
721066,1.0096646221995924
1263489,0.9732991716833966
164519,0.9033909089783715
