UE ID,Internet usage
837224,0.9376351441988419
268585,0.9394590212349017
1282754,0.8533693422814201
1152846,0.8708001099015671
721066,0.9108866905974742
1263489,0.8745212400812784
164519,0.8046129773718198
