UE ID,Internet usage
837224,0.7674275582029557
268585,0.7692514352434491
1282754,0.6831617562899676
1152846,0.700592523905681
721066,0.7406791046015881
1263489,0.7043136540853924
164519,0.6344053913803672
