UE ID,Internet usage
837224,1.0857504634563633
268585,1.0875743404924232
1282754,1.0014846615389417
1152846,1.0189154291590887
721066,1.0590020098549957
1263489,1.0226365593388
164519,0.9527282966293412
