UE ID,Internet usage
837224,0.8992208419337828
268585,0.901044718974276
1282754,0.8149550400207944
1152846,0.8323858076409415
721066,0.872472388332415
1263489,0.8361069378162193
164519,0.7661986751111941
