UE ID,Internet usage
837224,0.7433788286824192
268585,0.745202705718479
1282754,0.6591130267649974
1152846,0.6765437943851444
721066,0.7166303750810514
1263489,0.6802649245648558
164519,0.610356661855397
