UE ID,Internet usage,Data rate,optimal GU
837224,127.23896441933175,42.41298813977725,73.4614503589104
268585,127.54537576183932,42.515125253946444,73.6383570299899
1282754,113.08230969765269,37.694103232550894,65.2881019445244
1152846,116.01067865777397,38.67022621925799,66.97879655193698
721066,122.7452242145201,40.91507473817337,70.86698824199415
1263489,116.63582852784572,38.87860950928191,67.33972699770676
164519,104.89124039285221,34.963746797617404,60.558985876446975
