UE ID,Internet usage,Data rate,optimal GU
837224,127.23896441933175,7.57374788210308,31.043128664680417
268585,127.54537576183932,7.591986652490435,31.117885377556767
1282754,113.08230969765269,6.731089862955517,27.58925857078197
1152846,116.01067865777397,6.905397539153212,28.30370744123261
721066,122.7452242145201,7.306263346102387,29.94676831625856
1263489,116.63582852784572,6.942608840943197,28.456228392184308
164519,104.89124039285221,6.2435262138602505,25.59084228776165
