UE ID,Internet usage,Data rate,optimal GU
837224,127.23896441933175,69.67848051534834,94.15847122317517
268585,127.54537576183932,69.84627720291202,94.38521956011442
1282754,113.08230969765269,61.92602673919076,83.68236453438855
1152846,116.01067865777397,63.529657360209555,85.84939525269678
721066,122.7452242145201,67.21762278414197,90.8330456376232
1263489,116.63582852784572,63.87200133667742,86.31201420216678
164519,104.89124039285221,57.44044116751431,77.62086783058554
