UE ID,Internet usage,Data rate,optimal GU
837224,127.23896441933175,64.37685699787617,90.50549495462236
268585,127.54537576183932,64.5318865461687,90.72344635292175
1282754,113.08230969765269,57.2142638351219,80.43581977033904
1152846,116.01067865777397,58.6958790828023,82.51877826780117
721066,122.7452242145201,62.10323844187029,87.30908272909052
1263489,116.63582852784572,59.01217514801718,82.96344943177887
164519,104.89124039285221,53.06997281781213,74.60948516425552
