UE ID,Internet usage,Data rate,optimal GU
837224,127.23896441933175,34.83924025767417,66.58009350806556
268585,127.54537576183932,34.92313860145601,66.74042879473807
1282754,113.08230969765269,30.96301336959538,59.17236742799079
1152846,116.01067865777397,31.764828680104777,60.70468954394609
721066,122.7452242145201,33.60881139207098,64.22866252619052
1263489,116.63582852784572,31.93600066833871,61.03181054022173
164519,104.89124039285221,28.720220583757154,54.88624200459177
