UE ID,Internet usage,Data rate,optimal GU
837224,127.23896441933175,96.94397289091943,111.0632734855963
268585,127.54537576183932,97.17742915187758,111.33073123242183
1282754,113.08230969765269,86.15795024583062,98.70633218093948
1152846,116.01067865777397,88.38908850116111,101.26242216618041
721066,122.7452242145201,93.52017083011056,107.14081545854569
1263489,116.63582852784572,88.86539316407293,101.80809770909387
164519,104.89124039285221,79.91713553741121,91.55658073105805
