UE ID,Internet usage,Data rate,optimal GU
837224,127.23896441933175,51.501485598300945,80.95057562231995
268585,127.54537576183932,51.62550923693496,81.14551727927537
1282754,113.08230969765269,45.771411068097514,71.94398433295984
1152846,116.01067865777397,46.95670326624184,73.8070390508143
721066,122.7452242145201,49.68259075349623,78.0916176141597
1263489,116.63582852784572,47.20974011841374,74.20476503092954
164519,104.89124039285221,42.4559782542497,66.73275223741496
