UE ID,Internet usage,Data rate,optimal GU
837224,127.23896441933175,110.57671907870498,118.61562807852002
268585,127.54537576183932,110.84300512636037,118.90127307734394
1282754,113.08230969765269,98.27391199915056,105.41840898006292
1152846,116.01067865777397,100.8188040716369,108.1483142809713
721066,122.7452242145201,106.67144485309485,114.42644106927361
1263489,116.63582852784572,101.36208907777069,108.73109601626889
164519,104.89124039285221,91.15548272235966,97.78247108432836
