UE ID,Internet usage,Data rate,optimal GU
837224,127.23896441933175,101.48822162018128,113.6365091848192
268585,127.54537576183932,101.73262114337183,113.91016368598633
1282754,113.08230969765269,90.19660416360392,100.99326871482697
1152846,116.01067865777397,92.53232702465304,103.60858099555789
721066,122.7452242145201,97.90392883777199,109.6231713492852
1263489,116.63582852784572,93.03095846863884,104.16689934777408
164519,104.89124039285221,83.66325126572735,93.67786398376623
