UE ID,Internet usage,Data rate,optimal GU
837224,127.23896441933175,109.06196950228436,117.80039073366184
268585,127.54537576183932,109.32460779586228,118.08407251335365
1282754,113.08230969765269,96.92769402655944,104.69387524679138
1152846,116.01067865777397,99.43772456380626,107.40501808962169
721066,122.7452242145201,105.21019218387437,113.6399957288912
1263489,116.63582852784572,99.97356730958204,107.98379440470433
164519,104.89124039285221,89.9067774795876,97.1104186457771
