UE ID,Internet usage,Data rate,optimal GU
837224,127.23896441933175,31.809741104832938,63.619482209665875
268585,127.54537576183932,31.88634394045983,63.77268788091966
1282754,113.08230969765269,28.270577424413172,56.541154848826345
1152846,116.01067865777397,29.00266966444349,58.00533932888698
721066,122.7452242145201,30.686306053630027,61.37261210726005
1263489,116.63582852784572,29.15895713196143,58.31791426392286
164519,104.89124039285221,26.222810098213053,52.445620196426106
