UE ID,Internet usage,Data rate,optimal GU
837224,127.23896441933175,71.95060487997927,95.6813485182618
268585,127.54537576183932,72.12387319865914,95.91176418209724
1282754,113.08230969765269,63.94535369807742,85.03580593263011
1152846,116.01067865777397,65.60127662195552,87.23788524333577
721066,122.7452242145201,69.40950178797269,92.30213897620597
1263489,116.63582852784572,65.95478398896037,87.70798638623216
164519,104.89124039285221,59.313499031672386,78.87627327322429
