UE ID,Internet usage,Data rate,optimal GU
837224,127.23896441933175,6.058998305682464,27.765818371399074
268585,127.54537576183932,6.0735893219923485,27.832682808105456
1282754,113.08230969765269,5.384871890364414,24.67658304523487
1152846,116.01067865777397,5.5243180313225695,25.315605541545104
721066,122.7452242145201,5.84501067688191,26.785203864636422
1263489,116.63582852784572,5.554087072754558,25.452024427273468
164519,104.89124039285221,4.994820971088201,22.889145182764512
