UE ID,Internet usage,Data rate,optimal GU
837224,127.23896441933175,5.301623517472156,25.972544852292238
268585,127.54537576183932,5.3143906567433055,26.03509080567097
1282754,113.08230969765269,4.711762904068862,23.08282980788591
1152846,116.01067865777397,4.833778277407249,23.68058061879439
721066,122.7452242145201,5.114384342271671,25.055263974090696
1263489,116.63582852784572,4.8598261886602385,23.808188801664638
164519,104.89124039285221,4.3704683497021755,21.410834787508005
