UE ID,Internet usage,Data rate,optimal GU
837224,127.23896441933175,31.052366316622628,62.85754475714751
268585,127.54537576183932,31.127145275210786,63.00891556375273
1282754,113.08230969765269,27.59746843811762,55.863990841958405
1152846,116.01067865777397,28.31212991052817,57.31063954596419
721066,122.7452242145201,29.955679719019788,60.63758424945239
1263489,116.63582852784572,28.46469624786711,57.619470933560656
164519,104.89124039285221,25.598457476827026,51.81750627816886
