UE ID,Internet usage,Data rate,optimal GU
837224,127.23896441933175,95.42922331449881,110.1921755383656
268585,127.54537576183932,95.6590318213795,110.45753554498486
1282754,113.08230969765269,84.81173227323953,97.93215291678662
1152846,116.01067865777397,87.00800899333048,100.46819482790545
721066,122.7452242145201,92.05891816089009,106.30048236299123
1263489,116.63582852784572,87.47687139588429,101.00959049656014
164519,104.89124039285221,78.66843029463917,90.83847881467045
