UE ID,Internet usage,Data rate,optimal GU
837224,127.23896441933175,46.199862080828794,76.67087196243831
268585,127.54537576183932,46.31111858019166,76.85550742309653
1282754,113.08230969765269,41.05964816402866,68.14044210130534
1152846,116.01067865777397,42.1229249888346,69.90500064376802
721066,122.7452242145201,44.568206411224565,73.96306165096718
1263489,116.63582852784572,42.349913929753505,70.28169960437606
164519,104.89124039285221,38.08550990454753,63.20471797961169
