UE ID,Internet usage,Data rate,optimal GU
837224,127.23896441933175,8.331122670313388,32.558308018401284
268585,127.54537576183932,8.351185317739478,32.63671352032611
1282754,113.08230969765269,7.404198849251069,28.93585850349032
1152846,116.01067865777397,7.595937293068533,29.685178800384122
721066,122.7452242145201,8.036889680712626,31.408435584193526
1263489,116.63582852784572,7.636869725037517,29.84514412327359
164519,104.89124039285221,6.867878835246276,26.839901823531303
