UE ID,Internet usage,Data rate,optimal GU
837224,127.23896441933175,59.07523348040403,86.69874007664035
268585,127.54537576183932,59.2174958894254,86.90752421333805
1282754,113.08230969765269,52.502500931053035,77.0526058624018
1152846,116.01067865777397,53.86210080539506,79.04795296759629
721066,122.7452242145201,56.988854099598626,83.63677226067375
1263489,116.63582852784572,54.15234895935694,79.47392080175496
164519,104.89124039285221,48.69950446810996,71.47133292570737
