UE ID,Internet usage,Data rate,optimal GU
837224,127.23896441933175,89.37022500881635,106.63664885978204
268585,127.54537576183932,89.58544249938714,106.89344660162747
1282754,113.08230969765269,79.4268603828751,94.77221546491621
1152846,116.01067865777397,81.4836909620079,97.22642793007907
721066,122.7452242145201,86.21390748400817,102.87052738532294
1263489,116.63582852784572,81.92278432312973,97.75035460209978
164519,104.89124039285221,73.67360932355096,87.90743009646944
