UE ID,Internet usage
319868,0.6671893673395644
1074080,0.7474007405606801
593105,0.6698956954672778
961353,0.7375534843114248
1264061,0.7827560347931769
516122,0.7217386628484076
1079815,0.7246215236410302
