UE ID,Internet usage
319868,0.7629997818572681
1074080,0.8432111550783838
593105,0.7657061099849816
961353,0.8333638988291285
1264061,0.8785664493108806
516122,0.8175490773661114
1079815,0.8204319381587339
