UE ID,Internet usage
319868,0.3602343528318513
1074080,0.4404457260551837
593105,0.3629406809577913
961353,0.4305984698019383
1264061,0.47580102028280363
516122,0.41478364834246784
1079815,0.4176665091355337
