UE ID,Internet usage
319868,1.0159674590871348
1074080,1.0961788323082506
593105,1.0186737872104148
961353,1.0863315760545618
1264061,1.131534126536314
516122,1.0705167545959782
1079815,1.0733996153886007
