UE ID,Internet usage
319868,0.6084926939812418
1074080,0.688704067206791
593105,0.6111990221089553
961353,0.6788568109531021
1264061,0.7240593614348543
516122,0.6630419894945184
1079815,0.665924850287141
