UE ID,Internet usage
319868,0.9876918706298136
1074080,1.0679032438509293
593105,0.9903981987530937
961353,1.0580559875972406
1264061,1.1032585380789925
516122,1.0422411661386568
1079815,1.0451240269312794
