UE ID,Internet usage
319868,0.9969132134606264
1074080,1.077124586681742
593105,0.9996195415839063
961353,1.0672773304280532
1264061,1.1124798809098055
516122,1.0514625089694696
1079815,1.0543453697620921
