UE ID,Internet usage
319868,0.6603170602362353
1074080,0.7405284334617844
593105,0.6630233883639487
961353,0.7306811772080956
1264061,0.7758837276898477
516122,0.7148663557495119
1079815,0.7177492165421344
