UE ID,Internet usage
319868,0.381751280172193
1074080,0.46196265339419545
593105,0.38445760829857645
961353,0.45211539714050664
1264061,0.4973179476222588
516122,0.4363005756828096
1079815,0.4391834364758755
