UE ID,Internet usage
319868,0.6228865625826691
1074080,0.7030979358082182
593105,0.6255928907103825
961353,0.6932506795545295
1264061,0.7384532300362815
516122,0.6774358580959456
1079815,0.6803187188885683
