UE ID,Internet usage
319868,0.7031657250847623
1074080,0.7833770983058781
593105,0.7058720532080422
961353,0.7735298420521891
1264061,0.8187323925339414
516122,0.7577150205936055
1079815,0.7605978813862281
