UE ID,Internet usage
319868,0.38600549736608847
1074080,0.46621687058764755
593105,0.38871182549247185
961353,0.4563696143383922
1264061,0.5015721648201443
516122,0.44055479287714844
1079815,0.44343765366799764
