UE ID,Internet usage
319868,0.4726303172104629
1074080,0.5528416904315787
593105,0.475336645333743
961353,0.5429944341778898
1264061,0.588196984659642
516122,0.5271796127193061
1079815,0.5300624735119287
