UE ID,Internet usage
319868,0.4362911163930708
1074080,0.5165024896186199
593105,0.4389974445194542
961353,0.5066552333649311
1264061,0.5518577838466833
516122,0.49084041190191396
1079815,0.49372327269897
