UE ID,Internet usage
319868,0.8375759105786053
1074080,0.9177872838041544
593105,0.8402822387063187
961353,0.9079400275504657
1264061,0.9531425780322177
516122,0.8921252060918818
1079815,0.8950080668845044
