UE ID,Internet usage
319868,0.6688983141087296
1074080,0.7491096873342787
593105,0.6716046422364429
961353,0.7392624310805899
1264061,0.784464981562342
516122,0.7234476096220062
1079815,0.7263304704146287
