UE ID,Internet usage
319868,0.6566077628593353
1074080,0.7368191360848846
593105,0.6593140909870489
961353,0.7269718798311958
1264061,0.7721744303129479
516122,0.711157058372612
1079815,0.7140399191652346
