UE ID,Internet usage
319868,0.6510077473083401
1074080,0.7312191205338893
593105,0.6537140754360535
961353,0.7213718642802005
1264061,0.7665744147619525
516122,0.7055570428216168
1079815,0.7084399036142394
