UE ID,Internet usage
319868,0.645878850087234
1074080,0.7260902233127832
593105,0.6485851782149474
961353,0.7162429670590943
1264061,0.7614455175408466
516122,0.7004281455960772
1079815,0.7033110063931332
