UE ID,Internet usage
319868,0.32721690699824113
1074080,0.40742828022201694
593105,0.3299232351246245
961353,0.39758102396877143
1264061,0.4427835744505236
516122,0.381766202509301
1079815,0.38464906330192367
