UE ID,Internet usage
319868,0.6196609407925275
1074080,0.6998723140136434
593105,0.622367268920241
961353,0.6900250577643879
1264061,0.7352276082461401
516122,0.6742102363013708
1079815,0.6770930970939933
