UE ID,Internet usage
319868,0.747474200708436
1074080,0.8276855739339851
593105,0.7501805288361494
961353,0.8178383176802964
1264061,0.8630408681620484
516122,0.8020234962217125
1079815,0.8049063570143351
