UE ID,Internet usage
319868,0.968492142652028
1074080,1.048703515873144
593105,0.9711984707753081
961353,1.038856259619455
1264061,1.0840588101012072
516122,1.0230414381608712
1079815,1.0259242989534938
