UE ID,Internet usage
319868,0.6472405301250099
1074080,0.7274519033505591
593105,0.6499468582527234
961353,0.7176046470968703
1264061,0.7628071975786224
516122,0.7017898256382866
1079815,0.7046726864309092
