UE ID,Internet usage
319868,0.7388921083052081
1074080,0.8191034815263238
593105,0.7415984364284882
961353,0.809256225272635
1264061,0.8544587757543872
516122,0.7934414038140514
1079815,0.7963242646066739
