UE ID,Internet usage
319868,0.7989826510703913
1074080,0.8791940242915072
593105,0.8016889791981048
961353,0.8693467680422517
1264061,0.9145493185240038
516122,0.8535319465792346
1079815,0.8564148073718572
