UE ID,Internet usage
319868,0.6685563581695217
1074080,0.748767731395071
593105,0.6712626862972352
961353,0.738920475141382
1264061,0.7841230256231343
516122,0.7231056536827984
1079815,0.725988514475421
