UE ID,Internet usage
319868,0.26299072700777204
1074080,0.3432021002315478
593105,0.2656970551341554
961353,0.33335484397830234
1264061,0.3785573944600545
516122,0.31754002251883195
1079815,0.3204228833114545
