UE ID,Internet usage,Data rate,optimal GU
319868,110.39894835421104,107.77040196482507,109.0767575637784
1074080,123.87445905574594,120.92506717346627,122.39087908170639
593105,110.85361147944477,108.21423977755322,109.52597542521299
961353,122.2201200052633,119.31011714799511,120.75635318967687
1264061,129.81414848619934,126.72333542700412,128.2594319408423
516122,119.56323000004114,116.71648642861159,118.13128337430678
1079815,120.04755061324389,117.18927559864284,118.60980353140066
