UE ID,Internet usage,Data rate,optimal GU
319868,110.39894835421104,42.71387882752213,68.66998836964838
1074080,123.87445905574594,47.92761808704456,77.05198092432816
593105,110.85361147944477,42.88979015573756,68.95279642160314
961353,122.2201200052633,47.28754643060782,76.022954424985
1264061,129.81414848619934,50.225712211922364,80.74656687998323
516122,119.56323000004114,46.2595830357302,74.37032449980981
1079815,120.04755061324389,46.44696898726698,74.67158000424728
