UE ID,Internet usage,Data rate,optimal GU
319868,110.39894835421104,62.42797674791696,83.01796781932916
1074080,123.87445905574594,70.04805720414205,93.15130269657556
593105,110.85361147944477,62.685077919924126,83.35986608250994
961353,122.2201200052633,69.11256786011913,91.90727032033789
1264061,129.81414848619934,73.40681015588653,97.61783931984205
516122,119.56323000004114,67.61015982145184,89.90933816390702
1079815,120.04755061324389,67.88403159677482,90.27353830965568
