UE ID,Internet usage,Data rate,optimal GU
319868,110.39894835421104,44.02815202221512,69.7184457746433
1074080,123.87445905574594,49.40231402818439,78.22841508265032
593105,110.85361147944477,44.209476006683325,70.0055717565017
961353,122.2201200052633,48.74254785924191,77.18367734643664
1264061,129.81414848619934,51.77111874151997,81.97941019309867
516122,119.56323000004114,47.68295482144498,75.50581497075571
1079815,120.04755061324389,47.8761064945675,75.81167006188194
