UE ID,Internet usage,Data rate,optimal GU
319868,110.39894835421104,105.14185557543908,107.7383417523159
1074080,123.87445905574594,117.9756752911866,120.88909362896254
593105,110.85361147944477,105.57486807566168,108.1820475293985
961353,122.2201200052633,116.40011429072695,119.27462402891493
1264061,129.81414848619934,123.63252236780889,126.68563697743366
516122,119.56323000004114,113.86974285718203,116.6817648790024
1079815,120.04755061324389,114.33100058404179,117.15441340075743
