UE ID,Internet usage,Data rate,optimal GU
319868,110.39894835421104,22.342644309780805,49.66492157702455
1074080,123.87445905574594,25.069830999377153,55.72711865570312
593105,110.85361147944477,22.434659466078106,49.86945983391308
961353,122.2201200052633,24.735024286779474,54.98288494307378
1264061,129.81414848619934,26.27191100315939,58.39919311069586
516122,119.56323000004114,24.197320357151185,53.78763593286793
1079815,120.04755061324389,24.295337624108882,54.00551613581764
