UE ID,Internet usage,Data rate,optimal GU
319868,110.39894835421104,98.57048960197413,104.31720083868066
1074080,123.87445905574594,110.60219558548744,117.05036159077027
593105,110.85361147944477,98.97643882093281,104.7468171099949
961353,122.2201200052633,109.1251071475565,115.48715812228463
1264061,129.81414848619934,115.90548971982084,122.66284055431976
516122,119.56323000004114,106.75288392860816,112.97663304561644
1079815,120.04755061324389,107.18531304753917,113.43427300895813
