UE ID,Internet usage,Data rate,optimal GU
319868,110.39894835421104,64.39938653995645,84.31858957944877
1074080,123.87445905574594,72.26010111585181,94.61068088244396
593105,110.85361147944477,64.66460669634279,84.66584427729688
961353,122.2201200052633,71.29507000307026,93.34715856178427
1264061,129.81414848619934,75.72491995028295,99.14719361904093
516122,119.56323000004114,69.74521750002401,91.31792530143392
1079815,120.04755061324389,70.0277378577256,91.68783127987207
