UE ID,Internet usage,Data rate,optimal GU
319868,110.39894835421104,40.085332438136156,66.5235187403611
1074080,123.87445905574594,44.978226204764894,74.64350903060647
593105,110.85361147944477,40.25041845384602,66.79748684769301
961353,122.2201200052633,44.37754357333965,73.64664758882357
1264061,129.81414848619934,47.134899152727144,78.22261052594801
516122,119.56323000004114,43.41283946430065,72.04567516391974
1079815,120.04755061324389,43.588693972665936,72.33751409779585
