UE ID,Internet usage,Data rate,optimal GU
319868,110.39894835421104,2.6285463893859773,17.034927563346738
1074080,123.87445905574594,2.949391882279665,19.11424400704359
593105,110.85361147944477,2.639371701891542,17.105083606674533
961353,122.2201200052633,2.9100028572681738,18.858973949581014
1264061,129.81414848619934,3.0908130591952223,20.03075798389698
516122,119.56323000004114,2.8467435714295513,18.449006921294437
1079815,120.04755061324389,2.8582750146010447,18.52373921436731
