UE ID,Internet usage,Data rate,optimal GU
319868,110.39894835421104,83.45634786300477,95.98694201587492
1074080,123.87445905574594,93.64319226237937,107.70329514808476
593105,110.85361147944477,83.80005153505645,96.38225124380835
961353,122.2201200052633,92.39259071826451,106.26492142369214
1264061,129.81414848619934,98.13331462944831,112.86758913324108
516122,119.56323000004114,90.38410839288824,103.95487453759706
1079815,120.04755061324389,90.75023171358316,104.37596962328055
