UE ID,Internet usage,Data rate,optimal GU
319868,110.39894835421104,19.71409792039483,46.65207045955761
1074080,123.87445905574594,22.12043911709749,52.346513061578555
593105,110.85361147944477,19.795287764186565,46.844200696937335
961353,122.2201200052633,21.825021429511306,51.64742721793908
1264061,129.81414848619934,23.18109794396417,54.8564899585354
516122,119.56323000004114,21.350576785721636,50.52468627180949
1079815,120.04755061324389,21.437062609507837,50.729349085260004
