UE ID,Internet usage,Data rate,optimal GU
319868,110.39894835421104,75.57070869484684,91.33962319986614
1074080,123.87445905574594,84.79501661554038,102.48871554406882
593105,110.85361147944477,75.88193642938184,91.71579307431529
961353,122.2201200052633,83.66258214646,101.11998234716292
1264061,129.81414848619934,88.86087545186264,107.40297426292143
516122,119.56323000004114,81.8438776785996,98.92177905285386
1079815,120.04755061324389,82.17540666978005,99.32248633292623
