UE ID,Internet usage,Data rate,optimal GU
319868,110.39894835421104,61.770840150570464,82.5798752213822
1074080,123.87445905574594,69.31070923357214,92.659735662686
593105,110.85361147944477,62.02523499445124,82.9199692594984
961353,122.2201200052633,68.38506714580208,91.42226814692314
1264061,129.81414848619934,72.63410689108773,97.10270200731871
516122,119.56323000004114,66.89847392859446,89.43487924169348
1079815,120.04755061324389,67.16946284312456,89.7971574735214
