UE ID,Internet usage,Data rate,optimal GU
319868,110.39894835421104,51.913791190373054,75.70487403395695
1074080,123.87445905574594,58.250489675023395,84.9455584373064
593105,110.85361147944477,52.12759111235796,76.0166543102805
961353,122.2201200052633,57.472556431046435,83.81111348748304
1264061,129.81414848619934,61.04355791910565,89.01863564353641
516122,119.56323000004114,56.22318553573364,81.98918016143294
1079815,120.04755061324389,56.45093153837064,82.3212977364747
