UE ID,Internet usage,Data rate,optimal GU
319868,110.39894835421104,63.08511334526345,83.45376067094453
1074080,123.87445905574594,70.78540517471197,93.64028927261623
593105,110.85361147944477,63.344920845397006,83.79745368799593
961353,122.2201200052633,69.84006857443617,92.38972649782771
1264061,129.81414848619934,74.17951342068534,98.13027244345582
516122,119.56323000004114,68.32184571430922,90.38130643649315
1079815,120.04755061324389,68.59860035042507,90.7474184071665
