UE ID,Internet usage,Data rate,optimal GU
319868,110.39894835421104,96.59907980993466,103.26876015040216
1074080,123.87445905574594,108.39015167377771,115.8739461896395
593105,110.85361147944477,96.99691004451418,103.69405856065828
961353,122.2201200052633,106.9426050046054,114.32645370752276
1264061,129.81414848619934,113.58737992542443,121.43001689778926
516122,119.56323000004114,104.617826250036,111.84116067905141
1079815,120.04755061324389,105.0416067865884,112.29420112904064
