UE ID,Internet usage,Data rate,optimal GU
319868,110.39894835421104,67.02793292934243,86.02216752533033
1074080,123.87445905574594,75.20949299813147,96.52220087109725
593105,110.85361147944477,67.30397839823432,86.37643817835284
961353,122.2201200052633,74.20507286033843,95.23315026811761
1264061,129.81414848619934,78.81573300947818,101.1503695887516
516122,119.56323000004114,72.59196107145355,93.16291825474465
1079815,120.04755061324389,72.88601287232665,93.54029783621698
