UE ID,Internet usage,Data rate,optimal GU
319868,110.39894835421104,53.885200982412535,77.12891494318875
1074080,123.87445905574594,60.46253358673314,86.54342055405736
593105,110.85361147944477,54.10711988877661,77.44655993923926
961353,122.2201200052633,59.65505857399756,85.3876362117783
1264061,129.81414848619934,63.36166771350206,90.69311407650406
516122,119.56323000004114,58.358243214305794,83.53143154424198
1079815,120.04755061324389,58.59463779932142,83.86979639225751
