UE ID,Internet usage,Data rate,optimal GU
319868,110.39894835421104,38.77105924344316,65.42388070922527
1074080,123.87445905574594,43.503530263625066,73.40964703921296
593105,110.85361147944477,38.93073260290024,65.69332010617256
961353,122.2201200052633,42.92254214470557,72.42926378099453
1264061,129.81414848619934,45.58949262312953,76.92958575729773
516122,119.56323000004114,41.98946767858588,70.85475553294964
1079815,120.04755061324389,42.15955646536541,71.14177035053224
