UE ID,Internet usage,Data rate,optimal GU
319868,110.39894835421104,29.571146880592245,57.13688403514224
1074080,123.87445905574594,33.180658675646235,64.11112340740117
593105,110.85361147944477,29.69293164627985,57.3721945580123
961353,122.2201200052633,32.73753214426696,63.25492160574126
1264061,129.81414848619934,34.77164691594625,67.18520473926043
516122,119.56323000004114,32.02586517858245,61.8798503900677
1079815,120.04755061324389,32.15559391426176,62.130510121205795
