UE ID,Internet usage,Data rate,optimal GU
319868,110.39894835421104,80.82780147361879,94.4632430126685
1074080,123.87445905574594,90.6938003800997,105.99361047626718
593105,110.85361147944477,81.1606798331649,94.8522770925046
961353,122.2201200052633,89.48258786099633,104.5780695306262
1264061,129.81414848619934,95.04250157025308,111.07592633573067
516122,119.56323000004114,87.5373648214587,102.30469238380797
1079815,120.04755061324389,87.89195669898213,102.71910299607418
