UE ID,Internet usage,Data rate,optimal GU
319868,110.39894835421104,57.170883969145,79.44561326262283
1074080,123.87445905574594,64.14927343958271,89.1428995834634
593105,110.85361147944477,57.40633451614104,79.77279926711446
961353,122.2201200052633,63.29256214558278,87.95239929003479
1264061,129.81414848619934,67.22518403749609,93.41723621824613
516122,119.56323000004114,61.91667267859273,86.04044035398614
1079815,120.04755061324389,62.16748156757272,86.38896856648476
