UE ID,Internet usage,Data rate,optimal GU
319868,110.39894835421104,68.9993427213819,87.27803202165106
1074080,123.87445905574594,77.42153690984121,97.931358634357
593105,110.85361147944477,69.28350717465297,87.6374747826083
961353,122.2201200052633,76.38757500328956,96.62348877893564
1264061,129.81414848619934,81.13384280387459,102.62709543292226
516122,119.56323000004114,74.7270187500257,94.52303280167597
1079815,120.04755061324389,75.02971913327742,94.90592186554849
