UE ID,Internet usage,Data rate,optimal GU
319868,110.39894835421104,30.22828347793874,57.76824998662682
1074080,123.87445905574594,33.918006646216156,64.81955511687212
593105,110.85361147944477,30.352774571752736,58.0061607047066
961353,122.2201200052633,33.465032858584,63.95389223461084
1264061,129.81414848619934,35.54435018074506,67.92760522945518
516122,119.56323000004114,32.73755107143984,62.56362640059042
1079815,120.04755061324389,32.87016266791202,62.817055936598365
