UE ID,Internet usage,Data rate,optimal GU
319868,110.39894835421104,63.742249942609945,83.88728961764951
1074080,123.87445905574594,71.52275314528188,94.12673560710286
593105,110.85361147944477,64.00476377086989,84.23276806498556
961353,122.2201200052633,70.5675692887532,92.86967635860023
1264061,129.81414848619934,74.95221668548415,98.6400435227967
516122,119.56323000004114,69.03353160716661,90.8508228760905
1079815,120.04755061324389,69.31316910407534,91.21883673992897
