UE ID,Internet usage,Data rate,optimal GU
319868,110.39894835421104,59.14229376118449,80.80375631423692
1074080,123.87445905574594,66.36131735129247,90.66682022172192
593105,110.85361147944477,59.3858632925597,81.13653564704887
961353,122.2201200052633,65.47506428853391,89.4559680216862
1264061,129.81414848619934,69.5432938318925,95.01422773307524
516122,119.56323000004114,64.0517303571649,87.5113236592518
1079815,120.04755061324389,64.31118782852352,87.86581005056809
