UE ID,Internet usage
818604,0.8575821225311159
445651,0.8108263038855347
429687,0.7927709415140864
545381,0.8524196317617195
1223549,0.8662034629856095
369025,0.8113797640377229
1176492,0.7996059189039315
