UE ID,Internet usage
818604,0.4268309174169028
445651,0.38007509876910484
429687,0.36201973639765667
545381,0.42166842664440307
1223549,0.43545225786962305
369025,0.3806285589230666
1176492,0.368854713787945
