UE ID,Internet usage
818604,0.7191393823252028
445651,0.672383563675188
429687,0.6543282013037398
545381,0.7139768915513729
1223549,0.7277607227752629
369025,0.6729370238318098
1176492,0.6611631786935849
