UE ID,Internet usage
818604,0.5821306717652127
445651,0.5353748531151981
429687,0.5173194907437498
545381,0.5769681809913829
1223549,0.5907520122152728
369025,0.5359283132718198
1176492,0.5241544681335949
