UE ID,Internet usage
818604,1.039522788382203
445651,0.9927669697321881
429687,0.97471160736074
545381,1.034360297608373
1223549,1.048144128832263
369025,0.9933204298888099
1176492,0.981546584750585
