UE ID,Internet usage
818604,0.5509682195637845
445651,0.5042124009182033
429687,0.48615703854675507
545381,0.545805728794388
1223549,0.5595895600182781
369025,0.5047658610703916
1176492,0.4929920159366001
