UE ID,Internet usage
818604,0.45129172117099586
445651,0.40453590252541466
429687,0.38648054015396643
545381,0.4461292304015994
1223549,0.45991306162548945
369025,0.40508936267937634
1176492,0.39331551754425476
