UE ID,Internet usage
818604,0.7684519488892263
445651,0.7216961302436452
429687,0.7036407678721969
545381,0.7632894581153964
1223549,0.7770732893437199
369025,0.7222495903958334
1176492,0.7104757452620418
