UE ID,Internet usage
818604,1.0338075727898883
445651,0.987051754144307
429687,0.9689963917728588
545381,1.0286450820204918
1223549,1.0424289132443818
369025,0.9876052142964953
1176492,0.9758313691627037
