UE ID,Internet usage
818604,0.6317193939498428
445651,0.5849635752998282
429687,0.56690821292838
545381,0.6265569031760131
1223549,0.6403407344043365
369025,0.58551703545645
1176492,0.5737431903226584
