UE ID,Internet usage
818604,0.40962294337735056
445651,0.3628671247295527
429687,0.34481176235854777
545381,0.4044604526048508
1223549,0.4182442838305142
369025,0.36342058488351436
1176492,0.35164673974883615
