UE ID,Internet usage
818604,0.7162939711172376
445651,0.6695381524716564
429687,0.651482790100208
545381,0.7111314803434078
1223549,0.7249153115717311
369025,0.6700916126238446
1176492,0.6583177674900531
