UE ID,Internet usage
818604,0.9136435287968768
445651,0.8668877101512957
429687,0.8488323477798474
545381,0.9084810380230469
1223549,0.9222648692513704
369025,0.8674411703034839
1176492,0.8556673251696925
