UE ID,Internet usage
818604,0.9578036234239904
445651,0.9110478047784092
429687,0.892992442406961
545381,0.9526411326545939
1223549,0.9664249638784841
369025,0.9116012649305975
1176492,0.899827419796806
