UE ID,Internet usage
818604,0.7125536042565395
445651,0.6657977856065248
429687,0.6477424232350765
545381,0.7073911134827096
1223549,0.7211749447110329
369025,0.6663512457631464
1176492,0.654577400629355
