UE ID,Internet usage
818604,0.7700080696526987
445651,0.7232522510026842
429687,0.705196888631236
545381,0.764845578878869
1223549,0.7786294101071924
369025,0.7238057111593059
1176492,0.7120318660255144
