UE ID,Internet usage
818604,0.4279611363033417
445651,0.38120531765554383
429687,0.36314995528409555
545381,0.4227986455308419
1223549,0.4365824767565053
369025,0.3817587778095055
1176492,0.36998493267482724
