UE ID,Internet usage
818604,0.33826864664705675
445651,0.2915128279992588
429687,0.2734574656278106
545381,0.333106155874557
1223549,0.34688998710022034
369025,0.2920662881532205
1176492,0.2802924430185423
