UE ID,Internet usage
818604,0.6151941398095854
445651,0.5684383211595707
429687,0.5503829587881224
545381,0.6100316490357555
1223549,0.6238154802596455
369025,0.5689917813161924
1176492,0.5572179361779674
