UE ID,Internet usage
818604,0.6688527535841983
445651,0.6220969349341837
429687,0.6040415725627355
545381,0.6636902628103685
1223549,0.6774740940342585
369025,0.622650395086372
1176492,0.6108765499525804
