UE ID,Internet usage
818604,1.0351635172815254
445651,0.9884076986315108
429687,0.9703523362600625
545381,1.0300010265076955
1223549,1.043784857736019
369025,0.9889611587881325
1176492,0.977187313654341
