UE ID,Internet usage
818604,0.3772367706014908
445651,0.33048095195369287
429687,0.31242558958268796
545381,0.3720742798294343
1223549,0.38585811105465445
369025,0.3310344121080979
1176492,0.31926056697297633
