UE ID,Internet usage
818604,0.5057924938813879
445651,0.45903667523580677
429687,0.44098131286435854
545381,0.5006300031119917
1223549,0.5144138343358816
369025,0.4595901353879951
1176492,0.4478162902542036
