UE ID,Internet usage
818604,0.7740276500415161
445651,0.7272718313959349
429687,0.7092164690244867
545381,0.7688651592676862
1223549,0.7826489904960097
369025,0.7278252915481231
1176492,0.7160514464143316
