UE ID,Internet usage
818604,1.0422160568209025
445651,0.9954602381708878
429687,0.9774048757994395
545381,1.0370535660470726
1223549,1.0508373972753962
369025,0.9960136983275095
1176492,0.984239853193718
