UE ID,Internet usage
818604,0.719114765805742
445651,0.6723589471557274
429687,0.6543035847842793
545381,0.7139522750319123
1223549,0.7277361062558023
369025,0.6729124073079158
1176492,0.6611385621741243
