UE ID,Internet usage,Data rate,optimal GU
818604,121.36703395375028,26.729644382671193,56.956980760599706
445651,113.5120564209663,24.999679092712817,53.27067658363341
429687,110.47875554256744,24.33163068497021,51.84716268415136
545381,120.49973550398934,26.538632224092893,56.549961659057224
1223549,122.81541914988172,27.048633979438236,57.6367011514056
369025,113.60503772681058,25.02015711840471,53.31431227510203
1176492,111.62703174416427,24.584524848417132,52.386043329015166
