UE ID,Internet usage,Data rate,optimal GU
818604,121.36703395375028,108.3634231729913,114.68106757255552
445651,113.5120564209663,101.35005037586276,107.25881146336049
429687,110.47875554256744,98.6417460201495,104.39261154340436
545381,120.49973550398934,107.58904955713334,113.8615475687915
1223549,122.81541914988172,109.65662424096581,116.049662940981
369025,113.60503772681058,101.433069398938,107.34667053901833
1176492,111.62703174416427,99.66699262871809,105.47763056691832
