UE ID,Internet usage,Data rate,optimal GU
818604,121.36703395375028,45.51263773265636,74.32182619543225
445651,113.5120564209663,42.567021157862364,69.51165447134558
429687,110.47875554256744,41.429533328462796,67.65414462424229
545381,120.49973550398934,45.18740081399601,73.79071653127697
1223549,122.81541914988172,46.05578218120565,75.208777365813
369025,113.60503772681058,42.60188914755397,69.56859366007963
1176492,111.62703174416427,41.860136904061605,68.35731731866565
