UE ID,Internet usage,Data rate,optimal GU
818604,121.36703395375028,6.501805390379479,28.09100987103993
445651,113.5120564209663,6.081003022551766,26.272935850261625
429687,110.47875554256744,5.91850476120897,25.570863119791778
545381,120.49973550398934,6.455342973428,27.890269286717366
1223549,122.81541914988172,6.579397454457949,28.426245902737804
369025,113.60503772681058,6.08598416393628,26.294456840725058
1176492,111.62703174416427,5.980019557723086,25.836637416673984
