UE ID,Internet usage,Data rate,optimal GU
818604,121.36703395375028,56.34898004995549,82.69769389155991
445651,113.5120564209663,52.702026195448646,77.3454288952942
429687,110.47875554256744,51.293707930477744,75.27858273986767
545381,120.49973550398934,55.94630576970934,82.10672961259198
1223549,122.81541914988172,57.02144460530223,83.68460204680402
369025,113.60503772681058,52.74519608744777,77.40878497575405
1176492,111.62703174416427,51.82683616693341,76.06100108469435
