UE ID,Internet usage,Data rate,optimal GU
818604,121.36703395375028,47.679906196116185,76.07081433911209
445651,113.5120564209663,44.59402216537962,71.14744661668747
429687,110.47875554256744,43.402368248865784,69.24622467495924
545381,120.49973550398934,47.33918180513867,75.5272062669769
1223549,122.81541914988172,48.24891466602496,76.97863780448918
369025,113.60503772681058,44.63055053553273,71.20572573436438
1176492,111.62703174416427,43.85347675663596,69.96594487323796
