UE ID,Internet usage,Data rate,optimal GU
818604,121.36703395375028,117.03249702683064,119.18006142114348
445651,113.5120564209663,109.4580544059318,111.4666266083949
429687,110.47875554256744,106.53308570176146,108.48798427678658
545381,120.49973550398934,116.19617352170401,118.32839125054048
1223549,122.81541914988172,118.42915418024309,120.60234744901328
369025,113.60503772681058,109.54771495085306,111.55793243816215
1176492,111.62703174416427,107.64035203901555,109.61556912232955
