UE ID,Internet usage,Data rate,optimal GU
818604,121.36703395375028,19.50541617113844,48.655056332560015
445651,113.5120564209663,18.243009067655297,45.506059756650956
429687,110.47875554256744,17.75551428362691,44.29003411686857
545381,120.49973550398934,19.366028920284002,48.307363441372274
1223549,122.81541914988172,19.738192363373848,49.23570217198851
369025,113.60503772681058,18.257952491808844,45.54333520556283
1176492,111.62703174416427,17.940058673169258,44.75036870241445
