UE ID,Internet usage,Data rate,optimal GU
818604,121.36703395375028,55.62655722880221,82.16587040808533
445651,113.5120564209663,52.02635919294289,76.84802547942785
429687,110.47875554256744,50.63609629034342,74.79447107701716
545381,120.49973550398934,55.22904543932845,81.57870658190707
1223549,122.81541914988172,56.290400443695795,83.14643182125849
369025,113.60503772681058,52.06897562478819,76.91097412106053
1176492,111.62703174416427,51.16238954940863,75.57185774042567
