UE ID,Internet usage,Data rate,optimal GU
818604,121.36703395375028,15.170879244218785,42.90972636059739
445651,113.5120564209663,14.189007052620788,40.13257242084763
429687,110.47875554256744,13.80984444282093,39.060138610600156
545381,120.49973550398934,15.062466937998668,42.60309005302812
1223549,122.81541914988172,15.351927393735215,43.42180785757476
369025,113.60503772681058,14.200629715851322,40.16544627679066
1176492,111.62703174416427,13.953378968020534,39.46611555501228
