UE ID,Internet usage,Data rate,optimal GU
818604,121.36703395375028,87.41316135954634,103.00036952714642
445651,113.5120564209663,81.75570730319596,96.33409811762597
429687,110.47875554256744,79.57100845625394,93.75983143923652
545381,120.49973550398934,86.78849997608756,102.26432071796368
1223549,122.81541914988172,88.45634355437909,104.22956831003862
369025,113.60503772681058,81.82267598181,96.41300841599188
1176492,111.62703174416427,80.39804072049927,94.73433719447128
