UE ID,Internet usage,Data rate,optimal GU
818604,121.36703395375028,38.2884095211236,68.16854625401149
445651,113.5120564209663,35.81035113280485,63.75662003464078
429687,110.47875554256744,34.85341692711949,62.0528978252782
545381,120.49973550398934,38.01479751018711,67.68140841630927
1223549,122.81541914988172,38.745340565141255,68.98206463721377
369025,113.60503772681058,35.839684520958095,63.808845093140754
1176492,111.62703174416427,35.21567072881373,62.69785318762778
