UE ID,Internet usage,Data rate,optimal GU
818604,121.36703395375028,91.74769828646598,105.52320130242425
445651,113.5120564209663,85.80970931823047,98.69365007738692
429687,110.47875554256744,83.51667829705991,96.05633079244767
545381,120.49973550398934,91.0920619583729,104.76912413729983
1223549,122.81541914988172,92.84260852401772,106.78250737291019
369025,113.60503772681058,85.87999875776751,98.77449315918875
1176492,111.62703174416427,84.38472042564798,97.05470553083057
