UE ID,Internet usage,Data rate,optimal GU
818604,121.36703395375028,65.0180539037948,88.831572966759
445651,113.5120564209663,60.810030225517664,83.08231810631928
429687,110.47875554256744,59.1850476120897,80.86216919494105
545381,120.49973550398934,64.55342973428,88.1967755014666
1223549,122.81541914988172,65.7939745445795,89.89168238068069
369025,113.60503772681058,60.85984163936281,83.15037345368648
1176492,111.62703174416427,59.80019557723086,81.7026213166186
