UE ID,Internet usage,Data rate,optimal GU
818604,121.36703395375028,5.056959748072928,24.773942065144084
445651,113.5120564209663,4.729669017540263,23.170551490448528
429687,110.47875554256744,4.60328148094031,22.551381541414095
545381,120.49973550398934,5.020822312666223,24.596905510425653
1223549,122.81541914988172,5.117309131245071,25.069592455270996
369025,113.60503772681058,4.7335432386171075,23.18953122002654
1176492,111.62703174416427,4.651126322673512,22.785772439555217
