UE ID,Internet usage,Data rate,optimal GU
818604,121.36703395375028,94.6373895710791,107.17210118947678
445651,113.5120564209663,88.51237732825349,100.23583176309043
429687,110.47875554256744,86.14712485759723,97.55730186837641
545381,120.49973550398934,93.96110327989646,106.4062408549919
1223549,122.81541914988172,95.76678517044348,108.45108510911587
369025,113.60503772681058,88.58488060840587,100.31793809455495
1176492,111.62703174416427,87.04250689574714,98.57127715690409
