UE ID,Internet usage,Data rate,optimal GU
818604,121.36703395375028,30.34175848843757,60.68351697687514
445651,113.5120564209663,28.378014105241576,56.75602821048315
429687,110.47875554256744,27.61968888564186,55.23937777128372
545381,120.49973550398934,30.124933875997336,60.24986775199467
1223549,122.81541914988172,30.70385478747043,61.40770957494086
369025,113.60503772681058,28.401259431702645,56.80251886340529
1176492,111.62703174416427,27.906757936041068,55.813515872082135
