UE ID,Internet usage,Data rate,optimal GU
818604,121.36703395375028,7.94665103268603,31.055779908136426
445651,113.5120564209663,7.432337027563269,29.04582345213161
429687,110.47875554256744,7.2337280414776295,28.269652844628677
545381,120.49973550398934,7.889863634189778,30.83385284200488
1223549,122.81541914988172,8.041485777670827,31.426397285919606
369025,113.60503772681058,7.438425089255454,29.069615802292954
1176492,111.62703174416427,7.30891279277266,28.563477385188275
