UE ID,Internet usage,Data rate,optimal GU
818604,121.36703395375028,74.40955057878737,95.03087104503982
445651,113.5120564209663,69.59370125809244,88.88039234697641
429687,110.47875554256744,67.73399893383599,86.50530567619417
545381,120.49973550398934,73.87781402923156,94.35177290403884
1223549,122.81541914988172,75.2975486454632,96.16496242317766
369025,113.60503772681058,69.65070765393745,88.95319707983866
1176492,111.62703174416427,68.4380016050531,87.40441051614287
