UE ID,Internet usage,Data rate,optimal GU
818604,121.36703395375028,40.455677984583424,70.07128972394418
445651,113.5120564209663,37.8373521403221,65.53621633091288
429687,110.47875554256744,36.82625184752248,63.78493925223617
545381,120.49973550398934,40.16657850132978,69.57055473050696
1223549,122.81541914988172,40.93847304996057,70.90751530682093
369025,113.60503772681058,37.86834590893686,65.58989911287168
1176492,111.62703174416427,37.20901058138809,64.44789682633214
