UE ID,Internet usage,Data rate,optimal GU
818604,121.36703395375028,14.448456423065508,41.87560508550859
445651,113.5120564209663,13.513340050115035,39.16538035311749
429687,110.47875554256744,13.1522328026866,38.11879211946451
545381,120.49973550398934,14.345206607617778,41.57635869058307
1223549,122.81541914988172,14.620883232128776,42.3753454557644
369025,113.60503772681058,13.524409253191735,39.19746195153039
1176492,111.62703174416427,13.288932350495745,38.514985049131724
