UE ID,Internet usage,Data rate,optimal GU
818604,121.36703395375028,103.30646342491839,111.97320685831022
445651,113.5120564209663,96.6203813583225,104.726205794735
429687,110.47875554256744,94.03846453920919,101.92768287087512
545381,120.49973550398934,102.56822724446712,111.17303744195965
1223549,122.81541914988172,104.53931510972075,113.30948681748548
369025,113.60503772681058,96.69952616032091,104.8119903332055
1176492,111.62703174416427,95.01586630604459,102.9870823178524
