UE ID,Internet usage,Data rate,optimal GU
818604,121.36703395375028,44.790214911503085,73.72961097117064
445651,113.5120564209663,41.891354155356616,68.95776791945576
429687,110.47875554256744,40.77192168832846,67.11505918350623
545381,120.49973550398934,44.47014048361512,73.20273332397412
1223549,122.81541914988172,45.32473801959921,74.60949468891782
369025,113.60503772681058,41.92566868489438,69.0142534022443
1176492,111.62703174416427,41.195690286536816,67.81262881895971
