UE ID,Internet usage,Data rate,optimal GU
818604,121.36703395375028,15.89330206537206,43.9195051361604
445651,113.5120564209663,14.864674055126539,41.07699745629904
429687,110.47875554256744,14.467456082955259,39.97932645645302
545381,120.49973550398934,15.779727268379556,43.605652869379504
1223549,122.81541914988172,16.082971555341654,44.44363725827253
369025,113.60503772681058,14.876850178510908,41.11064492057794
1176492,111.62703174416427,14.61782558554532,40.39485710667045
