UE ID,Internet usage,Data rate,optimal GU
818604,121.36703395375028,13.003610780758958,39.72668714038116
445651,113.5120564209663,12.162006045103531,37.155542202798294
429687,110.47875554256744,11.83700952241794,36.16266142559552
545381,120.49973550398934,12.910685946856,39.44279708351349
1223549,122.81541914988172,13.158794908915898,40.200782483004424
369025,113.60503772681058,12.17196832787256,37.18597747938738
1176492,111.62703174416427,11.960039115446172,36.53852304077651
