UE ID,Internet usage,Data rate,optimal GU
818604,121.36703395375028,93.19254392877252,106.35084693240435
445651,113.5120564209663,87.16104332324197,99.46772977915063
429687,110.47875554256744,84.83190157732857,96.8097253202013
545381,120.49973550398934,92.52658261913467,105.59085534597087
1223549,122.81541914988172,94.3046968472306,107.62003006455237
369025,113.60503772681058,87.23243968308668,99.54920693405242
1176492,111.62703174416427,85.71361366069756,97.81593056864367
