UE ID,Internet usage
1087531,0.42596640662995455
706472,0.3892018664167561
259582,0.49937942572305144
1231339,0.3839670046137587
279253,0.38466620493733883
1023141,0.4640975707701394
838134,0.49334449950684917
