UE ID,Internet usage
1087531,0.8630181668680993
706472,0.826253626654014
259582,0.9364311859629696
1231339,0.8210187648496867
279253,0.8217179651750403
1023141,0.9011493310056239
838134,0.9303962597423338
