UE ID,Internet usage
1087531,0.6762784475461942
706472,0.6395139073321089
259582,0.749691466636631
1231339,0.6342790455277816
279253,0.634978245853135
1023141,0.7144096116837189
838134,0.7436565404204287
