UE ID,Internet usage
1087531,0.46951733717104277
706472,0.43275279695828756
259582,0.542930356265913
1231339,0.42751793515529024
279253,0.42821713547887036
1023141,0.5076485013130009
838134,0.5368954300497106
