UE ID,Internet usage
1087531,1.025924280554745
706472,0.9891597403406599
259582,1.099337299645182
1231339,0.9839248785363326
279253,0.9846240788616861
1023141,1.0640554446922699
838134,1.0933023734289795
