UE ID,Internet usage
1087531,0.41425362131197296
706472,0.3774890810987745
259582,0.48766664040595664
1231339,0.3722542192957772
279253,0.3729534196193573
1023141,0.4523847854530445
838134,0.4816317141897543
