UE ID,Internet usage
1087531,0.4177066572327521
706472,0.3809421170195535
259582,0.49111967632584896
1231339,0.37570725521655624
279253,0.37640645554013635
1023141,0.4558378213729369
838134,0.4850847501096467
