UE ID,Internet usage
1087531,0.3436881328758039
706472,0.3069235926626054
259582,0.4171011519693442
1231339,0.3016887308596081
279253,0.30238793118318824
1023141,0.3818192970155454
838134,0.4110662257522552
