UE ID,Internet usage
1087531,0.7744553939285678
706472,0.7376908537144826
259582,0.8478684130190046
1231339,0.7324559919101553
279253,0.7331551922355087
1023141,0.8125865580660926
838134,0.8418334868028025
