UE ID,Internet usage
1087531,0.3951303552426814
706472,0.35836581502992626
259582,0.4685433743384384
1231339,0.3531309532264856
279253,0.3538301535500657
1023141,0.43326151938242285
838134,0.4625084481178026
