UE ID,Internet usage
1087531,0.7123166733895058
706472,0.6755521331798541
259582,0.7857296924843762
1231339,0.6703172713755268
279253,0.6710164717008802
1023141,0.750447837531464
838134,0.7796947662681738
