UE ID,Internet usage
1087531,0.9353974968017781
706472,0.8986329565921262
259582,1.0088105158966483
1231339,0.8933980947877989
279253,0.8940972951131524
1023141,0.973528660943736
838134,1.0027755896804458
