UE ID,Internet usage
1087531,0.9215284667136452
706472,0.8847639264995598
259582,0.9949414858085154
1231339,0.879529064699666
279253,0.880228265020586
1023141,0.9596596308556034
838134,0.9889065595923132
