UE ID,Internet usage
1087531,0.7754622435758382
706472,0.7386977033617528
259582,0.8488752626707083
1231339,0.7334628415574257
279253,0.734162041882779
1023141,0.8135934077133629
838134,0.8428403364500726
