UE ID,Internet usage
1087531,0.5666109107125284
706472,0.5298463704984432
259582,0.6400239298073986
1231339,0.5246115086941159
279253,0.5253107090194693
1023141,0.6047420748500532
838134,0.633989003586763
