UE ID,Internet usage
1087531,0.6486720078866464
706472,0.6119074676725611
259582,0.7220850269815167
1231339,0.6066726058682337
279253,0.6073718061935872
1023141,0.6868031720241711
838134,0.7160501007653143
