UE ID,Internet usage
1087531,0.3542919707671409
706472,0.3175274305539424
259582,0.42770498986112454
1231339,0.31229256875094513
279253,0.31299176907452525
1023141,0.3924231349068824
838134,0.42167006364403553
