UE ID,Internet usage
1087531,0.6840295040370611
706472,0.6472649638274093
259582,0.7574425231319315
1231339,0.6420301020230821
279253,0.642729302344002
1023141,0.7221606681790194
838134,0.7514075969157291
