UE ID,Internet usage
1087531,0.708166315461438
706472,0.6714017752517862
259582,0.7815793345563083
1231339,0.6661669134474589
279253,0.666866113768379
1023141,0.7462974796033962
838134,0.775544408340106
