UE ID,Internet usage
1087531,0.5954442372350641
706472,0.5586796970254123
259582,0.6688572563299344
1231339,0.553444835221085
279253,0.5541440355464385
1023141,0.6335754013770224
838134,0.6628223301137321
