UE ID,Internet usage
1087531,0.40186007209316543
706472,0.36509553187996696
259582,0.4752730911875924
1231339,0.35986067007696965
279253,0.36055987040054976
1023141,0.439991236232907
838134,0.46923816497139015
