UE ID,Internet usage
1087531,0.7920108489513868
706472,0.7552463087373017
259582,0.8654238680462571
1231339,0.7500114469374077
279253,0.7507106472583278
1023141,0.830142013093345
838134,0.8593889418300549
