UE ID,Internet usage
1087531,0.27817080614541473
706472,0.24140626593221615
259582,0.3515838252393983
1231339,0.2361714041292189
279253,0.23687060445279898
1023141,0.31630197028515616
838134,0.3455488990223093
