UE ID,Internet usage
1087531,0.6628599124043526
706472,0.6260953721902675
259582,0.7362729314992228
1231339,0.62086051038594
279253,0.6215597107112936
1023141,0.7009910765418774
838134,0.7302380052785872
