UE ID,Internet usage
1087531,0.8214315538081312
706472,0.784667013594046
259582,0.8948445729030015
1231339,0.7794321517941522
279253,0.7801313521150721
1023141,0.8595627179500893
838134,0.8888096466867992
