UE ID,Internet usage,Data rate,optimal GU
1087531,115.27280762613427,52.14722249753692,77.53164997080736
706472,109.09636487034386,49.35311744134603,73.37741960487584
259582,127.60619483389466,57.72661194866663,85.82699628568032
1231339,108.21690808739076,48.95526794429582,72.78590338466266
279253,108.3343737417668,49.0084071688945,72.86490992736971
1023141,121.6788432015927,55.04519097214907,81.84030279331726
838134,126.59232722941887,57.267957556165676,85.1450763268822
