UE ID,Internet usage,Data rate,optimal GU
1087531,115.27280762613427,19.21213460435571,47.059926650339065
706472,109.09636487034386,18.182727478390643,44.53840445413972
259582,127.60619483389466,21.267699138982444,52.09501089353613
1231339,108.21690808739076,18.03615134789846,44.17936772596227
279253,108.3343737417668,18.055728956961133,44.22732287854951
1023141,121.6788432015927,20.27980720026545,49.675179722670656
838134,126.59232722941887,21.098721204903146,51.68110117725219
