UE ID,Internet usage,Data rate,optimal GU
1087531,115.27280762613427,104.29444499507385,109.64631090187936
706472,109.09636487034386,98.70623488269206,103.77134197715685
259582,127.60619483389466,115.45322389733326,121.37770216495437
1231339,108.21690808739076,97.91053588859164,102.9348117161677
279253,108.3343737417668,98.016814337789,103.04654384038021
1023141,121.6788432015927,110.09038194429814,115.73966615902997
838134,126.59232722941887,114.53591511233135,120.41332171076915
