UE ID,Internet usage,Data rate,optimal GU
1087531,115.27280762613427,54.89181315530203,79.54579447149194
706472,109.09636487034386,51.95064993825898,75.2836440464714
259582,127.60619483389466,60.76485468280698,88.05664021360094
1231339,108.21690808739076,51.5318609939956,74.67676120962544
279253,108.3343737417668,51.587797019888946,74.75782021211596
1023141,121.6788432015927,57.942306286472714,83.96637899403768
838134,126.59232722941887,60.282060585437556,87.35700509801927
