UE ID,Internet usage,Data rate,optimal GU
1087531,115.27280762613427,67.242471115245,88.04106108614052
706472,109.09636487034386,63.639546174367254,83.32372501047865
259582,127.60619483389466,74.43694698643856,97.4608411619342
1231339,108.21690808739076,63.126529717644615,82.6520287974245
279253,108.3343737417668,63.195051349363965,82.74174467288044
1023141,121.6788432015927,70.97932520092908,92.93375157432689
838134,126.59232722941887,73.84552421716101,96.68648698823856
