UE ID,Internet usage,Data rate,optimal GU
1087531,115.27280762613427,96.06067302177856,105.22919500631212
706472,109.09636487034386,90.91363739195322,99.59089996883583
259582,127.60619483389466,106.33849569491223,116.48798564653885
1231339,108.21690808739076,90.18075673949231,98.78806943821195
279253,108.3343737417668,90.27864478480566,98.89530041926837
1023141,121.6788432015927,101.39903600132725,111.07707865441074
838134,126.59232722941887,105.49360602451573,115.5624553843803
