UE ID,Internet usage,Data rate,optimal GU
1087531,115.27280762613427,3.430738322206377,19.886448617872986
706472,109.09636487034386,3.246915621141186,18.82091101161785
259582,127.60619483389466,3.797803417675436,22.014160053400236
1231339,108.21690808739076,3.220741312124725,18.66919030240636
279253,108.3343737417668,3.224237313743059,18.68945505302899
1023141,121.6788432015927,3.6213941429045446,20.99159474850942
838134,126.59232722941887,3.7676287865898472,21.839251274504818
