UE ID,Internet usage,Data rate,optimal GU
1087531,115.27280762613427,63.12558512859734,85.3033611929563
706472,109.09636487034386,59.74324742899783,80.73271406346488
259582,127.60619483389466,69.87958288522803,94.4302264561708
1231339,108.21690808739076,59.261640143094944,80.0819047255579
279253,108.3343737417668,59.3259665728723,80.1688308215675
1023141,121.6788432015927,66.63365222944363,90.04390996383891
838134,126.59232722941887,69.3243696732532,93.67995138048306
