UE ID,Internet usage,Data rate,optimal GU
1087531,115.27280762613427,31.56279256429867,60.31858515754478
706472,109.09636487034386,29.871623714498917,57.08664957787057
259582,127.60619483389466,34.939791442614016,66.7722534761397
1231339,108.21690808739076,29.630820071547472,56.626457881777014
279253,108.3343737417668,29.66298328643615,56.687923913727474
1023141,121.6788432015927,33.31682611472181,63.67065933998143
838134,126.59232722941887,34.6621848366266,66.24172888236565
