UE ID,Internet usage,Data rate,optimal GU
1087531,115.27280762613427,90.57149170624835,102.17842306410087
706472,109.09636487034386,85.71857239812732,96.70359171463635
259582,127.60619483389466,100.26201022663152,113.11080236395408
1231339,108.21690808739076,85.02757064009275,95.92403659590772
279253,108.3343737417668,85.11986508281677,96.02815876986624
1023141,121.6788432015927,95.60480537267998,107.85676669667562
838134,126.59232722941887,99.46539996597197,112.21210478596929
