UE ID,Internet usage,Data rate,optimal GU
1087531,115.27280762613427,54.20566549086076,79.04706984053601
706472,109.09636487034386,51.30126681403075,74.81164162517997
259582,127.60619483389466,60.0052939992719,87.50455552219107
1231339,108.21690808739076,50.88771273157066,74.20856373391096
279253,108.3343737417668,50.942949557140345,74.28911452447939
1023141,121.6788432015927,57.21802745789181,83.43993882639921
838134,126.59232722941887,59.5285348281196,86.80930687690793
