UE ID,Internet usage,Data rate,optimal GU
1087531,115.27280762613427,68.61476644412754,88.93490188124146
706472,109.09636487034386,64.93831242282373,84.1696728409037
259582,127.60619483389466,75.95606835350873,98.45031669392667
1231339,108.21690808739076,64.4148262424945,83.49115720212095
279253,108.3343737417668,64.4847462748612,83.58178392199952
1023141,121.6788432015927,72.4278828580909,93.87726562758934
838134,126.59232722941887,75.35257573179695,97.6681008549834
