UE ID,Internet usage,Data rate,optimal GU
1087531,115.27280762613427,49.40263183977183,75.4637666452633
706472,109.09636487034386,46.75558494443308,71.42033572326741
259582,127.60619483389466,54.68836921452628,83.53786385308645
1231339,108.21690808739076,46.37867489459604,70.84459611207814
279253,108.3343737417668,46.429017317900055,70.92149543389752
1023141,121.6788432015927,52.14807565782544,79.65750134942304
838134,126.59232722941887,54.2538545268938,82.87413170420447
