UE ID,Internet usage,Data rate,optimal GU
1087531,115.27280762613427,95.37452535733728,104.85270294060237
706472,109.09636487034386,90.26425426772498,99.2345807586308
259582,127.60619483389466,105.57893501137713,116.0712115531534
1231339,108.21690808739076,89.53660847706736,98.43462261836274
279253,108.3343737417668,89.63379732205705,98.54146994530528
1023141,121.6788432015927,100.67475717274634,110.67966386098678
838134,126.59232722941887,104.74008026719775,115.1489926800087
