UE ID,Internet usage,Data rate,optimal GU
1087531,115.27280762613427,83.02386739739433,97.8283920693656
706472,109.09636487034386,78.5753580316167,92.58664012499406
259582,127.60619483389466,91.90684270774555,108.29534836331933
1231339,108.21690808739076,77.94193975341834,91.84027292233304
279253,108.3343737417668,78.02654299258204,91.93996231419946
1023141,121.6788432015927,87.63773825828997,103.26499219034827
838134,126.59232722941887,91.1766166354743,107.43491094048171
