UE ID,Internet usage,Data rate,optimal GU
1087531,115.27280762613427,21.956725262120813,50.30917776350886
706472,109.09636487034386,20.780259975303593,47.61355714884495
259582,127.60619483389466,24.305941873122794,55.69190923539097
1231339,108.21690808739076,20.61274439759824,47.229730741385424
279253,108.3343737417668,20.635118807955582,47.280996955931684
1023141,121.6788432015927,23.176922514589087,53.10500089961537
838134,126.59232722941887,24.112824234175022,55.24942113613631
