UE ID,Internet usage,Data rate,optimal GU
1087531,115.27280762613427,24.01516825544464,52.61459750315606
706472,109.09636487034386,22.728409347988304,49.795449984417914
259582,127.60619483389466,26.584623923728056,58.24399282326942
1231339,108.21690808739076,22.545189184873077,49.394034719105974
279253,108.3343737417668,22.569661196201416,49.44765020963418
1023141,121.6788432015927,25.34975900033181,55.53853932720537
838134,126.59232722941887,26.373401506128932,57.78122769219015
