UE ID,Internet usage,Data rate,optimal GU
1087531,115.27280762613427,80.9654244040705,96.60803171423551
706472,109.09636487034386,76.627208658932,91.43166800868734
259582,127.60619483389466,89.6281606571403,106.94441795352695
1231339,108.21690808739076,76.0094949661435,90.694611364293
279253,108.3343737417668,76.0920006043362,90.79305718076081
1023141,121.6788432015927,85.46490177254725,101.97681296265979
838134,126.59232722941887,88.9160393635204,106.09471405800886
