UE ID,Internet usage
644765,1.0758361991015355
1247574,1.056352966980818
883119,1.0298213910467604
434124,1.076359497475521
1089518,1.0674742156292447
242742,1.0205133678888876
373561,1.0172388385403408
