UE ID,Internet usage
644765,0.6721267851645725
1247574,0.6526435530482882
883119,0.6261119771142307
434124,0.6726500835385579
1089518,0.6637648016922816
242742,0.6168039539563578
373561,0.6135294246078109
