UE ID,Internet usage
644765,0.725168018248607
1247574,0.7056847861323228
883119,0.6791532101982652
434124,0.7256913166225925
1089518,0.716806034776316
242742,0.6698451870403923
373561,0.6665706576918455
