UE ID,Internet usage
644765,0.554242251148592
1247574,0.5347590190323078
883119,0.5082274430982503
434124,0.5547655495225775
1089518,0.5458802676763012
242742,0.49891941994037736
373561,0.49564489059183053
