UE ID,Internet usage
644765,1.0540725279822436
1247574,1.0345892958659593
883119,1.0080577199319019
434124,1.054595826356229
1089518,1.0457105445099526
242742,0.9987496967740289
373561,0.995475167425482
