UE ID,Internet usage
644765,0.3236249131344158
1247574,0.30414168101680156
883119,0.27761010508274403
434124,0.32414821150751466
1089518,0.31526292966168157
242742,0.2683020819244278
373561,0.2650275525763243
