UE ID,Internet usage
644765,0.32732893339505137
1247574,0.3078457012774371
883119,0.2813141253433795
434124,0.3278522317681502
1089518,0.3189669499227604
242742,0.2720061021850633
373561,0.2687315728369598
