UE ID,Internet usage
644765,0.3662160610786681
1247574,0.34673282896061053
883119,0.32020125302655295
434124,0.36673935945176694
1089518,0.35785407760593385
242742,0.31089322986868007
373561,0.30761870052013324
