UE ID,Internet usage
644765,1.0048072559383705
1247574,0.9853240238176528
883119,0.9587924478835953
434124,1.0053305543079227
1089518,0.9964452724616463
242742,0.9494844247257225
373561,0.9462098953771756
