UE ID,Internet usage
644765,0.40125923940082164
1247574,0.3817760072832074
883119,0.3552444313487065
434124,0.4017825377739204
1089518,0.3928972559280874
242742,0.3459364081908336
373561,0.3426618788427301
