UE ID,Internet usage
644765,0.7158926455235961
1247574,0.6964094134073119
883119,0.6698778374732542
434124,0.7164159438975816
1089518,0.7075306620513051
242742,0.6605698143153813
373561,0.6572952849668345
