UE ID,Internet usage
644765,0.9025673551632521
1247574,0.8830841230469678
883119,0.8565525471129103
434124,0.9030906535372376
1089518,0.8942053716909611
242742,0.8472445239550375
373561,0.8439699946064906
