UE ID,Internet usage
644765,1.0170777330445018
1247574,0.997594500923784
883119,0.9710629249897265
434124,1.0176010314140538
1089518,1.0087157495722108
242742,0.9617549018318536
373561,0.9584803724833068
