UE ID,Internet usage
644765,0.3767309655738453
1247574,0.35724773345623106
883119,0.3307161575221735
434124,0.3772542639473874
1089518,0.36836898210155433
242742,0.32140813436385723
373561,0.3181336050157538
