UE ID,Internet usage
644765,0.7548319635506183
1247574,0.7353487314343341
883119,0.7088171555002766
434124,0.7553552619246038
1089518,0.7464699800783274
242742,0.6995091323424037
373561,0.6962346029938569
