UE ID,Internet usage
644765,1.0421140795169783
1247574,1.0226308474006942
883119,0.9960992714666366
434124,1.042637377890964
1089518,1.0337520960446875
242742,0.9867912483087637
373561,0.9835167189602169
