UE ID,Internet usage
644765,0.8364464403421304
1247574,0.8169632082258462
883119,0.7904316322917885
434124,0.8369697387161159
1089518,0.8280844568698394
242742,0.7811236091339157
373561,0.7778490797853688
