UE ID,Internet usage
644765,1.0217600416308188
1247574,1.0022768095145345
883119,0.9757452335804769
434124,1.0222833400048044
1089518,1.013398058158528
242742,0.9664372104226041
373561,0.9631626810740572
