UE ID,Internet usage
644765,1.042796819962577
1247574,1.0233135878462927
883119,0.9967820119122351
434124,1.0433201183365626
1089518,1.0344348364902862
242742,0.9874739887543623
373561,0.9841994594058154
