UE ID,Internet usage
644765,0.7144391054765056
1247574,0.6949558733602214
883119,0.6684242974261638
434124,0.714962403850491
1089518,0.7060771220042147
242742,0.659116274268291
373561,0.6558417449197441
