UE ID,Internet usage
644765,0.4273436767038549
1247574,0.4078604445862406
883119,0.3813288686521831
434124,0.4278669750769537
1089518,0.418981693231564
242742,0.3720208454938668
373561,0.36874631614576336
