UE ID,Internet usage
644765,0.803144284749226
1247574,0.7836610526329417
883119,0.7571294766988842
434124,0.8036675831232114
1089518,0.794782301276935
242742,0.7478214535410114
373561,0.7445469241924645
