UE ID,Internet usage
644765,0.5769503970356977
1247574,0.5574671649194135
883119,0.530935588985356
434124,0.5774736954096832
1089518,0.5685884135634068
242742,0.521627565827483
373561,0.5183530364789363
