UE ID,Internet usage
644765,0.7732821012330731
1247574,0.7537988691167888
883119,0.7272672931827312
434124,0.7738053996070585
1089518,0.7649201177607821
242742,0.7179592700248583
373561,0.7146847406763114
