UE ID,Internet usage,Data rate,optimal GU
644765,121.91707125971729,71.84398842090484,93.58957557278352
1247574,118.64388826395194,69.91514844125739,91.07691836915737
883119,114.18658350698544,67.28852242375928,87.65527071889203
434124,122.0049853863806,71.89579495983142,93.65706280583674
1089518,120.51225803633031,71.01615205712322,92.51117144137406
242742,112.6228356164526,66.36702813112386,86.45486047391464
373561,112.07271468595123,66.04284972564983,86.03256043121061
