UE ID,Internet usage,Data rate,optimal GU
644765,121.91707125971729,107.40313420498904,114.43022138572759
1247574,118.64388826395194,104.51961585157672,111.35804247779164
883119,114.18658350698544,100.5929426132967,107.17445797356102
434124,122.0049853863806,107.48058236419243,114.51273676173744
1089518,120.51225803633031,106.1655606510529,113.11167684970178
242742,112.6228356164526,99.21535518592253,105.70673884730392
373561,112.07271468595123,98.73072484238561,105.19040049357089
