UE ID,Internet usage,Data rate,optimal GU
644765,121.91707125971729,15.965330760201073,44.11854902392406
1247574,118.64388826395194,15.536699653612754,42.93407105893654
883119,114.18658350698544,14.953004983057617,41.32109088804745
434124,122.0049853863806,15.976843324406982,44.150362810681024
1089518,120.51225803633031,15.78136712380516,43.61018444113791
242742,112.6228356164526,14.748228473583078,40.755212071761235
373561,112.07271468595123,14.676188827922184,40.55613792250031
