UE ID,Internet usage,Data rate,optimal GU
644765,121.91707125971729,63.13562618806788,87.7343184677327
1247574,118.64388826395194,61.44058499383225,85.37886097202326
883119,114.18658350698544,59.13233788754603,82.17128232028239
434124,122.0049853863806,63.18115314651852,87.797583488019
1089518,120.51225803633031,62.408133625956765,86.72338267789769
242742,112.6228356164526,58.32253987280581,81.04597350164295
373561,112.07271468595123,58.037655819510455,80.65009387286187
