UE ID,Internet usage,Data rate,optimal GU
644765,121.91707125971729,88.53501603384233,103.89383936874297
1247574,118.64388826395194,86.15806171548891,101.10453722366341
883119,114.18658350698544,82.92120945150134,97.30616428332836
434124,122.0049853863806,88.59885843534782,103.9687569833102
1089518,120.51225803633031,87.51485405019226,102.6967023487539
242742,112.6228356164526,81.78563062623344,95.97358820949752
373561,112.07271468595123,81.3861380457503,95.50479269959605
