UE ID,Internet usage,Data rate,optimal GU
644765,121.91707125971729,64.58701989354071,88.73702894966442
1247574,118.64388826395194,62.85301223506978,86.35465106565148
883119,114.18658350698544,60.49170197691491,83.11041318190321
434124,122.0049853863806,64.63359344873734,88.80101702223045
1089518,120.51225803633031,63.84280336448451,87.71453923280595
242742,112.6228356164526,59.663287915858824,81.97224327346942
373561,112.07271468595123,59.37185480386702,81.57183915917007
