UE ID,Internet usage,Data rate,optimal GU
644765,121.91707125971729,37.01053948955703,67.17303462185481
1247574,118.64388826395194,36.01689465155684,65.3695986269905
883119,114.18658350698544,34.6637842789063,62.91374331758891
434124,122.0049853863806,37.03722770657983,67.22147294647242
1089518,120.51225803633031,36.584078332457416,66.39902023390427
242742,112.6228356164526,34.189075097851685,62.052160193049716
373561,112.07271468595123,34.022074101092336,61.749058322827985
