UE ID,Internet usage,Data rate,optimal GU
644765,121.91707125971729,2.1770905582092372,16.29185393759879
1247574,118.64388826395194,2.1186408618562846,15.854456461371354
883119,114.18658350698544,2.0390461340533115,15.258824058906843
434124,122.0049853863806,2.178660453328225,16.303601956935633
1089518,120.51225803633031,2.152004607791613,16.104127874230095
242742,112.6228356164526,2.011122064579511,15.049859457275973
373561,112.07271468595123,2.0012984765348434,14.976346455732065
