UE ID,Internet usage,Data rate,optimal GU
644765,121.91707125971729,12.33684649651901,38.78236962121193
1247574,118.64388826395194,12.005631550518945,37.74115536411075
883119,114.18658350698544,11.554594759635432,36.32326664013697
434124,122.0049853863806,12.34574256885994,38.81033550096899
1089518,120.51225803633031,12.194692777485805,38.33549220597204
242742,112.6228356164526,11.39635836595056,35.82583139125503
373561,112.07271468595123,11.340691367030779,35.65083544489064
