UE ID,Internet usage,Data rate,optimal GU
644765,121.91707125971729,3.6284842636820622,21.032692993054617
1247574,118.64388826395194,3.5310681030938076,20.468015279353942
883119,114.18658350698544,3.398410223422186,19.699057154285086
434124,122.0049853863806,3.6311007555470414,21.047859620802118
1089518,120.51225803633031,3.5866743463193544,20.7903396873626
242742,112.6228356164526,3.351870107632518,19.429285013597344
373561,112.07271468595123,3.335497460891405,19.33438013669425
