UE ID,Internet usage,Data rate,optimal GU
644765,121.91707125971729,58.78144507164941,84.65495630823655
1247574,118.64388826395194,57.20330327011969,82.38217235245158
883119,114.18658350698544,55.05424561943941,79.28717560134304
434124,122.0049853863806,58.82383223986208,84.71600080737568
1089518,120.51225803633031,58.104124410373544,83.6795030692581
242742,112.6228356164526,54.30029574364679,78.20136368031886
373561,112.07271468595123,54.03505886644077,77.81937891924605
