UE ID,Internet usage,Data rate,optimal GU
644765,121.91707125971729,11.6111496437826,37.624425025882914
1247574,118.64388826395194,11.299417929900184,36.614298823311806
883119,114.18658350698544,10.874912714950995,35.238744711708016
434124,122.0049853863806,11.619522417750533,37.651555914389185
1089518,120.51225803633031,11.477357908221935,37.190890253003595
242742,112.6228356164526,10.725984344424058,34.756161635697275
373561,112.07271468595123,10.673591874852498,34.58639063077602
