UE ID,Internet usage,Data rate,optimal GU
644765,121.91707125971729,100.14616567762491,110.49672944167375
1247574,118.64388826395194,97.45747964538909,107.53015542411306
883119,114.18658350698544,93.79612216645232,103.49037992195709
434124,122.0049853863806,100.21838085309834,110.57640838546433
1089518,120.51225803633031,98.99221195841417,109.22350933347414
242742,112.6228356164526,92.51161497065749,102.0731130389042
373561,112.07271468595123,92.05972992060279,101.57452360438342
