UE ID,Internet usage,Data rate,optimal GU
644765,121.91707125971729,30.479267814929322,60.958535629858645
1247574,118.64388826395194,29.660972065987984,59.32194413197597
883119,114.18658350698544,28.54664587674636,57.09329175349272
434124,122.0049853863806,30.50124634659515,61.0024926931903
1089518,120.51225803633031,30.128064509082577,60.256129018165154
242742,112.6228356164526,28.15570890411315,56.3114178082263
373561,112.07271468595123,28.018178671487806,56.03635734297561
