UE ID,Internet usage,Data rate,optimal GU
644765,121.91707125971729,40.639023753239094,70.38885391060856
1247574,118.64388826395194,39.54796275465065,68.49908082689653
883119,114.18658350698544,38.06219450232848,65.92565472560173
434124,122.0049853863806,40.668328462126865,70.4396111553032
1089518,120.51225803633031,40.17075267877677,69.57778461792495
242742,112.6228356164526,37.5409452054842,65.02282446005789
373561,112.07271468595123,37.35757156198374,64.70521199274606
