UE ID,Internet usage,Data rate,optimal GU
644765,121.91707125971729,56.60435451344017,83.0724811404197
1247574,118.64388826395194,55.084662408263405,80.84218287393975
883119,114.18658350698544,53.0151994853861,77.80504163084505
434124,122.0049853863806,56.64517178653385,83.13238452026431
1089518,120.51225803633031,55.95211980258193,82.11526228009274
242742,112.6228356164526,52.28917367906728,76.7395270494791
373561,112.07271468595123,52.03376038990593,76.36468282010394
