UE ID,Internet usage,Data rate,optimal GU
644765,121.91707125971729,105.95174049951622,113.65441432945134
1247574,118.64388826395194,103.1071886103392,110.60306399325157
883119,114.18658350698544,99.23357852392783,106.44784310083263
434124,122.0049853863806,106.02814206197363,113.7363702727328
1089518,120.51225803633031,104.73089091252515,112.34480918148819
242742,112.6228356164526,97.87460714286954,104.99007472745352
373561,112.07271468595123,97.39652585802905,104.47723701309181
