UE ID,Internet usage,Data rate,optimal GU
644765,121.91707125971729,90.71210659205155,105.16346496527308
1247574,118.64388826395194,88.27670257734519,102.34007639676972
883119,114.18658350698544,84.96025558555463,98.49528577142543
434124,122.0049853863806,90.77751888867603,105.2392981040106
1089518,120.51225803633031,89.66685865798385,103.95169843681299
242742,112.6228356164526,83.79675269081295,97.14642506798673
373561,112.07271468595123,83.38743652228513,96.67190068347125
