UE ID,Internet usage,Data rate,optimal GU
644765,121.91707125971729,116.83719329056241,119.3501085889362
1247574,118.64388826395194,113.70039291962061,116.14584242719539
883119,114.18658350698544,109.42880919419439,111.78238617565316
434124,122.0049853863806,116.92144432861474,119.43617168457449
1089518,120.51225803633031,115.49091395148322,117.9748736933961
242742,112.6228356164526,107.93021746576709,110.25156298073541
373561,112.07271468595123,107.40301824070326,109.71302484071958
