UE ID,Internet usage,Data rate,optimal GU
644765,121.91707125971729,36.28484263682062,66.51121518511661
1247574,118.64388826395194,35.31068103093808,64.72554746588602
883119,114.18658350698544,33.98410223422186,62.293888365375814
434124,122.0049853863806,36.31100755547042,66.55917627322265
1089518,120.51225803633031,35.866743463193544,65.7448267406588
242742,112.6228356164526,33.51870107632518,61.44079395154317
373561,112.07271468595123,33.354974608914056,61.14067837947149
