UE ID,Internet usage,Data rate,optimal GU
644765,121.91707125971729,41.36472060597551,71.01454491691834
1247574,118.64388826395194,40.25417637526941,69.1079735198832
883119,114.18658350698544,38.74187654701292,66.51167207004205
434124,122.0049853863806,41.394548613236275,71.0657533459944
1089518,120.51225803633031,40.888087548040644,70.19626597762547
242742,112.6228356164526,38.211319227010705,65.60081648875585
373561,112.07271468595123,38.02467105416203,65.28038074398961
