UE ID,Internet usage,Data rate,optimal GU
644765,121.91707125971729,80.55235065374178,99.09947868071744
1247574,118.64388826395194,78.38971188868253,96.43889370147417
883119,114.18658350698544,75.44470695997252,92.81580324193153
434124,122.0049853863806,80.61043677314431,99.1709390925448
1089518,120.51225803633031,79.62417048828966,97.95758561649792
242742,112.6228356164526,74.4115163894419,91.54472119297257
373561,112.07271468595123,74.0480436317892,91.09755906169154
