UE ID,Internet usage,Data rate,optimal GU
644765,121.91707125971729,84.90653177016026,101.74259523050353
1247574,118.64388826395194,82.6269936123951,99.01104886695865
883119,114.18658350698544,79.52279922807915,95.29132570578655
434124,122.0049853863806,84.96775767980077,101.81596158774724
1089518,120.51225803633031,83.9281797038729,100.57024634051878
242742,112.6228356164526,78.43376051860092,93.98634218686566
373561,112.07271468595123,78.05064058485888,93.52725363936767
