UE ID,Internet usage,Data rate,optimal GU
644765,121.91707125971729,49.34738598607604,77.56473924242385
1247574,118.64388826395194,48.02252620207578,75.4823107282215
883119,114.18658350698544,46.21837903854173,72.64653328027394
434124,122.0049853863806,49.38297027543976,77.62067100193798
1089518,120.51225803633031,48.77877110994322,76.67098441194408
242742,112.6228356164526,45.58543346380224,71.65166278251006
373561,112.07271468595123,45.362765468123115,71.30167088978128
