UE ID,Internet usage,Data rate,optimal GU
644765,121.91707125971729,5.8055748218913,26.60448607404665
1247574,118.64388826395194,5.649708964950092,25.89021898635441
883119,114.18658350698544,5.437456357475497,24.917555346150326
434124,122.0049853863806,5.809761208875266,26.623670509289056
1089518,120.51225803633031,5.738678954110967,26.297930696263517
242742,112.6228356164526,5.362992172212029,24.576317580617268
373561,112.07271468595123,5.336795937426249,24.456271351788597
