UE ID,Internet usage,Data rate,optimal GU
644765,121.91707125971729,39.91332690050268,69.75755098869925
1247574,118.64388826395194,38.84174913403188,67.88472688487839
883119,114.18658350698544,37.38251245764404,65.33438130452981
434124,122.0049853863806,39.942108311017456,69.80785300227272
1089518,120.51225803633031,39.4534178095129,68.95375600701652
242742,112.6228356164526,36.87057118395769,64.4396483349776
373561,112.07271468595123,36.69047206980546,64.12488446751517
