UE ID,Internet usage,Data rate,optimal GU
644765,121.91707125971729,82.0037443592146,99.98828103635948
1247574,118.64388826395194,79.80213912992005,97.3038338307108
883119,114.18658350698544,76.80407104934139,93.64824863579705
434124,122.0049853863806,82.06287707536313,100.0603823615722
1089518,120.51225803633031,81.05884022681741,98.83614657371002
242742,112.6228356164526,75.7522644324949,92.365766519609
373561,112.07271468595123,75.38224261614576,91.91459388533715
