UE ID,Internet usage,Data rate,optimal GU
644765,121.91707125971729,73.29538212637766,94.53019795657785
1247574,118.64388826395194,71.32757568249492,91.99228728220918
883119,114.18658350698544,68.64788651312816,88.53625034927427
434124,122.0049853863806,73.34823526205024,94.5983634703225
1089518,120.51225803633031,72.45082179565097,93.44095532036086
242742,112.6228356164526,67.70777617417687,87.3237753765828
373561,112.07271468595123,67.37704871000639,86.89723100569996
