UE ID,Internet usage,Data rate,optimal GU
644765,121.91707125971729,50.79877969154887,78.69713110121133
1247574,118.64388826395194,49.43495344331331,76.58430056259658
883119,114.18658350698544,47.5777431279106,73.70712271381285
434124,122.0049853863806,50.835410577658585,78.75387942595522
1089518,120.51225803633031,50.21344084847097,77.7903280647597
242742,112.6228356164526,46.92618150685525,72.69772779086274
373561,112.07271468595123,46.696964452479676,72.34262625715742
