UE ID,Internet usage
440536,0.6611255900764548
547893,0.7174393020904056
1258029,0.6966966095894749
643499,0.7473016877799903
1287305,0.6904873667024326
644145,0.7739526059831631
1071471,0.7352472868340383
