UE ID,Internet usage
440536,0.6151138385503944
547893,0.6714275505643451
1258029,0.6506848580634144
643499,0.7012899362539298
1287305,0.6444756151763721
644145,0.7279408544571025
1071471,0.6892355353079778
