UE ID,Internet usage
440536,0.37415183202235786
547893,0.43046554403852527
1258029,0.40972285153670784
643499,0.4603279297267799
1287305,0.40351360864922226
644145,0.48697884792995266
1071471,0.4482735287808279
