UE ID,Internet usage
440536,0.4779092717226123
547893,0.5342229837409965
1258029,0.5134802912356323
643499,0.5640853694305812
1287305,0.50727104834859
644145,0.5907362876293205
1071471,0.5520309684801957
