UE ID,Internet usage
440536,0.5298271195817016
547893,0.5861408315956522
1258029,0.5653981390947215
643499,0.6160032172896703
1287305,0.5591888962076793
644145,0.6426541354884097
1071471,0.6039488163392849
