UE ID,Internet usage
440536,0.5586604461086707
547893,0.6149741581226216
1258029,0.5942314656216907
643499,0.6448365438122061
1287305,0.5880222227346485
644145,0.6714874620109456
1071471,0.6327821428618208
