UE ID,Internet usage
440536,0.6607836341372471
547893,0.7170973461511979
1258029,0.696354653650267
643499,0.7469597318407825
1287305,0.6901454107632248
644145,0.7736106500439554
1071471,0.7349053308948305
