UE ID,Internet usage
440536,0.940744753618522
547893,0.9970584656324727
1258029,0.9763157731315419
643499,1.0269208513220573
1287305,0.9701065302444998
644145,1.0535717695252302
1071471,1.0148664503761056
