UE ID,Internet usage
440536,0.8988501185444887
547893,0.9551638305628728
1258029,0.9344211380575086
643499,0.9850262162524575
1287305,0.9282118951704664
644145,1.0116771344511968
1071471,0.9729718153020721
