UE ID,Internet usage
440536,0.9454270622048391
547893,1.0017407742232232
1258029,0.9809980817222924
643499,1.031603159912808
1287305,0.9747888388352502
644145,1.0582540781115473
1071471,1.0195487589624224
