UE ID,Internet usage
440536,0.3321735523851069
547893,0.388487264400831
1258029,0.3677445718990135
643499,0.41834965009130226
1287305,0.361535329011528
644145,0.4450005682913717
1071471,0.4062952491422469
