UE ID,Internet usage
440536,0.6133266543473715
547893,0.6696403663613223
1258029,0.6488976738603915
643499,0.699502752050907
1287305,0.6426884309733494
644145,0.7261536702540797
1071471,0.687448351104955
