UE ID,Internet usage
440536,0.6394946564153673
547893,0.695808368429318
1258029,0.6750656759283872
643499,0.7256707541189026
1287305,0.668856433041345
644145,0.7523216723220755
1071471,0.7136163531729506
