UE ID,Internet usage
440536,0.9284742765123908
547893,0.9847879885263415
1258029,0.9640452960254107
643499,1.014650374215926
1287305,0.9578360531383685
644145,1.041301292419099
1071471,1.0025959732699743
