UE ID,Internet usage
440536,0.5261847906001108
547893,0.5824985026140614
1258029,0.5617558101131307
643499,0.6123608883036461
1287305,0.5555465672260885
644145,0.6390118065068189
1071471,0.6003064873576941
