UE ID,Internet usage
440536,0.9710686033623077
547893,1.0273823153806918
1258029,1.0066396228753276
643499,1.0572447010702766
1287305,1.0004303799882854
644145,1.083895619269016
1071471,1.045190300119891
