UE ID,Internet usage
440536,0.8073937732425733
547893,0.8637074852609576
1258029,0.8429647927555932
643499,0.8935698709505422
1287305,0.836755549868551
644145,0.9202207891492815
1071471,0.8815154700001568
