UE ID,Internet usage
440536,0.7304602721300488
547893,0.7867739841484329
1258029,0.7660312916430687
643499,0.8166363698380177
1287305,0.7598220487560265
644145,0.843287288036757
1071471,0.8045819688876321
