UE ID,Internet usage
440536,1.0113166318771831
547893,1.0676303438911339
1258029,1.046887651390203
643499,1.0974927295807184
1287305,1.0406784085031608
644145,1.1241436477838913
1071471,1.0854383286347664
