UE ID,Internet usage
440536,0.4285183923572493
547893,0.48483210437474683
1258029,0.46408941186938263
643499,0.5146944900643314
1287305,0.45788016898234046
644145,0.5413454082630709
1071471,0.5026400891139461
