UE ID,Internet usage
440536,0.7009687022003439
547893,0.7572824142142947
1258029,0.7365397217133639
643499,0.7871447999038793
1287305,0.7303304788263217
644145,0.8137957181070521
1071471,0.7750903989579273
