UE ID,Internet usage
440536,0.960748624948716
547893,1.0170623369626668
1258029,0.996319644461736
643499,1.046924722656685
1287305,0.9901104015746939
644145,1.0735756408554242
1071471,1.0348703217062993
