UE ID,Internet usage,Data rate,optimal GU
440536,109.09313071621828,78.57302867060959,92.58389540050676
547893,118.55383433491447,85.3869878245515,100.61289583800496
1258029,115.06906199456918,82.8771220318028,97.65547958516711
643499,123.570715130872,89.00033649306852,104.87056416047699
1287305,114.02590918949609,82.12580364243468,96.7701887372689
644145,128.04806938848802,92.22509759528006,108.67035334552152
1071471,121.5455757714343,87.54175397823542,103.15189233031973
