UE ID,Internet usage,Data rate,optimal GU
440536,109.09313071621828,55.19592923141996,77.59830360675697
547893,118.55383433491447,59.9825947527841,84.32773328686048
1258029,115.06906199456918,58.219465890109404,81.84900323033693
643499,123.570715130872,62.52089753645309,87.89625713990034
1287305,114.02590918949609,57.69168024468552,81.10700520035219
644145,128.04806938848802,64.7862255834612,91.08101398716023
1071471,121.5455757714343,61.49627345578521,86.45576883575198
