UE ID,Internet usage,Data rate,optimal GU
440536,109.09313071621828,77.92366479729878,92.2005235864661
547893,118.55383433491447,84.68131023922463,100.19627750253267
1258029,115.06906199456918,82.192187138978,97.2511073323296
643499,123.570715130872,88.26479652205144,104.43631565270195
1287305,114.02590918949609,81.44707799249721,96.36948230079008
644145,128.04806938848802,91.46290670606288,108.22037065345297
1071471,121.5455757714343,86.81826840816737,102.724760506655
