UE ID,Internet usage,Data rate,optimal GU
440536,109.09313071621828,50.6503821182442,74.33443856821695
547893,118.55383433491447,55.04285165549601,80.78082146454656
1258029,115.06906199456918,53.4249216403357,78.40634936206882
643499,123.570715130872,57.37211773933343,84.19924950747495
1287305,114.02590918949609,52.94060069512319,77.69556053790647
644145,128.04806938848802,59.45088935894087,87.25005218245423
1071471,121.5455757714343,56.43187446530879,82.81934963368921
