UE ID,Internet usage,Data rate,optimal GU
440536,109.09313071621828,32.46819366554116,59.51518206033123
547893,118.55383433491447,35.2838792663436,64.67641901988098
1258029,115.06906199456918,34.24674464124083,62.77531984972375
643499,123.570715130872,36.77699855085476,67.41335187702927
1287305,114.02590918949609,33.93628249687384,62.20623333893173
644145,128.04806938848802,38.10954446085953,69.85594887686953
1071471,121.5455757714343,36.174278503403066,66.30854778090337
