UE ID,Internet usage,Data rate,optimal GU
440536,109.09313071621828,79.87175641723124,93.34591562226466
547893,118.55383433491447,86.79834299520523,101.4409994824511
1258029,115.06906199456918,84.24699181745243,98.45924194456505
643499,123.570715130872,90.47141643510271,105.73371093359283
1287305,114.02590918949609,83.48325494230963,97.56666462934638
644145,128.04806938848802,93.74947937371444,109.56477463117429
1071471,121.5455757714343,88.98872511837153,104.00089341769312
