UE ID,Internet usage,Data rate,optimal GU
440536,109.09313071621828,85.71603127702865,96.7007249434064
547893,118.55383433491447,93.14944126314708,105.08674239836814
1258029,115.06906199456918,90.41140585287579,101.99782186449238
643499,123.570715130872,97.09127617425658,109.53373192684471
1287305,114.02590918949609,89.59178579174693,101.07316573064546
644145,128.04806938848802,100.60919737666916,113.50248229359488
1071471,121.5455757714343,95.5000952489841,107.7386377455395
