UE ID,Internet usage,Data rate,optimal GU
440536,109.09313071621828,81.17048416385289,94.10176533511967
547893,118.55383433491447,88.20969816585898,102.26239750312943
1258029,115.06906199456918,85.61686160310207,99.25649578535301
643499,123.570715130872,91.9424963771369,106.58986831889987
1287305,114.02590918949609,84.84070624218458,98.35669100546262
644145,128.04806938848802,95.27386115214881,110.45195328159446
1071471,121.5455757714343,90.43569625850766,104.84301966287914
