UE ID,Internet usage,Data rate,optimal GU
440536,109.09313071621828,38.96183239864939,65.1956154569404
547893,118.55383433491447,42.340655119612315,70.84946727168996
1258029,115.06906199456918,41.096093569489,68.76691747259103
643499,123.570715130872,44.13239826102572,73.84762700016434
1287305,114.02590918949609,40.72353899624861,68.14351443432564
644145,128.04806938848802,45.73145335303144,76.52335795157825
1071471,121.5455757714343,43.409134204083685,72.6373747500198
