UE ID,Internet usage,Data rate,optimal GU
440536,109.09313071621828,85.06666740371783,96.33373794609474
547893,118.55383433491447,92.44376367782021,104.68792979305819
1258029,115.06906199456918,89.72647096005097,101.61073196004455
643499,123.570715130872,96.35573620323949,109.11804264005086
1287305,114.02590918949609,88.91306014180945,100.68958497029456
644145,128.04806938848802,99.84700648745198,113.07173128124494
1071471,121.5455757714343,94.77660967891603,107.3297609849586
