UE ID,Internet usage,Data rate,optimal GU
440536,109.09313071621828,59.74147634459573,80.73032074778871
547893,118.55383433491447,64.92233785007221,87.73136318394242
1258029,115.06906199456918,63.014010139883126,85.15258680341204
643499,123.570715130872,67.66967733357276,91.44391953970995
1287305,114.02590918949609,62.44275979424786,84.38064030238468
644145,128.04806938848802,70.12156180798154,94.75721931345163
1071471,121.5455757714343,66.56067244626165,89.94529035038308
