UE ID,Internet usage,Data rate,optimal GU
440536,109.09313071621828,102.59949198311006,105.79650178683139
547893,118.55383433491447,111.49705848164577,114.97131729289399
1258029,115.06906199456918,108.21971306632103,111.59184948670303
643499,123.570715130872,116.21531542070106,119.8365955611886
1287305,114.02590918949609,107.23865269012133,110.58021917706478
644145,128.04806938848802,120.42616049631613,124.178650964735
1071471,121.5455757714343,114.3107200707537,117.87265284130585
