UE ID,Internet usage,Data rate,optimal GU
440536,109.09313071621828,67.5338428243256,85.83401623483951
547893,118.55383433491447,73.39046887399466,93.2776580358301
1258029,115.06906199456918,71.23322885378091,90.53585382073254
643499,123.570715130872,76.4961569857779,97.22491873741025
1287305,114.02590918949609,70.58746759349758,89.71510558279833
644145,128.04806938848802,79.26785247858781,100.74768222869767
1071471,121.5455757714343,75.24249928707837,95.63154761024039
