UE ID,Internet usage,Data rate,optimal GU
440536,109.09313071621828,79.22239254392042,92.9656862796455
547893,118.55383433491447,86.09266540987836,101.02779613776568
1258029,115.06906199456918,83.56205692462763,98.0581843022483
643499,123.570715130872,89.73587646408562,105.30302192986983
1287305,114.02590918949609,82.80452929237217,97.16924275495306
644145,128.04806938848802,92.98728848449726,109.11848041514442
1071471,121.5455757714343,88.26523954830348,103.57726276312829
