UE ID,Internet usage,Data rate,optimal GU
440536,109.09313071621828,34.41628528547362,61.27463022666749
547893,118.55383433491447,37.400912022324206,66.58844890721915
1258029,115.06906199456918,36.30154931971528,64.63114751549155
643499,123.570715130872,38.98361846390605,69.40629374901052
1287305,114.02590918949609,35.972459446686265,64.04523709215759
644145,128.04806938848802,40.3961171285111,71.9211012783945
1071471,121.5455757714343,38.344735213607244,68.26882831381452
