UE ID,Internet usage,Data rate,optimal GU
440536,109.09313071621828,49.35165437162255,73.37524433639076
547893,118.55383433491447,53.63149648484225,79.73844461360866
1258029,115.06906199456918,52.055051854686056,77.3946121444987
643499,123.570715130872,55.90103779729923,83.11276205956683
1287305,114.02590918949609,51.58314939524823,76.69299517329327
644145,128.04806938848802,57.92650758050648,86.12419788945189
1071471,121.5455757714343,54.98490332517265,81.75066809142763
