UE ID,Internet usage,Data rate,optimal GU
440536,109.09313071621828,103.24885585642087,106.13077276758378
547893,118.55383433491447,112.20273606697262,115.33457670450784
1258029,115.06906199456918,108.90464795914583,111.94443124831035
643499,123.570715130872,116.95085539171815,120.21522713833639
1287305,114.02590918949609,107.9173783400588,110.92960462641177
644145,128.04806938848802,121.18835138553331,124.5710015504862
1071471,121.5455757714343,115.03420564082175,118.2450792127235
