UE ID,Internet usage,Data rate,optimal GU
440536,109.09313071621828,90.91094226351524,99.58794760355413
547893,118.55383433491447,98.79486194576207,108.22434890660521
1258029,115.06906199456918,95.89088499547432,105.04320154230992
643499,123.570715130872,102.97559594239334,112.80411354037257
1287305,114.02590918949609,95.02159099124674,104.09093767187103
644145,128.04806938848802,106.70672449040669,116.89136008176938
1071471,121.5455757714343,101.2879798095286,110.95542269161325
