UE ID,Internet usage
886777,0.731565876427344
633667,0.7286508807835678
987510,0.6279353543870728
167203,0.8023334920579791
452882,0.6864116021609086
914874,0.728640603113937
715398,0.7176808842675299
