UE ID,Internet usage
886777,0.4270454484355302
633667,0.42413045279086725
987510,0.3234149263970324
167203,0.49781306406527864
452882,0.3818911741726415
914874,0.4241201751234533
715398,0.4131604562783761
