UE ID,Internet usage
886777,1.026216100329173
633667,1.0233011046853968
987510,0.9225855782933351
167203,1.0969837159598081
452882,0.9810618260671709
914874,1.0232908270201992
715398,1.0123311081737922
