UE ID,Internet usage
886777,0.7907384950960129
633667,0.7878234994522367
987510,0.6871079730557418
167203,0.8615061107266481
452882,0.7455842208340109
914874,0.7878132217826059
715398,0.7768535029361988
