UE ID,Internet usage
886777,1.064383524175455
633667,1.0614685285316787
987510,0.9607530021351839
167203,1.13515113980609
452882,1.019229249913453
914874,1.061458250862048
715398,1.0504985320200741
