UE ID,Internet usage
886777,0.7927683689744333
633667,0.789853373330657
987510,0.6891378469341621
167203,0.8635359846050683
452882,0.7476140947124312
914874,0.7898430956610263
715398,0.778883376814619
