UE ID,Internet usage
886777,0.6537868622472391
633667,0.6508718666034629
987510,0.5501563402069679
167203,0.7245544778778742
452882,0.6086325879808037
914874,0.6508615889338322
715398,0.6399018700874249
