UE ID,Internet usage
886777,0.9122529375061676
633667,0.9093379418623913
987510,0.8086224154703296
167203,0.9830205531368026
452882,0.8670986632441656
914874,0.909327664197194
715398,0.8983679453507868
