UE ID,Internet usage
886777,1.0371737520606392
633667,1.0342587564168628
987510,0.933543230020368
167203,1.1079413676912742
452882,0.9920194777986372
914874,1.0342484787472321
715398,1.0232887599052582
