UE ID,Internet usage
886777,1.078303289708866
633667,1.0753882940650896
987510,0.9746727676730282
167203,1.149070905339501
452882,1.0331490154468639
914874,1.0753780163998923
715398,1.0644182975534853
