UE ID,Internet usage
886777,1.013815517246988
633667,1.0109005216032119
987510,0.9101849952067168
167203,1.0845831328776232
452882,0.9686612429849859
914874,1.010890243933581
715398,0.9999305250916072
