UE ID,Internet usage
886777,0.6791430135717977
633667,0.6762280179280215
987510,0.5755124915315265
167203,0.7499106292024329
452882,0.6339887393097957
914874,0.6762177402583908
715398,0.665258021416417
