UE ID,Internet usage
886777,0.716378483140672
633667,0.7134634874968956
987510,0.6127479611004006
167203,0.7871460987713069
452882,0.6712242088786698
914874,0.7134532098272648
715398,0.7024934909852911
