UE ID,Internet usage
886777,1.0612616273486988
633667,1.0583466317049226
987510,0.9576311053084275
167203,1.132029242979334
452882,1.0161073530866966
914874,1.0583363540352917
715398,1.047376635193318
