UE ID,Internet usage
886777,0.3611464209905683
633667,0.3582314253459054
987510,0.25751589895207055
167203,0.4319140366207601
452882,0.31599214672767967
914874,0.3582211476784914
715398,0.3472614288334142
