UE ID,Internet usage
886777,0.6926265583958883
633667,0.689711562752112
987510,0.5889960363600506
167203,0.7633941740265233
452882,0.6474722841338862
914874,0.6897012850869148
715398,0.6787415662405075
