UE ID,Internet usage
886777,0.6649551090540914
633667,0.6620401134103151
987510,0.5613245870182536
167203,0.7357227246847265
452882,0.6198008347920894
914874,0.6620298357451179
715398,0.6510701168987106
