UE ID,Internet usage
886777,0.35724471505814726
633667,0.35432971941392766
987510,0.25361419301964944
167203,0.42801233068878236
452882,0.3120904407952586
914874,0.35431944174607033
715398,0.34335972290099315
