UE ID,Internet usage
886777,0.7244494166333165
633667,0.7215344209895402
987510,0.6208188945930454
167203,0.7952170322639516
452882,0.6792951423668812
914874,0.7215241433199097
715398,0.7105644244735023
