UE ID,Internet usage
886777,0.4114134564114566
633667,0.40849846076723695
987510,0.3077829343729587
167203,0.4821810720416483
452882,0.3662591821485679
914874,0.4084881830993796
715398,0.39752846425430244
