UE ID,Internet usage
886777,0.8073087229559853
633667,0.804393727312209
987510,0.7036782009201475
167203,0.8780763385866204
452882,0.7621544486939833
914874,0.8043834496470117
715398,0.7934237308006046
