UE ID,Internet usage,Data rate,optimal GU
886777,118.00836862244505,36.52639981170918,65.65379542289223
633667,117.51864935422991,36.37482003821402,65.38134077390956
987510,100.59844091996723,31.137612665704143,55.9678058185209
167203,129.89732804838334,40.206315824499605,72.26820183366908
452882,110.42245054631566,34.17837755005009,61.43338021608213
914874,117.51692270603164,36.37428559948598,65.38038015553224
715398,115.6756899401127,35.804380219558695,64.35601280980337
