UE ID,Internet usage,Data rate,optimal GU
886777,118.00836862244505,14.048615312195839,40.71675545026313
633667,117.51864935422991,13.990315399313083,40.547786249892326
987510,100.59844091996723,11.97600487142467,34.709759701202984
167203,129.89732804838334,15.463967624807541,44.818836168392465
452882,110.42245054631566,13.14552982694234,38.099365050098385
914874,117.51692270603164,13.990109845956146,40.547190499664964
715398,115.6756899401127,13.770915469061036,39.91190484041831
