UE ID,Internet usage,Data rate,optimal GU
886777,118.00836862244505,80.77953804512607,97.63534965769345
633667,117.51864935422991,80.44431354605024,97.23017574888983
987510,100.59844091996723,68.86202801069186,83.23107987081937
167203,129.89732804838334,88.91781384264335,107.47179366728241
452882,110.42245054631566,75.58679650491845,91.35906796273035
914874,117.51692270603164,80.44313161424785,97.22874719002962
715398,115.6756899401127,79.18276394710095,95.70538569456781
