UE ID,Internet usage,Data rate,optimal GU
886777,118.00836862244505,101.15003024781004,109.2545196120281
633667,117.51864935422991,100.7302708750542,108.80112767026861
987510,100.59844091996723,86.22723507425762,93.13605860948718
167203,129.89732804838334,111.34056689861428,120.26155721394211
452882,110.42245054631566,94.64781475398485,102.23132418191959
914874,117.51692270603164,100.72879089088426,108.79952910466143
715398,115.6756899401127,99.15059137723945,107.09487880161386
