UE ID,Internet usage,Data rate,optimal GU
886777,118.00836862244505,103.25732254463942,110.38672103932844
633667,117.51864935422991,102.82881818495117,109.92863060998775
987510,100.59844091996723,88.02363580497133,94.10122489153433
167203,129.89732804838334,113.66016204233543,121.50782425360785
452882,110.42245054631566,96.6196442280262,103.29074443807555
914874,117.51692270603164,102.82730736777769,109.9270154784914
715398,115.6756899401127,101.21622869759862,108.2046999336487
