UE ID,Internet usage,Data rate,optimal GU
886777,118.00836862244505,55.49203048317357,80.92295094017707
633667,117.51864935422991,55.26174582728669,80.58713129637685
987510,100.59844091996723,47.30521924212745,68.9842830153018
167203,129.89732804838334,61.082672117989794,89.0756751205533
452882,110.42245054631566,51.92484281642225,75.72099040570983
914874,117.51692270603164,55.26093389152679,80.58594726621806
715398,115.6756899401127,54.3951161027911,79.32334199063284
