UE ID,Internet usage,Data rate,optimal GU
886777,118.00836862244505,19.668061437074176,48.176714750542565
633667,117.51864935422991,19.586441559038317,47.97678769648652
987510,100.59844091996723,16.76640681999454,41.06914152890655
167203,129.89732804838334,21.649554674730556,53.0303621115761
452882,110.42245054631566,18.403741757719278,45.07977666436383
914874,117.51692270603164,19.586153784338606,47.97608279531134
715398,115.6756899401127,19.279281656685452,47.22440266627889
