UE ID,Internet usage,Data rate,optimal GU
886777,118.00836862244505,35.82396904609939,65.01944435867749
633667,117.51864935422991,35.67530426824837,64.74962218349805
987510,100.59844091996723,30.53881242213291,55.42704138968541
167203,129.89732804838334,39.43311744325923,71.56994196237322
452882,110.42245054631566,33.52110105870297,60.83980706669506
914874,117.51692270603164,35.67478010718818,64.74867084667537
715398,115.6756899401127,35.115834446105644,63.734201002099695
