UE ID,Internet usage,Data rate,optimal GU
886777,118.00836862244505,106.0670456070786,111.87850113714352
633667,117.51864935422991,105.62688126481379,111.41422001585134
987510,100.59844091996723,90.41883677925627,95.37292073639232
167203,129.89732804838334,116.75295556729694,123.14989634564657
452882,110.42245054631566,99.24875019341468,104.68662861137506
914874,117.51692270603164,105.62532933696892,111.41258305726383
715398,115.6756899401127,103.97041179141083,109.66699192249725
