UE ID,Internet usage,Data rate,optimal GU
886777,118.00836862244505,68.83821502975961,90.13038030843434
633667,117.51864935422991,68.55254545663412,89.75635103912197
987510,100.59844091996723,58.68242386998089,76.83332838504882
167203,129.89732804838334,75.77344136155695,99.21072305903783
452882,110.42245054631566,64.41309615201747,84.33653967516823
914874,117.51692270603164,68.55153824518513,89.75503228977745
715398,115.6756899401127,67.47748579839909,88.34876753613472
