UE ID,Internet usage,Data rate,optimal GU
886777,118.00836862244505,11.23889224975667,36.41817320400936
633667,117.51864935422991,11.192252319450468,36.26704255675621
987510,100.59844091996723,9.580803897139736,31.045352869829063
167203,129.89732804838334,12.371174099846034,40.087185737980704
452882,110.42245054631566,10.516423861553871,34.077108060639866
914874,117.51692270603164,11.192087876764917,36.26650970155381
715398,115.6756899401127,11.016732375248829,35.698292933871286
