UE ID,Internet usage,Data rate,optimal GU
886777,118.00836862244505,88.5062764668338,102.19824508619585
633667,117.51864935422991,88.13898701567244,101.77413575919883
987510,100.59844091996723,75.44883068997542,87.12080541779962
167203,129.89732804838334,97.42299603628751,112.49438597362088
452882,110.42245054631566,82.81683790973675,95.62864732124024
914874,117.51692270603164,88.13769202952373,101.77264043799572
715398,115.6756899401127,86.75676745508453,100.17808608842964
