UE ID,Internet usage,Data rate,optimal GU
886777,118.00836862244505,47.76529206146585,75.07798740608469
633667,117.51864935422991,47.567072357664486,74.7664235951383
987510,100.59844091996723,40.71841656284388,64.00163453343879
167203,129.89732804838334,52.577489924345635,82.64185051572414
452882,110.42245054631566,44.694801411603954,70.25175797480257
914874,117.51692270603164,47.566373476250895,74.76532508599698
715398,115.6756899401127,46.82111259480752,73.59391621029594
