UE ID,Internet usage,Data rate,optimal GU
886777,118.00836862244505,68.13578426414982,89.66935232186738
633667,117.51864935422991,67.85302968666845,89.29723625829493
987510,100.59844091996723,58.08362362640965,76.44031645538226
167203,129.89732804838334,75.00024298031657,98.7032480018902
452882,110.42245054631566,63.75581966067035,83.90514789642046
914874,117.51692270603164,67.85203275288731,89.29592425451558
715398,115.6756899401127,66.78894002494603,87.89685271814025
