UE ID,Internet usage,Data rate,optimal GU
886777,118.00836862244505,96.23301488854149,106.56594716238507
633667,117.51864935422991,95.83366048529463,106.12371244403231
987510,100.59844091996723,82.03563336925899,90.84413474093687
167203,129.89732804838334,105.92817822993165,117.30211983208595
452882,110.42245054631566,90.04687931455503,99.71558091873861
914874,117.51692270603164,95.83225244479961,106.12215321647231
715398,115.6756899401127,94.33077096306809,104.45945152898157
