UE ID,Internet usage,Data rate,optimal GU
886777,118.00836862244505,23.180215265123135,52.30161936072609
633667,117.51864935422991,23.08402040886659,52.08457449298669
987510,100.59844091996723,19.760408037850706,44.585493611153055
167203,129.89732804838334,25.515546580932444,57.570837448808994
452882,110.42245054631566,21.690124214454862,48.939520516797934
914874,117.51692270603164,23.083681245827645,52.08380923796376
715398,115.6756899401127,22.72201052395071,51.26777003327237
