UE ID,Internet usage,Data rate,optimal GU
886777,118.00836862244505,17.560769140244798,45.52271650501171
633667,117.51864935422991,17.487894249141355,45.33380319594526
987510,100.59844091996723,14.970006089280838,38.80669108728633
167203,129.89732804838334,19.329959531009425,50.10898217247588
452882,110.42245054631566,16.431912283677924,42.59638507579983
914874,117.51692270603164,17.487637307445183,45.33313712694226
715398,115.6756899401127,17.213644336326297,44.62286616733912
