UE ID,Internet usage,Data rate,optimal GU
886777,118.00836862244505,89.91113799805336,103.00614892392495
633667,117.51864935422991,89.53801855560374,102.57868690185367
987510,100.59844091996723,76.64643117711789,87.80951815434149
167203,129.89732804838334,98.96939279876827,113.38368349604325
452882,110.42245054631566,84.13139089243097,96.38461677162083
914874,117.51692270603164,89.53670301411934,102.57717975974565
715398,115.6756899401127,88.13385900199063,100.9700200412968
