UE ID,Internet usage,Data rate,optimal GU
886777,118.00836862244505,38.633692108538554,67.52110025459052
633667,117.51864935422991,38.47336734811098,67.24089653521236
987510,100.59844091996723,32.93401339641784,57.559624746144316
167203,129.89732804838334,42.525910968220735,74.32363155548383
452882,110.42245054631566,36.150207024091436,63.1806493109782
914874,117.51692270603164,38.4728020763794,67.23990859522588
715398,115.6756899401127,37.870017539917846,66.18640651201851
