UE ID,Internet usage,Data rate,optimal GU
886777,118.00836862244505,113.7937840287863,115.88191753941558
633667,117.51864935422991,113.32155473443599,115.40102276458539
987510,100.59844091996723,97.00563945853983,98.78570792363418
167203,129.89732804838334,125.25813776094108,127.55664393304865
452882,110.42245054631566,106.47879159823296,108.43269386807344
914874,117.51692270603164,113.3198897522448,115.39932722971386
715398,115.6756899401127,111.5444152993944,113.59127254645891
