UE ID,Internet usage
208086,0.6019849945452839
692274,0.5136447786475996
1238498,0.6303009647581692
938134,0.5950148851688005
131484,0.5422828999165763
991589,0.5102080760418044
480488,0.5331810407592383
