UE ID,Internet usage
208086,1.0319137884620941
692274,0.9435735725688432
1238498,1.0602297586749794
938134,1.0249436790900441
131484,0.9722116938378199
991589,0.9401368699630479
480488,0.9631098346804818
