UE ID,Internet usage
208086,0.47443055611488694
692274,0.3860903402220795
1238498,0.5027465263277724
938134,0.4674604467428371
131484,0.41472846148928283
991589,0.38265363761539756
480488,0.4056266023319448
