UE ID,Internet usage
208086,1.0443619040068022
692274,0.9560216881135513
1238498,1.0726778742196874
938134,1.0373917946303188
131484,0.9846598093780946
991589,0.9525849855033226
480488,0.9755579502207565
