UE ID,Internet usage
208086,1.037938975054581
692274,0.9495987591613303
1238498,1.0662549452674666
938134,1.0309688656825313
131484,0.9782368804258734
991589,0.9461620565555351
480488,0.9691350212685355
