UE ID,Internet usage
208086,0.7182383094431795
692274,0.6298980935499287
1238498,0.7465542796560648
938134,0.7112682000711296
131484,0.6585362148144719
991589,0.6264613909441334
480488,0.6494343556571339
