UE ID,Internet usage
208086,1.0453070829944833
692274,0.956966867096799
1238498,1.0736230532073687
938134,1.038336973618
131484,0.9856049883657757
991589,0.9535301644910038
480488,0.9765031292084376
