UE ID,Internet usage
208086,0.8108363274085936
692274,0.7224961115109093
1238498,0.839152297621479
938134,0.8038662180321103
131484,0.7511342327798861
991589,0.7190594089051142
480488,0.7420323736225479
