UE ID,Internet usage
208086,1.0892747341443638
692274,1.000934518251113
1238498,1.1175907043572493
938134,1.0823046247723138
131484,1.0295726395156561
991589,0.9974978156453178
480488,1.0204707803627515
