UE ID,Internet usage
208086,0.7431757202352436
692274,0.654835504341993
1238498,0.771491690448129
938134,0.7362056108631938
131484,0.6834736256109696
991589,0.6513988017361977
480488,0.6743717664536315
