UE ID,Internet usage
208086,1.0520770215522544
692274,0.9637368056590037
1238498,1.0803929917651398
938134,1.0451069121802046
131484,0.9923749269279803
991589,0.9603001030532083
480488,0.9832730677706423
