UE ID,Internet usage
208086,1.0447307823784366
692274,0.956390566485186
1238498,1.073046752591322
938134,1.0377606730063869
131484,0.9850286877497292
991589,0.9529538638793906
480488,0.9759268285968246
