UE ID,Internet usage
208086,0.40872187049665737
692274,0.32038165460251994
1238498,0.4370378407095428
938134,0.4017517611228342
131484,0.3490197758697232
991589,0.31694495199628137
480488,0.3399179167128285
