UE ID,Internet usage
208086,0.787853243166533
692274,0.6995130272732825
1238498,0.8161692133794185
938134,0.7808831337944833
131484,0.7281511485378256
991589,0.6960763246674871
480488,0.7190492893804876
