UE ID,Internet usage
208086,0.3691812063320546
692274,0.28084099043747385
1238498,0.39749717654494005
938134,0.3622110969582314
131484,0.3094791117046771
991589,0.2774042878312352
480488,0.3003772525477824
