UE ID,Internet usage
208086,0.8411049674860758
692274,0.752764751592825
1238498,0.8694209376989612
938134,0.834134858114026
131484,0.7814028728573682
991589,0.7493280489870298
480488,0.7723010137044636
