UE ID,Internet usage
208086,0.5370154681329037
692274,0.44867525223965293
1238498,0.5653314383457891
938134,0.5300453587608538
131484,0.4773133735086296
991589,0.44523854963385767
480488,0.4682115143512916
