UE ID,Internet usage
208086,0.7116256810518842
692274,0.6232854651586334
1238498,0.7399416512647696
938134,0.7046555716798343
131484,0.6519235864276101
991589,0.6198487625528382
480488,0.6428217272702721
