UE ID,Internet usage
208086,1.0329064999122983
692274,0.9445662840146143
1238498,1.0612224701251838
938134,1.025936390535815
131484,0.9732044052835908
991589,0.9411295814088189
480488,0.9641025461262528
