UE ID,Internet usage
208086,0.7627622761113542
692274,0.6744220602136699
1238498,0.7910782463242396
938134,0.7557921667348708
131484,0.7030601814826466
991589,0.6709853576078747
480488,0.6939583223253085
