UE ID,Internet usage
208086,0.4043314273469158
692274,0.315991211452335
1238498,0.43264739755980125
938134,0.3973613179730926
131484,0.3446293327195383
991589,0.3125545088460964
480488,0.3355274735626436
