UE ID,Internet usage,Data rate,optimal GU
208086,121.2156537098093,6.49369573445407,28.055972152902672
692274,106.3744974395654,5.698633791405289,24.620911958188366
1238498,125.97273670557537,6.748539466370109,29.157022916344285
938134,120.04467533501408,6.430964750090039,27.78494332395657
131484,111.18570181246925,5.9563768828108525,25.734489386325357
991589,105.79713140168806,5.667703467947574,24.487277687490142
480488,109.65658947410479,5.874460150398471,25.38056865190835
