UE ID,Internet usage,Data rate,optimal GU
208086,121.2156537098093,63.493913847995344,87.72944929542798
692274,106.3744974395654,55.71997484929616,76.98820897994123
1238498,125.97273670557537,65.98571922672996,91.17237319756943
938134,120.04467533501408,62.88054422310261,86.88195736832445
131484,111.18570181246925,58.24012952081722,80.47030305908615
991589,105.79713140168806,55.41754501993184,76.57034212038427
480488,109.65658947410479,57.43916591500727,79.36361279879429
