UE ID,Internet usage,Data rate,optimal GU
208086,121.2156537098093,56.27869636526861,82.59454564226323
692274,106.3744974395654,49.38815952551251,72.48200224187711
1238498,125.97273670557537,58.487342041874285,85.83595132373124
938134,120.04467533501408,55.73502783411368,81.7966583738856
131484,111.18570181246925,51.621932984360726,75.76028542569254
991589,105.79713140168806,49.12009672221232,72.08859360109284
480488,109.65658947410479,50.91198797012009,74.71837099502385
