UE ID,Internet usage,Data rate,optimal GU
208086,121.2156537098093,15.873478461998836,43.86472464771399
692274,106.3744974395654,13.92999371232404,38.49410448997062
1238498,125.97273670557537,16.49642980668249,45.586186598784714
938134,120.04467533501408,15.720136055775653,43.440978684162225
131484,111.18570181246925,14.560032380204305,40.235151529543074
991589,105.79713140168806,13.85438625498296,38.285171060192134
480488,109.65658947410479,14.359791478751818,39.681806399397146
