UE ID,Internet usage,Data rate,optimal GU
208086,121.2156537098093,90.91174028235699,104.9758354490323
692274,106.3744974395654,79.78087307967405,92.12301709746636
1238498,125.97273670557537,94.47955252918153,109.09559017127668
938134,120.04467533501408,90.03350650126056,103.9617384291774
131484,111.18570181246925,83.38927635935194,96.28964230719988
991589,105.79713140168806,79.34784855126605,91.62300344138222
480488,109.65658947410479,82.2424421055786,94.96539217693604
