UE ID,Internet usage,Data rate,optimal GU
208086,121.2156537098093,82.25347930308489,99.85193670445108
692274,106.3744974395654,72.18269469113368,87.62646787131689
1238498,125.97273670557537,85.48149990735472,103.77060509135939
938134,120.04467533501408,81.45888683447384,98.88733803271309
131484,111.18570181246925,75.44744051560414,91.5897189846217
991589,105.79713140168806,71.79091059400261,87.1508600161842
480488,109.65658947410479,74.40982857171397,90.33010585915945
