UE ID,Internet usage,Data rate,optimal GU
208086,121.2156537098093,25.97478293781628,56.111944305805345
692274,106.3744974395654,22.794535165621156,49.24182391637673
1238498,125.97273670557537,26.994157865480435,58.31404583268857
938134,120.04467533501408,25.723859000360157,55.56988664791314
131484,111.18570181246925,23.82550753124341,51.468978772650715
991589,105.79713140168806,22.670813871790298,48.974555374980284
480488,109.65658947410479,23.497840601593882,50.7611373038167
