UE ID,Internet usage,Data rate,optimal GU
208086,121.2156537098093,46.89891363772384,75.39815962526264
692274,106.3744974395654,41.15679960459376,66.16671273502686
1238498,125.97273670557537,48.7394517015619,78.35714464153837
938134,120.04467533501408,46.44585652842806,74.66979153320163
131484,111.18570181246925,43.018277486967264,69.15936215113614
991589,105.79713140168806,40.93341393517693,65.80758142356854
480488,109.65658947410479,42.42665664176673,68.20822875669047
