UE ID,Internet usage,Data rate,optimal GU
208086,121.2156537098093,33.19000042054302,63.4282870461198
692274,106.3744974395654,29.126350489404814,55.66238312863614
1238498,125.97273670557537,34.492535050336116,65.9175169147308
938134,120.04467533501408,32.869375389349095,62.81555139516897
131484,111.18570181246925,30.443704067699915,58.179932988431155
991589,105.79713140168806,28.968262169509828,55.36026588832626
480488,109.65658947410479,30.025018546481075,57.37979725220243
