UE ID,Internet usage,Data rate,optimal GU
208086,121.2156537098093,78.64587056172151,97.63764956058765
692274,106.3744974395654,69.01678702924184,85.6832891241292
1238498,125.97273670557537,81.73231131492687,101.46941871132111
938134,120.04467533501408,77.88612863997936,96.69444154493816
131484,111.18570181246925,72.13834224737587,89.55865234784737
991589,105.79713140168806,68.64218644514284,85.21822820873447
480488,109.65658947410479,71.14623959927037,88.32697203212328
