UE ID,Internet usage,Data rate,optimal GU
208086,121.2156537098093,32.46847867227035,62.735060908731505
692274,106.3744974395654,28.493168957026448,55.054032806546644
1238498,125.97273670557537,33.74269733185054,65.197085262465
938134,120.04467533501408,32.1548237504502,62.129022023345854
131484,111.18570181246925,29.78188441405426,57.544067634070345
991589,105.79713140168806,28.338517339737873,54.755217493141814
480488,109.65658947410479,29.372300751992356,56.75267681326728
