UE ID,Internet usage,Data rate,optimal GU
208086,121.2156537098093,11.544347972362791,37.4079628705369
692274,106.3744974395654,10.130904518053848,32.82788261091782
1238498,125.97273670557537,11.997403495769083,38.876030555125716
938134,120.04467533501408,11.432826222382293,37.04659109860876
131484,111.18570181246925,10.589114458330405,34.31265251510048
991589,105.79713140168806,10.075917276351245,32.649703583320196
480488,109.65658947410479,10.443484711819504,33.84075820254447
