UE ID,Internet usage,Data rate,optimal GU
208086,121.2156537098093,15.151956713726163,42.85620536208322
692274,106.3744974395654,13.296812179945675,37.609064242413865
1238498,125.97273670557537,15.746592088196921,44.53808818456992
938134,120.04467533501408,15.00558441687676,42.44220198736297
131484,111.18570181246925,13.898212726558656,39.31008186129121
991589,105.79713140168806,13.224641425211008,37.40493452210893
480488,109.65658947410479,13.707073684263099,38.76945900946444
