UE ID,Internet usage,Data rate,optimal GU
208086,121.2156537098093,46.177391889451165,74.8159257410738
692274,106.3744974395654,40.52361807221539,65.65576522183564
1238498,125.97273670557537,47.98961398307633,77.75206111025143
938134,120.04467533501408,45.73130488952917,74.09318219721752
131484,111.18570181246925,42.35645783332162,68.62530503020096
991589,105.79713140168806,40.30366910540498,65.29940716664039
480488,109.65658947410479,41.77393884727802,67.68151640508894
