UE ID,Internet usage,Data rate,optimal GU
208086,121.2156537098093,89.46869678581163,104.139361278322
692274,106.3744974395654,78.51451001491732,91.3889574541178
1238498,125.97273670557537,92.9798770922104,108.22628874656
938134,120.04467533501408,88.60440322346278,103.13334484158489
131484,111.18570181246925,82.06563705206064,95.52238193387318
991589,105.79713140168806,78.08835889172215,90.89292803408692
480488,109.65658947410479,80.93700651660116,94.20868376563743
