UE ID,Internet usage,Data rate,optimal GU
208086,121.2156537098093,81.53195755481221,99.41302496779277
692274,106.3744974395654,71.5495131587553,87.24129471934818
1238498,125.97273670557537,84.73166218886914,103.31446835532847
938134,120.04467533501408,80.74433519557493,98.45266631074216
131484,111.18570181246925,74.78562086195848,91.1871248643036
991589,105.79713140168806,71.16116576423066,86.76777745831465
480488,109.65658947410479,73.75711077722524,89.93304852663596
