UE ID,Internet usage,Data rate,optimal GU
208086,121.2156537098093,45.455870141178494,74.2291251067339
692274,106.3744974395654,39.890436539837026,65.14081009298272
1238498,125.97273670557537,47.239776264590766,77.14223160765822
938134,120.04467533501408,45.01675325063028,73.51205022721344
131484,111.18570181246925,41.69463817967597,68.08705903344811
991589,105.79713140168806,39.67392427563303,64.78724704607976
480488,109.65658947410479,41.1212210527893,67.15067278635138
