UE ID,Internet usage,Data rate,optimal GU
208086,121.2156537098093,2.1645652448180233,16.198123074855
692274,106.3744974395654,1.8995445971350964,14.214890146754128
1238498,125.97273670557537,2.249513155456703,16.83381502951946
938134,120.04467533501408,2.14365491669668,16.041644507504824
131484,111.18570181246925,1.9854589609369508,14.857814374652513
991589,105.79713140168806,1.8892344893158584,14.137736364593552
480488,109.65658947410479,1.958153383466157,14.653478143365065
