UE ID,Internet usage,Data rate,optimal GU
208086,121.2156537098093,38.240652658451744,68.08352010790853
692274,106.3744974395654,33.55862121605337,59.74764820997069
1238498,125.97273670557537,39.74139907973508,70.75544362508558
938134,120.04467533501408,37.87123686164134,67.42581355527831
131484,111.18570181246925,35.07644164321946,62.44997022565725
991589,105.79713140168806,33.37647597791349,59.423357484751726
480488,109.65658947410479,34.5940431079021,61.5911096127737
