UE ID,Internet usage,Data rate,optimal GU
208086,121.2156537098093,19.481087203362208,48.59436922456501
692274,106.3744974395654,17.095901374215867,42.64467044026238
1238498,125.97273670557537,20.245618399110327,50.501445088558384
938134,120.04467533501408,19.29289425027012,48.12493352251446
131484,111.18570181246925,17.869130648432556,44.57344312395754
991589,105.79713140168806,17.003110403842722,42.41320909378065
480488,109.65658947410479,17.623380451195413,43.9604344300952
