UE ID,Internet usage,Data rate,optimal GU
208086,121.2156537098093,120.49413196153664,120.8543543854076
692274,106.3744974395654,105.74131590718704,106.05743414879197
1238498,125.97273670557537,125.2228989870898,125.5972582646991
938134,120.04467533501408,119.3301236961152,119.68686626688502
131484,111.18570181246925,110.52388215882361,110.85429808928228
991589,105.79713140168806,105.16738657191611,105.48178902692699
480488,109.65658947410479,109.00387167961608,109.32974347294362
