UE ID,Internet usage,Data rate,optimal GU
208086,121.2156537098093,2.886086993090698,18.70398143526845
692274,106.3744974395654,2.532726129513462,16.41394130545891
1238498,125.97273670557537,2.9993508739422707,19.438015277562858
938134,120.04467533501408,2.858206555595573,18.52329554930438
131484,111.18570181246925,2.6472786145826013,17.15632625755024
991589,105.79713140168806,2.518979319087811,16.324851791660098
480488,109.65658947410479,2.610871177954876,16.920379101272236
