UE ID,Internet usage,Data rate,optimal GU
208086,121.2156537098093,64.21543559626802,88.22650397732977
692274,106.3744974395654,56.35315638167453,77.42440628919195
1238498,125.97273670557537,66.73555694521552,91.68893468657801
938134,120.04467533501408,63.59509586200151,87.37421035782279
131484,111.18570181246925,58.90194917446288,80.92622910456812
991589,105.79713140168806,56.047289849703795,77.0041718930709
480488,109.65658947410479,58.091883709495995,79.81326859432357
