UE ID,Internet usage
866897,0.4046186185529931
594349,0.3474610667875646
667353,0.43309949552434446
638177,0.4558203754310839
572642,0.35048014348455303
270641,0.46096495691606526
635906,0.3758698778665683
