UE ID,Internet usage
866897,0.8151632371052352
594349,0.75800568533892
667353,0.8436441140796901
638177,0.8663649939846562
572642,0.7610247620394551
270641,0.8715095754696375
635906,0.7864144964183671
