UE ID,Internet usage
866897,0.5893005085239622
594349,0.532142956757647
667353,0.6177813854939836
638177,0.6405022653989496
572642,0.5351620334537487
270641,0.645646846883931
635906,0.5605517678370942
