UE ID,Internet usage
866897,0.676720496899322
594349,0.6195629451330069
667353,0.7052013738693435
638177,0.7279222537743094
572642,0.6225820218291086
270641,0.7330668352592908
635906,0.647971756212454
