UE ID,Internet usage
866897,0.4047918944389793
594349,0.3476343426735508
667353,0.4332727714103307
638177,0.45599365131795677
572642,0.35065341937098254
270641,0.4611382328029382
635906,0.3760431537529979
