UE ID,Internet usage
866897,0.6425282791711109
594349,0.5853707274092291
667353,0.6710091561455658
638177,0.6937300360505317
572642,0.5883898041053308
270641,0.6988746175355132
635906,0.6137795384886763
