UE ID,Internet usage
866897,0.9153847379981098
594349,0.858227186236228
667353,0.9438656149725645
638177,0.9665864948775306
572642,0.8612462629323296
270641,0.9717310763625119
635906,0.8866359973156751
