UE ID,Internet usage
866897,0.3205231440693099
594349,0.26336559230388135
667353,0.3490040210406613
638177,0.37172490094695737
572642,0.26638466900131313
270641,0.37686948243193874
635906,0.29177440338332844
