UE ID,Internet usage
866897,0.7683116652130324
594349,0.7111541134467172
667353,0.7967925421830537
638177,0.8195134220880198
572642,0.7141731901428189
270641,0.8246580035730012
635906,0.7395629245261643
