UE ID,Internet usage
866897,1.044168889184135
594349,0.9870113374178198
667353,1.0726497661541563
638177,1.0953706460591224
572642,0.9900304141139216
270641,1.1005152275441037
635906,1.015420148497267
