UE ID,Internet usage
866897,0.6313600323642586
594349,0.5742024805979434
667353,0.65984090933428
638177,0.682561789239246
572642,0.5772215572940452
270641,0.6877063707242275
635906,0.6026112916773906
