UE ID,Internet usage
866897,0.40810989259821095
594349,0.35095234083278254
667353,0.43659076956956244
638177,0.45931164947497183
572642,0.35397141753021427
270641,0.46445623095995314
635906,0.37936115191178627
