UE ID,Internet usage
866897,0.7260330634633456
594349,0.6688755116970305
667353,0.754513940433367
638177,0.7772348203427666
572642,0.6718945883975657
270641,0.7823794018277479
635906,0.6972843227764776
