UE ID,Internet usage
866897,0.3276633937868672
594349,0.27050584202099537
667353,0.3561442707582186
638177,0.37886515066407134
572642,0.2735249187184271
270641,0.38400973214905265
635906,0.29891465310044246
