UE ID,Internet usage
866897,1.002732171617057
594349,0.9455746198507418
667353,1.0312130485870783
638177,1.0539339284920444
572642,0.9485936965468434
270641,1.0590785099770257
635906,0.9739834309301888
