UE ID,Internet usage
866897,0.5312574800294428
594349,0.4740999282631277
667353,0.5597383569994643
638177,0.5824592369044304
572642,0.4771190049592295
270641,0.5876038183894117
635906,0.5025087393425748
