UE ID,Internet usage,Data rate,optimal GU
866897,114.24066120215929,57.120330601079644,80.78034622328175
594349,104.63819250559918,52.31909625279959,73.99037549181256
667353,119.02544853335652,59.51272426667826,84.16370179170681
638177,122.84255635762624,61.42127817881312,86.86280461876815
572642,105.14539739074864,52.57269869537432,74.34902350555268
270641,123.70684604709865,61.853423023549325,87.4739497191037
635906,109.41087276693749,54.705436383468744,77.36517006904006
