UE ID,Internet usage,Data rate,optimal GU
866897,114.24066120215929,84.3204880301652,98.14697298161992
594349,104.63819250559918,77.2329516112756,89.8972550107971
667353,119.02544853335652,87.8521167746203,102.25770192852954
638177,122.84255635762624,90.66950588300985,105.53707351614294
572642,105.14539739074864,77.60731712174305,90.33300725203121
270641,123.70684604709865,91.30743398714425,106.27960613026038
635906,109.41087276693749,80.75564418512053,93.99758247503122
