UE ID,Internet usage,Data rate,optimal GU
866897,114.24066120215929,79.56046048007522,95.33645478405444
594349,104.63819250559918,72.87302692354228,87.32297418028848
667353,119.02544853335652,82.89272308573044,99.32946967255177
638177,122.84255635762624,85.55106603477542,102.51493379421314
572642,105.14539739074864,73.22625889712852,87.74624830257088
270641,123.70684604709865,86.15298206851513,103.23620338451164
635906,109.41087276693749,76.19685781983146,91.30588544100543
