UE ID,Internet usage,Data rate,optimal GU
866897,114.24066120215929,35.36020465781121,63.557636522702964
594349,104.63819250559918,32.388011966018794,58.21531612019233
667353,119.02544853335652,36.84121026032464,66.21964644836784
638177,122.84255635762624,38.022696015455736,68.34328919614208
572642,105.14539739074864,32.54500395427934,58.497498868380575
270641,123.70684604709865,38.290214252673394,68.82413558967443
635906,109.41087276693749,33.86527014214732,60.87059029400361
