UE ID,Internet usage,Data rate,optimal GU
866897,114.24066120215929,74.80043292998525,92.44052637306477
594349,104.63819250559918,68.51310223580899,84.67046226935565
667353,119.02544853335652,77.93332939684058,96.31224993300057
638177,122.84255635762624,80.43262618654099,99.40095278875371
572642,105.14539739074864,68.84520067251398,85.08087906902067
270641,123.70684604709865,80.99853014988602,100.10031318279293
635906,109.41087276693749,71.6380714545424,88.53238910806436
