UE ID,Internet usage,Data rate,optimal GU
866897,114.24066120215929,70.72040931562242,89.88407156278609
594349,104.63819250559918,64.77602393203759,82.32888959501305
667353,119.02544853335652,73.68242052064927,93.64872210283316
638177,122.84255635762624,76.04539203091147,96.65200647837075
572642,105.14539739074864,65.09000790855868,82.72795626456859
270641,123.70684604709865,76.58042850534679,97.33202596952239
635906,109.41087276693749,67.73054028429463,86.084014343436
