UE ID,Internet usage,Data rate,optimal GU
866897,114.24066120215929,102.68059429479794,108.30650481327694
594349,104.63819250559918,94.04980397824689,99.20283006945752
667353,119.02544853335652,106.98120671748117,112.84274949764354
638177,122.84255635762624,110.41205958334264,116.46158015383594
572642,105.14539739074864,94.50568455954195,99.68368852875467
270641,123.70684604709865,111.18889138757082,117.28097488096607
635906,109.41087276693749,98.3395344512355,103.72759657778634
