UE ID,Internet usage,Data rate,optimal GU
866897,114.24066120215929,27.880161364812682,56.43623010743273
594349,104.63819250559918,25.536701742437895,51.69249764601519
667353,119.02544853335652,29.04787732064058,58.79997131828518
638177,122.84255635762624,29.97943339680164,60.685667472775705
572642,105.14539739074864,25.66048388702794,51.94306282402353
270641,123.70684604709865,30.19036123768479,61.11263674344748
635906,109.41087276693749,26.701462996693078,54.05025782197783
