UE ID,Internet usage,Data rate,optimal GU
866897,114.24066120215929,104.72060610197936,109.37710584295507
594349,104.63819250559918,95.91834313013258,100.18344201148676
667353,119.02544853335652,109.10666115557682,113.95819093869241
638177,122.84255635762624,112.60567666115739,117.61279344287706
572642,105.14539739074864,96.3832809415196,100.6690537177153
270641,123.70684604709865,113.39794220984044,118.44028782053226
635906,109.41087276693749,100.29330003635937,104.75293547034566
