UE ID,Internet usage,Data rate,optimal GU
866897,114.24066120215929,31.28018104344838,59.7784958402835
594349,104.63819250559918,28.650933662247397,54.75383011274549
667353,119.02544853335652,32.59030138413333,62.282222504369095
638177,122.84255635762624,33.635461859826236,64.27959333358054
572642,105.14539739074864,28.789811190324034,55.0192342586776
270641,123.70684604709865,33.87211260813416,64.73184857320577
635906,109.41087276693749,29.957738971899552,57.25122153316579
