UE ID,Internet usage,Data rate,optimal GU
866897,114.24066120215929,82.28047622298376,96.95244198957658
594349,104.63819250559918,75.36441245938988,88.80313000675717
667353,119.02544853335652,85.72666233652464,101.01313991690608
638177,122.84255635762624,88.47588880519508,104.25259880138839
572642,105.14539739074864,75.72972073976538,89.23357877768352
270641,123.70684604709865,89.09838316487462,104.98609417071648
635906,109.41087276693749,78.80187859999664,92.85355304618066
