UE ID,Internet usage,Data rate,optimal GU
866897,114.24066120215929,23.120133814722713,51.39318412081824
594349,104.63819250559918,21.176777054704594,47.07334356191766
667353,119.02544853335652,24.088483631750723,53.545705418432455
638177,122.84255635762624,24.86099354856721,55.26289895668205
572642,105.14539739074864,21.279425662413416,47.30151865977829
270641,123.70684604709865,25.03590931905568,55.65171497610422
635906,109.41087276693749,22.142676631404015,49.22041827979507
