UE ID,Internet usage,Data rate,optimal GU
866897,114.24066120215929,25.840149557631264,54.33227191114393
594349,104.63819250559918,23.668162590552193,49.76538710192076
667353,119.02544853335652,26.922422882544925,56.6078921988764
638177,122.84255635762624,27.785816318986885,58.4232890815623
572642,105.14539739074864,23.782887505050287,50.00661114110796
270641,123.70684604709865,27.98131041541517,58.83434082027131
635906,109.41087276693749,24.74769741156919,52.035249329390794
