UE ID,Internet usage,Data rate,optimal GU
866897,114.24066120215929,113.56065726643216,113.90015176754157
594349,104.63819250559918,104.01534612163728,104.32630450184848
667353,119.02544853335652,118.31696372065798,118.67067740581996
638177,122.84255635762624,122.11135066502132,122.47640783421818
572642,105.14539739074864,104.51953193008943,104.83199759560195
270641,123.70684604709865,122.97049577300879,123.33812139369967
635906,109.41087276693749,108.7596175718962,109.08475915699458
