UE ID,Internet usage,Data rate,optimal GU
866897,114.24066120215929,28.560165300539822,57.120330601079644
594349,104.63819250559918,26.159548126399795,52.31909625279959
667353,119.02544853335652,29.75636213333913,59.51272426667826
638177,122.84255635762624,30.71063908940656,61.42127817881312
572642,105.14539739074864,26.28634934768716,52.57269869537432
270641,123.70684604709865,30.926711511774663,61.853423023549325
635906,109.41087276693749,27.352718191734372,54.705436383468744
