UE ID,Internet usage,Data rate,optimal GU
866897,114.24066120215929,37.400216464992624,65.36532305484799
594349,104.63819250559918,34.25655111790449,59.87105803686109
667353,119.02544853335652,38.96666469842029,68.10304503895831
638177,122.84255635762624,40.21631309327049,70.28708777333162
572642,105.14539739074864,34.42260033625699,60.161266539017106
270641,123.70684604709865,40.49926507494301,70.78161025045004
635906,109.41087276693749,35.8190357272712,62.60185269295835
