UE ID,Internet usage,Data rate,optimal GU
866897,114.24066120215929,8.840051164452802,31.778818261351482
594349,104.63819250559918,8.097002991504699,29.107658060096163
667353,119.02544853335652,9.21030256508116,33.10982322418392
638177,122.84255635762624,9.505674003863934,34.17164459807104
572642,105.14539739074864,8.136250988569834,29.248749434190287
270641,123.70684604709865,9.572553563168348,34.41206779483721
635906,109.41087276693749,8.46631753553683,30.435295147001806
