UE ID,Internet usage,Data rate,optimal GU
866897,114.24066120215929,108.12062578061504,111.13852517812485
594349,104.63819250559918,99.03257504994208,101.79680570823939
667353,119.02544853335652,112.64908521906956,115.793384504781
638177,122.84255635762624,116.26170512418197,119.50684107594446
572642,105.14539739074864,99.51260824481568,102.29023775165955
270641,123.70684604709865,117.0796935802898,120.34766150191035
635906,109.41087276693749,103.54957601156583,106.43988672519222
