UE ID,Internet usage,Data rate,optimal GU
866897,114.24066120215929,77.5204486728938,94.10625544074868
594349,104.63819250559918,71.00448777165658,86.19617891885964
667353,119.02544853335652,80.7672686476348,98.04774539783583
638177,122.84255635762624,83.35744895696067,101.19210503454997
572642,105.14539739074864,71.34866251515086,86.61399121073886
270641,123.70684604709865,83.94393124624551,101.90406753053348
635906,109.41087276693749,74.24309223470759,90.1276956230192
