UE ID,Internet usage,Data rate,optimal GU
866897,114.24066120215929,24.48014168617699,52.88315017613268
594349,104.63819250559918,22.422469822628393,48.43807091277664
667353,119.02544853335652,25.505453257147824,55.09807631831241
638177,122.84255635762624,26.32340493377705,56.8650538916664
572642,105.14539739074864,22.53115658373185,48.67286115146374
270641,123.70684604709865,26.508609867235425,57.26514227493627
635906,109.41087276693749,23.445187021486603,50.647392570643994
