UE ID,Internet usage,Data rate,optimal GU
866897,114.24066120215929,25.160145621904128,53.61260739591893
594349,104.63819250559918,23.045316206590297,49.10621379802764
667353,119.02544853335652,26.213938069846378,55.85808568675707
638177,122.84255635762624,27.05461062638197,57.64943651593622
572642,105.14539739074864,23.15702204439107,49.34424267575525
270641,123.70684604709865,27.2449601413253,58.05504362036315
635906,109.41087276693749,24.0964422165279,51.34601029766963
