UE ID,Internet usage,Data rate,optimal GU
866897,114.24066120215929,97.24056280898083,105.39841645379721
594349,104.63819250559918,89.06703290655169,96.5391803113031
667353,119.02544853335652,101.31332821589275,109.81286050961336
638177,122.84255635762624,104.56241404250329,113.33452360117661
572642,105.14539739074864,89.49876087426819,97.00712746032899
270641,123.70684604709865,105.29808919485183,114.13191713574777
635906,109.41087276693749,93.12949289090513,100.94245438632959
