UE ID,Internet usage,Data rate,optimal GU
866897,114.24066120215929,87.72050770880088,100.10618762914969
594349,104.63819250559918,80.34718353108508,91.6917883870109
667353,119.02544853335652,91.39454083811304,104.2989751472016
638177,122.84255635762624,94.32553434603443,107.64380970992222
572642,105.14539739074864,80.73664442503913,92.13623913567511
270641,123.70684604709865,94.9891853575936,108.40116479619188
635906,109.41087276693749,84.011920160327,95.87396678748432
