UE ID,Internet usage
1286809,0.35924301033811046
713729,0.3872317901951034
1023392,0.2956097538346331
426876,0.3091679824713492
145404,0.3071656204170805
660412,0.3019821653104444
572788,0.30702546207271986
