UE ID,Internet usage
1286809,0.46295387770678775
713729,0.49094265756599736
1023392,0.3993206212037537
426876,0.41287884984046974
145404,0.41087648778620106
660412,0.40569303267912166
572788,0.41073632944184046
