UE ID,Internet usage
1286809,1.013523614567355
713729,1.0415123944221312
1023392,0.9498903580621042
426876,0.9634485866970469
145404,0.9614462246449949
660412,0.9562627695388022
572788,0.9613060663019642
