UE ID,Internet usage
1286809,0.47930482713317535
713729,0.5072936069879517
1023392,0.41567157062925464
426876,0.42922979926597066
145404,0.427227437211702
660412,0.42204398210506594
572788,0.4270872788673414
