UE ID,Internet usage
1286809,0.37695668370693486
713729,0.4049454635639278
1023392,0.3133234272034575
426876,0.32688165584017354
145404,0.32487929378590485
660412,0.31969583867882545
572788,0.32473913544154426
