UE ID,Internet usage
1286809,0.4311254250602441
713729,0.4591142049163504
1023392,0.36749216855676675
426876,0.38105039719348277
145404,0.3790480351392141
660412,0.3738645800321347
572788,0.3789078767948535
