UE ID,Internet usage
1286809,0.37968320269292327
713729,0.40767198254991627
1023392,0.31604994618944593
426876,0.329608174826162
145404,0.3276058127718933
660412,0.32242235766525723
572788,0.32746565442753267
