UE ID,Internet usage
1286809,1.0809735959992597
713729,1.108962375854036
1023392,1.017340339494009
426876,1.0308985681289515
145404,1.0288962060768996
660412,1.023712750970707
572788,1.028756047733869
