UE ID,Internet usage
1286809,1.0325347744473445
713729,1.0605235543065543
1023392,0.9689015179465272
426876,0.9824597465814701
145404,0.9804573845294179
660412,0.9752739294232253
572788,0.980317226181954
