UE ID,Internet usage
1286809,0.7995901662720791
713729,0.8275789461312888
1023392,0.7359569097712618
426876,0.7495151384062044
145404,0.7475127763541525
660412,0.7423293212435264
572788,0.7473726180066884
