UE ID,Internet usage
1286809,0.5141006237904289
713729,0.5420894036496384
1023392,0.45046736728961145
426876,0.4640255959245541
145404,0.46202323386806876
660412,0.45683977876187604
572788,0.46188307552503816
