UE ID,Internet usage
1286809,1.001361999204528
713729,1.0293507790637375
1023392,0.9377287427037105
426876,0.9512869713386533
145404,0.9492846092866013
660412,0.9441011541759752
572788,0.9491444509391372
