UE ID,Internet usage
1286809,0.47505154210013756
713729,0.5030403219593472
1023392,0.4114182855988769
426876,0.42497651423559296
145404,0.42297415218088086
660412,0.4177906970742448
572788,0.42283399383652026
