UE ID,Internet usage
1286809,0.3821223097264201
713729,0.41011108958341314
1023392,0.31848905322294274
426876,0.33204728185965876
145404,0.3300449198053901
660412,0.3248614646983107
572788,0.3299047614610295
