UE ID,Internet usage
1286809,1.0448709701461651
713729,1.0728597500053747
1023392,0.9812377136453476
426876,0.9947959422802903
145404,0.9927935802282384
660412,0.9876101251176123
572788,0.9926534218807743
