UE ID,Internet usage
1286809,0.4378551419102849
713729,0.4658439217655045
1023392,0.37422188540680745
426876,0.3877801140435235
145404,0.38577775198925485
660412,0.38059429688261875
572788,0.3856375936448942
