UE ID,Internet usage
1286809,1.0419359699241297
713729,1.0699247497833395
1023392,0.9783027134233125
426876,0.9918609420582551
145404,0.9898585800062032
660412,0.9846751249000105
572788,0.9897184216587391
