UE ID,Internet usage
1286809,1.0287818380181326
713729,1.0567706178773424
1023392,0.9651485815173154
426876,0.978706810152258
145404,0.9767044481002061
660412,0.9715209929940133
572788,0.976564289752742
