UE ID,Internet usage
1286809,1.098015258359427
713729,1.1260040382142031
1023392,1.034382001854176
426876,1.0479402304935521
145404,1.0459378684370668
660412,1.0407544133308742
572788,1.0457977100940363
