UE ID,Internet usage
1286809,0.8417259534713264
713729,0.8697147333305361
1023392,0.778092696970509
426876,0.7916509256054517
145404,0.7896485635533999
660412,0.7844651084427736
572788,0.7895084052059358
