UE ID,Internet usage
1286809,0.4049524133326098
713729,0.4329411931896027
1023392,0.3413191568291324
426876,0.35487738546584846
145404,0.3528750234115797
660412,0.34769156830494363
572788,0.3527348650672191
