UE ID,Internet usage
1286809,0.8104504637421405
713729,0.8384392436013501
1023392,0.7468172072413232
426876,0.7603754358762658
145404,0.7583730738242138
660412,0.753189618718021
572788,0.7582329154767498
