UE ID,Internet usage,Data rate,optimal GU
1286809,121.31997935544,72.21427342585714,93.60039615938112
713729,126.02209437139179,75.01315141154274,97.2281566537232
1023392,110.62959226286112,65.85094777551258,85.35258345549899
426876,112.90737467381571,67.20677063917601,87.1099307379741
145404,112.57097784872164,67.00653443376288,86.85039495283095
660412,111.70015739076375,66.48818892307366,86.17854238343884
572788,112.54743124685486,66.99251859931837,86.83222835508963
