UE ID,Internet usage,Data rate,optimal GU
1286809,121.31997935544,104.71069646749285,112.70980229656149
713729,126.02209437139179,108.76906954673694,117.07820440674412
1023392,110.62959226286112,95.48387427449322,102.77812062236534
426876,112.90737467381571,97.44981742680521,104.89424697333611
145404,112.57097784872164,97.15947492895617,104.58172450299789
660412,111.70015739076375,96.4078739384568,103.7727068772639
572788,112.54743124685486,97.13915196901162,104.55984902251016
