UE ID,Internet usage,Data rate,optimal GU
1286809,121.31997935544,59.93784694346143,85.27401921916349
713729,126.02209437139179,62.26091567158047,88.57906632163821
1023392,110.62959226286112,54.65628665367544,77.75990423796941
426876,112.90737467381571,55.7816196305161,79.36092380721733
145404,112.57097784872164,55.6154235800232,79.12447545402158
660412,111.70015739076375,55.18519680615114,78.51238863317913
572788,112.54743124685486,55.60379043743425,79.10792489581341
