UE ID,Internet usage,Data rate,optimal GU
1286809,121.31997935544,107.59926740452715,114.25384413741929
713729,126.02209437139179,111.76959560319868,118.68209016089412
1023392,110.62959226286112,98.11791218551375,104.18610568961007
426876,112.90737467381571,100.13808825237227,106.33122142357915
145404,112.57097784872164,99.8397363063067,106.01441762401689
660412,111.70015739076375,99.06740149537976,105.19431704863102
572788,112.54743124685486,99.81885271298437,105.99224246544904
