UE ID,Internet usage,Data rate,optimal GU
1286809,121.31997935544,38.99570764996285,68.7819630938538
713729,126.02209437139179,40.50710176223308,71.4478117299033
1023392,110.62959226286112,35.55951179877679,62.72108330828698
426876,112.90737467381571,36.29165614515505,64.01246455116619
145404,112.57097784872164,36.18352859423195,63.8217454780882
660412,111.70015739076375,35.90362201845978,63.328036684871634
572788,112.54743124685486,36.17596004363192,63.80839580963959
