UE ID,Internet usage,Data rate,optimal GU
1286809,121.31997935544,95.32284092213143,107.53866789566847
713729,126.02209437139179,99.01735986323641,111.70664738094524
1023392,110.62959226286112,86.9232510636766,98.06265254079584
426876,112.90737467381571,88.71293724371235,100.08169085197616
145404,112.57097784872164,88.448625452567,99.78350693662152
660412,111.70015739076375,87.76440937845723,99.0116071017994
572788,112.54743124685486,88.43012455110025,99.76263510486162
