UE ID,Internet usage,Data rate,optimal GU
1286809,121.31997935544,109.04355287304429,115.0180924176782
713729,126.02209437139179,113.26985863142953,119.47595914611533
1023392,110.62959226286112,99.434931141024,104.8830104870048
426876,112.90737467381571,101.4822236651558,107.04247498116676
145404,112.57097784872164,101.17986699498196,106.7235520690195
660412,111.70015739076375,100.39716527384124,105.89796580989923
572788,112.54743124685486,101.15870308497074,106.70122857997816
