UE ID,Internet usage,Data rate,optimal GU
1286809,121.31997935544,37.551422181445716,67.49620555127827
713729,126.02209437139179,39.00683873400222,70.11222084676885
1023392,110.62959226286112,34.24249284326654,61.548623228424184
426876,112.90737467381571,34.94752073237153,62.81586437557645
145404,112.57097784872164,34.8433979055567,62.62871045934617
660412,111.70015739076375,34.5738582399983,62.144230681647066
572788,112.54743124685486,34.83610967164555,62.61561033941475
