UE ID,Internet usage,Data rate,optimal GU
1286809,121.31997935544,52.71641960087572,79.9722135348957
713729,126.02209437139179,54.7596005304262,83.07177345997307
1023392,110.62959226286112,48.07119187612418,72.92527927163104
426876,112.90737467381571,49.0609425665985,74.42675744796014
145404,112.57097784872164,48.91477013664691,74.20500997592946
660412,111.70015739076375,48.53637791384377,73.63097888901069
572788,112.54743124685486,48.90453857750241,74.18948842801528
