UE ID,Internet usage,Data rate,optimal GU
1286809,121.31997935544,24.552852964791427,54.577940734381414
713729,126.02209437139179,25.50447147992453,56.6932704272343
1023392,110.62959226286112,22.389322243674275,49.76868082297834
426876,112.90737467381571,22.850302017319844,50.79338156964329
145404,112.57097784872164,22.78222170747938,50.642047501827236
660412,111.70015739076375,22.605984233845042,50.250293500571864
572788,112.54743124685486,22.777456323768245,50.631454646074964
