UE ID,Internet usage,Data rate,optimal GU
1286809,121.31997935544,119.15355115266429,120.23188581224449
713729,126.02209437139179,123.77169982904552,124.8918285411962
1023392,110.62959226286112,108.65406382959576,109.63737856758098
426876,112.90737467381571,110.89117155464044,111.89473202406877
145404,112.57097784872164,110.56078181570876,111.56135227180377
660412,111.70015739076375,109.70551172307155,110.69834202056222
572788,112.54743124685486,110.53765568887532,111.53801685448872
