UE ID,Internet usage,Data rate,optimal GU
1286809,121.31997935544,60.65998967772,85.78618009564357
713729,126.02209437139179,63.011047185695894,89.11107750934217
1023392,110.62959226286112,55.31479613143056,78.22693488897191
426876,112.90737467381571,56.453687336907855,79.83757027782535
145404,112.57097784872164,56.28548892436082,79.5997018016317
660412,111.70015739076375,55.850078695381875,78.9839387506137
572788,112.54743124685486,56.27371562342743,79.5830518397778
