UE ID,Internet usage,Data rate,optimal GU
1286809,121.31997935544,72.93641616011571,94.06723394894217
713729,126.02209437139179,75.76328292565816,97.71308812407757
1023392,110.62959226286112,66.5094572532677,85.77828476691055
426876,112.90737467381571,67.87883834556779,87.54439692810952
145404,112.57097784872164,67.67659977810051,87.28356669211766
660412,111.70015739076375,67.1530708123044,86.60836321630553
572788,112.54743124685486,67.66244378531155,87.26530948734172
