UE ID,Internet usage,Data rate,optimal GU
1286809,121.31997935544,113.37640927859572,117.2809602325678
713729,126.02209437139179,117.77064771612208,121.82653110329078
1023392,110.62959226286112,103.38598800755474,106.94648053568116
426876,112.90737467381571,105.51462990350635,109.14843036931035
145404,112.57097784872164,105.20025906100773,108.82323296261914
660412,111.70015739076375,104.38645660922565,107.98140410605261
572788,112.54743124685486,105.17825420092984,108.80047028089251
