UE ID,Internet usage,Data rate,optimal GU
1286809,121.31997935544,79.43570076844286,98.16892368419039
713729,126.02209437139179,82.514466552697,101.97375098969849
1023392,110.62959226286112,72.43604255306383,89.5185447423086
426876,112.90737467381571,73.92744770309362,91.36166612147629
145404,112.57097784872164,73.70718787713916,91.08946269360138
660412,111.70015739076375,73.13700781538103,90.38481777415707
572788,112.54743124685486,73.6917704592502,91.0704094051491
