UE ID,Internet usage,Data rate,optimal GU
1286809,121.31997935544,68.60355975456429,91.23038119581346
713729,126.02209437139179,71.26249384096559,94.76628474287092
1023392,110.62959226286112,62.55840038673695,83.19140777388925
426876,112.90737467381571,63.84643210721722,84.90425802935864
145404,112.57097784872164,63.65620771207474,84.65129383706778
660412,111.70015739076375,63.16377947691998,83.99645295467812
572788,112.54743124685486,63.64289266935245,84.6335872278548
