UE ID,Internet usage,Data rate,optimal GU
1286809,121.31997935544,26.719281167567143,56.93489825793529
713729,126.02209437139179,27.75486602227081,59.1415788183233
1023392,110.62959226286112,24.364850676939653,51.917949650726094
426876,112.90737467381571,24.866505136495128,52.9869022709822
145404,112.57097784872164,24.792417740492265,52.82903281606817
660412,111.70015739076375,24.600629901537257,52.42036085256988
572788,112.54743124685486,24.787231881747797,52.81798250606377
