UE ID,Internet usage,Data rate,optimal GU
1286809,121.31997935544,2.1664282027757142,16.21206417566229
713729,126.02209437139179,2.250394542346282,16.84041072505146
1023392,110.62959226286112,1.9755284332653773,14.7835011102187
426876,112.90737467381571,2.0162031191752807,15.087882588197699
145404,112.57097784872164,2.0101960330128863,15.04292967157268
660412,111.70015739076375,1.9946456676922097,14.926561393034394
572788,112.54743124685486,2.009775557979551,15.039783124543813
