UE ID,Internet usage,Data rate,optimal GU
1286809,121.31997935544,15.16499741943,42.89309004782179
713729,126.02209437139179,15.752761796423973,44.55553875467108
1023392,110.62959226286112,13.82869903285764,39.113467444485956
426876,112.90737467381571,14.113421834226964,39.918785138912675
145404,112.57097784872164,14.071372231090205,39.79985090081585
660412,111.70015739076375,13.962519673845469,39.49196937530685
572788,112.54743124685486,14.068428905856857,39.7915259198889
