UE ID,Internet usage,Data rate,optimal GU
1286809,121.31997935544,88.10141357954572,103.38501669321124
713729,126.02209437139179,91.51604472208213,107.39200912760104
1023392,110.62959226286112,80.33815628612534,94.27500980155908
426876,112.90737467381571,81.99226017979474,96.21606331831013
145404,112.57097784872164,81.74797200919072,95.92939667393162
660412,111.70015739076375,81.11559048614987,95.18731125600554
572788,112.54743124685486,81.73087269116841,95.90933101088092
