UE ID,Internet usage,Data rate,optimal GU
1286809,121.31997935544,59.215704209202855,84.75876363054343
713729,126.02209437139179,61.51078415746504,88.04384047706216
1023392,110.62959226286112,53.99777717592031,77.2900515724559
426876,112.90737467381571,55.10955192412433,78.88139721888304
145404,112.57097784872164,54.94535823568556,78.64637756972303
660412,111.70015739076375,54.5203149169204,78.03798919253374
572788,112.54743124685486,54.93386525144106,78.62992701580329
