UE ID,Internet usage,Data rate,optimal GU
1286809,121.31997935544,57.04927600642715,83.19385186023388
713729,126.02209437139179,59.26038961511876,86.41827591755082
1023392,110.62959226286112,52.02224874265494,75.86303557726289
426876,112.90737467381571,53.09334880494906,77.42500000780089
145404,112.57097784872164,52.93516220267268,77.19431955614061
660412,111.70015739076375,52.525669249228194,76.5971639304876
572788,112.54743124685486,52.92408969346152,77.17817273087799
