UE ID,Internet usage,Data rate,optimal GU
1286809,121.31997935544,114.0985520128543,117.6538736068009
713729,126.02209437139179,118.52077923023752,122.21389783950058
1023392,110.62959226286112,104.04449748530988,107.28653379615781
426876,112.90737467381571,106.18669760989812,109.49548507776902
145404,112.57097784872164,105.87032440534536,109.1692536544567
660412,111.70015739076375,105.05133849845639,108.3247480698108
572788,112.54743124685486,105.84817938692304,109.14641859518103
