UE ID,Internet usage,Data rate,optimal GU
1286809,121.31997935544,85.93498537676999,102.1059775518543
713729,126.02209437139179,89.26565017973584,106.06339703721693
1023392,110.62959226286112,78.36262785285996,93.10867611564575
426876,112.90737467381571,79.97605706061945,95.02571567464159
145404,112.57097784872164,79.73777597617783,94.74259555828435
660412,111.70015739076375,79.12094481845764,94.00969093198665
572788,112.54743124685486,79.72109713318885,94.72277813979808
