UE ID,Internet usage,Data rate,optimal GU
1286809,121.31997935544,36.82927944718714,66.84405300554774
713729,126.02209437139179,38.25670721988679,69.43479219817165
1023392,110.62959226286112,33.583983365511415,60.95393659386765
426876,112.90737467381571,34.27545302597977,62.20893357805669
145404,112.57097784872164,34.17333256121907,62.02358795463215
660412,111.70015739076375,33.90897635076757,61.543789250747494
572788,112.54743124685486,34.166184485652366,62.01061440887615
