UE ID,Internet usage,Data rate,optimal GU
1286809,121.31997935544,51.27213413235857,78.86909568675866
713729,126.02209437139179,53.259337502195336,81.92590101341251
1023392,110.62959226286112,46.754172920613925,71.91936517235689
426876,112.90737467381571,47.716807153814976,73.40013231291887
145404,112.57097784872164,47.57463944797165,73.18144357320737
660412,111.70015739076375,47.2066141353823,72.61533053568823
572788,112.54743124685486,47.56468820551604,73.16613612586362
