UE ID,Internet usage,Data rate,optimal GU
1286809,121.31997935544,63.54856061475428,87.80495465433552
713729,126.02209437139179,66.0115732421576,91.2080956534409
1023392,110.62959226286112,57.94883404245106,80.06782051626338
426876,112.90737467381571,59.14195816247489,81.71635839410422
145404,112.57097784872164,58.96575030171133,81.47289224672951
660412,111.70015739076375,58.50960625230482,80.84263867077857
572788,112.54743124685486,58.95341636740016,81.45585046745984
