UE ID,Internet usage,Data rate,optimal GU
1286809,121.31997935544,92.43426998509715,105.89675975367307
713729,126.02209437139179,96.0168338067747,110.00110222738499
1023392,110.62959226286112,84.28921315265609,96.56542488507849
426876,112.90737467381571,86.0246664181453,98.55363637361913
145404,112.57097784872164,85.76836407521648,98.26000515180267
660412,111.70015739076375,85.10488182153429,97.49989073936302
572788,112.54743124685486,85.7504238071275,98.23945199267628
