UE ID,Internet usage,Data rate,optimal GU
1286809,121.31997935544,50.5499913981,78.31170993430779
713729,126.02209437139179,52.50920598807991,81.34691212576331
1023392,110.62959226286112,46.0956634428588,71.41109473862967
426876,112.90737467381571,47.04473944742321,72.88139696261489
145404,112.57097784872164,46.90457410363402,72.66425374573049
660412,111.70015739076375,46.54173224615156,72.10214155719589
572788,112.54743124685486,46.894763019522856,72.64905447958218
