UE ID,Internet usage,Data rate,optimal GU
1286809,121.31997935544,96.04498365639,107.94524275940468
713729,126.02209437139179,99.76749137735183,112.12898025735205
1023392,110.62959226286112,87.58176054143173,98.4334011317405
426876,112.90737467381571,89.3850049501041,100.46007288531239
145404,112.57097784872164,89.11869079690463,100.16076161654036
660412,111.70015739076375,88.42929126768797,99.38594343544985
572788,112.54743124685486,89.10004973709343,100.13981087398194
