UE ID,Internet usage,Data rate,optimal GU
1286809,121.31997935544,102.54426826471715,111.53774477231546
713729,126.02209437139179,106.51867500439067,115.86072032280367
1023392,110.62959226286112,93.50834584122785,101.70934162401035
426876,112.90737467381571,95.43361430762995,103.80346259690953
145404,112.57097784872164,95.1492788959433,103.49419001527124
660412,111.70015739076375,94.4132282707646,102.69358527977545
572788,112.54743124685486,95.12937641103208,103.47254201563238
