UE ID,Internet usage
717094,0.6668710031671455
390183,0.7067437974338074
1277983,0.7715708234399746
495059,0.7098367721811859
70063,0.6660744225871669
1003939,0.6277119629287182
768530,0.6667557143108541
