UE ID,Internet usage
717094,0.6857091912982296
390183,0.7255819855648915
1277983,0.7904090115710587
495059,0.7286749603122701
70063,0.6849126107182509
1003939,0.6465501510598023
768530,0.6855939024419382
