UE ID,Internet usage
717094,0.7112757887747116
390183,0.7511485830413736
1277983,0.8159756090475407
495059,0.7542415577887521
70063,0.710479208194733
1003939,0.6721167485362843
768530,0.7111604999184202
