UE ID,Internet usage
717094,0.6798959110089687
390183,0.7197687052756307
1277983,0.7845957312817978
495059,0.7228616800230092
70063,0.6790993304289901
1003939,0.6407368707705414
768530,0.6797806221526773
