UE ID,Internet usage
717094,0.8549112479188897
390183,0.8947840421855516
1277983,0.9596110681917188
495059,0.8978770169329301
70063,0.854114667338911
1003939,0.8157522076804623
768530,0.8547959590670318
