UE ID,Internet usage
717094,0.9101350999813104
390183,0.9500078942524058
1277983,1.0148349202541396
495059,0.953100868995351
70063,0.9093385194013318
1003939,0.8709760597428832
768530,0.9100198111294524
