UE ID,Internet usage
717094,0.5564618589315982
390183,0.5963346531982601
1277983,0.6611616792044273
495059,0.5994276279456386
70063,0.5556652783516195
1003939,0.5173028186931709
768530,0.5563465700753067
