UE ID,Internet usage
717094,0.6012826811738061
390183,0.6411554754404681
1277983,0.7059825014466352
495059,0.6442484501878466
70063,0.6004861005938276
1003939,0.5621236409353788
768530,0.6011673923175148
