UE ID,Internet usage
717094,0.8493887521973489
390183,0.8892615464640109
1277983,0.954088572470178
495059,0.8923545212113895
70063,0.8485921716173702
1003939,0.8102297119589217
768530,0.8492734633454908
