UE ID,Internet usage
717094,0.839154939641901
390183,0.8790277339085629
1277983,0.94385475991473
495059,0.8821207086559415
70063,0.8383583590619222
1003939,0.7999958994034737
768530,0.8390396507900431
