UE ID,Internet usage
717094,0.4470602130078343
390183,0.48693300727449623
1277983,0.5517600332806634
495059,0.49002598202187475
70063,0.44626363242785555
1003939,0.4079011727671903
768530,0.4469449241515428
