UE ID,Internet usage
717094,0.7447869390976671
390183,0.784659733364329
1277983,0.8494867593704962
495059,0.7877527081117077
70063,0.7439903585176886
1003939,0.7056278988548065
768530,0.7446716502413758
