UE ID,Internet usage
717094,0.31100749907961517
390183,0.35088029334716375
1277983,0.41570731935288757
495059,0.3539732680945423
70063,0.3102109185000798
1003939,0.2718484588403012
768530,0.3108922102250971
