UE ID,Internet usage
717094,0.3007908163560093
390183,0.34066361062355793
1277983,0.40549063662928164
495059,0.34375658537093645
70063,0.29999423577647394
1003939,0.2616317761166953
768530,0.30067552750149124
