UE ID,Internet usage
717094,0.649694580749938
390183,0.6895673750165999
1277983,0.7543944010227671
495059,0.6926603497639785
70063,0.6488980001699594
1003939,0.6105355405070774
768530,0.6495792918936466
