UE ID,Internet usage
717094,0.7411379722908646
390183,0.7810107665575267
1277983,0.8458377925636936
495059,0.7841037413049051
70063,0.740341391710886
1003939,0.7019789320524373
768530,0.7410226834345731
