UE ID,Internet usage,Data rate,optimal GU
717094,111.500010766431,75.66072159150676,91.84863239073809
390183,118.1986402033925,80.20622013801635,97.3666583393283
1277983,129.08958057233104,87.5965011026532,106.33811916215764
495059,118.71825996090377,80.5588192591847,97.79469743782303
70063,111.36618522905715,75.56991140543164,91.73839300598598
1003939,104.92129200625293,71.19659100424306,86.42938339827461
768530,111.48064223885962,75.64757866208332,91.83267747955355
