UE ID,Internet usage,Data rate,optimal GU
717094,111.500010766431,100.880962122009,106.05766527098322
390183,118.1986402033925,106.94162685068844,112.42933280461101
1277983,129.08958057233104,116.7953348035376,122.78868344678042
495059,118.71825996090377,107.41175901224625,112.92358978209026
70063,111.36618522905715,100.75988187390884,105.93037179405938
1003939,104.92129200625293,94.9287880056574,99.80005554177443
768530,111.48064223885962,100.86343821611108,106.03924212644864
