UE ID,Internet usage,Data rate,optimal GU
717094,111.500010766431,90.92560401786338,100.68865788625851
390183,118.1986402033925,96.3881768325284,106.7377694787042
1277983,129.08958057233104,105.26947939529376,116.57269381036932
495059,118.71825996090377,96.81191437287985,107.20700545128712
70063,111.36618522905715,90.81647247845731,100.56780844726333
1003939,104.92129200625293,85.56081550509911,94.74783009601664
768530,111.48064223885962,90.90980944478433,100.67116738528914
