UE ID,Internet usage,Data rate,optimal GU
717094,111.500010766431,21.901787829120376,49.417098040566984
390183,118.1986402033925,23.2175900399521,52.38594822585698
1277983,129.08958057233104,25.356881898136457,57.212841642873926
495059,118.71825996090377,23.319658206606096,52.616245069097104
70063,111.36618522905715,21.875500669993368,49.357786210413096
1003939,104.92129200625293,20.609539501228255,46.501392582618145
768530,111.48064223885962,21.897983296918852,49.408513858203975
