UE ID,Internet usage,Data rate,optimal GU
717094,111.500010766431,56.41369592349187,79.31032532302152
390183,118.1986402033925,59.80288343624025,84.07508252987672
1277983,129.08958057233104,65.31318064671511,91.82184432655087
495059,118.71825996090377,60.065786289742974,84.44468977681069
70063,111.36618522905715,56.34598657422534,79.2151347770055
1003939,104.92129200625293,53.08517750316368,74.63086097596091
768530,111.48064223885962,56.40389637085159,79.2965484254934
