UE ID,Internet usage,Data rate,optimal GU
717094,111.500010766431,47.785718899898995,72.99389133222301
390183,118.1986402033925,50.65656008716821,77.37917368184237
1277983,129.08958057233104,55.324105959570446,84.50896777182969
495059,118.71825996090377,50.87925426895875,77.71934466346951
70063,111.36618522905715,47.728365098167345,72.90628195294677
1003939,104.92129200625293,44.966268002679826,68.68710894731701
768530,111.48064223885962,47.7774181023684,72.98121165455221
