UE ID,Internet usage,Data rate,optimal GU
717094,111.500010766431,76.9881026720595,92.6508190833828
390183,118.1986402033925,81.61334680710435,98.21703831335793
1277983,129.08958057233104,89.13328182375238,107.26685399350339
495059,118.71825996090377,81.97213187776688,98.6488158155698
70063,111.36618522905715,76.89569932482517,92.53961689096387
1003939,104.92129200625293,72.44565400431749,87.18423950675353
768530,111.48064223885962,76.97472916492687,92.63472482535005
