UE ID,Internet usage,Data rate,optimal GU
717094,111.500010766431,59.73214862487375,81.60965148054169
390183,118.1986402033925,63.32070010896027,86.51254619768112
1277983,129.08958057233104,69.15513244946305,94.48389832307507
495059,118.71825996090377,63.599067836198444,86.89286891712668
70063,111.36618522905715,59.660456372709184,81.51170121677755
1003939,104.92129200625293,56.20783500334978,76.79452239206744
768530,111.48064223885962,59.721772627960505,81.59547516993932
