UE ID,Internet usage,Data rate,optimal GU
717094,111.500010766431,39.8214324165825,66.63400140456562
390183,118.1986402033925,42.21380007264018,70.63719817775859
1277983,129.08958057233104,46.103421632975376,77.1457799335137
495059,118.71825996090377,42.39937855746563,70.94773037783501
70063,111.36618522905715,39.77363758180613,66.55402534910124
1003939,104.92129200625293,37.47189000223319,62.70246496710076
768530,111.48064223885962,39.81451508530701,66.62242649542863
