UE ID,Internet usage,Data rate,optimal GU
717094,111.500010766431,111.500010766431,111.500010766431
390183,118.1986402033925,118.1986402033925,118.1986402033925
1277983,129.08958057233104,129.08958057233104,129.08958057233104
495059,118.71825996090377,118.71825996090377,118.71825996090377
70063,111.36618522905715,111.36618522905715,111.36618522905715
1003939,104.92129200625293,104.92129200625293,104.92129200625293
768530,111.48064223885962,111.48064223885962,111.48064223885962
