UE ID,Internet usage,Data rate,optimal GU
717094,111.500010766431,82.96131753454688,96.17789662026965
390183,118.1986402033925,87.94541681800037,101.95601345682465
1277983,129.08958057233104,96.0487950686987,111.3503420286444
495059,118.71825996090377,88.33203866138672,102.40422808009008
70063,111.36618522905715,82.8617449620961,96.06246112739194
1003939,104.92129200625293,78.06643750465247,90.50321256902176
768530,111.48064223885962,82.94690642772292,96.16118967800442
