UE ID,Internet usage,Data rate,optimal GU
717094,111.500010766431,98.22619996090351,104.65286595782433
390183,118.1986402033925,104.12737351251245,110.94013681769877
1277983,129.08958057233104,113.72177336133926,121.16227145921694
495059,118.71825996090377,104.5851337750819,111.42784705609307
70063,111.36618522905715,98.10830603512179,104.52725856166131
1003939,104.92129200625293,92.43066200550854,98.47814213626914
768530,111.48064223885962,98.20913721042395,104.63468683922339
