UE ID,Internet usage,Data rate,optimal GU
717094,111.500010766431,101.54465266228537,106.40596724393946
390183,118.1986402033925,107.64519018523245,112.7985598504256
1277983,129.08958057233104,117.56372516408719,123.19193144014268
495059,118.71825996090377,108.11841532153734,113.29444000789813
70063,111.36618522905715,101.42277583360561,106.27825572491517
1003939,104.92129200625293,95.55331950569462,100.12780701695094
768530,111.48064223885962,101.52701346753285,106.38748359630428
