UE ID,Internet usage,Data rate,optimal GU
717094,111.500010766431,74.333340510954,91.03937756419555
390183,118.1986402033925,78.79909346892833,96.50878559637644
1277983,129.08958057233104,86.05972038155403,105.4012011707025
495059,118.71825996090377,79.1455066406025,96.93305335176687
70063,111.36618522905715,74.2441234860381,90.930109470489
1003939,104.92129200625293,69.94752800416862,85.66787618962506
768530,111.48064223885962,74.32042815923974,91.02356322765591
