UE ID,Internet usage,Data rate,optimal GU
717094,111.500010766431,86.94346077620513,98.45911238995426
390183,118.1986402033925,92.1667968252644,104.37427871199209
1277983,129.08958057233104,100.65913723199624,113.99142865168024
495059,118.71825996090377,92.5719765171333,104.83312440853658
70063,111.36618522905715,86.83910872027671,98.34093891593963
1003939,104.92129200625293,81.8136265048758,92.64983214560395
768530,111.48064223885962,86.92835793625363,98.44200918054763
