UE ID,Internet usage,Data rate,optimal GU
717094,111.500010766431,110.17262968587826,110.83433311091578
390183,118.1986402033925,116.7915135343045,117.49297037291593
1277983,129.08958057233104,127.55279985123187,128.31888962121678
495059,118.71825996090377,117.30494734232158,118.00948789519367
70063,111.36618522905715,110.04039730966362,110.70130653911471
1003939,104.92129200625293,103.6722290061785,104.2948906346633
768530,111.48064223885962,110.15349173601605,110.81508021737828
