UE ID,Internet usage,Data rate,optimal GU
717094,111.500010766431,25.883931070778626,53.72204941240956
390183,118.1986402033925,27.438970047216117,56.949529832673434
1277983,129.08958057233104,29.967224061433996,62.19691620175056
495059,118.71825996090377,27.55959606235266,57.19988889628967
70063,111.36618522905715,25.852864428173984,53.65757065512496
1003939,104.92129200625293,24.356728501451574,50.55234340184265
768530,111.48064223885962,25.879434805449556,53.712717422322
