UE ID,Internet usage,Data rate,optimal GU
717094,111.500010766431,99.55358104145624,105.35760702464313
390183,118.1986402033925,105.53450018160044,111.68721688720626
1277983,129.08958057233104,115.25855408243842,121.9781882300082
495059,118.71825996090377,105.99844639366407,112.17821140673857
70063,111.36618522905715,99.4340939545153,105.23115377787143
1003939,104.92129200625293,93.67972500558297,99.14130210147658
768530,111.48064223885962,99.5362877132675,105.33930548635192
