UE ID,Internet usage,Data rate,optimal GU
717094,111.500010766431,63.714291866532,84.28608561971451
390183,118.1986402033925,67.54208011622428,89.34977350976501
1277983,129.08958057233104,73.7654746127606,97.58255058400657
495059,118.71825996090377,67.839005691945,89.74256912539086
70063,111.36618522905715,63.6378201308898,84.18492302229714
1003939,104.92129200625293,59.9550240035731,79.31304168118126
768530,111.48064223885962,63.70322413649121,84.27144438908155
