UE ID,Internet usage,Data rate,optimal GU
717094,111.500010766431,92.91667563869251,101.78511843140525
390183,118.1986402033925,98.49886683616042,107.90010250972514
1277983,129.08958057233104,107.57465047694254,117.84212536391061
495059,118.71825996090377,98.93188330075314,108.37444828058229
70063,111.36618522905715,92.80515435754764,101.6629529887554
1003939,104.92129200625293,87.43441000521078,95.77959732401867
768530,111.48064223885962,92.90053519904968,101.76743746564439
