UE ID,Internet usage,Data rate,optimal GU
717094,111.500010766431,17.919644587462127,44.69944702602756
390183,118.1986402033925,18.99621003268808,47.38487305967774
1277983,129.08958057233104,20.74653973483892,51.75096243257275
495059,118.71825996090377,19.07972035085953,47.59318439224978
70063,111.36618522905715,17.898136911812756,44.64579745705036
1003939,104.92129200625293,16.862350501004933,42.062092206970924
768530,111.48064223885962,17.916531788388152,44.691682340928445
