UE ID,Internet usage,Data rate,optimal GU
717094,111.500010766431,80.30655537344137,94.6265385013829
390183,118.1986402033925,85.13116347982435,100.31145379391103
1277983,129.08958057233104,92.97523362650033,109.55425100131632
495059,118.71825996090377,85.50541342422235,100.75243867500865
70063,111.36618522905715,80.21016912330902,94.51296499338297
1003939,104.92129200625293,75.5683115045036,89.04338761403625
768530,111.48064223885962,80.29260542203579,94.61010104359836
