UE ID,Internet usage
402958,0.39106886478517483
890055,0.38818362437242515
453055,0.37077964289253756
332252,0.42320945069097343
593321,0.4504868065607727
979618,0.38559982241464097
1010813,0.48957003082688433
