UE ID,Internet usage
402958,0.3611566959615682
890055,0.3582714555488184
453055,0.3408674740689308
332252,0.3932972818673667
593321,0.4205746377349493
979618,0.3556876535905909
1010813,0.45965786200239095
