UE ID,Internet usage
402958,0.7498474753554207
890055,0.746962234944001
453055,0.7295582534636702
332252,0.7819880612616628
593321,0.8092654171323488
979618,0.7443784329866603
1010813,0.8483486413984603
