UE ID,Internet usage
402958,0.43976930354794397
890055,0.4368840631351943
453055,0.4194800816553067
332252,0.47190988945507256
593321,0.4991872453213252
979618,0.4343002611769667
1010813,0.5382704695918702
