UE ID,Internet usage
402958,1.0096492183592487
890055,1.0067639779433957
453055,0.9893599964674982
332252,1.0417898042654907
593321,1.0690671601317434
979618,1.004180175986055
1010813,1.108150384397855
