UE ID,Internet usage
402958,0.6712715887557144
890055,0.6683863483442947
453055,0.6509823668639638
332252,0.7034121746619563
593321,0.7306895305326424
979618,0.6658025463869539
1010813,0.769772754798754
