UE ID,Internet usage
402958,0.4514677615252889
890055,0.44858252111386915
453055,0.4311785396335383
332252,0.48360834743153075
593321,0.5108857032977834
979618,0.44599871915652833
1010813,0.5499689275683284
