UE ID,Internet usage
402958,0.5489035842421368
890055,0.546018343830717
453055,0.5286143623503862
332252,0.5810441701483786
593321,0.6083215260190646
979618,0.5434345418733763
1010813,0.6474047502851762
