UE ID,Internet usage
402958,0.31054398483155854
890055,0.3076587444188088
453055,0.2902547629389212
332252,0.3426845707373571
593321,0.36996192660493976
979618,0.3050749424610246
1010813,0.4090451508737114
