UE ID,Internet usage
402958,0.9766098392202902
890055,0.9737245988088705
453055,0.9563206173285396
332252,1.0087504251265322
593321,1.0360277809927847
979618,0.9711407968515298
1010813,1.0751110052633297
