UE ID,Internet usage
402958,0.3650481871440892
890055,0.3621629467308961
453055,0.3447589652510086
332252,0.3971887730494444
593321,0.4244661289174704
979618,0.3595791447731119
1010813,0.4635493531840253
