UE ID,Internet usage
402958,0.9827189060985473
890055,0.9798336656871276
453055,0.9624296842067968
332252,1.0148594920047893
593321,1.0421368478754753
979618,0.9772498637297868
1010813,1.0812200721415868
