UE ID,Internet usage
402958,0.30716933005349534
890055,0.30428408964030224
453055,0.28688010816041465
332252,0.3393099159588505
593321,0.3665872718268765
979618,0.30170028768251805
1010813,0.4056704960952048
