UE ID,Internet usage
402958,0.7478176014770005
890055,0.7449323610655808
453055,0.72752837958525
332252,0.7799581873832425
593321,0.8072355432539284
979618,0.7423485591082399
1010813,0.8463187675200401
