UE ID,Internet usage
402958,0.6099690302598252
890055,0.607083789843972
453055,0.5896798083636411
332252,0.642109616166067
593321,0.6693869720323196
979618,0.6044999878866312
1010813,0.7084701962984312
