UE ID,Internet usage
402958,0.6562264331632901
890055,0.6533411927518704
453055,0.6359372112715395
332252,0.688367019069532
593321,0.7156443749357846
979618,0.6507573907945295
1010813,0.7547275992063297
