UE ID,Internet usage
402958,0.5399731182653945
890055,0.5370878778539748
453055,0.5196838963736439
332252,0.5721137041716364
593321,0.599391060037889
979618,0.5345040758922005
1010813,0.6384742843084341
