UE ID,Internet usage
402958,0.7070951204907862
890055,0.7042098800793665
453055,0.6868058985990356
332252,0.7392357063970281
593321,0.7665130622677141
979618,0.7016260781220257
1010813,0.8055962865338256
