UE ID,Internet usage
402958,0.8948906742665113
890055,0.8920054338550916
453055,0.8746014523747606
332252,0.9270312601727531
593321,0.9543086160390057
979618,0.8894216318977507
1010813,0.9933918403095509
