UE ID,Internet usage
402958,0.25153301369828085
890055,0.24864777328553112
453055,0.23124379180564353
332252,0.2836735996040794
593321,0.310950955471662
979618,0.24606397132730357
1010813,0.35003417973999035
