UE ID,Internet usage
402958,0.5794967238585043
890055,0.5766114834426511
453055,0.5592075019623202
332252,0.6116373097603127
593321,0.6389146656309987
979618,0.5740276814853102
1010813,0.6779978898971104
