UE ID,Internet usage,Data rate,optimal GU
402958,110.79765849498033,40.23010219162976,66.7637710427321
890055,110.31293810561927,40.05410252644509,66.47169121419934
453055,107.38906921701725,38.99245965617888,64.70984429713262
332252,116.19727692714645,42.19067793188056,70.0174398803239
593321,120.77987271292344,43.85459663981148,72.77879224082405
979618,109.87885937667119,39.89649060700561,66.21012672567431
1010813,127.34585439001938,46.23867332018561,76.7352810630158
