UE ID,Internet usage,Data rate,optimal GU
402958,110.79765849498033,42.86814167960548,68.91799273144395
890055,110.31293810561927,42.680601052769354,68.61648855956398
453055,107.38906921701725,41.549342256584055,66.79779331320643
332252,116.19727692714645,44.95727976347928,72.27664551269794
593321,120.77987271292344,46.730307894881086,75.12709657227184
979618,109.87885937667119,42.51265392549778,68.34648434564033
1010813,127.34585439001938,49.270717472328926,79.21124675778675
