UE ID,Internet usage,Data rate,optimal GU
402958,110.79765849498033,103.54304990304709,107.1089514591872
890055,110.31293810561927,103.09006715822753,106.64036851835091
453055,107.38906921701725,100.35764206590302,103.8138419011256
332252,116.19727692714645,108.58912189024996,112.3288042647879
593321,120.77987271292344,112.87166676148202,116.75883497340709
979618,109.87885937667119,102.68441025081772,106.22074126142226
1010813,127.34585439001938,119.00773297162526,123.1062201283546
