UE ID,Internet usage,Data rate,optimal GU
402958,110.79765849498033,49.46324039954478,74.02979952589278
890055,110.31293810561927,49.24684736858003,73.70593209279052
453055,107.38906921701725,47.94154875759698,71.75234001689833
332252,116.19727692714645,51.873784342476085,77.63757134597763
593321,120.77987271292344,53.9195860325551,80.69944694820114
979618,109.87885937667119,49.053062221728204,73.41590104232445
1010813,127.34585439001938,56.85082785268722,85.08652799168834
