UE ID,Internet usage,Data rate,optimal GU
402958,110.79765849498033,26.38039487975722,54.063721503888985
890055,110.31293810561927,26.264985263242682,53.82720217222043
453055,107.38906921701725,25.568826004051726,52.40050024138111
332252,116.19727692714645,27.666018315987248,56.698465514811566
593321,120.77987271292344,28.757112550696053,58.934543295628266
979618,109.87885937667119,26.16163318492171,53.61539344059751
1010813,127.34585439001938,30.320441521433185,62.138414294456595
