UE ID,Internet usage,Data rate,optimal GU
402958,110.79765849498033,84.4172636152231,96.71212511945033
890055,110.31293810561927,84.04795284237659,96.28902647656739
453055,107.38906921701725,81.82024321296552,93.73686447577784
332252,116.19727692714645,88.5312586111592,101.42529848883702
593321,120.77987271292344,92.02276016222739,105.42531602554344
979618,109.87885937667119,83.71722619174948,95.91013149885791
1010813,127.34585439001938,97.0254128685862,111.15657470115967
