UE ID,Internet usage,Data rate,optimal GU
402958,110.79765849498033,13.19019743987861,38.22882409158087
890055,110.31293810561927,13.132492631621341,38.06157966827633
453055,107.38906921701725,12.784413002025863,37.052749058247905
332252,116.19727692714645,13.833009157993624,40.09186944839487
593321,120.77987271292344,14.378556275348027,41.67301521047093
979618,109.87885937667119,13.080816592460854,37.91180827783124
1010813,127.34585439001938,15.160220760716593,43.93849411978936
