UE ID,Internet usage,Data rate,optimal GU
402958,110.79765849498033,21.763825775799706,49.1058136665233
890055,110.31293810561927,21.668612842175214,48.89098431504014
453055,107.38906921701725,21.094281453342674,47.595117933210965
332252,116.19727692714645,22.82446511068948,51.498938757811096
593321,120.77987271292344,23.724617854324247,53.529957263274866
979618,109.87885937667119,21.58334737756041,48.69859948065042
1010813,127.34585439001938,25.01436425518238,56.44001761250045
