UE ID,Internet usage,Data rate,optimal GU
402958,110.79765849498033,106.18108939102281,108.46481494462397
890055,110.31293810561927,105.7165656845518,107.99030033803312
453055,107.38906921701725,102.9145246663082,105.12799347855261
332252,116.19727692714645,111.35572372184868,113.75074446670871
593321,120.77987271292344,115.74737801655162,118.23685374574941
979618,109.87885937667119,105.30057356930989,107.56536113222053
1010813,127.34585439001938,122.03977712376857,124.66458874674015
