UE ID,Internet usage,Data rate,optimal GU
402958,110.79765849498033,44.187161423593345,69.97023668156243
890055,110.31293810561927,43.99385031593149,69.66412912632461
453055,107.38906921701725,42.82778355678664,67.8176659344097
332252,116.19727692714645,46.34058067927864,73.38016957022457
593321,120.77987271292344,48.16816352241589,76.27414148355045
979618,109.87885937667119,43.820735584743865,69.39000247224641
1010813,127.34585439001938,50.78673954840058,80.42064871334016
