UE ID,Internet usage,Data rate,optimal GU
402958,110.79765849498033,14.50921718386647,40.09472896239027
890055,110.31293810561927,14.445741894783476,39.91932153142135
453055,107.38906921701725,14.062854302228448,38.86125106131865
332252,116.19727692714645,15.216310073792986,42.048707417159115
593321,120.77987271292344,15.81641190288283,43.70702708267122
979618,109.87885937667119,14.38889825170694,39.7622399719198
1010813,127.34585439001938,16.67624283678825,46.083081408107255
