UE ID,Internet usage,Data rate,optimal GU
402958,110.79765849498033,66.61049707138699,85.90859739686374
890055,110.31293810561927,66.31908778968777,85.53276229939588
453055,107.38906921701725,64.56128566023061,83.26569746604017
332252,116.19727692714645,69.8566962478678,90.0952711252319
593321,120.77987271292344,72.61170919050754,93.64845430383416
979618,109.87885937667119,66.05812379192733,85.19619295966176
1010813,127.34585439001938,76.5591148416188,98.7394849634611
