UE ID,Internet usage,Data rate,optimal GU
402958,110.79765849498033,42.20863180761155,68.38579949492518
890055,110.31293810561927,42.023976421188294,68.08662357543182
453055,107.38906921701725,40.91012160648276,66.2819725179869
332252,116.19727692714645,44.2656293055796,71.71851634532635
593321,120.77987271292344,46.01138008111369,74.54695587039656
979618,109.87885937667119,41.85861309587474,67.81870436733591
1010813,127.34585439001938,48.5127064342931,78.59956774465904
