UE ID,Internet usage,Data rate,optimal GU
402958,110.79765849498033,32.97549359969653,60.445078199656464
890055,110.31293810561927,32.83123157905335,60.18064154785462
453055,107.38906921701725,31.961032505064658,58.58554029736115
332252,116.19727692714645,34.582522894984066,63.390811555523136
593321,120.77987271292344,35.94639068837007,65.89082251596464
979618,109.87885937667119,32.70204148115214,59.943832186786196
1010813,127.34585439001938,37.90055190179149,69.4728591882248
