UE ID,Internet usage,Data rate,optimal GU
402958,110.79765849498033,108.81912887899854,109.80393744878428
890055,110.31293810561927,108.34306421087608,109.32356441530575
453055,107.38906921701725,105.47140726671338,106.42591909577901
332252,116.19727692714645,114.12232555344741,115.1551278315642
593321,120.77987271292344,118.62308927162124,119.6966232733412
979618,109.87885937667119,107.91673688780207,108.89337884777031
1010813,127.34585439001938,125.0718212759119,126.20371603283638
