UE ID,Internet usage,Data rate,optimal GU
402958,110.79765849498033,68.58902668736877,87.17513151931678
890055,110.31293810561927,68.28896168443097,86.79375555644334
453055,107.38906921701725,66.47894761053449,84.49326781715897
332252,116.19727692714645,71.93164762156685,91.42352858268553
593321,120.77987271292344,74.76849263180975,95.02909566552307
979618,109.87885937667119,68.02024628079644,86.45222423890651
1010813,127.34585439001938,78.83314795572629,100.19518242249362
