UE ID,Internet usage,Data rate,optimal GU
402958,110.79765849498033,71.22706617534449,88.83575943107135
890055,110.31293810561927,70.91546021075524,88.44711851134863
453055,107.38906921701725,69.03583021093966,86.102808020278
332252,116.19727692714645,74.69824945316557,93.16508561517315
593321,120.77987271292344,77.64420388687935,96.83933633784137
979618,109.87885937667119,70.63640959928861,88.09908125078933
1010813,127.34585439001938,81.8651921078696,102.10383359002603
