UE ID,Internet usage
561728,0.43863307550779507
335010,0.4709989081463559
1240782,0.4973028928128295
1266431,0.3949293127320403
1117832,0.49931481189764065
117129,0.4249579086330188
158977,0.5158733142749249
