UE ID,Internet usage
561728,1.0205190633700882
335010,1.0528848960068757
1240782,1.0791888806777827
1266431,0.9768153005969936
1117832,1.081200799762594
117129,1.0068438964953121
158977,1.0977593021354448
