UE ID,Internet usage
561728,0.30466846298061795
335010,0.3370342956174054
1240782,0.3633382802856524
1266431,0.2609647002048632
1117832,0.3653501993717936
117129,0.2909932961058417
158977,0.3819087017459743
