UE ID,Internet usage
561728,0.527359731730393
335010,0.5597255643671805
1240782,0.5860295490380876
1266431,0.4836559689572983
1117832,0.5880414681228986
117129,0.5136845648556168
158977,0.6045999704957494
