UE ID,Internet usage
561728,0.40191208880469714
335010,0.43427792144148464
1240782,0.46058190610795824
1266431,0.358208326028499
1117832,0.4625938251972028
117129,0.3882369219294775
158977,0.4791523275700536
