UE ID,Internet usage
561728,0.9901952136263027
335010,1.02256104626309
1240782,1.0488650309295637
1266431,0.9464914508487744
1117832,1.0508769500188084
117129,0.9765200467515264
158977,1.067435452391659
