UE ID,Internet usage
561728,1.0101698786231006
335010,1.042535711259888
1240782,1.0688396959263617
1266431,0.9664661158455724
1117832,1.0708516150156064
117129,0.9964947117483244
158977,1.087410117388457
