UE ID,Internet usage
561728,0.5756352506078913
335010,0.6080010832446788
1240782,0.6343050679111525
1266431,0.5319314878303633
1117832,0.6363169869959636
117129,0.5619600837331151
158977,0.6528754893732478
