UE ID,Internet usage
561728,0.5915856519717604
335010,0.6239514846129813
1240782,0.650255469279455
1266431,0.5478818891986658
1117832,0.6522673883642661
117129,0.5779104850969842
158977,0.6688258907371168
