UE ID,Internet usage
561728,0.6890101261053969
335010,0.7213759587466179
1240782,0.7476799434130915
1266431,0.6453063633323023
1117832,0.7496918624979027
117129,0.6753349592306207
158977,0.7662503648707534
