UE ID,Internet usage
561728,0.9948053683760264
335010,1.0271712010128138
1240782,1.0534751856792874
1266431,0.9511016055984981
1117832,1.0554871047685321
117129,0.9811302015012501
158977,1.0720456071413826
