UE ID,Internet usage
561728,0.4004611572869858
335010,0.4328269899237733
1240782,0.45913097459113367
1266431,0.35675739451123106
1117832,0.4611428936759448
117129,0.38678599041220957
158977,0.4777013960532289
