UE ID,Internet usage
561728,1.0216544890510004
335010,1.054020321687788
1240782,1.080324306358695
1266431,0.9779507262779057
1117832,1.082336225443506
117129,1.007979322176224
158977,1.0988947278163568
