UE ID,Internet usage
561728,0.9086365052156763
335010,0.9410023378524638
1240782,0.9673063225233708
1266431,0.8649327424425816
1117832,0.9693182416081818
117129,0.8949613383409
158977,0.9858767439810326
