UE ID,Internet usage
561728,0.7096924462688541
335010,0.7420582789056415
1240782,0.7683622635721151
1266431,0.6659886834913259
1117832,0.7703741826613597
117129,0.6960172793940778
158977,0.7869326850342104
