UE ID,Internet usage
561728,0.41452674097100595
335010,0.4468925736064634
1240782,0.4731965582773705
1266431,0.37082297819525123
1117832,0.47520847736218164
117129,0.40085157409622973
158977,0.49176697973503236
