UE ID,Internet usage
561728,0.9689620335105016
335010,1.001327866147289
1240782,1.027631850818196
1266431,0.925258270737407
1117832,1.0296437699030074
117129,0.9552868666357254
158977,1.0462022722758582
