UE ID,Internet usage
561728,0.6955308944873778
335010,0.7278967271285988
1240782,0.7542007117950723
1266431,0.6518271317142831
1117832,0.7562126308798834
117129,0.6818557276126015
158977,0.7727711332527343
