UE ID,Internet usage
561728,0.879074689306523
335010,0.9114405219433104
1240782,0.937744506609784
1266431,0.8353709265289948
1117832,0.9397564256990286
117129,0.8653995224317468
158977,0.9563149280718795
