UE ID,Internet usage
561728,0.7871220628055217
335010,0.819487895442309
1240782,0.8457918801087827
1266431,0.7434183000279935
1117832,0.8478037991935939
117129,0.7734468959307454
158977,0.864362301570878
