UE ID,Internet usage
561728,0.6889182661005159
335010,0.7212840987373034
1240782,0.747588083403777
1266431,0.6452145033229878
1117832,0.7496000024930216
117129,0.6752430992257397
158977,0.7661585048658724
