UE ID,Internet usage
561728,0.4396254767679521
335010,0.4719913094069564
1240782,0.49829529407343004
1266431,0.3959217139921974
1117832,0.5003072131582411
117129,0.4259503098927326
158977,0.516865715531092
