UE ID,Internet usage
561728,0.4236022920310251
335010,0.4559681246678126
1240782,0.48227210933428627
1266431,0.37989852925527035
1117832,0.48428402842353085
117129,0.40992712515624885
158977,0.5008425307963815
