UE ID,Internet usage
561728,0.9948775222170532
335010,1.0272433548538407
1240782,1.0535473395203143
1266431,0.951173759439525
1117832,1.0555592586051255
117129,0.9812023553422768
158977,1.0721177609824095
