UE ID,Internet usage
561728,0.30725741779616744
335010,0.3396232504329549
1240782,0.36592723510120195
1266431,0.26355365502041267
1117832,0.3679391541873431
117129,0.2935822509213912
158977,0.38449765656152385
