UE ID,Internet usage
561728,0.2967423937175468
335010,0.32910822635433423
1240782,0.3554122110225813
1266431,0.25303863094134865
1117832,0.3574241301082791
117129,0.2830672268423272
158977,0.3739826324824599
