UE ID,Internet usage
561728,0.840660387041464
335010,0.8730262196782512
1240782,0.8993302043491584
1266431,0.7969566242683691
1117832,0.9013421234339695
117129,0.8269852201666876
158977,0.9179006258068203
