UE ID,Internet usage
561728,0.29083747502369856
335010,0.323203307660486
1240782,0.349507292328733
1266431,0.24713371224794373
1117832,0.3515192114148742
117129,0.2771623081489223
158977,0.36807771378905496
