UE ID,Internet usage
561728,0.9441405201698706
335010,0.9765063528066581
1240782,1.0028103374775652
1266431,0.900436757396776
1117832,1.0048222565623761
117129,0.9304653532950944
158977,1.021380758935227
