UE ID,Internet usage
561728,0.5130648441678358
335010,0.5454306768046233
1240782,0.5717346614755304
1266431,0.4693610813947411
1117832,0.5737465805603414
117129,0.49938967729305955
158977,0.5903050829331923
