UE ID,Internet usage
561728,0.9778526209086411
335010,1.0102184535454286
1240782,1.0365224382163356
1266431,0.9341488581355464
1117832,1.0385343573011467
117129,0.9641774540338649
158977,1.0550928596739977
