UE ID,Internet usage,Data rate,optimal GU
561728,117.40080799764645,2.0964429999579726,15.688342873486539
335010,122.83826788066757,2.193540497869064,16.414954014079143
1240782,127.25733730492516,2.2724524518736637,17.005477005291297
1266431,110.05857585130244,1.9653317116304005,14.707195832565924
1117832,127.59533971136307,2.2784882091314835,17.05064447674829
117129,115.10337996267648,2.0554174993335086,15.38133613857129
158977,130.37716811021167,2.32816371625378,17.42238193308005
