UE ID,Internet usage,Data rate,optimal GU
561728,117.40080799764645,63.59210433205849,86.40465514574026
335010,122.83826788066757,66.53739510202827,90.40651726299807
1240782,127.25733730492516,68.93105770683445,93.6588642968934
1266431,110.05857585130244,59.615061919455485,81.00091860060898
1117832,127.59533971136307,69.11414234365499,93.90762733238532
117129,115.10337996267648,62.34766414644976,84.71379389470258
158977,130.37716811021167,70.62096605969798,95.95499759820119
