UE ID,Internet usage,Data rate,optimal GU
561728,117.40080799764645,21.663244332899048,50.43096656353895
335010,122.83826788066757,22.666585144646994,52.76669458984623
1240782,127.25733730492516,23.482008669361193,54.66496042104187
1266431,110.05857585130244,20.308427686847473,47.2770200942656
1117832,127.59533971136307,23.544378161025328,54.810153527871314
117129,115.10337996267648,21.239314159779592,49.444077985940496
158977,130.37716811021167,24.05769173462239,56.005122262419114
