UE ID,Internet usage,Data rate,optimal GU
561728,117.40080799764645,9.783400666470538,33.89069405026038
335010,122.83826788066757,10.236522323388964,35.46035351384539
1240782,127.25733730492516,10.604778108743764,36.73602897467677
1266431,110.05857585130244,9.171547987608536,31.771174197188152
1117832,127.59533971136307,10.632944975946922,36.8336018648486
117129,115.10337996267648,9.59194833022304,33.22748370304352
158977,130.37716811021167,10.864764009184306,37.6366465523059
