UE ID,Internet usage,Data rate,optimal GU
561728,117.40080799764645,95.03874933142808,105.62966421699655
335010,122.83826788066757,99.44050257006423,110.5219394187858
1240782,127.25733730492516,103.01784448493942,114.49793266276147
1266431,110.05857585130244,89.09503759391148,99.02359796030514
1117832,127.59533971136307,103.29146548062724,114.80204539678361
117129,115.10337996267648,93.17892663645239,103.5625868600719
158977,130.37716811021167,105.54342180350469,117.30495491411482
