UE ID,Internet usage,Data rate,optimal GU
561728,117.40080799764645,45.42293166575607,73.02526192477261
335010,122.83826788066757,47.52671078716305,76.4074527200099
1240782,127.25733730492516,49.23646979059604,79.15618765356021
1266431,110.05857585130244,42.582187085325344,68.45827099222292
1117832,127.59533971136307,49.36724453118214,79.36643079142539
117129,115.10337996267648,44.534045818892686,71.59622334430252
158977,130.37716811021167,50.44354718549856,81.09677448258432
