UE ID,Internet usage,Data rate,optimal GU
561728,117.40080799764645,31.446644999369585,60.76069067860517
335010,122.83826788066757,32.903107468035955,63.57484352528911
1240782,127.25733730492516,34.08678677810495,65.86192923580636
1266431,110.05857585130244,29.47997567445601,56.96072452893895
1117832,127.59533971136307,34.17732313697225,66.03686210054958
117129,115.10337996267648,30.83126249000263,59.57165870710491
158977,130.37716811021167,34.922455743806694,67.47659507808402
