UE ID,Internet usage,Data rate,optimal GU
561728,117.40080799764645,87.35179166491551,101.26781779767528
335010,122.83826788066757,91.39752074454432,105.95807254214851
1240782,127.25733730492516,94.6855188280693,109.76988205967727
1266431,110.05857585130244,81.88882131793335,94.93454088156491
1117832,127.59533971136307,94.9370087138118,110.06143683424932
117129,115.10337996267648,85.64239580556286,99.28609784517485
158977,130.37716811021167,97.00682151057416,112.46099179680671
