UE ID,Internet usage,Data rate,optimal GU
561728,117.40080799764645,81.0624626650416,97.55408046388901
335010,122.83826788066757,84.81689925093713,102.0723321522253
1240782,127.25733730492516,87.86816147244832,105.74435333795836
1266431,110.05857585130244,75.99282618304215,91.45306022556701
1117832,127.59533971136307,88.10154408641735,106.02521608939098
117129,115.10337996267648,79.47614330756234,95.64503500495191
158977,130.37716811021167,90.02233036181282,108.3367735316826
