UE ID,Internet usage,Data rate,optimal GU
561728,117.40080799764645,25.157315999495665,54.3460138868796
335010,122.83826788066757,26.322485974428766,56.86306871258353
1240782,127.25733730492516,27.26942942248396,58.90870036021752
1266431,110.05857585130244,23.583980539564806,50.94722083773887
1117832,127.59533971136307,27.341858509577797,59.065165071043374
117129,115.10337996267648,24.6650099920021,53.28251136060152
158977,130.37716811021167,27.937964595045358,60.35290139392944
