UE ID,Internet usage,Data rate,optimal GU
561728,117.40080799764645,4.192885999915945,22.186667262843958
335010,122.83826788066757,4.387080995738128,23.214250592441402
1240782,127.25733730492516,4.5449049037473275,24.049376215506758
1266431,110.05857585130244,3.930663423260801,20.79911581089179
1117832,127.59533971136307,4.556976418262967,24.113252666219335
117129,115.10337996267648,4.110834998667017,21.752494174586932
158977,130.37716811021167,4.65632743250756,24.63896881860579
