UE ID,Internet usage,Data rate,optimal GU
561728,117.40080799764645,74.77313366516768,93.6932564745548
335010,122.83826788066757,78.23627775732994,98.03269273635816
1240782,127.25733730492516,81.05080411682734,101.55938911952214
1266431,110.05857585130244,70.09683104815096,87.83369169543572
1117832,127.59533971136307,81.2660794590229,101.82913637846808
117129,115.10337996267648,73.30989080956181,91.85976386250574
158977,130.37716811021167,83.03783921305148,104.04921106182756
