UE ID,Internet usage,Data rate,optimal GU
561728,117.40080799764645,47.51937466571404,74.69145186229626
335010,122.83826788066757,49.72025128503211,78.15081283291224
1240782,127.25733730492516,51.50892224246971,80.96226461767932
1266431,110.05857585130244,44.54751879695574,70.02025761522214
1117832,127.59533971136307,51.64573274031362,81.17730479415157
117129,115.10337996267648,46.589463318226194,73.22980744597768
158977,130.37716811021167,52.77171090175234,82.9471290865528
