UE ID,Internet usage,Data rate,optimal GU
561728,117.40080799764645,113.90673633104983,115.64057627684204
335010,122.83826788066757,119.1823670508858,120.99651040608055
1240782,127.25733730492516,123.46991655180238,125.34932316388341
1266431,110.05857585130244,106.7830229985851,108.40842880662532
1117832,127.59533971136307,123.79785936281058,125.68225778103036
117129,115.10337996267648,111.67768413045397,113.37759439068819
158977,130.37716811021167,126.4968952497887,128.42237724556236
