UE ID,Internet usage,Data rate,optimal GU
561728,117.40080799764645,62.19447566541985,85.44987826855139
335010,122.83826788066757,65.07503477011556,89.40751955755853
1240782,127.25733730492516,67.41608940558535,92.6239279520447
1266431,110.05857585130244,58.30484077836855,80.10585335232493
1117832,127.59533971136307,67.595150204234,92.86994214033867
117129,115.10337996267648,60.97738581356076,83.77770114075106
158977,130.37716811021167,69.0688569155288,94.89468883586717
