UE ID,Internet usage,Data rate,optimal GU
561728,117.40080799764645,60.7968469987812,84.48431192455911
335010,122.83826788066757,63.612674438202845,88.39723266735025
1240782,127.25733730492516,65.90112110433624,91.57729629742974
1266431,110.05857585130244,56.994619637281616,79.20067340916926
1117832,127.59533971136307,66.07615806481301,91.82053057514719
117129,115.10337996267648,59.60710748067175,82.83103006014024
158977,130.37716811021167,67.51674777135962,93.8223980424787
