UE ID,Internet usage,Data rate,optimal GU
561728,117.40080799764645,99.23163533134402,107.93458281212556
335010,122.83826788066757,103.82758356580236,112.93361113264035
1240782,127.25733730492516,107.56274938868674,116.996363534946
1266431,110.05857585130244,93.0257010171723,101.18436722893037
1117832,127.59533971136307,107.84844189889021,117.307112237196
117129,115.10337996267648,97.2897616351194,105.82240027501443
158977,130.37716811021167,110.19974923601225,119.86463711973911
