UE ID,Internet usage,Data rate,optimal GU
561728,117.40080799764645,35.63953099928553,64.68469475829107
335010,122.83826788066757,37.290188463774086,67.68058923970491
1240782,127.25733730492516,38.63169168185228,70.11537790682831
1266431,110.05857585130244,33.41063909771681,60.639321874313175
1117832,127.59533971136307,38.73429955523522,70.30160816248755
117129,115.10337996267648,34.942097488669646,63.41887356245951
158977,130.37716811021167,39.57878317631426,71.83432095994186
