UE ID,Internet usage,Data rate,optimal GU
561728,117.40080799764645,83.8577199983189,99.22179238777656
335010,122.83826788066757,87.74161991476255,103.81728474282747
1240782,127.25733730492516,90.89809807494655,107.55208006867947
1266431,110.05857585130244,78.61326846521602,93.01647365008942
1117832,127.59533971136307,91.13952836525934,107.83774424058895
117129,115.10337996267648,82.21669997334035,97.28011130908912
158977,130.37716811021167,93.1265486501512,110.18881834780046
