UE ID,Internet usage,Data rate,optimal GU
561728,117.40080799764645,34.94071666596621,64.04739158311808
335010,122.83826788066757,36.55900829781773,67.01376914290736
1240782,127.25733730492516,37.874207531227725,69.42456915932705
1266431,110.05857585130244,32.75552852717335,60.041875561622895
1117832,127.59533971136307,37.974803485524724,69.60896458939597
117129,115.10337996267648,34.256958322225145,62.79404183621766
158977,130.37716811021167,38.802728604229664,71.12657639988424
