UE ID,Internet usage,Data rate,optimal GU
561728,117.40080799764645,64.29091866537782,86.87810885502932
335010,122.83826788066757,67.26857526798463,90.9018991480351
1240782,127.25733730492516,69.68854185745901,94.17206739497152
1266431,110.05857585130244,60.270172489998956,81.44476257293425
1117832,127.59533971136307,69.8736384133655,94.42219352579306
117129,115.10337996267648,63.032803312894266,85.17798254148029
158977,130.37716811021167,71.39702063178258,96.480782342797
