UE ID,Internet usage,Data rate,optimal GU
561728,117.40080799764645,13.277472333067157,39.48146375286104
335010,122.83826788066757,13.892423153170736,41.31006168962684
1240782,127.25733730492516,14.392198861866534,42.796178627584375
1266431,110.05857585130244,12.44710084032587,37.01229784765889
1117832,127.59533971136307,14.430425324499392,42.90984760470441
117129,115.10337996267648,13.017644162445553,38.70884707981998
158977,130.37716811021167,14.74503686960727,43.84536635426891
