UE ID,Internet usage,Data rate,optimal GU
561728,117.40080799764645,32.14545933268891,61.43209990805428
335010,122.83826788066757,33.634287633992315,64.27734931031127
1240782,127.25733730492516,34.84427092872951,66.58970745334094
1266431,110.05857585130244,30.135086244999478,57.590143907450134
1117832,127.59533971136307,34.93681920668275,66.7665733365968
117129,115.10337996267648,31.516401656447133,60.22992906287007
158977,130.37716811021167,35.69851031589129,68.22221544877507
