UE ID,Internet usage,Data rate,optimal GU
561728,117.40080799764645,64.98973299869715,87.3489963628567
335010,122.83826788066757,67.99975543394098,91.39459597708347
1240782,127.25733730492516,70.44602600808358,94.68248884298629
1266431,110.05857585130244,60.92528306054242,81.88620083372277
1117832,127.59533971136307,70.63313448307599,94.93397068092366
117129,115.10337996267648,63.71794247933877,85.63965520504676
158977,130.37716811021167,72.17307520386717,97.00371724261673
