UE ID,Internet usage,Data rate,optimal GU
561728,117.40080799764645,25.856130332814995,55.09564949036299
335010,122.83826788066757,27.053666140385122,57.64742395377935
1240782,127.25733730492516,28.02691357310852,59.72127254328273
1266431,110.05857585130244,24.239091110108276,51.649974322437785
1117832,127.59533971136307,28.101354579288294,59.87989549000364
117129,115.10337996267648,25.35014915844661,54.017477270742695
158977,130.37716811021167,28.71401916712995,61.1853945322962
