UE ID,Internet usage,Data rate,optimal GU
561728,117.40080799764645,7.686957666512565,30.04088948570395
335010,122.83826788066757,8.0429818255199,31.43224389130617
1240782,127.25733730492516,8.332325656870099,32.56300933038592
1266431,110.05857585130244,7.206216275978135,28.162135938359324
1117832,127.59533971136307,8.354456766815439,32.64949845350939
117129,115.10337996267648,7.536530830889531,29.453016345160705
158977,130.37716811021167,8.536600292930526,33.36132148883023
