UE ID,Internet usage,Data rate,optimal GU
561728,117.40080799764645,56.603960998865254,81.51902083031939
335010,122.83826788066757,59.22559344246473,85.29460306887529
1240782,127.25733730492516,61.35621620058892,88.36305054032628
1266431,110.05857585130244,53.06395621402082,76.42083125660831
1117832,127.59533971136307,61.51918164655005,88.59774760656506
117129,115.10337996267648,55.496272482004734,79.92376704090229
158977,130.37716811021167,62.86042033885206,90.52935209089416
