UE ID,Internet usage,Data rate,optimal GU
561728,117.40080799764645,112.50910766441119,114.92893520300304
335010,122.83826788066757,117.7200067189731,120.25190942458752
1240782,127.25733730492516,121.95494825055329,124.57793538795444
1266431,110.05857585130244,105.47280185749817,107.74129367834254
1117832,127.59533971136307,122.27886722338961,124.90882115723075
117129,115.10337996267648,110.30740579756497,112.67987949147916
158977,130.37716811021167,124.94478610561951,127.63207818799629
