UE ID,Internet usage
594762,0.7241523311148246
1027499,0.7622588696620838
119057,0.6911340239697265
611702,0.829107787850249
1105628,0.7683805687843033
852694,0.784060887098881
248528,0.7606319857857531
