UE ID,Internet usage
594762,0.9257431866880054
1027499,0.963849725239698
119057,0.8927248795429074
611702,1.0306986434278633
1105628,0.9699714243574842
852694,0.9856517426764954
248528,0.9622228413589339
