UE ID,Internet usage
594762,0.26923108563085013
1027499,0.30733762417988286
119057,0.23621277848619546
611702,0.37418654236982146
1105628,0.31345932330032894
852694,0.32913964161668
248528,0.30571074030222206
