UE ID,Internet usage
594762,0.28722410744071997
1027499,0.32533064598975264
119057,0.2542058002960652
611702,0.39217956417969124
1105628,0.3314523451101987
852694,0.3471326634265498
248528,0.3237037621120918
