UE ID,Internet usage
594762,0.30897299053509997
1027499,0.34707952908413264
119057,0.27595468339044527
611702,0.41392844727407124
1105628,0.3532012282045787
852694,0.36888154652092986
248528,0.34545264520647184
