UE ID,Internet usage
594762,0.3138863280857022
1027499,0.35199286663517826
119057,0.2808680209414909
611702,0.41884178482467355
1105628,0.35811456575518097
852694,0.3737948840719755
248528,0.35036598275751746
