UE ID,Internet usage
594762,0.9704902338180458
1027499,1.0085967723697387
119057,0.9374719266729478
611702,1.0754456905579037
1105628,1.0147184714875246
852694,1.0303987898065357
248528,1.0069698884889744
