UE ID,Internet usage
594762,0.7370425024633062
1027499,0.7751490410105655
119057,0.7040241953182081
611702,0.8419979592031641
1105628,0.781270740132785
852694,0.7969510584473627
248528,0.7735221571342347
