UE ID,Internet usage
594762,0.9664981347668752
1027499,1.0046046733141345
119057,0.9334798276217772
611702,1.0714535915067331
1105628,1.010726372436354
852694,1.0264066907509317
248528,1.0029777894378038
