UE ID,Internet usage
594762,1.0086576576643278
1027499,1.0467641962115872
119057,0.9756393505192299
611702,1.1136131144041859
1105628,1.0528858953338067
852694,1.0685662136483844
248528,1.0451373123352563
