UE ID,Internet usage
594762,0.9699139332064327
1027499,1.008020471753692
119057,0.9368956260613346
611702,1.0748693899418573
1105628,1.0141421708759113
852694,1.0298224891904892
248528,1.0063935878773613
