UE ID,Internet usage
594762,0.5271681453688464
1027499,0.5652746839205391
119057,0.49414983822374836
611702,0.6321236021087043
1105628,0.5713963830383252
852694,0.5870767013573364
248528,0.5636478000397749
