UE ID,Internet usage
594762,0.4752502975097572
1027499,0.5133568360614499
119057,0.44223199036598915
611702,0.5802057542496151
1105628,0.5194785351792359
852694,0.5351588534982471
248528,0.5117299521806857
