UE ID,Internet usage
594762,0.7818642004770887
1027499,0.8199707390287814
119057,0.7488458933319906
611702,0.8868196572169466
1105628,0.8260924381465673
852694,0.8417727564655785
248528,0.8183438551480172
