UE ID,Internet usage
594762,0.7574544867032954
1027499,0.7955610252549883
119057,0.7244361795581974
611702,0.8624099434431535
1105628,0.8016827243727742
852694,0.8173630426917854
248528,0.7939341413742241
