UE ID,Internet usage
594762,0.7360194782321562
1027499,0.7741260167838488
119057,0.7030011710870581
611702,0.840974934972014
1105628,0.780247715901635
852694,0.7959280342206461
248528,0.7724991329030847
