UE ID,Internet usage
594762,0.8959547314625294
1027499,0.9340612700097887
119057,0.8629364243174313
611702,1.0009101881979539
1105628,0.9401829691320082
852694,0.955863287446586
248528,0.9324343861334579
