UE ID,Internet usage
594762,0.2940218579018017
1027499,0.33212839645083436
119057,0.26100355075714693
611702,0.3989773146407729
1105628,0.33825009557128044
852694,0.3539304138876315
248528,0.33050151257317356
