UE ID,Internet usage
594762,0.9658326582795539
1027499,1.0039391968312465
119057,0.9328143511344558
611702,1.0707881150194118
1105628,1.0100608959490325
852694,1.0257412142680438
248528,1.0023123129504825
