UE ID,Internet usage
594762,0.42696433065228256
1027499,0.4650708691995419
119057,0.3939460235080712
611702,0.5319197873921405
1105628,0.4711925683217614
852694,0.4868728866363391
248528,0.46344398532321107
