UE ID,Internet usage
594762,0.5297393837915764
1027499,0.5678459223432691
119057,0.49672107664647824
611702,0.6346948405314343
1105628,0.5739676214610552
852694,0.5896479397800662
248528,0.5662190384625049
