UE ID,Internet usage,Data rate,optimal GU
594762,108.64642304853224,106.70630835123704,107.67199598352224
1027499,115.04832152480337,112.99388721186047,114.01647717013314
119057,103.09934744825419,101.25828767239253,102.17467094515779
611702,126.27893978069403,124.02395871318166,125.14637035769415
1105628,116.07676697699893,114.00396756669538,115.03569870997717
852694,118.71106045417999,116.59122008892679,117.64636575943685
248528,114.77500503334,112.72545137203036,113.74561199716808
