UE ID,Internet usage,Data rate,optimal GU
594762,108.64642304853224,64.02378501074222,83.4023694594187
1027499,115.04832152480337,67.79633232711627,88.31678345463276
119057,103.09934744825419,60.754972603435505,79.14415979496378
611702,126.27893978069403,74.41437522790898,96.93796164673098
1105628,116.07676697699893,68.40238054001722,89.10626906461512
852694,118.71106045417999,69.95473205335607,91.12848306562508
248528,114.77500503334,67.6352708232182,88.1069721938405
