UE ID,Internet usage,Data rate,optimal GU
594762,108.64642304853224,38.802293945904374,64.92865656472671
1027499,115.04832152480337,41.08868625885835,68.75452267117346
119057,103.09934744825419,36.82119551723364,61.61364483693016
611702,126.27893978069403,45.09962135024787,75.46610079115028
1105628,116.07676697699893,41.45598820607105,69.36913638497545
852694,118.71106045417999,42.396807305064286,70.94342784963034
248528,114.77500503334,40.99107322619286,68.5911848261735
