UE ID,Internet usage,Data rate,optimal GU
594762,108.64642304853224,45.269342936888435,70.1309645153285
1027499,115.04832152480337,47.93680063533474,74.26337221244663
119057,103.09934744825419,42.95806143677258,66.5503426119901
611702,126.27893978069403,52.61622490862251,81.51270512455955
1105628,116.07676697699893,48.36531957374955,74.92723089725264
852694,118.71106045417999,49.462941855908326,76.6276600249435
248528,114.77500503334,47.822918763891664,74.08694717583303
