UE ID,Internet usage,Data rate,optimal GU
594762,108.64642304853224,82.778227084596,94.8343728773512
1027499,115.04832152480337,87.6558640188978,100.4224079933388
119057,103.09934744825419,78.55188377009843,89.9924883394623
611702,126.27893978069403,96.21252554719545,110.22529528072393
1105628,116.07676697699893,88.4394415062849,101.32010878054247
852694,118.71106045417999,90.4465222508038,103.619508639954
248528,114.77500503334,87.44762288254476,100.18383780080345
