UE ID,Internet usage,Data rate,optimal GU
594762,108.64642304853224,36.86217924860915,63.28462626211216
1027499,115.04832152480337,39.03425194591543,67.01361927514331
119057,103.09934744825419,34.98013574137196,60.0535525059659
611702,126.27893978069403,42.844640282735476,73.55525644159668
1105628,116.07676697699893,39.383188795767495,67.61267062213604
852694,118.71106045417999,40.27696693981107,69.14710013661397
248528,114.77500503334,38.941519564883215,66.85441723674943
