UE ID,Internet usage,Data rate,optimal GU
594762,108.64642304853224,10.3472783855745,33.52901407557432
1027499,115.04832152480337,10.956983002362225,35.50468283758601
119057,103.09934744825419,9.818985471262303,31.81714938034255
611702,126.27893978069403,12.026565693399432,38.97052687564472
1105628,116.07676697699893,11.054930188285612,35.822067994640115
852694,118.71106045417999,11.305815281350474,36.635028611264765
248528,114.77500503334,10.930952860318095,35.42033553712064
