UE ID,Internet usage,Data rate,optimal GU
594762,108.64642304853224,98.29914466295773,103.34336193660711
1027499,115.04832152480337,104.09133852244113,109.43278202749374
119057,103.09934744825419,93.28036197699188,98.06704058736965
611702,126.27893978069403,114.25237408729458,120.11523078765157
1105628,116.07676697699893,105.0218367887133,110.41102878073316
852694,118.71106045417999,107.4052451728295,112.9167416852248
248528,114.77500503334,103.8440521730219,109.17280618744307
