UE ID,Internet usage,Data rate,optimal GU
594762,108.64642304853224,107.99971814943385,108.32258798231159
1027499,115.04832152480337,114.36351008715573,114.70540475152941
119057,103.09934744825419,102.4856608563003,102.7920461761884
611702,126.27893978069403,125.52727942485657,125.90254866096166
1105628,116.07676697699893,115.38583384023109,115.7307847857225
852694,118.71106045417999,118.00444699909559,118.35722640198914
248528,114.77500503334,114.09182047957012,114.43290291610006
