UE ID,Internet usage,Data rate,optimal GU
594762,108.64642304853224,94.41891526836731,101.283154631116
1027499,115.04832152480337,99.98246989655532,107.2511787511115
119057,103.09934744825419,89.59824242526852,96.11201967785126
611702,126.27893978069403,109.74241195226982,117.72066696340451
1105628,116.07676697699893,100.87623796810621,108.20992361211682
852694,118.71106045417999,103.16556444232309,110.66568373846617
248528,114.77500503334,99.74494485040262,106.99638567379358
