UE ID,Internet usage,Data rate,optimal GU
594762,108.64642304853224,93.77221036926889,100.93569853117157
1027499,115.04832152480337,99.29765845890766,106.88324909470388
119057,103.09934744825419,88.98455583331463,95.78230337273936
611702,126.27893978069403,108.99075159643235,117.31682128961073
1105628,116.07676697699893,100.18530483133836,107.83870494134686
852694,118.71106045417999,102.45895098723867,110.28604047982661
248528,114.77500503334,99.06176029663273,106.629330095699
