UE ID,Internet usage,Data rate,optimal GU
594762,108.64642304853224,100.88596425935137,104.69431289511667
1027499,115.04832152480337,106.8305842730317,110.8633366272473
119057,103.09934744825419,95.73510834480747,99.34901709749103
611702,126.27893978069403,117.25901551064446,121.68543116746613
1105628,116.07676697699893,107.78556933578473,111.85437146250943
852694,118.71106045417999,110.23169899316713,114.39284017430826
248528,114.77500503334,106.57679038810143,110.59996226595904
