UE ID,Internet usage,Data rate,optimal GU
594762,108.64642304853224,80.83811238730077,93.7164433644143
1027499,115.04832152480337,85.60142970595489,99.23860543051556
119057,103.09934744825419,76.71082399423675,88.93163608088906
611702,126.27893978069403,93.95754447968305,108.92593401615511
1105628,116.07676697699893,86.36664209598133,100.12572391329358
852694,118.71106045417999,88.32668188555058,102.39801791554717
248528,114.77500503334,85.3980692212351,99.0028475585666
