UE ID,Internet usage,Data rate,optimal GU
594762,108.64642304853224,53.67650662516772,76.36596392742854
1027499,115.04832152480337,56.83934932475405,80.86576368510298
119057,103.09934744825419,50.9359871321732,72.46700652683074
611702,126.27893978069403,62.38780953450956,88.75959916120476
1105628,116.07676697699893,57.34745035173162,81.5886427831899
852694,118.71106045417999,58.64891677200559,83.44024870824467
248528,114.77500503334,56.70431796290012,80.67365356548551
