UE ID,Internet usage,Data rate,optimal GU
594762,108.64642304853224,65.96389970803743,84.65661080866862
1027499,115.04832152480337,69.85076664005919,89.64492991329482
119057,103.09934744825419,62.59603237929719,80.33436432284337
611702,126.27893978069403,76.66935629542138,98.39575715778649
1105628,116.07676697699893,70.47517995032078,90.4462881535525
852694,118.71106045417999,72.07457241860928,92.49891309412614
248528,114.77500503334,69.68482448452785,89.43196341889794
