UE ID,Internet usage,Data rate,optimal GU
594762,108.64642304853224,105.41289855304021,107.01744890888409
1027499,115.04832152480337,111.62426433656518,113.32336146339286
119057,103.09934744825419,100.03091448848471,101.55354256949823
611702,126.27893978069403,122.5206380015067,124.38559509880747
1105628,116.07676697699893,112.62210129315967,114.33638707019767
852694,118.71106045417999,115.17799317875796,116.93118365617731
248528,114.77500503334,111.35908226449058,113.05414290248292
