UE ID,Internet usage,Data rate,optimal GU
594762,108.64642304853224,40.742408643199596,66.5320747118654
1027499,115.04832152480337,43.14312057180127,70.45242087485674
119057,103.09934744825419,38.66225529309533,63.13519851553442
611702,126.27893978069403,47.35460241776026,77.32974193058617
1105628,116.07676697699893,43.5287876163746,71.082212521398
852694,118.71106045417999,44.5166476703175,72.69538123435692
248528,114.77500503334,43.0406268875025,70.28504938926349
