UE ID,Internet usage,Data rate,optimal GU
594762,108.64642304853224,104.1194887548434,106.35887373818703
1027499,115.04832152480337,110.2546414612699,112.62598030844435
119057,103.09934744825419,98.80354130457694,100.92859175713546
611702,126.27893978069403,121.01731728983178,123.62013801344752
1105628,116.07676697699893,111.24023501962397,113.63277185231154
852694,118.71106045417999,113.76476626858916,116.21160030765493
248528,114.77500503334,109.99271315695083,112.35841849287375
