UE ID,Internet usage,Data rate,optimal GU
594762,108.64642304853224,40.095703744101186,66.00193020973126
1027499,115.04832152480337,42.45830913415363,69.89103805686108
119057,103.09934744825419,38.048568701141434,62.632121187356816
611702,126.27893978069403,46.6029420619228,76.71355886830386
1105628,116.07676697699893,42.83785447960675,70.5158113632957
852694,118.71106045417999,43.810034215233095,72.11612593743669
248528,114.77500503334,42.35744233373262,69.72500022985709
