UE ID,Internet usage,Data rate,optimal GU
594762,108.64642304853224,37.50888414770756,63.837340915722834
1027499,115.04832152480337,39.71906338356307,67.59890217167886
119057,103.09934744825419,35.59382233332585,60.57804763901682
611702,126.27893978069403,43.59630063857294,74.19767262522043
1105628,116.07676697699893,40.07412193253534,68.20318550750211
852694,118.71106045417999,40.98358039489547,69.75101640755625
248528,114.77500503334,39.62470411865309,67.43830969606977
