UE ID,Internet usage,Data rate,optimal GU
594762,108.64642304853224,75.01776829541512,90.27963330885012
1027499,115.04832152480337,79.43812676712614,95.59928425272031
119057,103.09934744825419,71.1876446666517,85.67029655318105
611702,126.27893978069403,87.19260127714588,104.93135492310566
1105628,116.07676697699893,80.14824386507068,96.45386994175762
852694,118.71106045417999,81.96716078979094,98.64283339287432
248528,114.77500503334,79.24940823730618,95.37217219569885
