UE ID,Internet usage,Data rate,optimal GU
594762,108.64642304853224,31.688540055821907,58.67577463225506
1027499,115.04832152480337,33.55576044473432,62.13319496577552
119057,103.09934744825419,30.07064300574081,55.68001141559946
611702,126.27893978069403,36.83135743603576,68.19842203237826
1105628,116.07676697699893,33.85572370162469,62.68861899062021
852694,118.71106045417999,34.62405929913583,64.11130006971335
248528,114.77500503334,33.476043134724165,61.98558718996112
