UE ID,Internet usage
917303,0.5392069193220163
1101519,0.6040366010124473
438264,0.7128891690423386
59576,0.6851825851661567
369658,0.6958943446384795
236454,0.5972186648274498
870159,0.643014213951314
