UE ID,Internet usage
917303,0.32389605819894357
1101519,0.3887257398902612
438264,0.4975783079214825
59576,0.46987172404530075
369658,0.4805834835176236
236454,0.3819078037057071
870159,0.42770335283134464
