UE ID,Internet usage
917303,0.77655613722028
1101519,0.8413858189151444
438264,0.9502383869450356
59576,0.922531803068854
369658,0.9332435625411767
236454,0.834567882730147
870159,0.8803634318540111
