UE ID,Internet usage
917303,0.38098447617421294
1101519,0.445814157867304
438264,0.5546667258971952
59576,0.5269601420210135
369658,0.5376719014933362
236454,0.43899622168053315
870159,0.4847917708061707
