UE ID,Internet usage
917303,0.8457722529132449
1101519,0.9106019346081093
438264,1.0194545026380006
59576,0.9917479187618188
369658,1.0024596782341415
236454,0.9037839984231119
870159,0.9495795475469762
