UE ID,Internet usage
917303,0.4561276775752616
1101519,0.5209573592656926
438264,0.6298099273000173
59576,0.6021033434238355
369658,0.6128151028917249
236454,0.5141394230806952
870159,0.5599349722089928
