UE ID,Internet usage
917303,0.5306967463597559
1101519,0.595526428050187
438264,0.7043789960845116
59576,0.6766724122083299
369658,0.6873841716762192
236454,0.5887084918651895
870159,0.6345040409934871
