UE ID,Internet usage
917303,0.8458443685247752
1101519,0.9106740502152062
438264,1.0195266182495308
59576,0.9918200343733491
369658,1.0025317938412386
236454,0.9038561140302088
870159,0.9496516631585062
