UE ID,Internet usage
917303,0.8162202105613066
1101519,0.8810498922517375
438264,0.9899024602860621
59576,0.962195876405447
369658,0.9729076358777698
236454,0.8742319560667401
870159,0.9200275051906042
