UE ID,Internet usage
917303,0.6183387942127283
1101519,0.6831684759031593
438264,0.792021043937484
59576,0.7643144600613022
369658,0.7750262195291915
236454,0.6763505397181618
870159,0.7221460888464595
