UE ID,Internet usage
917303,0.9255648270628111
1101519,0.9903945087532421
438264,1.0992470767875668
59576,1.0715404929113852
369658,1.0822522523792744
236454,0.9835765725726782
870159,1.0293721216965424
