UE ID,Internet usage
917303,0.44976845002124927
1101519,0.5145981317116802
438264,0.6234506997415715
59576,0.5957441158653898
369658,0.6064558753377126
236454,0.5077801955266827
870159,0.5535757446505469
