UE ID,Internet usage
917303,0.25393408754900626
1101519,0.3187637692403239
438264,0.42761633727331855
59576,0.39990975339669343
369658,0.4106215128663562
236454,0.3119458330553264
870159,0.35774138218140733
