UE ID,Internet usage
917303,0.34699339687885217
1101519,0.4118230785701698
438264,0.5206756466022777
59576,0.49296906272609603
369658,0.5036808221939854
236454,0.4050051423851724
870159,0.45080069151125324
