UE ID,Internet usage
917303,0.6716119226700977
1101519,0.7364416043649622
438264,0.8452941723948533
59576,0.8175875885186716
369658,0.8282993479909944
236454,0.7296236681799647
870159,0.775419217303829
