UE ID,Internet usage
917303,0.708580019050501
1101519,0.7734097007409321
438264,0.8822622687708233
59576,0.8545556848946416
369658,0.8652674443669643
236454,0.7665917645559347
870159,0.8123873136797988
