UE ID,Internet usage,Data rate,optimal GU
917303,95.2113061745831,22.669358612995975,46.458360320650385
1101519,106.10269269869872,25.262545880642552,51.77281277234794
438264,124.38992412826173,29.616648601967075,60.696068015416564
59576,119.73521803698256,28.50838524690061,58.4248040083999
369658,121.53479362786946,28.936855625683204,59.302906983611365
236454,104.95727941966,24.98982843325238,51.21390832106289
870159,112.65093167283088,26.821650398293066,54.96802621861794
