UE ID,Internet usage,Data rate,optimal GU
917303,95.2113061745831,37.97117567676826,60.127242021979235
1101519,106.10269269869872,42.314764350076274,67.00530156975636
438264,124.38992412826173,49.60788640829485,78.55393832578494
59576,119.73521803698256,47.75154528855852,75.61442776830624
369658,121.53479362786946,48.46923317301937,76.75088436613609
236454,104.95727941966,41.85796262569774,66.28195741861462
870159,112.65093167283088,44.926264417140885,71.1406040399635
