UE ID,Internet usage,Data rate,optimal GU
917303,95.2113061745831,17.002018959746984,40.234120255854194
1101519,106.10269269869872,18.946909410481915,44.836571086228766
438264,124.38992412826173,22.21248645147531,52.56433681117888
59576,119.73521803698256,21.38128893517546,50.59736448240122
369658,121.53479362786946,21.702641719262406,51.35782396607304
236454,104.95727941966,18.742371324939285,44.35254563312771
870159,112.65093167283088,20.1162377987198,47.603707101212215
