UE ID,Internet usage,Data rate,optimal GU
917303,95.2113061745831,71.97521359626222,82.7819672313647
1101519,106.10269269869872,80.20858317104009,92.25154010635748
438264,124.38992412826173,94.03285931124546,108.15146894651654
59576,119.73521803698256,90.51412315890943,104.10441043422854
369658,121.53479362786946,91.87451661154417,105.66906082692456
236454,104.95727941966,79.34270527557631,91.25565455093944
870159,112.65093167283088,85.15874001458047,97.94494066937237
