UE ID,Internet usage,Data rate,optimal GU
917303,95.2113061745831,41.938313434042556,63.19020177855312
1101519,106.10269269869872,46.735709879188725,70.41863860773722
438264,124.38992412826173,54.7907999136391,82.5555779107889
59576,119.73521803698256,52.74051270676613,79.46632486988996
369658,121.53479362786946,53.53318290751393,80.66067404198712
236454,104.95727941966,46.231182601516906,69.65844636660175
870159,112.65093167283088,49.620053236842175,74.76459875359286
