UE ID,Internet usage,Data rate,optimal GU
917303,95.2113061745831,49.872588948591144,68.90888430459052
1101519,106.10269269869872,55.577600937413614,76.79149115099476
438264,124.38992412826173,65.15662692432757,90.02681755771755
59576,119.73521803698256,62.71844754318134,86.6579886191912
369658,121.53479362786946,63.661082376503046,87.96042581044668
236454,104.95727941966,54.977622553155236,75.9625018817845
870159,112.65093167283088,59.00763087624475,81.53075857622981
