UE ID,Internet usage,Data rate,optimal GU
917303,95.2113061745831,32.30383602351927,55.45890751041549
1101519,106.10269269869872,35.99912787991564,61.80294817291362
438264,124.38992412826173,42.20372425780309,72.45493812265804
59576,119.73521803698256,40.62444897683337,69.74365387526966
369658,121.53479362786946,41.23501926659857,70.79187493496184
236454,104.95727941966,35.610505517384645,61.135765128633864
870159,112.65093167283088,38.22085181756762,65.61718194633326
