UE ID,Internet usage,Data rate,optimal GU
917303,95.2113061745831,88.97723255600921,92.0415043958826
1101519,106.10269269869872,99.15549258152201,102.57029179428774
438264,124.38992412826173,116.24534576272077,120.2486995342918
59576,119.73521803698256,111.89541209408489,115.7489592368902
369658,121.53479362786946,113.57715833080658,117.48862284738226
236454,104.95727941966,98.08507660051559,101.46301193863245
870159,112.65093167283088,105.27497781330028,108.90052494136508
