UE ID,Internet usage,Data rate,optimal GU
917303,95.2113061745831,27.203230335595173,50.89258386464632
1101519,106.10269269869872,30.31505505677106,56.714274841813086
438264,124.38992412826173,35.53997832236049,66.48921120782293
59576,119.73521803698256,34.21006229628073,64.00116614643775
369658,121.53479362786946,34.724226750819845,64.96307976110919
236454,104.95727941966,29.987794119902855,56.10202569089534
870159,112.65093167283088,32.18598047795168,60.21445580294489
