UE ID,Internet usage,Data rate,optimal GU
917303,95.2113061745831,30.603634127544566,53.979736744194724
1101519,106.10269269869872,34.104436938867444,60.154572496085464
438264,124.38992412826173,39.982475612655556,70.52245818119431
59576,119.73521803698256,38.486320083315825,67.88348787898956
369658,121.53479362786946,39.06475509467233,68.90375133876431
236454,104.95727941966,33.736268384890714,59.505184206501006
870159,112.65093167283088,36.20922803769564,63.86707503557998
