UE ID,Internet usage,Data rate,optimal GU
917303,95.2113061745831,55.539928601840145,72.71883626010724
1101519,106.10269269869872,61.893237407574254,81.03727012173754
438264,124.38992412826173,72.56078907481934,95.00437383459553
59576,119.73521803698256,69.8455438549065,91.44928333441906
369658,121.53479362786946,70.89529628292385,92.82373189509141
236454,104.95727941966,61.225079661468335,80.16244627953712
870159,112.65093167283088,65.71304347581801,86.0385702496743
