UE ID,Internet usage,Data rate,optimal GU
917303,95.2113061745831,87.27703066003451,91.15788549643428
1101519,106.10269269869872,97.26080164047383,101.58559419567464
438264,124.38992412826173,114.02409711757326,119.09428529215197
59576,119.73521803698256,109.75728320056736,114.63774350172274
369658,121.53479362786946,111.40689415888035,116.3607059548945
236454,104.95727941966,96.21083946802167,100.48894447273891
870159,112.65093167283088,103.26335403342831,107.85505569757534
