UE ID,Internet usage,Data rate,optimal GU
917303,95.2113061745831,11.901413271822888,33.662280120838155
1101519,106.10269269869872,13.26283658733734,37.512966754701125
438264,124.38992412826173,15.548740516032716,43.978479431187004
59576,119.73521803698256,14.96690225462282,42.332792310400094
369658,121.53479362786946,15.191849203483683,42.96903836218705
236454,104.95727941966,13.1196599274575,37.108002006266425
870159,112.65093167283088,14.08136645910386,39.82811884642057
