UE ID,Internet usage,Data rate,optimal GU
917303,95.2113061745831,31.737102058194367,54.97027324979143
1101519,106.10269269869872,35.367564232899575,61.258418191337846
438264,124.38992412826173,41.46330804275391,71.81655617992904
59576,119.73521803698256,39.911739345660855,69.12916036513042
369658,121.53479362786946,40.51159787595649,70.16814581695604
236454,104.95727941966,34.98575980655333,60.597113526351464
870159,112.65093167283088,37.550310557610295,65.03904572577105
