UE ID,Internet usage,Data rate,optimal GU
917303,95.2113061745831,49.305854983266244,68.51623789300866
1101519,106.10269269869872,54.94603729039755,76.3539292350714
438264,124.38992412826173,64.41621070927839,89.51384006262528
59576,119.73521803698256,62.005737912008826,86.1642068868412
369658,121.53479362786946,62.937660985860965,87.45922272314924
236454,104.95727941966,54.35287684232392,75.52966358989136
870159,112.65093167283088,58.337089616287415,81.0661920676937
