UE ID,Internet usage,Data rate,optimal GU
917303,95.2113061745831,76.50908531886142,85.34945780396859
1101519,106.10269269869872,85.26109234716861,95.11273038067515
438264,124.38992412826173,99.95618903163889,111.50579702327475
59576,119.73521803698256,96.21580020828955,107.3332186070198
369658,121.53479362786946,97.66188773668081,108.94639678018571
236454,104.95727941966,84.34067096222678,94.0859573402112
870159,112.65093167283088,90.5230700942391,100.9827123026561
