UE ID,Internet usage,Data rate,optimal GU
917303,95.2113061745831,65.17440601236343,78.7739825423961
1101519,106.10269269869872,72.62981940684733,87.78507509415657
438264,124.38992412826173,85.14786473065534,102.91519048969258
59576,119.73521803698256,81.96160758483926,99.064074996097
369658,121.53479362786946,83.19345992383921,100.55297103035906
236454,104.95727941966,71.8457567456006,86.83740648974337
870159,112.65093167283088,77.11224489509256,93.20282308393708
