UE ID,Internet usage,Data rate,optimal GU
917303,95.2113061745831,69.14154376963774,81.13603819040166
1101519,106.10269269869872,77.05076493595979,90.41733038638009
438264,124.38992412826173,90.33077823599959,106.00112570733776
59576,119.73521803698256,86.95057500304686,102.03453364636319
369658,121.53479362786946,88.25740965833377,103.56807456429769
236454,104.95727941966,76.21897672141976,89.44124572494849
870159,112.65093167283088,81.80603371479386,95.99753077257009
