UE ID,Internet usage
13916,1.0076109683196661
132133,1.0021130769478113
1166966,1.014029196644283
517803,1.0988764898061527
365733,1.0782804739347984
255503,1.0212332448123402
383321,1.0512615274708528
