UE ID,Internet usage
13916,1.0296132586416802
132133,1.024115367269825
1166966,1.0360314869662968
517803,1.1208787801281666
365733,1.1002827642568125
255503,1.0432355351343543
383321,1.0732638177928666
