UE ID,Internet usage
13916,1.0590352256481566
132133,1.0535373342763015
1166966,1.0654534539727731
517803,1.150300747134643
365733,1.1297047312632886
255503,1.0726575021408307
383321,1.102685784799343
