UE ID,Internet usage
13916,0.5869869053063583
132133,0.5814890139300699
1166966,0.5934051336309751
517803,0.6782524267928448
365733,0.6576564109214905
255503,0.6006091817990326
383321,0.6306374644575449
