UE ID,Internet usage
13916,0.7057483851403863
132133,0.7002504937685313
1166966,0.7121666134694365
517803,0.7970139066268729
365733,0.7764178907599519
255503,0.719370661637494
383321,0.7493989442915728
