UE ID,Internet usage
13916,0.33197054827258055
132133,0.3264726568989522
1166966,0.3383887765976407
517803,0.42323606975818046
365733,0.4026400538881562
255503,0.3455928247656981
383321,0.3756211074228804
