UE ID,Internet usage
13916,1.0254255454724184
132133,1.0199276541005635
1166966,1.0318437738014687
517803,1.116691066958905
365733,1.0960950510919842
255503,1.039047821969526
383321,1.069076104623605
