UE ID,Internet usage
13916,0.9908613072475586
132133,0.9853634158757035
1166966,0.9972795355721753
517803,1.082126828734045
365733,1.0615308128626908
255503,1.0044835837402328
383321,1.0345118663987452
