UE ID,Internet usage
13916,0.7062900330165599
132133,0.7007921416447049
1166966,0.7127082613411768
517803,0.7975555545030466
365733,0.7769595386316923
255503,0.7199123095092341
383321,0.7499405921677466
