UE ID,Internet usage
13916,0.3820703944168214
132133,0.37657250304319306
1166966,0.38848862274188156
517803,0.4733359159024213
365733,0.45273990003106696
255503,0.3956926709099389
383321,0.4257209535671213
