UE ID,Internet usage
13916,1.0146635078590434
132133,1.0091656164871883
1166966,1.02108173618366
517803,1.1059290293455297
365733,1.0853330134741754
255503,1.0282857843517175
383321,1.0583140670102298
