UE ID,Internet usage
13916,0.9046924440916418
132133,0.8991945527153534
1166966,0.9111106724162588
517803,0.995957965573695
365733,0.9753619497067741
255503,0.9183147205843161
383321,0.948343003238395
