UE ID,Internet usage
13916,0.8716438715279676
132133,0.8661459801561125
1166966,0.8780620998570179
517803,0.9629093930144541
365733,0.9423133771475333
255503,0.8852661480250752
383321,0.9152944306791542
