UE ID,Internet usage
13916,0.9739806753917036
132133,0.9684827840198488
1166966,0.9803989037163205
517803,1.06524619687819
365733,1.044650181006836
255503,0.987602951884378
383321,1.0176312345428904
