UE ID,Internet usage
13916,0.9441201045546974
132133,0.9386222131828424
1166966,0.9505383328793142
517803,1.035385626041184
365733,1.0147896101698297
255503,0.9577423810473716
383321,0.9877706637058841
