UE ID,Internet usage
13916,0.9401964590458363
132133,0.9346985676695478
1166966,0.9466146873704532
517803,1.0314619805278895
365733,1.0108659646609686
255503,0.9538187355385105
383321,0.9838470181925894
