UE ID,Internet usage
13916,0.3459043850307252
132133,0.34040649365709685
1166966,0.35232261335578535
517803,0.4371699065158817
365733,0.41657389064585754
255503,0.35952666152384277
383321,0.38955494418058173
