UE ID,Internet usage
13916,1.0196398157178332
132133,1.0141419243415448
1166966,1.0260580440424503
517803,1.1109053372043198
365733,1.0903093213329655
255503,1.0332620922105076
383321,1.06329037486902
