UE ID,Internet usage
13916,0.5234156706063586
132133,0.5179177792300702
1166966,0.5298338989309754
517803,0.6146811920884119
365733,0.5940851762214909
255503,0.5370379470990329
383321,0.5670662297531118
