UE ID,Internet usage
13916,0.8367163259174295
132133,0.8312184345411411
1166966,0.8431345542420464
517803,0.9279818474039161
365733,0.9073858315325618
255503,0.8503386024101037
383321,0.8803668850686162
