UE ID,Internet usage
13916,0.35856676361961
132133,0.35306887224598166
1166966,0.3649849919446702
517803,0.44983228510520995
365733,0.42923626923518565
255503,0.3721890401127276
383321,0.4022173227699099
