UE ID,Internet usage
13916,0.47823994492396216
132133,0.47274205354767374
1166966,0.48465817324857896
517803,0.5695054664104487
365733,0.5489094505390945
255503,0.49186222141663644
383321,0.5218905040751487
