UE ID,Internet usage
13916,0.6887414221553783
132133,0.6832435307835233
1166966,0.6951596504799951
517803,0.7800069436418648
365733,0.7594109277705106
255503,0.7023636986480526
383321,0.7323919813065648
