UE ID,Internet usage
13916,0.8753095854256434
132133,0.8698116940537884
1166966,0.8817278137502602
517803,0.96657510691213
365733,0.9459790910407757
255503,0.8889318619183177
383321,0.91896014457683
