UE ID,Internet usage,Data rate,optimal GU
13916,116.7382057283964,59.06397313639103,83.03627067211349
132133,115.81455997763172,58.596652369635095,82.37927840392594
1166966,117.81646808699013,59.60952254401286,83.80324224328919
517803,132.07081333795017,66.82154246265335,93.94240502317898
365733,128.61068267179314,65.07088111370486,91.48120267076003
255503,119.02674817922374,60.221866638297726,84.66411846372381
383321,124.07149966563301,62.77427066415956,88.25246683078399
