UE ID,Internet usage,Data rate,optimal GU
13916,116.7382057283964,73.65624885244058,92.72808814872747
132133,115.81455997763172,73.07347236683906,91.99441313581545
1166966,117.81646808699013,74.33658105488662,93.58457901571714
517803,132.07081333795017,83.33039412989713,104.907163380331
365733,128.61068267179314,81.147216447679,102.15869470706718
255503,119.02674817922374,75.1002101607007,94.54593488355013
383321,124.07149966563301,78.28320812236369,98.55310766474351
