UE ID,Internet usage,Data rate,optimal GU
13916,116.7382057283964,79.21521102998327,96.16361891087774
132133,115.81455997763172,78.58845141339296,95.40276159402093
1166966,117.81646808699013,79.94688905902902,97.05184234973198
517803,132.07081333795017,89.61948047932333,108.79392298207092
365733,128.61068267179314,87.27153467014536,105.94362487541409
255503,119.02674817922374,80.76815055018754,98.04881598692972
383321,124.07149966563301,84.19137477310812,102.20445257918496
