UE ID,Internet usage,Data rate,optimal GU
13916,116.7382057283964,87.5536542962973,101.09825175300536
132133,115.81455997763172,86.8609199832238,100.2983510687456
1166966,117.81646808699013,88.3623510652426,102.03205434749206
517803,132.07081333795017,99.05311000346263,114.37667944913753
365733,128.61068267179314,96.45801200384486,111.38011839183197
255503,119.02674817922374,89.27006113441782,103.08018765306095
383321,124.07149966563301,93.05362474922477,107.44907059607068
