UE ID,Internet usage,Data rate,optimal GU
13916,116.7382057283964,20.846108165785072,49.33089563036355
132133,115.81455997763172,20.681171424577094,48.94058406230321
1166966,117.81646808699013,21.03865501553395,49.7865446404031
517803,132.07081333795017,23.584073810348247,55.81010490901215
365733,128.61068267179314,22.96619333424878,54.34793283180254
255503,119.02674817922374,21.25477646057567,50.29798132508533
383321,124.07149966563301,22.15562494029161,52.429777916478734
