UE ID,Internet usage,Data rate,optimal GU
13916,116.7382057283964,57.67423259200537,82.05355829915548
132133,115.81455997763172,57.21790760799663,81.40434136126227
1166966,117.81646808699013,58.20694554297727,82.81145296397929
517803,132.07081333795017,65.24927087529682,92.83062142530704
365733,128.61068267179314,63.539801558088286,90.39854675389422
255503,119.02674817922374,58.80488154092602,83.66214094129366
383321,124.07149966563301,61.297229001473454,87.20802215140843
