UE ID,Internet usage,Data rate,optimal GU
13916,116.7382057283964,78.52034075779042,95.74091963860972
132133,115.81455997763172,77.89907903257371,94.98340676570977
1166966,117.81646808699013,79.24560055851121,96.62523877971118
517803,132.07081333795017,88.83334468564505,108.31570562094684
365733,128.61068267179314,86.50599489233704,105.4779363578285
255503,119.02674817922374,80.05965800150167,97.61783009399213
383321,124.07149966563301,83.45285394176506,101.75520006334725
