UE ID,Internet usage,Data rate,optimal GU
13916,116.7382057283964,8.338443266314028,31.199597841599317
132133,115.81455997763172,8.272468569830837,30.952743131162812
1166966,117.81646808699013,8.41546200621358,31.487775578664497
517803,132.07081333795017,9.433629524139297,35.297409593084545
365733,128.61068267179314,9.18647733369951,34.372650774068155
255503,119.02674817922374,8.501910584230268,31.811236539176736
383321,124.07149966563301,8.862249976116644,33.15950308657403
