UE ID,Internet usage,Data rate,optimal GU
13916,116.7382057283964,112.56898409523939,114.63464233793655
132133,115.81455997763172,111.6783256927163,113.72764021617867
1166966,117.81646808699013,113.60873708388334,115.693474954496
517803,132.07081333795017,127.35399857588052,129.69096411761572
365733,128.61068267179314,124.0174440049434,126.29318325502231
255503,119.02674817922374,114.77579288710862,116.8819464119443
383321,124.07149966563301,119.6403746775747,121.83579402952532
