UE ID,Internet usage,Data rate,optimal GU
13916,116.7382057283964,36.82812442622029,65.56865993642911
132133,115.81455997763172,36.53673618341953,65.04987335961191
1166966,117.81646808699013,37.16829052744331,66.17429043650186
517803,132.07081333795017,41.665197064948565,74.18056662127711
365733,128.61068267179314,40.5736082238395,72.23710578453347
255503,119.02674817922374,37.55010508035035,66.85407168978006
383321,124.07149966563301,39.141604061181845,69.68757073674804
