UE ID,Internet usage,Data rate,optimal GU
13916,116.7382057283964,74.35111912463341,93.16445803259934
132133,115.81455997763172,73.76284474765829,92.42733041232127
1166966,117.81646808699013,75.03786955540443,94.02497946710776
517803,132.07081333795017,84.11652992357541,105.40084687597452
365733,128.61068267179314,81.9127562254873,102.63944416104412
255503,119.02674817922374,75.80870270938655,94.99085938754207
383321,124.07149966563301,79.02172895370674,99.01688955656792
