UE ID,Internet usage,Data rate,optimal GU
13916,116.7382057283964,54.19988123104119,79.54367910528113
132133,115.81455997763172,53.77104570390044,78.91432061251211
1166966,117.81646808699013,54.70050304038828,80.2783910576203
517803,132.07081333795017,61.31859190690544,89.99109014720763
365733,128.61068267179314,59.71210266904682,87.63340851544183
255503,119.02674817922374,55.26241879749674,81.10305793238899
383321,124.07149966563301,57.604624844758185,84.54047664974057
