UE ID,Internet usage,Data rate,optimal GU
13916,116.7382057283964,5.558962177542686,25.474364963985902
132133,115.81455997763172,5.514979046553892,25.272808936928595
1166966,117.81646808699013,5.610308004142387,25.70966110099911
517803,132.07081333795017,6.289086349426198,28.820214248359047
365733,128.61068267179314,6.12431822246634,28.065151834449402
255503,119.02674817922374,5.667940389486845,25.973765869320953
383321,124.07149966563301,5.9081666507444295,27.07462089545007
