UE ID,Internet usage,Data rate,optimal GU
13916,116.7382057283964,17.371756804820894,45.03274053113858
132133,115.81455997763172,17.23430952048091,44.676436447335476
1166966,117.81646808699013,17.53221251294496,45.44868926631118
517803,132.07081333795017,19.65339484195687,50.9474223256596
365733,128.61068267179314,19.138494445207314,49.61264794292312
255503,119.02674817922374,17.71231371714639,45.91556494787137
383321,124.07149966563301,18.463020783576344,47.861620083069354
