UE ID,Internet usage,Data rate,optimal GU
13916,116.7382057283964,25.71020007113492,54.78469334789034
132133,115.81455997763172,25.506778090311748,54.351230721820386
1166966,117.81646808699013,25.94767451915854,55.2907168240569
517803,132.07081333795017,29.08702436609617,61.980214307560246
365733,128.61068267179314,28.324971778906825,60.35639118721796
255503,119.02674817922374,26.21422430137666,55.85869560447726
383321,124.07149966563301,27.325270759692987,58.226173856132604
