UE ID,Internet usage,Data rate,optimal GU
13916,116.7382057283964,35.438383881834625,64.31961868885338
132133,115.81455997763172,35.157991421781055,63.810714666197896
1166966,117.81646808699013,35.765713526407716,64.91371231328898
517803,132.07081333795017,40.09292547759202,72.76747403148883
365733,128.61068267179314,39.04252866822292,70.86103488697583
255503,119.02674817922374,36.13311998297864,65.58054416626685
383321,124.07149966563301,37.66456239849574,68.36006685946978
