UE ID,Internet usage,Data rate,optimal GU
13916,116.7382057283964,77.82547048559759,95.31634584087314
132133,115.81455997763172,77.20970665175447,94.56219224338535
1166966,117.81646808699013,78.54431205799342,96.196743370008
517803,132.07081333795017,88.04720889196678,107.83536753078023
365733,128.61068267179314,85.74045511452876,105.01018267229985
255503,119.02674817922374,79.35116545281583,97.18493292728162
383321,124.07149966563301,82.714333110422,101.30395526756486
