UE ID,Internet usage,Data rate,optimal GU
13916,116.7382057283964,82.68956239094744,98.24984043745563
132133,115.81455997763172,82.03531331748913,97.47247670236021
1166966,117.81646808699013,83.453331561618,99.15733343874457
517803,132.07081333795017,93.55015944771469,111.15415262667699
365733,128.61068267179314,91.0992335591868,108.24201873082441
255503,119.02674817922374,84.31061329361681,100.17593591943746
383321,124.07149966563301,87.88397892982339,104.42172696525412
