UE ID,Internet usage,Data rate,optimal GU
13916,116.7382057283964,39.60760551499163,67.99794703532056
132133,115.81455997763172,39.29422570669648,67.45993966705572
1166966,117.81646808699013,39.97344452951451,68.62601585214324
517803,132.07081333795017,44.809740239661664,76.92892069250934
365733,128.61068267179314,43.63576733507268,74.9134555728891
255503,119.02674817922374,40.38407527509377,69.33098267166997
383321,124.07149966563301,42.09568738655406,72.26946148620061
