UE ID,Internet usage,Data rate,optimal GU
13916,116.7382057283964,14.59227571604955,41.27318844704968
132133,115.81455997763172,14.476819997203965,40.94663036015976
1166966,117.81646808699013,14.727058510873766,41.65441175987959
517803,132.07081333795017,16.50885166724377,46.69408385404365
365733,128.61068267179314,16.076335333974143,45.470742925128064
255503,119.02674817922374,14.878343522402968,42.08231039005633
383321,124.07149966563301,15.508937458204127,43.86589938277678
