UE ID,Internet usage,Data rate,optimal GU
13916,116.7382057283964,22.93071898236358,51.738679825283555
132133,115.81455997763172,22.749288567034803,51.329317599158706
1166966,117.81646808699013,23.14252051708735,52.21656853867301
517803,132.07081333795017,25.94248119138307,58.53413184587636
365733,128.61068267179314,25.262812667673654,57.00059283375158
255503,119.02674817922374,23.380254106633235,52.75296785884654
383321,124.07149966563301,24.37118743432077,54.98881498639891
