UE ID,Internet usage,Data rate,optimal GU
13916,116.7382057283964,50.03065959788417,76.4230948919577
132133,115.81455997763172,49.63481141898502,75.81842681078578
1166966,117.81646808699013,50.49277203728148,77.12898330299733
517803,132.07081333795017,56.601777144835786,86.46064274507714
365733,128.61068267179314,55.11886400219706,84.19545550334821
255503,119.02674817922374,51.0114635053816,77.92129760796286
383321,124.07149966563301,53.17349985669986,81.22386268635022
