UE ID,Internet usage,Data rate,optimal GU
13916,116.7382057283964,110.48437327866087,113.56825039410114
132133,115.81455997763172,109.61020855025859,112.66968568476902
1166966,117.81646808699013,111.50487158232994,114.6172331908405
517803,132.07081333795017,124.9955911948457,128.4845103222999
365733,128.61068267179314,121.72082467151851,125.11833741053961
255503,119.02674817922374,112.65031524105105,115.79464885955116
383321,124.07149966563301,117.42481218354553,120.7024131720977
