UE ID,Internet usage,Data rate,optimal GU
13916,116.7382057283964,9.728183810699699,33.69941725100178
132133,115.81455997763172,9.65121333146931,33.43278368958186
1166966,117.81646808699013,9.818039007249178,34.01068478249735
517803,132.07081333795017,11.005901111495847,38.12555981637917
365733,128.61068267179314,10.717556889316095,37.12670613061066
255503,119.02674817922374,9.91889568160198,34.36006255102031
383321,124.07149966563301,10.33929163880275,35.81635686535689
