UE ID,Internet usage,Data rate,optimal GU
13916,116.7382057283964,68.79215694709073,89.61402217392997
132133,115.81455997763172,68.2478657011044,88.90498599958222
1166966,117.81646808699013,69.42756155126203,90.4417497058842
517803,132.07081333795017,77.8274435741492,101.38409033399327
365733,128.61068267179314,75.78843800302096,98.72792284960418
255503,119.02674817922374,70.14076231989971,91.37082058157017
383321,124.07149966563301,73.11356230296231,95.2434214044478
