UE ID,Internet usage,Data rate,optimal GU
13916,116.7382057283964,40.30247578718447,68.59182684407855
132133,115.81455997763172,39.98359808751571,68.04912063229112
1166966,117.81646808699013,40.67473303003231,69.22538108222767
517803,132.07081333795017,45.59587603333994,77.60080175216977
365733,128.61068267179314,44.401307112880964,75.56773398288165
255503,119.02674817922374,41.092567823779625,69.93650493410927
383321,124.07149966563301,42.834208217897114,72.90064780634309
