UE ID,Internet usage
388865,0.972867903167994
550026,0.897197733235383
1081996,0.9230966522815008
535369,0.937207273661897
509530,0.9749386963203154
1237651,0.9512513824216753
199729,0.9627061552839261
