UE ID,Internet usage
388865,0.7243051830605363
550026,0.6486350131279254
1081996,0.6745339321740431
535369,0.6886445535544392
509530,0.7263759762128577
1237651,0.7026886623142176
199729,0.7141434351764685
