UE ID,Internet usage
388865,0.3422691689575265
550026,0.2665989990249156
1081996,0.29249791806925995
535369,0.30660853944965616
509530,0.34433996210896123
1237651,0.32065264821032113
199729,0.3321074210734587
