UE ID,Internet usage
388865,0.7373014564153754
550026,0.6616312864827644
1081996,0.6875302055244488
535369,0.701640826904845
509530,0.7393722495632633
1237651,0.7156849356646232
199729,0.7271397085313076
