UE ID,Internet usage
388865,1.0428405702453007
550026,0.9671704003126897
1081996,0.9930693193588076
535369,1.0071799407392037
509530,1.0449113633976221
1237651,1.021224049498982
199729,1.0326788223612329
