UE ID,Internet usage
388865,0.8167609468260298
550026,0.7410907768934188
1081996,0.7669896959395367
535369,0.7811003173199329
509530,0.8188317399783513
1237651,0.7951444260797111
199729,0.8065991989419621
