UE ID,Internet usage
388865,1.0178042237683906
550026,0.9421340538357795
1081996,0.9680329728818975
535369,0.9821435942622936
509530,1.0198750169207118
1237651,0.9961877030220719
199729,1.0076424758843228
