UE ID,Internet usage
388865,0.8075197422843507
550026,0.7318495723517398
1081996,0.757748491393424
535369,0.7718591127738204
509530,0.8095905354366721
1237651,0.785903221538032
199729,0.7973579944002829
