UE ID,Internet usage
388865,0.4136234656878204
550026,0.33795329575520944
1081996,0.3638522147995539
535369,0.37796283617995
509530,0.4156942588392551
1237651,0.392006944940615
199729,0.40346171780375256
