UE ID,Internet usage
388865,0.9759095886987906
550026,0.9002394187661796
1081996,0.9261383378122975
535369,0.9402489591926937
509530,0.9779803818511119
1237651,0.9542930679524719
199729,0.9657478408147229
