UE ID,Internet usage
388865,0.5861311940739091
550026,0.5104610241412981
1081996,0.5363599431874159
535369,0.5504705645678122
509530,0.5882019872262305
1237651,0.5645146733275904
199729,0.5759694461898412
