UE ID,Internet usage
388865,0.38996362816670155
550026,0.3142934582336473
1081996,0.34019237727843504
535369,0.35430299865883125
509530,0.39203442131769295
1237651,0.3683471074190529
199729,0.3798018802826338
