UE ID,Internet usage
388865,0.9362455153621976
550026,0.8605753454295866
1081996,0.8864742644712709
535369,0.9005848858516672
509530,0.938316308514519
1237651,0.9146289946158789
199729,0.9260837674781297
