UE ID,Internet usage
388865,0.4019857301282572
550026,0.3263155601956462
1081996,0.3522144792399906
535369,0.36632510062038687
509530,0.4040565232796919
1237651,0.3803692093806085
199729,0.39182398224418935
