UE ID,Internet usage
388865,0.7378431042871155
550026,0.6621729343545046
1081996,0.6880718534006225
535369,0.7021824747810187
509530,0.739913897439437
1237651,0.7162265835407969
199729,0.7276813564030478
