UE ID,Internet usage
388865,0.6412568635056208
550026,0.5655866935730098
1081996,0.5914856126191277
535369,0.6055962339995238
509530,0.6433276566579421
1237651,0.6196403427593021
199729,0.631095115621553
