UE ID,Internet usage
388865,0.723139904633899
550026,0.6474697347012881
1081996,0.673368653747406
535369,0.6874792751278022
509530,0.7252106977862205
1237651,0.7015233838875804
199729,0.7129781567498312
