UE ID,Internet usage
388865,0.7480773154259633
550026,0.6724071454933525
1081996,0.6983060645394702
535369,0.7124166859198664
509530,0.7501481085782847
1237651,0.7264607946796448
199729,0.7379155675418956
