UE ID,Internet usage
388865,0.7724524712023562
550026,0.6967823012697452
1081996,0.7226812203114295
535369,0.7367918416918257
509530,0.7745232643502441
1237651,0.750835950451604
199729,0.7622907233182883
