UE ID,Internet usage
388865,0.34894952999623385
550026,0.2732793600631796
1081996,0.29917827910796735
535369,0.31328890048836355
509530,0.35102032314722525
1237651,0.32733300924858516
199729,0.3387877821121661
