UE ID,Internet usage,Data rate,optimal GU
388865,122.03912170190867,98.79357471106891,109.802919303317
550026,109.32653315321903,88.50243160022492,98.36495322259087
1081996,113.67755155268172,92.02468459026615,102.27971854981443
535369,116.04813594458341,93.94372909799608,104.41261727159876
509530,122.38701495134305,99.07520257965865,110.11593117902615
1237651,118.40754621636758,95.85372788944042,106.53546224182837
199729,120.33194805738177,97.41157699883286,108.2669147228792
