UE ID,Internet usage,Data rate,optimal GU
388865,122.03912170190867,18.887006930057293,48.009933735864024
550026,109.32653315321903,16.919582511807707,43.008828145111906
1081996,113.67755155268172,17.592954406962647,44.720509629939095
535369,116.04813594458341,17.959830562852193,45.65309254256008
509530,122.38701495134305,18.940847551993567,48.14679420830577
1237651,118.40754621636758,18.324977390628316,46.58127957983457
199729,120.33194805738177,18.622801485070987,47.33833521559978
