UE ID,Internet usage,Data rate,optimal GU
388865,122.03912170190867,9.443503465028646,33.94814970894625
550026,109.32653315321903,8.459791255903854,30.411834032295474
1081996,113.67755155268172,8.796477203481324,31.622175617448235
535369,116.04813594458341,8.979915281426097,32.28161131898124
509530,122.38701495134305,9.470423775996784,34.0449246770862
1237651,118.40754621636758,9.162488695314158,32.93793866724748
199729,120.33194805738177,9.311400742535493,33.47325784103255
