UE ID,Internet usage,Data rate,optimal GU
388865,122.03912170190867,20.33985361698478,49.82226280451554
550026,109.32653315321903,18.221088858869837,44.63237026214251
1081996,113.67755155268172,18.94625859211362,46.408666085499966
535369,116.04813594458341,19.3413559907639,47.37645311089415
509530,122.38701495134305,20.39783582522384,49.96428962886104
1237651,118.40754621636758,19.734591036061264,48.33967832085292
199729,120.33194805738177,20.055324676230295,49.12531208261247
