UE ID,Internet usage,Data rate,optimal GU
388865,122.03912170190867,36.321167173187106,66.57779916011006
550026,109.32653315321903,32.537658676553285,59.64251352877683
1081996,113.67755155268172,33.83260462877432,62.01618866754866
535369,116.04813594458341,34.53813569779268,63.30944847911656
509530,122.38701495134305,36.42470683075686,66.76759048740735
1237651,118.40754621636758,35.240341135823684,64.59661230839123
199729,120.33194805738177,35.81307977898267,65.64645958267218
