UE ID,Internet usage,Data rate,optimal GU
388865,122.03912170190867,113.32204158034376,117.599840237699
550026,109.32653315321903,101.51749507084625,105.34968339057608
1081996,113.67755155268172,105.55772644177588,109.54242963057214
535369,116.04813594458341,107.75898337711317,111.82678190933214
509530,122.38701495134305,113.64508531196141,117.93507856113752
1237651,118.40754621636758,109.9498643437699,114.1003665365203
199729,120.33194805738177,111.73680891042594,115.95476655104336
