UE ID,Internet usage,Data rate,optimal GU
388865,122.03912170190867,42.13255392089704,71.70648419469876
550026,109.32653315321903,37.743684064801805,64.2369529728425
1081996,113.67755155268172,39.24582136937821,66.79347933701935
535369,116.04813594458341,40.06423740943951,68.1863627817667
509530,122.38701495134305,42.25265992367795,71.9108957099909
1237651,118.40754621636758,40.87879571755548,69.57268065265201
199729,120.33194805738177,41.543172543619896,70.70340077151677
