UE ID,Internet usage,Data rate,optimal GU
388865,122.03912170190867,69.0102176290555,91.77116294298284
550026,109.32653315321903,61.82155148545124,82.21153141778605
1081996,113.67755155268172,64.28194879467121,85.48341680123158
535369,116.04813594458341,65.6224578258061,87.26605243040868
509530,122.38701495134305,69.20694297843804,92.03277223380181
1237651,118.40754621636758,66.95664815806501,89.04028532787362
199729,120.33194805738177,68.04485158006707,90.48739992896736
