UE ID,Internet usage,Data rate,optimal GU
388865,122.03912170190867,15.254890212738584,43.14734526273499
550026,109.32653315321903,13.665816644152379,38.65276647812854
1081996,113.67755155268172,14.209693944085215,40.191083785792294
535369,116.04813594458341,14.506016993072926,41.02921193523663
509530,122.38701495134305,15.298376868917881,43.270344100637026
1237651,118.40754621636758,14.800943277045947,41.86338943662652
199729,120.33194805738177,15.04149350717272,42.54376823238103
