UE ID,Internet usage,Data rate,optimal GU
388865,122.03912170190867,112.59561823688001,117.22231168643727
550026,109.32653315321903,100.86674189731517,105.01148128701935
1081996,113.67755155268172,104.88107434920039,109.19076763276222
535369,116.04813594458341,107.0682206631573,111.46778649844417
509530,122.38701495134305,112.91659117534626,117.55647380060272
1237651,118.40754621636758,109.24505752105341,113.73407227974327
199729,120.33194805738177,111.02054731484625,115.5825191488409
