UE ID,Internet usage,Data rate,optimal GU
388865,122.03912170190867,105.3313848022426,113.37790652905643
550026,109.32653315321903,94.35921016200452,101.5675406716533
1081996,113.67755155268172,98.11455342344553,105.60976377618725
535369,116.04813594458341,100.16059352359876,107.81210587645874
509530,122.38701495134305,105.63164980919488,113.70110951320117
1237651,118.40754621636758,102.19698929388868,110.00406689295512
199729,120.33194805738177,103.85793135904973,111.7918923788496
