UE ID,Internet usage,Data rate,optimal GU
388865,122.03912170190867,34.86832048625962,65.23265445590722
550026,109.32653315321903,31.23615232949115,58.437490049018315
1081996,113.67755155268172,32.47930044362335,60.76320721106673
535369,116.04813594458341,33.15661026988097,62.030337868342436
509530,122.38701495134305,34.96771855752659,65.4186112197008
1237651,118.40754621636758,33.830727490390736,63.29149570717837
199729,120.33194805738177,34.380556587823364,64.32013175911439
