UE ID,Internet usage,Data rate,optimal GU
388865,122.03912170190867,4.3585400607824525,23.063226160285428
550026,109.32653315321903,3.904519041186394,20.66077274459112
1081996,113.67755155268172,4.059912555452919,21.483037932794304
535369,116.04813594458341,4.144576283735121,21.931036272998814
509530,122.38701495134305,4.3709648196908235,23.128971804628396
1237651,118.40754621636758,4.228840936298842,22.376922902992543
199729,120.33194805738177,4.2975695734779205,22.740600666841
