UE ID,Internet usage,Data rate,optimal GU
388865,122.03912170190867,88.62364790257654,103.99784686256558
550026,109.32653315321903,79.39188717079001,93.16458439167751
1081996,113.67755155268172,82.55155529420935,96.87238348833758
535369,116.04813594458341,84.27305110261415,98.89251989316983
509530,122.38701495134305,88.87628466704673,104.29431039306827
1237651,118.40754621636758,85.98643237140979,100.9031340692561
199729,120.33194805738177,87.3839146607177,102.54304793599692
