UE ID,Internet usage,Data rate,optimal GU
388865,122.03912170190867,10.896350151956131,36.46616242904078
550026,109.32653315321903,9.761297602965985,32.667550046018114
1081996,113.67755155268172,10.149781388632297,33.967665463712656
535369,116.04813594458341,10.361440709337804,34.67601303522327
509530,122.38701495134305,10.927412049227058,36.57011542022035
1237651,118.40754621636758,10.572102340747106,35.38102169972174
199729,120.33194805738177,10.743923933694802,35.95604673378073
