UE ID,Internet usage,Data rate,optimal GU
388865,122.03912170190867,94.43503465028647,107.35347542865239
550026,109.32653315321903,84.59791255903853,96.17066336507642
1081996,113.67755155268172,87.96477203481324,99.99809952097779
535369,116.04813594458341,89.79915281426096,102.08341830825306
509530,122.38701495134305,94.70423775996782,107.65950474846487
1237651,118.40754621636758,91.62488695314157,104.15890761943294
199729,120.33194805738177,93.11400742535493,105.85173548375326
