UE ID,Internet usage,Data rate,optimal GU
388865,122.03912170190867,107.51065483263383,114.54477678782082
550026,109.32653315321903,96.31146968259772,102.61286022370572
1081996,113.67755155268172,100.144509701172,106.6966853481073
535369,116.04813594458341,102.23288166546634,108.92169365888756
509530,122.38701495134305,107.8171322190403,114.87130613387582
1237651,118.40754621636758,104.31140976203811,111.13621404516614
199729,120.33194805738177,106.0067161457887,112.94243959198269
