UE ID,Internet usage,Data rate,optimal GU
388865,122.03912170190867,119.85985167151746,120.94457832128334
550026,109.32653315321903,107.37427363262584,108.34600632279937
1081996,113.67755155268172,111.64759527495528,112.65800134744835
535369,116.04813594458341,113.97584780271586,115.0073244633085
509530,122.38701495134305,120.20153254149764,121.28935138886109
1237651,118.40754621636758,116.29312574821817,117.34557367739949
199729,120.33194805738177,118.18316327064282,119.25271596043446
