UE ID,Internet usage,Data rate,optimal GU
388865,122.03912170190867,65.37810091173678,89.32349082860068
550026,109.32653315321903,58.567785617795906,80.01882875957752
1081996,113.67755155268172,60.89868833179378,83.20344813965455
535369,116.04813594458341,62.16864425602682,84.93853825039518
509530,122.38701495134305,65.56447229536235,89.57812261422667
1237651,118.40754621636758,63.432614044482634,86.66544974265744
199729,120.33194805738177,64.4635436021688,88.07396766542847
