UE ID,Internet usage,Data rate,optimal GU
388865,122.03912170190867,53.755327416316916,80.99538841616754
550026,109.32653315321903,48.15573484129886,72.55824930112968
1081996,113.67755155268172,50.072254850586,75.44594973977402
535369,116.04813594458341,51.11644083273317,77.01926820452317
509530,122.38701495134305,53.90856610952015,81.22627953101944
1237651,118.40754621636758,52.155704881019055,78.58517058673661
199729,120.33194805738177,53.00335807289435,79.86236491924296
