UE ID,Internet usage,Data rate,optimal GU
388865,122.03912170190867,16.70773689966607,45.155260345410674
550026,109.32653315321903,14.96732299121451,40.45152077751776
1081996,113.67755155268172,15.562998129236188,42.061425583906875
535369,116.04813594458341,15.887542420984634,42.938557063503666
509530,122.38701495134305,16.755365142148158,45.283983086377226
1237651,118.40754621636758,16.210556922478897,43.811554046752065
199729,120.33194805738177,16.47401669833203,44.52359511135786
