UE ID,Internet usage,Data rate,optimal GU
388865,122.03912170190867,116.22773495419872,119.09798777146759
550026,109.32653315321903,104.1205077649705,106.69177167943668
1081996,113.67755155268172,108.26433481207782,110.93793085287273
535369,116.04813594458341,110.52203423293658,113.25138433386024
509530,122.38701495134305,116.55906185842194,119.4374968189689
1237651,118.40754621636758,112.76909163463579,115.55393299020993
199729,120.33194805738177,114.60185529274453,117.43195688723796
