UE ID,Internet usage,Data rate,optimal GU
388865,122.03912170190867,18.160583586593553,47.07761326258985
550026,109.32653315321903,16.268829338276642,42.1736257632085
1081996,113.67755155268172,16.91630231438716,43.85206755016798
535369,116.04813594458341,17.26906784889634,44.766540332763675
509530,122.38701495134305,18.21235341537843,47.211815997132156
1237651,118.40754621636758,17.620170567911842,45.676702604941845
199729,120.33194805738177,17.906539889491334,46.41905673179611
