UE ID,Internet usage,Data rate,optimal GU
388865,122.03912170190867,87.89722455911279,103.57074917769766
550026,109.32653315321903,78.74113399725894,92.7819766790587
1081996,113.67755155268172,81.87490320163386,96.47454861036955
535369,116.04813594458341,83.58228838865828,98.48638873208009
509530,122.38701495134305,88.14779053043159,103.86599519369074
1237651,118.40754621636758,85.28162554869331,100.48874573087205
199729,120.33194805738177,86.66765306513805,102.12192480995144
