UE ID,Internet usage
741028,0.6757970564190175
575750,0.7066867706051068
565381,0.7107111375459018
407763,0.7581252242751426
210931,0.7323956069905974
314967,0.8010343592582515
832498,0.7261141604706376
