UE ID,Internet usage
741028,0.706159471305716
575750,0.7370491854918052
565381,0.7410735524326002
407763,0.7884876391618411
210931,0.7627580218772958
314967,0.83139677414495
832498,0.7564765753573359
