UE ID,Internet usage
741028,0.3054381518124059
575750,0.3363278659967218
565381,0.3403522329370734
407763,0.38776631966808756
210931,0.36203670238132574
314967,0.43067545465208323
832498,0.35575525586358253
