UE ID,Internet usage
741028,0.44407346251874025
575750,0.47496317670039606
565381,0.478987543641191
407763,0.5264016303704319
210931,0.5006720130858867
314967,0.5693107653579742
832498,0.49439056657036023
