UE ID,Internet usage
741028,0.6749717134608004
575750,0.7058614276468897
565381,0.7098857945876845
407763,0.7572998813169255
210931,0.7315702640323803
314967,0.8002090163044677
832498,0.7252888175124204
