UE ID,Internet usage
741028,0.38953362629564575
575750,0.420423340480405
565381,0.42444770742031324
407763,0.4718617941504407
210931,0.4461321768658957
314967,0.5147709291335497
832498,0.43985073034726574
