UE ID,Internet usage
741028,0.8747411153658398
575750,0.905630829551929
565381,0.909655196492724
407763,0.9570692832219647
210931,0.9313396659374197
314967,0.9999784182095072
832498,0.9250582194174597
