UE ID,Internet usage
741028,0.36932703973367487
575750,0.4002167539179907
565381,0.40424112085834224
407763,0.45165520758758315
210931,0.42592559030259464
314967,0.4945643425751255
832498,0.4196441437848514
