UE ID,Internet usage
741028,0.40573008691855905
575750,0.4366198011033183
565381,0.44064416804322654
407763,0.48805825477645737
210931,0.4623286374874789
314967,0.5309673897595664
832498,0.45604719097195234
