UE ID,Internet usage
741028,0.9144051887068663
575750,0.945294902888522
565381,0.949319269829317
407763,0.9967333565585579
210931,0.9710037392740126
314967,1.0396424915461002
832498,0.9647222927584862
