UE ID,Internet usage
741028,0.33306324979603164
575750,0.36395296398079086
565381,0.3679773309206991
407763,0.4153914176517133
210931,0.3896618003653948
314967,0.4583005526339356
832498,0.38338035384765157
