UE ID,Internet usage
741028,0.37390163427201545
575750,0.4047913484563313
565381,0.4088157153966829
407763,0.4562298021268104
210931,0.4305001848409352
314967,0.4991389371099193
832498,0.42421873832319207
