UE ID,Internet usage
741028,0.9813361702533763
575750,1.012225884435032
565381,1.0162502513758271
407763,1.0636643381095012
210931,1.0379347208205227
314967,1.1065734730926102
832498,1.0316532743049962
