UE ID,Internet usage
741028,0.7756685310740948
575750,0.806558245260184
565381,0.810582612200979
407763,0.8579966989302198
210931,0.8322670816456748
314967,0.9009058339177622
832498,0.8259856351257148
