UE ID,Internet usage
741028,0.9762744887732642
575750,1.0071642029593535
565381,1.0111885699001484
407763,1.0586026566293891
210931,1.032873039344844
314967,1.1015117916124981
832498,1.026591592824884
