UE ID,Internet usage
741028,0.5797524635136964
575750,0.6106421776997857
565381,0.6146665446405806
407763,0.6620806313698214
210931,0.6363510140852763
314967,0.7049897663529304
832498,0.6300695675653164
