UE ID,Internet usage
741028,0.9996619299203114
575750,1.0305516441064007
565381,1.0345760110471955
407763,1.0819900977764363
210931,1.0562604804918914
314967,1.1248992327595453
832498,1.0499790339719313
