UE ID,Internet usage
741028,0.686572915434039
575750,0.7174626296201282
565381,0.7214869965564896
407763,0.7689010832901639
210931,0.7431714660011854
314967,0.8118102182732728
832498,0.7368900194856589
