UE ID,Internet usage
741028,0.4178277513136822
575750,0.4487174654997715
565381,0.45274183244056637
407763,0.5001559191698072
210931,0.47442630188082874
314967,0.5430650541529162
832498,0.46814485536530215
