UE ID,Internet usage
741028,0.800202832839682
575750,0.8310925470213377
565381,0.8351169139621327
407763,0.8825310006913736
210931,0.8568013834068285
314967,0.9254401356789159
832498,0.8505199368913019
