UE ID,Internet usage
741028,0.368016698955304
575750,0.39890641313961994
565381,0.40293078007997146
407763,0.4503448668109856
210931,0.42461524952422386
314967,0.4932540017940946
832498,0.4183338030064806
