UE ID,Internet usage
741028,0.6616108881225141
575750,0.69250060230417
565381,0.6965249692449649
407763,0.7439390559742056
210931,0.7182094386896606
314967,0.7868481909617481
832498,0.7119279921741342
