UE ID,Internet usage
741028,1.0407914675685381
575750,1.0716811817546275
565381,1.0757055486954223
407763,1.123119635424663
210931,1.097390018140118
314967,1.1660287704122054
832498,1.091108571620158
