UE ID,Internet usage
741028,0.9439572310588047
575750,0.974846945244894
565381,0.9788713121856888
407763,1.0262853989149296
210931,1.0005557816303845
314967,1.069194533902472
832498,0.9942743351104246
