UE ID,Internet usage
741028,0.3284592281730038
575750,0.35934894235731973
565381,0.36337330929767137
407763,0.4107873960286855
210931,0.38505777874192376
314967,0.4536965310117944
832498,0.3787763322241805
