UE ID,Internet usage
741028,0.3224594119046946
575750,0.35334912608945385
565381,0.35737349302936205
407763,0.4047875797603762
210931,0.3790579624740578
314967,0.4476967147465887
832498,0.3727765159558712
