UE ID,Internet usage
741028,0.5570355765805561
575750,0.5879252907666453
565381,0.5919496577074403
407763,0.6393637444366811
210931,0.6136341271521359
314967,0.6822728794242235
832498,0.6073526806321761
