UE ID,Internet usage
741028,0.3897069021820753
575750,0.4205966163663913
565381,0.4246209833067428
407763,0.47203507003731365
210931,0.44630545275276856
314967,0.5149442050204227
832498,0.44002400623325194
