UE ID,Internet usage,Data rate,optimal GU
741028,111.70638250297236,16.62297358675184,43.09167258088861
575750,116.89585448601103,17.39521644137069,45.09355485968183
565381,117.57194813196527,17.495825614875784,45.35436364582889
407763,125.53751470274639,18.681177783146786,48.427147661372835
210931,121.21493899860101,18.037937350982293,46.75967788233689
314967,132.74624938009535,19.753906157752287,51.20797743562995
832498,120.15965598363341,17.88090118804069,46.352593621417896
