UE ID,Internet usage,Data rate,optimal GU
741028,111.70638250297236,89.09913842498986,99.76443473296082
575750,116.89585448601103,93.2383601257469,104.39912728454009
565381,117.57194813196527,93.7776252957342,105.0029432787907
407763,125.53751470274639,100.13111291766675,112.1169525990782
210931,121.21493899860101,96.68334420126509,108.25648095858784
314967,132.74624938009535,105.88093700555224,118.55503898332286
832498,120.15965598363341,95.84163036789808,107.31401275656961
