UE ID,Internet usage,Data rate,optimal GU
741028,111.70638250297236,24.602000908392725,52.42328226858169
575750,116.89585448601103,25.74492033322862,54.858677171683965
565381,117.57194813196527,25.89382191001616,55.17596475407355
407763,125.53751470274639,27.64814311905724,58.91416784876355
210931,121.21493899860101,26.696147279453797,56.88560331029865
314967,132.74624938009535,29.235781113473383,62.29719327956131
832498,120.15965598363341,26.46373375830022,56.39036393250021
