UE ID,Internet usage,Data rate,optimal GU
741028,111.70638250297236,65.82697540353728,85.75134572379193
575750,116.89585448601103,68.88505710782793,89.73504115972318
565381,117.57194813196527,69.2834694349081,90.25404409112988
407763,125.53751470274639,73.97746402126127,96.3688070759464
210931,121.21493899860101,71.43023190988988,93.05058411215497
314967,132.74624938009535,78.22546838469904,101.90258845618213
832498,120.15965598363341,70.80836870464111,92.2404966612385
