UE ID,Internet usage,Data rate,optimal GU
741028,111.70638250297236,47.874163929845295,73.12899334708021
575750,116.89585448601103,50.09822335114758,76.52630022981268
565381,117.57194813196527,50.387977770842255,76.96890741687896
407763,125.53751470274639,53.80179201546274,82.18359481170958
210931,121.21493899860101,51.949259570829,79.35380476007768
314967,132.74624938009535,56.89124973432657,86.90281942939595
832498,120.15965598363341,51.49699542155717,78.66295986069336
