UE ID,Internet usage,Data rate,optimal GU
741028,111.70638250297236,35.905622947383975,63.331565991754665
575750,116.89585448601103,37.57366751336069,66.2737200566527
565381,117.57194813196527,37.790983328131695,66.65702912454968
407763,125.53751470274639,40.35134401159706,71.17308088126748
210931,121.21493899860101,38.96194467812175,68.72241080917779
314967,132.74624938009535,42.668437300744934,75.26004928634879
832498,120.15965598363341,38.62274656616788,68.12412157623606
