UE ID,Internet usage,Data rate,optimal GU
741028,111.70638250297236,101.73259835092125,106.60291058132167
575750,116.89585448601103,106.45872462118861,111.55529383263165
565381,117.57194813196527,107.07445276303979,112.20049913665571
407763,125.53751470274639,114.3288080328583,119.80214697313409
210931,121.21493899860101,110.39217658801162,115.67705455723974
314967,132.74624938009535,120.89390568544397,126.68153990480883
832498,120.15965598363341,109.43111527080899,114.66998371346244
