UE ID,Internet usage,Data rate,optimal GU
741028,111.70638250297236,26.596757738802943,54.50713341673374
575750,116.89585448601103,27.832346306193102,57.039336460139644
565381,117.57194813196527,27.993320983801254,57.36923637934303
407763,125.53751470274639,29.889884453034853,61.25603487809388
210931,121.21493899860101,28.86069976157167,59.14683390559336
314967,132.74624938009535,31.606249852403653,64.77353722683962
832498,120.15965598363341,28.609441900865097,58.63190851994925
