UE ID,Internet usage,Data rate,optimal GU
741028,111.70638250297236,69.81648906435773,88.31164947184335
575750,116.89585448601103,73.0599090537569,92.41428730185159
565381,117.57194813196527,73.4824675824783,92.9487862600473
407763,125.53751470274639,78.46094668921648,99.2461195643886
210931,121.21493899860101,75.75933687412562,95.8288234184872
314967,132.74624938009535,82.96640586255958,104.94512472145402
832498,120.15965598363341,75.09978498977088,94.99454894264042
