UE ID,Internet usage,Data rate,optimal GU
741028,111.70638250297236,21.277406191042353,48.7526622313868
575750,116.89585448601103,22.265877044954482,51.01753348654179
565381,117.57194813196527,22.394656787041004,51.31260494458598
407763,125.53751470274639,23.911907562427885,54.789063207806386
210931,121.21493899860101,23.088559809257337,52.902536506718455
314967,132.74624938009535,25.284999881922925,57.93521295293064
832498,120.15965598363341,22.88755352069208,52.44197324046224
