UE ID,Internet usage,Data rate,optimal GU
741028,111.70638250297236,92.42373314234023,101.60866541172018
575750,116.89585448601103,96.71740341402104,106.32903420867807
565381,117.57194813196527,97.27679041870935,106.94401225665958
407763,125.53751470274639,103.86734847429612,114.18953010774338
210931,121.21493899860101,100.29093167146155,110.25769435585471
314967,132.74624938009535,109.83171823710269,120.74663001072453
832498,120.15965598363341,99.41781060550622,109.29780382516223
