UE ID,Internet usage,Data rate,optimal GU
741028,111.70638250297236,82.44994899028913,95.96971157224449
575750,116.89585448601103,86.28027354919863,100.42811509642281
565381,117.57194813196527,86.7792950497839,101.00896384243184
407763,125.53751470274639,92.65864180440806,107.85237877699957
210931,121.21493899860101,89.46816926087219,104.13874725227461
314967,132.74624938009535,97.97937454245134,114.04558074348174
832498,120.15965598363341,88.6892698926818,103.2321275560291
