UE ID,Internet usage,Data rate,optimal GU
741028,111.70638250297236,73.14108378170809,90.38985497057418
575750,116.89585448601103,76.53895234203102,94.58903866456087
565381,117.57194813196527,76.98163270545345,95.13611578974398
407763,125.53751470274639,82.19718224584585,101.58164191778059
210931,121.21493899860101,79.36692434432209,98.08392780116212
314967,132.74624938009535,86.91718709411005,107.41475966277231
832498,120.15965598363341,78.67596522737902,97.23002065155683
