UE ID,Internet usage,Data rate,optimal GU
741028,111.70638250297236,31.25119034309346,59.084324673628906
575750,116.89585448601103,32.703006909776896,61.82916736444292
565381,117.57194813196527,32.89215215596648,62.18677035535774
407763,125.53751470274639,35.12061423231596,66.39995952979827
210931,121.21493899860101,33.91132221984672,64.11364015746277
314967,132.74624938009535,37.137343576574295,70.21284121676186
832498,120.15965598363341,33.61609423351649,63.55547434023874
