UE ID,Internet usage,Data rate,optimal GU
741028,111.70638250297236,77.79551638599861,93.22154102153972
575750,116.89585448601103,81.40961294561482,97.55227454371871
565381,117.57194813196527,81.88046387761867,98.11649021464557
407763,125.53751470274639,87.42791202512696,104.76393841052747
210931,121.21493899860101,84.41754680259713,101.15664973736703
314967,132.74624938009535,92.4482808182807,110.77979301418004
832498,120.15965598363341,83.68261756003041,100.27599183166035
