UE ID,Internet usage,Data rate,optimal GU
741028,111.70638250297236,90.42897631193,100.50618795503429
575750,116.89585448601103,94.62997744105654,105.17533966174891
565381,117.57194813196527,95.17729134492426,105.7836450560595
407763,125.53751470274639,101.62560714031851,112.95054736721404
210931,121.21493899860101,98.12637918934368,109.06137294014727
314967,132.74624938009535,107.46124949817242,119.43650122379273
832498,120.15965598363341,97.27210246294133,108.11189744312034
