UE ID,Internet usage,Data rate,optimal GU
741028,111.70638250297236,33.24594717350368,60.94082778923351
575750,116.89585448601103,34.79043288274138,63.77191685817723
565381,117.57194813196527,34.99165122975157,64.14075618073247
407763,125.53751470274639,37.36235556629357,68.48632900975798
210931,121.21493899860101,36.07587470196459,66.12817063339807
314967,132.74624938009535,39.50781231550457,72.41901619116331
832498,120.15965598363341,35.76180237608138,65.5524665505778
