UE ID,Internet usage
1021977,0.5410653619809819
24503,0.5391876044219632
42301,0.5679987877577516
348986,0.6410712765770381
643181,0.6070321857294798
566709,0.6291804060288113
551298,0.5950328708191065
