UE ID,Internet usage
1021977,0.6003048255029036
24503,0.598427067943885
42301,0.6272382512796734
348986,0.7003107400989599
643181,0.6662716492514016
566709,0.6884198695507331
551298,0.6542723343410283
