UE ID,Internet usage
1021977,0.9593407690568816
24503,0.9574630115022964
42301,0.9862741948336514
348986,1.059346683652938
643181,1.025307592809813
566709,1.0474558131047111
551298,1.0133082778950062
