UE ID,Internet usage
1021977,0.9990880752294925
24503,0.9972103176749072
42301,1.0260215010106954
348986,1.0990939898255485
643181,1.0650548989824238
566709,1.0872031192817553
551298,1.053055584067617
