UE ID,Internet usage
1021977,0.2962656876708101
24503,0.2943879301126781
42301,0.3231991134475797
348986,0.3962716022664229
643181,0.362232511420638
566709,0.3843807317190827
551298,0.35023319650893464
