UE ID,Internet usage
1021977,0.34425717220442137
24503,0.3423794146467327
42301,0.37119059798163434
348986,0.44426308680225085
643181,0.41022399595469267
566709,0.4323722162526941
551298,0.398224681042546
