UE ID,Internet usage
1021977,0.3161301578547106
24503,0.31425240029702195
42301,0.3430635836319236
348986,0.4161360724507668
643181,0.3820969816049819
566709,0.40424520190298335
551298,0.3700976666928352
