UE ID,Internet usage
1021977,0.3089283043350705
24503,0.30705054677738186
42301,0.33586173011228343
348986,0.40893421893112664
643181,0.37489512808534176
566709,0.3970433483833432
551298,0.36289581317363845
