UE ID,Internet usage
1021977,0.9836917153163037
24503,0.9818139577617185
42301,1.0106251410930733
348986,1.0836976299123597
643181,1.049658539069235
566709,1.0718067593641332
551298,1.0376592241544282
