UE ID,Internet usage
1021977,0.8062199579117778
24503,0.804342200352759
42301,0.8331533836885473
348986,0.9062258725078338
643181,0.8721867816602756
566709,0.894335001959607
551298,0.8601874667499022
