UE ID,Internet usage
1021977,0.6706027008300314
24503,0.6687249432710126
42301,0.697536126606801
348986,0.7706086154260874
643181,0.7365695245829627
566709,0.7587177448778608
551298,0.7245702096681559
