UE ID,Internet usage
1021977,0.6193235957171972
24503,0.6174458381581786
42301,0.6462570214939668
348986,0.7193295103132533
643181,0.6852904194656951
566709,0.7074386397650265
551298,0.6732911045553218
