UE ID,Internet usage
1021977,0.7089148676505957
24503,0.7070371100915771
42301,0.7358482934273654
348986,0.8089207822466519
643181,0.7748816913990937
566709,0.7970299116984252
551298,0.7628823764887204
