UE ID,Internet usage
1021977,0.28946793720972835
24503,0.28759017965159633
42301,0.31640136298649796
348986,0.3894738518053411
643181,0.3554347609595563
566709,0.37758298125800105
551298,0.3434354460478529
