UE ID,Internet usage
1021977,0.6456406735185065
24503,0.6437629159594879
42301,0.6725740992952761
348986,0.7456465881145626
643181,0.7116074972670043
566709,0.7337557175663358
551298,0.699608182356631
