UE ID,Internet usage
1021977,0.8257223282025913
24503,0.823844570648006
42301,0.8526557539837943
348986,0.9257282427986473
643181,0.8916891519555226
566709,0.9138373722548541
551298,0.8796898370407158
