UE ID,Internet usage
1021977,0.5953786612969627
24503,0.5935009037379441
42301,0.6223120870737323
348986,0.6953845758930188
643181,0.6613454850454606
566709,0.6834937053447921
551298,0.6493461701350873
