UE ID,Internet usage
1021977,0.43774562651751503
24503,0.43586786895982643
42301,0.46467905229650136
348986,0.5377515411113545
643181,0.5037124502682297
566709,0.5258606705675611
551298,0.4917131353578563
