UE ID,Internet usage,Data rate,optimal GU
1021977,109.02338644972392,55.80959068259677,78.00352923162939
24503,108.70792318000731,55.64810353262279,77.77782308561645
42301,113.54820198028018,58.125865299429144,81.24092252860093
348986,125.82438010181913,64.41009933783599,90.02422352611437
643181,120.10581283976194,61.482737525116235,85.93273047022198
566709,123.82671384982967,63.387484470746145,88.5949428648137
551298,118.08992793453987,60.45079644268113,84.49041481435485
