UE ID,Internet usage,Data rate,optimal GU
1021977,109.02338644972392,85.01228348162996,96.27215087963509
24503,108.70792318000731,84.76629724155333,95.9935837896911
42301,113.54820198028018,88.54056225843277,100.26774978410604
348986,125.82438010181913,98.1130582936804,111.10812184397673
643181,120.10581283976194,93.65393739290961,106.05839088077653
566709,123.82671384982967,96.55535425195052,109.34410007689127
551298,118.08992793453987,92.08202713943288,104.27828129079408
