UE ID,Internet usage,Data rate,optimal GU
1021977,109.02338644972392,31.79848771450281,58.87935813691448
24503,108.70792318000731,31.706477594168803,58.70898849933906
42301,113.54820198028018,33.118225577581725,61.323037817053155
348986,125.82438010181913,36.698777529697246,67.95293174814995
643181,120.10581283976194,35.0308620782639,64.86455244883355
566709,123.82671384982967,36.11612487286699,66.87406866639128
551298,118.08992793453987,34.44289564757413,63.77585016978532
