UE ID,Internet usage,Data rate,optimal GU
1021977,109.02338644972392,11.681077119613276,35.68628006616305
24503,108.70792318000731,11.64727748357221,35.58302047241629
42301,113.54820198028018,12.165878783601448,37.16737361434061
348986,125.82438010181913,13.481183582337763,41.18569614910582
643181,120.10581283976194,12.86847994711735,39.31385562445772
566709,123.82671384982967,13.26714791248175,40.531806376748655
551298,118.08992793453987,12.6524922787007,38.65400239799351
