UE ID,Internet usage,Data rate,optimal GU
1021977,109.02338644972392,109.02338644972392,109.02338644972392
24503,108.70792318000731,108.70792318000731,108.70792318000731
42301,113.54820198028018,113.54820198028018,113.54820198028018
348986,125.82438010181913,125.82438010181913,125.82438010181913
643181,120.10581283976194,120.10581283976194,120.10581283976194
566709,123.82671384982967,123.82671384982967,123.82671384982967
551298,118.08992793453987,118.08992793453987,118.08992793453987
