UE ID,Internet usage,Data rate,optimal GU
1021977,109.02338644972392,93.4486169569062,100.93604252042483
24503,108.70792318000731,93.17821986857768,100.64398028458123
42301,113.54820198028018,97.32703026881158,105.12520768637683
348986,125.82438010181913,107.84946865870211,116.49074013968563
643181,120.10581283976194,102.9478395769388,111.1963756265718
566709,123.82671384982967,106.137183299854,114.64126057095649
551298,118.08992793453987,101.2199382296056,109.33002886248912
