UE ID,Internet usage,Data rate,optimal GU
1021977,109.02338644972392,83.06543729502775,95.16341350976813
24503,108.70792318000731,82.82508432762462,94.88805459311011
42301,113.54820198028018,86.5129157944992,99.1129963049083
348986,125.82438010181913,95.86619436329076,109.8285230642822
643181,120.10581283976194,91.50919073505672,104.83694833188727
566709,123.82671384982967,94.34416293320356,108.08481700466308
551298,118.08992793453987,89.9732784263161,103.07733972798269
