UE ID,Internet usage,Data rate,optimal GU
1021977,109.02338644972392,25.309000425828767,52.52878195885906
24503,108.70792318000731,25.235767881073127,52.37678795233814
42301,113.54820198028018,26.35940403113647,54.7088926318866
348986,125.82438010181913,29.209231095065157,60.62370325035706
643181,120.10581283976194,27.881706552087593,57.868428601424775
566709,123.82671384982967,28.745487143710463,59.66120356662438
551298,118.08992793453987,27.413733270518186,56.89715095092364
