UE ID,Internet usage,Data rate,optimal GU
1021977,109.02338644972392,18.17056440828732,44.50861113868088
24503,108.70792318000731,18.117987196667887,44.379823798114934
42301,113.54820198028018,18.924700330046697,46.35585934369481
348986,125.82438010181913,20.970730016969856,51.36758807524296
643181,120.10581283976194,20.017635473293655,49.032992766605496
566709,123.82671384982967,20.637785641638278,50.55204424295091
551298,118.08992793453987,19.681654655756645,48.21001120027668
