UE ID,Internet usage,Data rate,optimal GU
1021977,109.02338644972392,75.9270012774863,90.9825192124513
24503,108.70792318000731,75.70730364321938,90.7192578707111
42301,113.54820198028018,79.07821209340942,94.75858166425819
348986,125.82438010181913,87.62769328519546,105.00333417259691
643181,120.10581283976194,83.64511965626278,100.23105849183969
566709,123.82671384982967,86.23646143113137,103.33623581810292
551298,118.08992793453987,82.24119981155455,98.5487562529156
