UE ID,Internet usage,Data rate,optimal GU
1021977,109.02338644972392,96.69336060124324,102.67345138813563
24503,108.70792318000731,96.41357472512554,102.37636189437893
42301,113.54820198028018,100.70644104203421,106.9347245199429
348986,125.82438010181913,111.59424187601816,118.49589151942126
643181,120.10581283976194,106.52241734002696,113.11039527948034
566709,123.82671384982967,109.82250216443228,116.61457691809998
551298,118.08992793453987,104.73451941813359,111.21192314831204
