UE ID,Internet usage,Data rate,optimal GU
1021977,109.02338644972392,51.91589830939234,75.23328415182637
24503,108.70792318000731,51.76567770476539,75.01559381415741
42301,113.54820198028018,54.07057237156199,78.35570351184066
348986,125.82438010181913,59.91637147705673,86.8270712338668
643181,120.10581283976194,57.193244209410445,82.88088491753842
566709,123.82671384982967,58.96510183325222,85.44855055430835
551298,118.08992793453987,56.23329901644755,81.48979217284655
