UE ID,Internet usage,Data rate,optimal GU
1021977,109.02338644972392,48.67115466505531,72.84431415012848
24503,108.70792318000731,48.530322848217544,72.63353638702294
42301,113.54820198028018,50.69116159833936,75.86758369543122
348986,125.82438010181913,56.171598259740676,84.0699502221828
643181,120.10581283976194,53.61866644632229,80.24907175113995
566709,123.82671384982967,55.279782968673956,82.7352033135997
551298,118.08992793453987,52.71871782791958,78.90215199283455
