UE ID,Internet usage,Data rate,optimal GU
1021977,109.02338644972392,70.73541144654706,87.81693514247195
24503,108.70792318000731,70.53073587274284,87.56283353731487
42301,113.54820198028018,73.67115485625321,91.4616158382211
348986,125.82438010181913,81.63605613748979,101.34991937568061
643181,120.10581283976194,77.92579523532173,96.74368701844666
566709,123.82671384982967,80.33995124780616,99.74082491072228
551298,118.08992793453987,76.6178699099098,95.11991766270195
