UE ID,Internet usage,Data rate,optimal GU
1021977,109.02338644972392,41.532718647513875,67.29069501361656
24503,108.70792318000731,41.41254216381231,67.09598685638748
42301,113.54820198028018,43.2564578972496,70.08347179091788
348986,125.82438010181913,47.93309718164538,77.66049342645708
643181,120.10581283976194,45.75459536752836,74.1309170843812
566709,123.82671384982967,47.17208146660178,76.42750704730433
551298,118.08992793453987,44.98663921315805,72.88668590832609
