UE ID,Internet usage,Data rate,optimal GU
1021977,109.02338644972392,79.82069365069071,93.28623869877207
24503,108.70792318000731,79.58972947107678,93.01631145804147
42301,113.54820198028018,83.13350502127656,97.15791279913617
348986,125.82438010181913,92.12142114597471,107.66206718148635
643181,120.10581283976194,87.93461297196856,102.7689552722424
566709,123.82671384982967,90.65884406862529,105.95275712524895
551298,118.08992793453987,86.45869723778812,101.0440563621859
