UE ID,Internet usage,Data rate,optimal GU
1021977,109.02338644972392,27.904795341298385,55.15682447616822
24503,108.70792318000731,27.824051766311396,54.997226129767
42301,113.54820198028018,29.062932649714572,57.44600722982469
348986,125.82438010181913,32.205049668917994,63.656738926368995
643181,120.10581283976194,30.741368762558118,60.76361644136983
566709,123.82671384982967,31.693742235373072,62.64608487854451
551298,118.08992793453987,30.225398221340566,59.74374526049465
