UE ID,Internet usage,Data rate,optimal GU
1021977,109.02338644972392,65.54382161560784,84.53288941820327
24503,108.70792318000731,65.3541681022663,84.28829032288203
42301,113.54820198028018,68.26409761909702,88.0412718243824
348986,125.82438010181913,75.64441898978413,97.55978745134628
643181,120.10581283976194,72.2064708143807,93.12581204720709
566709,123.82671384982967,74.44344106448094,96.0108674822186
551298,118.08992793453987,70.99454000826505,91.56276597679773
