UE ID,Internet usage,Data rate,optimal GU
1021977,109.02338644972392,75.27805254861889,90.59287065873728
24503,108.70792318000731,75.06023267190982,90.33073677974429
42301,113.54820198028018,78.4023299387649,94.35276146256369
348986,125.82438010181913,86.87873864173226,104.5536390262143
643181,120.10581283976194,82.93020410364515,99.80180145085389
566709,123.82671384982967,85.49939765821573,102.89368031204188
551298,118.08992793453987,81.53828357384896,98.12670396554599
