UE ID,Internet usage,Data rate,optimal GU
1021977,109.02338644972392,56.458539411464166,78.45572739222438
24503,108.70792318000731,56.29517450393236,78.22871279382389
42301,113.54820198028018,58.80174745407366,81.71188834379353
348986,125.82438010181913,65.1590539812992,90.54610745480967
643181,120.10581283976194,62.19765307773386,86.43089539989012
566709,123.82671384982967,64.12454824366179,89.10854103910302
551298,118.08992793453987,61.15371268038672,84.98021842379805
