UE ID,Internet usage
243530,0.8881647133645311
66847,0.8941154584288699
548751,0.8792744747667672
911177,0.9270988222890347
146594,0.87367843029087
817505,0.847722421669668
1849,0.9171285104509527
