UE ID,Internet usage
243530,1.0578647464981898
66847,1.0638154915580953
548751,1.048974507900426
911177,1.0967988554182602
146594,1.0433784634200953
817505,1.0174224547988935
1849,1.0868285435846115
