UE ID,Internet usage
243530,1.026832087684724
66847,1.0327828327446293
548751,1.0179418490869603
911177,1.0657661966047942
146594,1.0123458046066294
817505,0.9863897959854274
1849,1.0557958847711457
