UE ID,Internet usage
243530,0.3553848581915496
66847,0.36133560325411507
548751,0.34649461959467254
911177,0.39431896711560993
146594,0.34089857511655847
817505,0.3149425664944699
1849,0.38434865527974466
