UE ID,Internet usage
243530,1.0424683865805677
66847,1.0484191316449065
548751,1.0335781479872375
911177,1.0814024955050714
146594,1.0279821035069068
817505,1.0020260948857047
1849,1.071432183671423
