UE ID,Internet usage
243530,1.0225885416946217
66847,1.0285392867589604
548751,1.0136983030968578
911177,1.0615226506191253
146594,1.0081022586209605
817505,0.9821462499997586
1849,1.0515523387810433
