UE ID,Internet usage
243530,0.6801983541278324
66847,0.6861490991877378
548751,0.6713081155300686
911177,0.719132463052336
146594,0.6657120710541713
817505,0.639756062428536
1849,0.7091621512142541
