UE ID,Internet usage
243530,0.4030338434691287
66847,0.4089845885316941
548751,0.3941436048722516
911177,0.441967952393189
146594,0.38854756039413757
817505,0.36259155177204894
1849,0.43199764055732376
