UE ID,Internet usage
243530,0.3677049755997778
66847,0.3736557206623432
548751,0.35881473700290073
911177,0.4066390845238381
146594,0.35321869252523
817505,0.32726268390314145
1849,0.39666877268841616
