UE ID,Internet usage
243530,0.599842033245246
66847,0.6057927783051513
548751,0.5909517946474822
911177,0.6387761421697495
146594,0.5853557501715848
817505,0.5593997415459495
1849,0.6288058303316676
