UE ID,Internet usage
243530,0.8184749877387846
66847,0.8244257327986899
548751,0.8095847491410207
911177,0.8574090966632882
146594,0.8039887046651235
817505,0.7780326960394881
1849,0.8474387848252063
