UE ID,Internet usage
243530,0.5232191199963887
66847,0.5291698650562942
548751,0.514328881398625
911177,0.562153228916459
146594,0.5087328369182943
817505,0.48277682829709234
1849,0.5521829170828104
