UE ID,Internet usage
243530,0.8989461077739053
66847,0.9048968528382441
548751,0.890055869180575
911177,0.9378802166984089
146594,0.8844598247002442
817505,0.8585038160790422
1849,0.9279099048647604
