UE ID,Internet usage
243530,0.36253934958029255
66847,0.368490094642858
548751,0.3536491109834155
911177,0.4014734585043529
146594,0.34805306650530143
817505,0.3220970578836562
1849,0.39150314666893093
