UE ID,Internet usage
243530,0.6781002669814612
66847,0.6840510120458
548751,0.6692100283836974
911177,0.7170343759059649
146594,0.6636139839078001
817505,0.6376579752865982
1849,0.7070640640678828
