UE ID,Internet usage
243530,0.7257024045420849
66847,0.7316531496064237
548751,0.7168121659443211
911177,0.7646365134665886
146594,0.7112161214684238
817505,0.6852601128472219
1849,0.7546662016329401
