UE ID,Internet usage
243530,0.6581845583943327
66847,0.6641353034586714
548751,0.6492943198010024
911177,0.6971186673188363
146594,0.6436982753206716
817505,0.6177422666994696
1849,0.6871483554851878
