UE ID,Internet usage
243530,0.558978944432352
66847,0.5649296894966908
548751,0.5500887058345881
911177,0.5979130533568556
146594,0.5444926613586909
817505,0.518536652737489
1849,0.5879427415232071
