UE ID,Internet usage
243530,0.7894809110911339
66847,0.7954316561510394
548751,0.7805906724933701
911177,0.8284150200156376
146594,0.7749946280130394
817505,0.7490386193918376
1849,0.8184447081775555
