UE ID,Internet usage,Data rate,optimal GU
243530,118.89786722218548,56.61803201056451,82.04732324929039
66847,119.89759239270177,57.09409161557227,82.73719915827134
548751,117.40430713789844,55.90681292280878,81.01666887431544
911177,125.43879752144439,59.732760724497325,86.56099397486784
146594,116.46417166564494,55.459129364592826,80.36791376379723
817505,112.10356221710745,53.38264867481307,77.35880736561866
1849,123.76378513304917,58.93513577764246,85.40512561416452
