UE ID,Internet usage,Data rate,optimal GU
243530,118.89786722218548,36.80172080686693,66.14866675937472
66847,119.89759239270177,37.111159550121975,66.70486249862934
548751,117.40430713789844,36.33942839982571,65.31772663732876
911177,125.43879752144439,38.82629447092326,69.78770443743022
146594,116.46417166564494,36.04843408698534,64.79468354567639
817505,112.10356221710745,34.6987216386285,62.3686644082594
1849,123.76378513304917,38.3078382554676,68.85581357272088
