UE ID,Internet usage,Data rate,optimal GU
243530,118.89786722218548,51.663954209640124,78.37559548603674
66847,119.89759239270177,52.098358599209696,79.03459852277895
548751,117.40430713789844,51.014966792063014,77.39106427673066
911177,125.43879752144439,54.50614416110381,82.68727339258055
146594,116.46417166564494,50.60645554519096,76.77134182756578
817505,112.10356221710745,48.71166691576693,73.89689697673843
1849,123.76378513304917,53.77831139709875,81.58313169135357
