UE ID,Internet usage,Data rate,optimal GU
243530,118.89786722218548,8.492704801584678,31.776791654539828
66847,119.89759239270177,8.56411374233584,32.04397944518312
548751,117.40430713789844,8.386021938421317,31.37762093154245
911177,125.43879752144439,8.9599141086746,33.52492880958237
146594,116.46417166564494,8.318869404688924,31.126359157662055
817505,112.10356221710745,8.00739730122196,29.96093726095087
1849,123.76378513304917,8.840270366646369,33.077262918441164
