UE ID,Internet usage,Data rate,optimal GU
243530,118.89786722218548,7.78497940145262,30.42396172758181
66847,119.89759239270177,7.850437597141187,30.67977456120522
548751,117.40430713789844,7.687186776886207,30.04178485676142
911177,125.43879752144439,8.213254599618383,32.09767562789558
146594,116.46417166564494,7.625630287631513,29.801220023305387
817505,112.10356221710745,7.340114192786797,28.685413507421295
1849,123.76378513304917,8.103581169425839,31.6690681684991
