UE ID,Internet usage,Data rate,optimal GU
243530,118.89786722218548,9.200430201716733,33.07433337968736
66847,119.89759239270177,9.277789887530494,33.35243124931467
548751,117.40430713789844,9.084857099956427,32.65886331866438
911177,125.43879752144439,9.706573617730815,34.89385221871511
146594,116.46417166564494,9.012108521746335,32.397341772838196
817505,112.10356221710745,8.674680409657125,31.1843322041297
1849,123.76378513304917,9.5769595638669,34.42790678636044
