UE ID,Internet usage,Data rate,optimal GU
243530,118.89786722218548,112.52833862099698,115.66926758691102
66847,119.89759239270177,113.4745070859499,116.64184582538965
548751,117.40430713789844,111.11479068408245,114.21626422290879
911177,125.43879752144439,118.71886193993844,122.03258288203298
146594,116.46417166564494,110.22501961212825,113.30165756049637
817505,112.10356221710745,106.09801424119098,109.05945782278081
1849,123.76378513304917,117.13358235806439,120.40305444143766
