UE ID,Internet usage,Data rate,optimal GU
243530,118.89786722218548,75.72661781413004,94.88800424737374
66847,119.89759239270177,76.36334753582791,95.68584804762365
548751,117.40430713789844,74.77536228425674,93.69604900938197
911177,125.43879752144439,79.89256746901518,100.10807956510868
146594,116.46417166564494,74.17658552514291,92.9457615503345
817505,112.10356221710745,71.39929260256248,89.46571991846275
1849,123.76378513304917,78.8257441025968,98.7713139330773
