UE ID,Internet usage,Data rate,optimal GU
243530,118.89786722218548,48.12532720897983,75.6438944298713
66847,119.89759239270177,48.529977873236426,76.27992859115783
548751,117.40430713789844,47.52079098438746,74.69367804685281
911177,125.43879752144439,50.77284661582272,79.80529322187557
146594,116.46417166564494,47.1402599599039,74.09555538852095
817505,112.10356221710745,45.37525137359111,71.32129636704776
1849,123.76378513304917,50.09486541099609,78.73963524804734
