UE ID,Internet usage,Data rate,optimal GU
243530,118.89786722218548,71.4802654133377,92.18921361049568
66847,119.89759239270177,72.08129066465999,92.96436525492584
548751,117.40430713789844,70.5823513150461,91.03115978777114
911177,125.43879752144439,75.41261041467787,97.26082031512148
146594,116.46417166564494,70.01715082279846,90.30221189409345
817505,112.10356221710745,67.39559395195151,86.92114909359807
1849,123.76378513304917,74.4056089192736,95.96207477424957
