UE ID,Internet usage,Data rate,optimal GU
243530,118.89786722218548,15.56995880290524,43.02597929626617
66847,119.89759239270177,15.700875194282373,43.387753275005494
548751,117.40430713789844,15.374373553772415,42.485499582326675
911177,125.43879752144439,16.426509199236765,45.39296819362228
146594,116.46417166564494,15.251260575263027,42.145289532223124
817505,112.10356221710745,14.680228385573594,40.567300824475566
1849,123.76378513304917,16.207162338851678,44.786825711609495
