UE ID,Internet usage,Data rate,optimal GU
243530,118.89786722218548,75.01889241399797,94.44356150312709
66847,119.89759239270177,75.64967139063326,95.2376683095296
548751,117.40430713789844,74.07652712272163,93.25718922434278
911177,125.43879752144439,79.14590795995895,99.63918668495927
146594,116.46417166564494,73.4833464080855,92.51041601158933
817505,112.10356221710745,70.73200949412731,89.04667443013207
1849,123.76378513304917,78.08905490537626,98.3086822846887
