UE ID,Internet usage,Data rate,optimal GU
243530,118.89786722218548,65.81846221228125,88.46284406961065
66847,119.89759239270177,66.37188150310277,89.20666339907416
548751,117.40430713789844,64.9916700227652,87.3515998065157
911177,125.43879752144439,69.43933434222815,93.32945194620312
146594,116.46417166564494,64.47123788633917,86.65211663133934
817505,112.10356221710745,62.0573290844702,83.4077193792542
1849,123.76378513304917,68.51209534150937,92.08320284862785
