UE ID,Internet usage,Data rate,optimal GU
243530,118.89786722218548,16.985409603169355,44.93916972655441
66847,119.89759239270177,17.12822748467168,45.31703032378265
548751,117.40430713789844,16.772043876842634,44.37465707638924
911177,125.43879752144439,17.9198282173492,47.41140900010389
146594,116.46417166564494,16.637738809377847,44.019319268061665
817505,112.10356221710745,16.01479460244392,42.37116381584613
1849,123.76378513304917,17.680540733292737,46.77831382544016
