UE ID,Internet usage,Data rate,optimal GU
243530,118.89786722218548,109.69743702046874,114.20504061324853
66847,119.89759239270177,110.61980250517126,115.1653072384483
548751,117.40430713789844,108.319450037942,112.77043043840344
911177,125.43879752144439,115.73222390371356,120.48780436610335
146594,116.46417166564494,107.4520631438986,111.86740154226666
817505,112.10356221710745,103.42888180745032,107.67890270033104
1849,123.76378513304917,114.18682556918226,118.87890369939167
