UE ID,Internet usage,Data rate,optimal GU
243530,118.89786722218548,116.06696562165726,117.47388930041336
66847,119.89759239270177,117.04288781192315,118.4616412824788
548751,117.40430713789844,114.608966491758,115.99821680851592
911177,125.43879752144439,122.45215948521951,123.93648227915001
146594,116.46417166564494,113.6912151974153,115.06934084988735
817505,112.10356221710745,109.4344297833668,110.76095615293927
1849,123.76378513304917,120.81702834416704,122.28153064302475
