UE ID,Internet usage,Data rate,optimal GU
243530,118.89786722218548,93.41975281743146,105.39169495940538
66847,119.89759239270177,94.20525116569425,106.2778566095332
548751,117.40430713789844,92.24624132263449,104.06779544392818
911177,125.43879752144439,98.55905519542058,111.18960998476082
146594,116.46417166564494,91.50756345157816,103.23445441580779
817505,112.10356221710745,88.08137031344157,99.36918726195248
1849,123.76378513304917,97.24297403311006,109.70487019240538
