UE ID,Internet usage,Data rate,optimal GU
243530,118.89786722218548,29.016741405414315,58.73694465020668
66847,119.89759239270177,29.260721952980788,59.2308206412394
548751,117.40430713789844,28.6522416229395,57.99910840425796
911177,125.43879752144439,30.613039871304878,61.96824113957501
146594,116.46417166564494,28.422803799353826,57.53467042494368
817505,112.10356221710745,27.3586074458417,55.380478076469636
1849,123.76378513304917,30.20425708604176,61.140765321512376
