UE ID,Internet usage
1046340,0.7935972768254437
550248,0.8398202077755845
48060,0.7852147192117
177281,0.8086229510024885
564624,0.8897026876016983
215721,0.8042420164613293
99277,0.7645346109147857
