UE ID,Internet usage
1046340,0.5563128996424138
550248,0.6025358305969881
48060,0.5479303420286703
177281,0.5713385738194585
564624,0.6524183104186686
215721,0.5669576392782995
99277,0.5272502337317558
