UE ID,Internet usage
1046340,0.6480877645440575
550248,0.6943106954986317
48060,0.6397052069303139
177281,0.6631134387211022
564624,0.7441931753203122
215721,0.658732504179943
99277,0.6190250986333995
