UE ID,Internet usage
1046340,0.9554327353296925
550248,1.0016556662842668
48060,0.9470501777159489
177281,0.9704584095111707
564624,1.0515381461059472
215721,0.9660774749655782
99277,0.9263700694190347
