UE ID,Internet usage
1046340,0.5456226205762733
550248,0.5918455515308475
48060,0.5372400629625297
177281,0.5606482947533181
564624,0.6417280313525281
215721,0.556267360212159
99277,0.5165599546656153
