UE ID,Internet usage
1046340,0.27684525612295097
550248,0.3230681870748652
48060,0.2684626985083207
177281,0.2918709303008824
564624,0.372950666896989
215721,0.2874899957588366
99277,0.24778259021051968
