UE ID,Internet usage
1046340,0.9595350818868904
550248,1.0057580128370311
48060,0.9511525242731468
177281,0.9745607560639352
564624,1.055640492663145
215721,0.9701798215227759
99277,0.9304724159762325
