UE ID,Internet usage
1046340,0.9476815930829225
550248,0.9939045240374967
48060,0.9392990354691789
177281,0.9627072672644008
564624,1.0437870038591772
215721,0.9583263327188082
99277,0.9186189271722647
