UE ID,Internet usage
1046340,0.6020760130179968
550248,0.6482989439725712
48060,0.5936934554042533
177281,0.6171016871950417
564624,0.6981814237942516
215721,0.6127207526538825
99277,0.573013347107339
