UE ID,Internet usage
1046340,0.9467180879705477
550248,0.9929410189251219
48060,0.9383355303568041
177281,0.9617437621475925
564624,1.0428234987468024
215721,0.9573628276064333
99277,0.9176554220598898
