UE ID,Internet usage
1046340,0.8461482196799316
550248,0.8923711506300723
48060,0.8377656620617545
177281,0.8611738938569763
564624,0.9422536304517529
215721,0.8567929593158172
99277,0.8170855537648403
