UE ID,Internet usage
1046340,0.5876821444165697
550248,0.6339050753667105
48060,0.5792995868028261
177281,0.6027078185936146
564624,0.6837875551928244
215721,0.5983268840524553
99277,0.5586194785059118
