UE ID,Internet usage
1046340,0.8220242597017665
550248,0.8682471906563408
48060,0.813641702088023
177281,0.8370499338788112
564624,0.9181296704780213
215721,0.832668999337652
99277,0.7929615937911085
