UE ID,Internet usage
1046340,0.9710690342299698
550248,1.017291965184544
48060,0.9626864766162262
177281,0.9860947084114479
564624,1.0671744450062244
215721,0.9817137738658552
99277,0.9420063683193118
