UE ID,Internet usage
1046340,0.6223300882543555
550248,0.6685530192044965
48060,0.6139475306361786
177281,0.6373557624314004
564624,0.718435499026177
215721,0.6329748278902412
99277,0.5932674223392643
