UE ID,Internet usage
1046340,0.36519494780052963
550248,0.41141787875244384
48060,0.3568123901858994
177281,0.38022062197846107
564624,0.46130035857368107
215721,0.37583968743641527
99277,0.33613228188809835
