UE ID,Internet usage
1046340,0.49603389839164314
550248,0.542256829341784
48060,0.48765134077789957
177281,0.5110595725686878
564624,0.5921393091634645
215721,0.5066786380275287
99277,0.46697123248098515
