UE ID,Internet usage
1046340,0.6042039471466296
550248,0.6504268781012039
48060,0.5958213895328861
177281,0.6192296213236744
564624,0.7003093579228844
215721,0.6148486867825153
99277,0.5751412812359717
