UE ID,Internet usage
1046340,0.885575880142987
550248,0.9317988110975614
48060,0.8771933225292435
177281,0.9006015543200319
564624,0.981681290919242
215721,0.8962206197788727
99277,0.8565132142323292
