UE ID,Internet usage
1046340,0.662495056730715
550248,0.7087179876852893
48060,0.6541124991169714
177281,0.6775207309077598
564624,0.7586004675069696
215721,0.6731397963666005
99277,0.6334323908200571
