UE ID,Internet usage
1046340,0.5193605324764674
550248,0.5655834634266083
48060,0.5109779748627239
177281,0.5343862066535122
564624,0.6154659432482887
215721,0.5300052721123529
99277,0.4902978665613761
