UE ID,Internet usage
1046340,0.6579800197436974
550248,0.7042029506982715
48060,0.6495974621299537
177281,0.6730056939207422
564624,0.7540854305199521
215721,0.668624759379583
99277,0.6289173538330394
