UE ID,Internet usage
1046340,0.9572854913255564
550248,1.0035084222801307
48060,0.948902933711813
177281,0.9723111655070347
564624,1.0533909021018113
215721,0.967930230961442
99277,0.9282228254148985
