UE ID,Internet usage
1046340,0.3191357268549261
550248,0.3653586578072836
48060,0.31075316924029583
177281,0.3341614010328576
564624,0.4152411376294075
215721,0.3297804664908117
99277,0.2900730609424948
