UE ID,Internet usage
1046340,0.2283491894852938
550248,0.27457212043720797
48060,0.21996663187066354
177281,0.24337486366322528
564624,0.32445460025933187
215721,0.23899392912073603
99277,0.19928652357241913
