UE ID,Internet usage
1046340,0.9323170828358482
550248,0.9785400137904224
48060,0.9239345252221046
177281,0.9473427570173264
564624,1.028422493612103
215721,0.9429618224717338
99277,0.9032544169251904
