UE ID,Internet usage
1046340,0.23425410817914208
550248,0.28047703913105626
48060,0.2258715505645118
177281,0.2492797823566302
564624,0.3303595189531801
215721,0.24489884781458432
99277,0.2051914422662674
