UE ID,Internet usage
1046340,0.915545312727731
550248,0.9617682436823053
48060,0.9071627551139873
177281,0.9305709869047757
564624,1.0116507235039855
215721,0.9261900523636165
99277,0.886482646817073
