UE ID,Internet usage,Data rate,optimal GU
1046340,106.90277602718292,32.45262843682339,58.90056085705057
550248,114.66822842713823,34.80999791538125,63.17911674366098
48060,105.49450634794455,32.02511799848317,58.12464205467984
177281,109.42708928908166,33.21893781989979,60.291389724459215
564624,123.04848503724884,37.354004386307686,67.79641325180786
215721,108.69109228600026,32.99551015825008,59.8858751262267
99277,102.02024815389535,30.970432475289662,56.210419021410175
