UE ID,Internet usage,Data rate,optimal GU
1046340,106.90277602718292,87.8129945937574,96.88886877930132
550248,114.66822842713823,94.19175906514926,103.92690770169439
48060,105.49450634794455,86.65620164295444,95.61251599195275
177281,109.42708928908166,89.88653763031708,99.17672196215756
564624,123.04848503724884,101.07554128059725,111.5221602592839
215721,108.69109228600026,89.28196866350021,98.50966803050493
99277,102.02024815389535,83.80234669784261,92.46370209975737
