UE ID,Internet usage,Data rate,optimal GU
1046340,106.90277602718292,80.81340806816804,92.94717673337209
550248,114.66822842713823,86.68372029908663,99.69888986427996
48060,105.49450634794455,79.74882325112475,91.72274930848337
177281,109.42708928908166,82.72166868877007,95.1419540778298
564624,123.04848503724884,93.01879523649167,106.98514772546869
215721,108.69109228600026,82.16529000191686,94.50203764101767
99277,102.02024815389535,77.12244949728994,88.70203738330807
