UE ID,Internet usage,Data rate,optimal GU
1046340,106.90277602718292,42.633845201316994,67.51056513416236
550248,114.66822842713823,45.7307815751087,72.41455453019185
48060,105.49450634794455,42.07221384114455,66.62122357129674
177281,109.42708928908166,43.640565371240896,69.10470348322741
564624,123.04848503724884,49.07290772318852,77.706801193403
215721,108.69109228600026,43.347042756916764,68.63991130980021
99277,102.02024815389535,40.686646585184455,64.42718200550415
