UE ID,Internet usage,Data rate,optimal GU
1046340,106.90277602718292,106.26644997940208,106.58413813204973
550248,114.66822842713823,113.98567944840528,114.32644457172755
48060,105.49450634794455,104.86656285777822,105.18006598727257
177281,109.42708928908166,108.77573756712285,109.10092734364483
564624,123.04848503724884,122.3160535786938,122.68172271611299
215721,108.69109228600026,108.04412149858359,108.36712407719591
99277,102.02024815389535,101.41298477202693,101.71616328032334
