UE ID,Internet usage,Data rate,optimal GU
1046340,106.90277602718292,83.99503830707229,94.7591830248425
550248,114.66822842713823,90.09646519275147,101.64252088176549
48060,105.49450634794455,82.88854070195643,93.51088537306447
177281,109.42708928908166,85.97842729856417,96.99674757915751
564624,123.04848503724884,96.68095252926695,109.07082442470336
215721,108.69109228600026,85.4001439390002,96.34435596396696
99277,102.02024815389535,80.15876640663207,90.43128463377447
