UE ID,Internet usage,Data rate,optimal GU
1046340,106.90277602718292,56.63301825249572,77.80891251000692
550248,114.66822842713823,60.746859107233945,83.46097720695273
48060,105.49450634794455,55.88697062480396,76.78390702058454
177281,109.42708928908166,57.97030325433493,79.64622747078012
564624,123.04848503724884,65.18639981139968,89.56052557809794
215721,108.69109228600026,57.58040008008347,79.11053393176644
99277,102.02024815389535,54.0464409862898,74.25517706703113
