UE ID,Internet usage,Data rate,optimal GU
1046340,106.90277602718292,69.35953920811272,86.10881072987529
550248,114.66822842713823,74.39783868189325,92.36378273144032
48060,105.49450634794455,68.4458404281307,84.97446762137338
177281,109.42708928908166,70.99733769351131,88.14211258572684
564624,123.04848503724884,79.83502898250073,99.11397161450836
215721,108.69109228600026,70.51981582841682,87.54927646873043
99277,102.02024815389535,66.19170862365829,82.17599734421209
