UE ID,Internet usage,Data rate,optimal GU
1046340,106.90277602718292,47.08812753578296,70.94964095396982
550248,114.66822842713823,50.508624426239464,76.1034459354408
48060,105.49450634794455,46.46781827230891,70.01499517748485
177281,109.42708928908166,48.20002742495264,72.62498677980243
564624,123.04848503724884,54.199927933073894,81.66528651325977
215721,108.69109228600026,47.87583826883345,72.13651748973885
99277,102.02024815389535,44.93749025826343,67.70918628636214
