UE ID,Internet usage,Data rate,optimal GU
1046340,106.90277602718292,54.08771406137231,76.04029709387777
550248,114.66822842713823,58.016663192302076,81.5638889920977
48060,105.49450634794455,53.37519666413861,75.03859022734743
177281,109.42708928908166,55.36489636649965,77.83584944084384
564624,123.04848503724884,62.25667397717947,87.52479315228256
215721,108.69109228600026,54.99251693041679,77.31233234564434
99277,102.02024815389535,51.6173874588161,72.56733891775407
