UE ID,Internet usage,Data rate,optimal GU
1046340,106.90277602718292,40.0885410101936,65.464313338408
550248,114.66822842713823,43.00058566017684,70.21966233884838
48060,105.49450634794455,39.56043988047921,64.60192780481627
177281,109.42708928908166,41.035158483405624,67.01013319905613
564624,123.04848503724884,46.143181888968314,75.3515004909376
215721,108.69109228600026,40.7591596072501,66.55942892161436
99277,102.02024815389535,38.25759305771076,62.474387852290285
