UE ID,Internet usage,Data rate,optimal GU
1046340,106.90277602718292,103.72114578827866,105.29994500229874
550248,114.66822842713823,111.2554835334734,112.94896723559735
48060,105.49450634794455,102.35478889711287,103.91279000704868
177281,109.42708928908166,106.17033067928756,107.7864103451531
564624,123.04848503724884,119.38632774447358,121.20357570269097
215721,108.69109228600026,105.45623834891691,107.06144840472021
99277,102.02024815389535,98.98393124455322,100.49062259145096
