UE ID,Internet usage,Data rate,optimal GU
1046340,106.90277602718292,93.53992902378506,99.99839039718731
550248,114.66822842713823,100.33469987374596,107.26230598067086
48060,105.49450634794455,92.30769305445149,98.6810747352143
177281,109.42708928908166,95.74870312794646,102.35966923791601
564624,123.04848503724884,107.66742440759273,115.10131824274123
215721,108.69109228600026,95.10470575025023,101.67120708211026
99277,102.02024815389535,89.26771713465844,95.43120377638328
