UE ID,Internet usage,Data rate,optimal GU
1046340,106.90277602718292,69.99586525589358,86.5029034557781
550248,114.66822842713823,75.08038766062622,92.78650248105474
48060,105.49450634794455,69.07378391829702,85.36336881851217
177281,109.42708928908166,71.64868941547013,88.5455110895653
564624,123.04848503724884,80.56746044105579,99.56758483849245
215721,108.69109228600026,71.1667866158335,87.94996174962014
99277,102.02024815389535,66.79897200552672,82.55209083014763
