UE ID,Internet usage,Data rate,optimal GU
1046340,106.90277602718292,104.99379788384039,105.943987367946
550248,114.66822842713823,112.62058149093934,113.63979304803476
48060,105.49450634794455,103.61067587744556,104.54834816518148
177281,109.42708928908166,107.47303412320521,108.44566059169217
564624,123.04848503724884,120.85119066158369,121.94488888779055
215721,108.69109228600026,106.75017992375027,107.71626459193371
99277,102.02024815389535,100.19845800829009,101.10524986687594
