UE ID,Internet usage,Data rate,optimal GU
1046340,106.90277602718292,26.72569400679573,53.45138801359146
550248,114.66822842713823,28.667057106784558,57.334114213569116
48060,105.49450634794455,26.373626586986138,52.747253173972275
177281,109.42708928908166,27.356772322270416,54.71354464454083
564624,123.04848503724884,30.76212125931221,61.52424251862442
215721,108.69109228600026,27.172773071500064,54.34554614300013
99277,102.02024815389535,25.505062038473838,51.010124076947676
