UE ID,Internet usage,Data rate,optimal GU
1046340,106.90277602718292,87.17666854597654,96.53718388458663
550248,114.66822842713823,93.50921008641629,103.54967630191048
48060,105.49450634794455,86.02825815278811,95.26546397200781
177281,109.42708928908166,89.23518590835826,98.81673267277016
564624,123.04848503724884,100.34310982204221,111.117359793727
215721,108.69109228600026,88.63499787608353,98.15209999749791
99277,102.02024815389535,83.19508331597419,92.12807956904174
