UE ID,Internet usage,Data rate,optimal GU
1046340,106.90277602718292,85.90401645041484,95.829942243717
550248,114.66822842713823,92.14411212895037,102.79106039835527
48060,105.49450634794455,84.77237117245544,94.56753908600409
177281,109.42708928908166,87.93248246444062,98.09279081587471
564624,123.04848503724884,98.8782469049321,110.30330223883115
215721,108.69109228600026,87.3410563012502,97.43302731002424
99277,102.02024815389535,81.98055655223733,91.45313949369756
