UE ID,Internet usage,Data rate,optimal GU
1046340,106.90277602718292,22.907737720110624,49.48636938372461
550248,114.66822842713823,24.57176323438676,53.08107534157742
48060,105.49450634794455,22.605965645988118,48.83446719625505
177281,109.42708928908166,23.448661990517497,50.65489936171874
564624,123.04848503724884,26.367532507981892,56.96038034702351
215721,108.69109228600026,23.290948347000054,50.31419895230618
99277,102.02024815389535,21.861481747263287,47.22619816232992
