UE ID,Internet usage,Data rate,optimal GU
1046340,106.90277602718292,62.35995268252338,81.64834385757939
550248,114.66822842713823,66.88979991583064,87.57930609564133
48060,105.49450634794455,61.53846203630099,80.57276012357588
177281,109.42708928908166,63.832468751964306,83.57631995765136
564624,123.04848503724884,71.77828293839517,93.97983280547231
215721,108.69109228600026,63.40313716683349,83.01419296133783
99277,102.02024815389535,59.51181142310563,77.91925159723404
