UE ID,Internet usage,Data rate,optimal GU
1046340,106.90277602718292,92.90360297600421,99.65767938830456
550248,114.66822842713823,99.652150895013,106.89684561335287
48060,105.49450634794455,91.67974956428515,98.34485203805762
177281,109.42708928908166,95.09735140598764,102.01091296257565
564624,123.04848503724884,106.93499294903769,114.70914906775297
215721,108.69109228600026,94.45773496283356,101.32479651088323
99277,102.02024815389535,88.66045375279002,95.10605392558668
