UE ID,Internet usage,Data rate,optimal GU
1046340,106.90277602718292,8.908564668931911,30.860173258206167
550248,114.66822842713823,9.555685702261519,33.101866274952876
48060,105.49450634794455,8.791208862328713,30.453640819006235
177281,109.42708928908166,9.118924107423473,31.588879728844258
564624,123.04848503724884,10.254040419770737,35.52103797981563
215721,108.69109228600026,9.057591023833355,31.376415694918354
99277,102.02024815389535,8.501687346157945,29.45070886722195
