UE ID,Internet usage,Data rate,optimal GU
1046340,106.90277602718292,48.99710567912551,72.37352150058588
550248,114.66822842713823,52.55627136243836,77.63075762780333
48060,105.49450634794455,48.351648742807924,71.42011842073447
177281,109.42708928908166,50.1540825908291,74.08248965766899
564624,123.04848503724884,56.39722230873905,83.30421817290691
215721,108.69109228600026,49.81675063108345,73.58421733110812
99277,102.02024815389535,46.75928040386871,69.06803450439473
