UE ID,Internet usage,Data rate,optimal GU
1046340,106.90277602718292,89.72197273709996,97.93634645131097
550248,114.66822842713823,96.23940600134816,105.05047449228722
48060,105.49450634794455,88.54003211345346,96.6461948544273
177281,109.42708928908166,91.84059279619355,100.24893390092116
564624,123.04848503724884,103.27283565626242,112.72784027472478
215721,108.69109228600026,91.22288102575023,99.57466836582806
99277,102.02024815389535,85.62413684344789,93.4633387416245
