UE ID,Internet usage,Data rate,optimal GU
1046340,106.90277602718292,24.180389815672324,50.8424113975212
550248,114.66822842713823,25.936861191852692,54.53562068804518
48060,105.49450634794455,23.86185262632079,50.17264556868729
177281,109.42708928908166,24.751365434435137,52.04296182406055
564624,123.04848503724884,27.832395425091995,58.521227704271766
215721,108.69109228600026,24.58488992183339,51.69292542829387
99277,102.02024815389535,23.076008511000136,48.52030620980905
