UE ID,Internet usage,Data rate,optimal GU
1046340,106.90277602718292,25.453041911234028,52.163213461664256
550248,114.66822842713823,27.301959149318627,55.95236624346163
48060,105.49450634794455,25.117739606653462,51.47604822031429
177281,109.42708928908166,26.054068878352776,53.39495220988022
564624,123.04848503724884,29.297258342202102,60.041512762028816
215721,108.69109228600026,25.878831496666727,53.035822445381704
99277,102.02024815389535,24.29053527473699,49.78078380780696
