UE ID,Internet usage,Data rate,optimal GU
1046340,106.90277602718292,55.99669220471486,77.37054895128851
550248,114.66822842713823,60.06431012850098,82.99077077683651
48060,105.49450634794455,55.25902713463762,76.35131818663164
177281,109.42708928908166,57.318951532376104,79.19751275949179
564624,123.04848503724884,64.45396835284463,89.05595522173861
215721,108.69109228600026,56.9334292926668,78.6648372362628
99277,102.02024815389535,53.439177604421374,73.83683471237886
