UE ID,Internet usage,Data rate,optimal GU
1046340,106.90277602718292,1.2726520955617016,11.66404912251134
550248,114.66822842713823,1.3650979574659314,12.511329442234477
48060,105.49450634794455,1.2558869803326733,11.510394303367983
177281,109.42708928908166,1.3027034439176388,11.93947427966448
564624,123.04848503724884,1.4648629171101053,13.42569040078176
215721,108.69109228600026,1.2939415748333363,11.859170423048262
99277,102.02024815389535,1.2145267637368495,11.131321656747721
