UE ID,Internet usage,Data rate,optimal GU
1046340,106.90277602718292,34.99793262794679,61.16678962590593
550248,114.66822842713823,37.54019383031311,65.60996510693622
48060,105.49450634794455,34.53689195914851,60.36101695649824
177281,109.42708928908166,35.824344707735065,62.611131335060264
564624,123.04848503724884,40.28373022052789,70.40491442566488
215721,108.69109228600026,35.58339330791675,62.190014358253876
99277,102.02024815389535,33.39948600276336,58.3731432271252
