UE ID,Internet usage,Data rate,optimal GU
1046340,106.90277602718292,67.45056106477017,84.91555936584855
550248,114.66822842713823,72.35019174569436,91.08385320045772
48060,105.49450634794455,66.56200995763167,83.7969353974674
177281,109.42708928908166,69.04328252763486,86.92068477619577
564624,123.04848503724884,77.63773460683556,97.7405014571498
215721,108.69109228600026,68.57890346616682,86.33606387549668
99277,102.02024815389535,64.36991847805301,81.03724487405148
