UE ID,Internet usage
1104918,0.7476022520363635
1102334,0.7341371742137477
385405,0.7942532061488288
405404,0.8199113243350974
459407,0.7277023549437832
287416,0.6974927259490716
846531,0.7260505410776471
