UE ID,Internet usage
1104918,1.0104762689873577
1102334,0.9970111911647416
385405,1.0571272230998228
405404,1.0827853412860915
459407,0.9905763718947771
287416,0.9603667429000656
846531,0.9889245580286411
