UE ID,Internet usage
1104918,0.47100578598435366
1102334,0.4575407081617377
385405,0.5176567400968188
405404,0.5433148582830875
459407,0.4511058888917733
287416,0.42089625989794843
846531,0.44945407502563717
