UE ID,Internet usage
1104918,1.0635086373547318
1102334,1.0500435595321158
385405,1.110159591467197
405404,1.1358177096534656
459407,1.0436087402621512
287416,1.0133991112674399
846531,1.0419569263960153
