UE ID,Internet usage
1104918,0.8678964692428801
1102334,0.8544313914158308
385405,0.9145474233553453
405404,0.9402055415416141
459407,0.8479965721502998
287416,0.8177869431555882
846531,0.8463447582841636
