UE ID,Internet usage
1104918,0.47959400278573366
1102334,0.46612892496311775
385405,0.5262449568981988
405404,0.5519030750889009
459407,0.4596941056931532
287416,0.4294844767006585
846531,0.4580422918314507
