UE ID,Internet usage
1104918,1.0377754596196935
1102334,1.0243103817970778
385405,1.0844264137321589
405404,1.1100845319184274
459407,1.0178755625271132
287416,0.9876659335324017
846531,1.016223748660977
