UE ID,Internet usage
1104918,1.0464669749945645
1102334,1.0330018971719486
385405,1.0931179291070299
405404,1.1187760472932984
459407,1.0265670779019842
287416,0.9963574489072726
846531,1.024915264035848
