UE ID,Internet usage
1104918,0.3101622997869564
1102334,0.29669722196301046
385405,0.3568132538994216
405404,0.38247137208657694
459407,0.29026240269481934
287416,0.2600527737005512
846531,0.2886105888295699
