UE ID,Internet usage
1104918,0.279659254959169
1102334,0.26619417713522303
385405,0.3263102090711908
405404,0.35196832725878946
459407,0.2597593578665886
287416,0.2295497288723204
846531,0.25810754400178254
