UE ID,Internet usage
1104918,1.0181913865372434
1102334,1.0047263087146272
385405,1.0648423406497085
405404,1.0905004588359772
459407,0.9982914894446628
287416,0.9680818604499514
846531,0.9966396755785268
