UE ID,Internet usage
1104918,0.44479820612848026
1102334,0.43133312830497755
385405,0.4914491602409454
405404,0.517107278427214
459407,0.4248983090367865
287416,0.39468868004207497
846531,0.4232464951715371
