UE ID,Internet usage
1104918,0.7779737166202991
1102334,0.7645086387932497
385405,0.8246246707327642
405404,0.850282788919033
459407,0.7580738195277187
287416,0.7278641905330071
846531,0.7564220056615827
