UE ID,Internet usage
1104918,0.6777400460368731
1102334,0.6642749682098237
385405,0.7243910001493382
405404,0.750049118335607
459407,0.6578401489442927
287416,0.6276305199495812
846531,0.6561883350781567
