UE ID,Internet usage
1104918,1.0114214479750387
1102334,0.9979563701524229
385405,1.058072402087504
405404,1.0837305202737726
459407,0.9915215508824584
287416,0.9613119218877468
846531,0.9898697370163222
