UE ID,Internet usage
1104918,0.5388896575538558
1102334,0.5254245797312399
385405,0.585540611666321
405404,0.6111987298570231
459407,0.5189897604612753
287416,0.48878013147099736
846531,0.5173379465995728
