UE ID,Internet usage
1104918,0.4274548554432655
1102334,0.41398977761931954
385405,0.4741058095539573
405404,0.49976392774465944
459407,0.4075549583511285
287416,0.37734532935641696
846531,0.40590314448587905
