UE ID,Internet usage
1104918,1.0531523910349643
1102334,1.039687313207915
385405,1.0998033451474296
405404,1.1254614633336983
459407,1.033252493942384
287416,1.0030428649476724
846531,1.031600680076248
