UE ID,Internet usage
1104918,0.7687325120741865
1102334,0.7552674342515706
385405,0.8153834661866517
405404,0.8410415843729204
459407,0.7488326149816061
287416,0.7186229859868947
846531,0.7471808011154701
