UE ID,Internet usage
1104918,0.7056131176635887
1102334,0.6921480398409728
385405,0.7522640717760539
405404,0.777922189966756
459407,0.6857132205754417
287416,0.6555035915807302
846531,0.6840614067093057
