UE ID,Internet usage
1104918,1.0093408433064455
1102334,0.9958757654838295
385405,1.0559917974189106
405404,1.0816499156051793
459407,0.989440946213865
287416,0.9592313172191536
846531,0.987789132347729
