UE ID,Internet usage
1104918,0.7392409421444817
1102334,0.7257758643174324
385405,0.7858918962569469
405404,0.8115500144432156
459407,0.7193410450519013
287416,0.6891314160571897
846531,0.7176892311857651
