UE ID,Internet usage
1104918,0.7983857008602884
1102334,0.7849206230376725
385405,0.8450366549727536
405404,0.8706947731590223
459407,0.778485803767708
287416,0.7482761747729965
846531,0.7768339899015719
