UE ID,Internet usage
1104918,0.5680993595258393
1102334,0.5546342817032234
385405,0.6147503136383046
405404,0.6404084318245732
459407,0.5481994624332589
287416,0.5179898334385474
846531,0.5465476485671229
