UE ID,Internet usage
1104918,0.9668553781998327
1102334,0.9533903003772168
385405,1.013506332312298
405404,1.039164450503
459407,0.9469554811116857
287416,0.9167458521169743
846531,0.9453036672455497
