UE ID,Internet usage
1104918,0.6252282541503256
1102334,0.6117631763277096
385405,0.6718792082627908
405404,0.6975373264490594
459407,0.6053283570577452
287416,0.5751187280630337
846531,0.6036765431916091
