UE ID,Internet usage,Data rate,optimal GU
1104918,115.52286702677938,88.01742249659381,100.83662526638754
1102334,113.26073395239237,86.29389253515609,98.86207363868436
385405,123.36022731766332,93.98874462298157,107.67763417717168
405404,127.67079117313556,97.27298375096042,111.44020277824639
459407,112.17968431528215,85.4702356687864,97.91845615448206
287416,107.10446664423621,81.6034031575133,93.48844298382578
846531,111.90217958594062,85.25880349405,97.67623016821238
