UE ID,Internet usage,Data rate,optimal GU
1104918,115.52286702677938,112.77232257376082,114.13930972714721
1102334,113.26073395239237,110.56404981066873,111.90426904414866
385405,123.36022731766332,120.42307904819513,121.88280602971976
405404,127.67079117313556,124.63101043091804,126.14174450364405
459407,112.17968431528215,109.50873945063258,110.83616657633215
287416,107.10446664423621,104.55436029556392,105.8217321479179
846531,111.90217958594062,109.23784197675155,110.561985376815
