UE ID,Internet usage,Data rate,optimal GU
1104918,115.52286702677938,90.76796694961237,102.40007703225216
1102334,113.26073395239237,88.99057667687973,100.39491037532754
385405,123.36022731766332,96.92589289244975,109.34715442196057
405404,127.67079117313556,100.31276449317794,113.1680608988616
459407,112.17968431528215,88.14118053343597,99.43666229020934
287416,107.10446664423621,84.1535095061856,94.9379626487775
846531,111.90217958594062,87.92314110323906,99.19068063832738
