UE ID,Internet usage,Data rate,optimal GU
1104918,115.52286702677938,43.32107513504227,70.74301945975027
1102334,113.26073395239237,42.47277523214714,69.3577515191199
385405,123.36022731766332,46.260085244123744,75.54240287050438
405404,127.67079117313556,47.87654668992584,78.18207335790217
459407,112.17968431528215,42.067381618230804,68.69574651973464
287416,107.10446664423621,40.16417499158858,65.58782311282991
846531,111.90217958594062,41.963317344727734,68.52581027271067
