UE ID,Internet usage,Data rate,optimal GU
1104918,115.52286702677938,37.81998622900515,66.0989654993782
1102334,113.26073395239237,37.079406948699884,64.8046359879383
385405,123.36022731766332,40.385788705187394,70.583284671904
405404,127.67079117313556,41.796985205490806,73.04966919731295
459407,112.17968431528215,36.72549188893165,64.18608950873863
287416,107.10446664423621,35.06396229424399,61.2821913769295
846531,111.90217958594062,36.634642126349604,64.0273090352034
