UE ID,Internet usage,Data rate,optimal GU
1104918,115.52286702677938,108.646505894233,112.03194121920625
1102334,113.26073395239237,106.51902359808331,109.83816637494964
385405,123.36022731766332,116.0173566439929,119.63246837041096
405404,127.67079117313556,120.07133931759178,123.81277352476586
459407,112.17968431528215,105.50232215365821,108.78978441805359
287416,107.10446664423621,100.7292007725555,103.86793212654588
846531,111.90217958594062,105.24133556296798,108.52066546069224
