UE ID,Internet usage,Data rate,optimal GU
1104918,115.52286702677938,83.89160581706598,98.44490247579051
1102334,113.26073395239237,82.24886632257065,96.51718482449931
385405,123.36022731766332,89.58302221877932,105.1236509293313
405404,127.67079117313556,92.71331263763416,108.79697595397136
459407,112.17968431528215,81.46381837181204,95.59594880572793
287416,107.10446664423621,77.77824363450488,91.27101018943038
846531,111.90217958594062,81.2622970802664,95.35946812688307
