UE ID,Internet usage,Data rate,optimal GU
1104918,115.52286702677938,4.125816679527835,21.83176977814585
1102334,113.26073395239237,4.045026212585442,21.404266810477136
385405,123.36022731766332,4.405722404202261,23.312891654209547
405404,127.67079117313556,4.55967111332627,24.12751165221264
459407,112.17968431528215,4.006417296974362,21.199967632283546
287416,107.10446664423621,3.8251595230084363,20.240841646061547
846531,111.90217958594062,3.9965064137835933,21.147524167891973
