UE ID,Internet usage,Data rate,optimal GU
1104918,115.52286702677938,113.45995868701547,114.48676657266537
1102334,113.26073395239237,111.23822084609967,112.24492209711565
385405,123.36022731766332,121.1573661155622,122.25383521683527
405404,127.67079117313556,125.39095561647244,126.52573852584526
459407,112.17968431528215,110.17647566679497,111.173568168299
287416,107.10446664423621,105.191886882732,106.14386906400124
846531,111.90217958594062,109.90392637904883,110.89855232088613
