UE ID,Internet usage,Data rate,optimal GU
1104918,115.52286702677938,112.08468646050618,113.79079193728865
1102334,113.26073395239237,109.88987877523783,111.56257582192544
385405,123.36022731766332,119.6887919808281,121.51064392114574
405404,127.67079117313556,123.87106524536365,125.75657797242525
459407,112.17968431528215,108.84100323447016,110.49773474330352
287416,107.10446664423621,103.91683370839584,105.4986116007956
846531,111.90217958594062,108.57175757445428,110.22439074024311
