UE ID,Internet usage,Data rate,optimal GU
1104918,115.52286702677938,70.1388835519732,90.01469278946279
1102334,113.26073395239237,68.76544561395251,88.25205289849966
385405,123.36022731766332,74.89728087143844,96.12151472888638
405404,127.67079117313556,77.5144089265466,99.4802790253936
459407,112.17968431528215,68.10909404856416,87.40970580758061
287416,107.10446664423621,65.02771189114341,83.45512805811259
846531,111.90217958594062,67.94060903432108,87.19347586452083
