UE ID,Internet usage,Data rate,optimal GU
1104918,115.52286702677938,115.52286702677938,115.52286702677938
1102334,113.26073395239237,113.26073395239237,113.26073395239237
385405,123.36022731766332,123.36022731766332,123.36022731766332
405404,127.67079117313556,127.67079117313556,127.67079117313556
459407,112.17968431528215,112.17968431528215,112.17968431528215
287416,107.10446664423621,107.10446664423621,107.10446664423621
846531,111.90217958594062,111.90217958594062,111.90217958594062
