UE ID,Internet usage,Data rate,optimal GU
1104918,115.52286702677938,12.377450038583504,37.81373447489533
1102334,113.26073395239237,12.135078637756324,37.07327761450664
385405,123.36022731766332,13.217167212606784,40.37911281643938
405404,127.67079117313556,13.679013339978809,41.7900760418424
459407,112.17968431528215,12.019251890923087,36.719421057930774
287416,107.10446664423621,11.475478569025308,35.058166118934665
846531,111.90217958594062,11.989519241350779,36.628586313079644
