UE ID,Internet usage,Data rate,optimal GU
1104918,115.52286702677938,57.76143351338969,81.68700265674751
1102334,113.26073395239237,56.630366976196186,80.0874330199021
385405,123.36022731766332,61.68011365883166,87.22885326503372
405404,127.67079117313556,63.83539558656778,90.27688219797577
459407,112.17968431528215,56.08984215764107,79.32301549070219
287416,107.10446664423621,53.552233322118106,75.73429465950781
846531,111.90217958594062,55.95108979297031,79.12679001477346
