UE ID,Internet usage,Data rate,optimal GU
1104918,115.52286702677938,99.01960030866803,106.95339227674408
1102334,113.26073395239237,97.0806291020506,104.8590640081163
385405,123.36022731766332,105.73733770085427,114.20937796320368
405404,127.67079117313556,109.43210671983047,118.20018462195294
459407,112.17968431528215,96.1540151273847,103.85820652522784
287416,107.10446664423621,91.80382855220246,99.15946799465267
846531,111.90217958594062,95.91615393080623,103.60128706902151
