UE ID,Internet usage,Data rate,optimal GU
1104918,115.52286702677938,86.64215027008454,100.04573756320262
1102334,113.26073395239237,84.94555046429429,98.08667285404249
385405,123.36022731766332,92.52017048824749,106.83309067371951
405404,127.67079117313556,95.75309337985168,110.56614847719347
459407,112.17968431528215,84.13476323646161,97.15045640555307
287416,107.10446664423621,80.32834998317716,92.7551889726916
846531,111.90217958594062,83.92663468945547,96.910130260273
