UE ID,Internet usage,Data rate,optimal GU
1104918,115.52286702677938,75.6399724580103,93.47805346805195
1102334,113.26073395239237,74.15881389739977,91.64759511879389
385405,123.36022731766332,80.77157741037479,99.81983845984762
405404,127.67079117313556,83.59397041098161,103.30783290570811
459407,112.17968431528215,73.4509837778633,90.7728382989516
287416,107.10446664423621,70.12792458848799,86.66610617719722
846531,111.90217958594062,73.26928425269921,90.54828879983806
