UE ID,Internet usage,Data rate,optimal GU
1104918,115.52286702677938,41.258166795278356,69.0381178513698
1102334,113.26073395239237,40.45026212585442,67.68623476705534
385405,123.36022731766332,44.05722404202262,73.7218364720327
405404,127.67079117313556,45.5967111332627,76.2978910932443
459407,112.17968431528215,40.06417296974362,67.04018403986298
287416,107.10446664423621,38.25159523008436,64.0071613603462
846531,111.90217958594062,39.96506413783594,66.8743432439957
