UE ID,Internet usage,Data rate,optimal GU
1104918,115.52286702677938,114.14759480027011,114.83317210431095
1102334,113.26073395239237,111.91239188153057,112.58454442271332
385405,123.36022731766332,121.89165318292923,122.62374176631509
405404,127.67079117313556,126.15090080202681,126.90857068219823
459407,112.17968431528215,110.84421188295737,111.50994887097026
287416,107.10446664423621,105.82941346990008,106.46503127772046
846531,111.90217958594062,110.5700107813461,111.2341009010887
