UE ID,Internet usage,Data rate,optimal GU
1104918,115.52286702677938,30.943625096458764,59.788763888750196
1102334,113.26073395239237,30.337696594390813,58.617998794787404
385405,123.36022731766332,33.04291803151696,63.844983198422476
405404,127.67079117313556,34.19753334994702,66.07591194192801
459407,112.17968431528215,30.048129727307717,58.05850245290542
287416,107.10446664423621,28.68869642256327,55.431827762189535
846531,111.90217958594062,29.97379810337695,57.914880110700516
