UE ID,Internet usage,Data rate,optimal GU
1104918,115.52286702677938,31.631261209713404,60.44943326962666
1102334,113.26073395239237,31.011867629821722,59.265731152058244
385405,123.36022731766332,33.777205098884004,64.55047404282688
405404,127.67079117313556,34.9574785355014,66.80605468103447
459407,112.17968431528215,30.715865943470114,58.70005234247243
287416,107.10446664423621,29.326223009731347,56.044352740906945
846531,111.90217958594062,30.63988250567422,58.55484296488273
