UE ID,Internet usage
126657,0.3226649896417353
908215,0.48458877790757093
1217800,0.3546104569609483
325113,0.40740402710134166
1284475,0.3784562588084446
1281669,0.4884701096725446
1033782,0.3206040087850834
