UE ID,Internet usage
126657,0.9837321876114455
908215,1.1456559758750644
1217800,1.0156776549288853
325113,1.0684712250714954
1284475,1.039523456779928
1281669,1.1495373076444717
1033782,0.9816712067556804
