UE ID,Internet usage
126657,0.9155582692108477
908215,1.0774820574789001
1217800,0.9475037365327207
325113,1.0002973066708976
1284475,0.9713495383793302
1281669,1.0813633892438739
1033782,0.9134972883550825
