UE ID,Internet usage
126657,0.5874451335216292
908215,0.7493689217852482
1217800,0.6193906008435023
325113,0.6721841709816789
1284475,0.6432364026901118
1281669,0.7532502535546552
1033782,0.585384152665864
