UE ID,Internet usage
126657,0.9344303757190232
908215,1.096354163982642
1217800,0.9663758430364628
325113,1.019169413179073
1284475,0.9902216448875057
1281669,1.1002354957520493
1033782,0.932369394863258
