UE ID,Internet usage
126657,0.502601718851467
908215,0.6645255071150858
1217800,0.5345471861689065
325113,0.5873407563115166
1284475,0.5583929880199496
1281669,0.6684068388800596
1033782,0.5005407379957018
