UE ID,Internet usage
126657,0.4708207784567535
908215,0.6327445667203724
1217800,0.5027662457786265
325113,0.5555598159168031
1284475,0.5266120476252361
1281669,0.6366258984897796
1033782,0.46875979760098835
