UE ID,Internet usage
126657,0.7254304186675955
908215,0.8873542069312144
1217800,0.7573758859850351
325113,0.8101694561276452
1284475,0.781221687836078
1281669,0.8912355386961881
1033782,0.7233694378118303
