UE ID,Internet usage
126657,0.5920401881522339
908215,0.7539639764158528
1217800,0.6239856554696736
325113,0.6767792256122837
1284475,0.6478314573207166
1281669,0.7578453081808265
1033782,0.5899792072964687
