UE ID,Internet usage
126657,0.898605521747896
908215,1.060529310011515
1217800,0.9305509890653356
325113,0.9833445592079457
1284475,0.9543967909119452
1281669,1.0644106417764887
1033782,0.8965445408921309
