UE ID,Internet usage
126657,0.2706013469940144
908215,0.43252513525851993
1217800,0.3025468143132274
325113,0.35534038445406413
1284475,0.32639261616116694
1281669,0.43640646702526703
1033782,0.26854036613780585
