UE ID,Internet usage
126657,0.9386739217091256
908215,1.1005977099727444
1217800,0.970619389026565
325113,1.0234129591691752
1284475,0.9944651908731748
1281669,1.1044790417377182
1033782,0.9366129408489268
