UE ID,Internet usage
126657,0.9543102206049693
908215,1.1162340088730216
1217800,0.9862556879268423
325113,1.039049258065019
1284475,1.010101489773452
1281669,1.1201153406379953
1033782,0.9522492397492041
