UE ID,Internet usage
126657,0.9386949933394445
908215,1.1006187816030635
1217800,0.970640460656884
325113,1.023434030799494
1284475,0.9944862625079272
1281669,1.1045001133680372
1033782,0.9366340124836792
