UE ID,Internet usage
126657,0.9443367776811223
908215,1.1062605659447413
1217800,0.9762822449985621
325113,1.029075815141172
1284475,1.0001280468496052
1281669,1.110141897709715
1033782,0.9422757968253572
