UE ID,Internet usage
126657,0.8660117938607276
908215,1.02793558212878
1217800,0.8979572611826006
325113,0.9507508313207773
1284475,0.9218030630292101
1281669,1.0318169138937536
1033782,0.8639508130049623
