UE ID,Internet usage
126657,0.5820915776028549
908215,0.7440153658664738
1217800,0.6140370449202947
325113,0.6668306150629046
1284475,0.6378828467669041
1281669,0.7478966976314475
1033782,0.5800305967470898
