UE ID,Internet usage
126657,0.5288638069512728
908215,0.6907875952148917
1217800,0.5608092742731459
325113,0.6136028444113225
1284475,0.5846550761197554
1281669,0.6946689269842989
1033782,0.5268028260955075
