UE ID,Internet usage
126657,0.2818353255932172
908215,0.44375911385772276
1217800,0.3137807929124302
325113,0.36657436305326696
1284475,0.33762659476036977
1281669,0.4476404456226965
1033782,0.2797743447365653
