UE ID,Internet usage
126657,0.6096980172579693
908215,0.7716218055215882
1217800,0.6416434845798424
325113,0.6944370547180191
1284475,0.665489286426452
1281669,0.7755031372909954
1033782,0.6076370364022041
