UE ID,Internet usage,Data rate,optimal GU
126657,104.0872953382751,51.42408043498115,73.16142048740646
908215,131.2904917667058,64.86375486093203,92.28214493349631
1217800,109.45413384791749,54.07555422248305,76.93369190262469
325113,118.32345363156828,58.45742054416767,83.16780560516737
1284475,113.46022855836203,56.05475577585744,79.74951662619623
1281669,131.94255550352466,65.18590539757469,92.74047089036698
1033782,103.74105055440411,51.253019023902034,72.91805014963343
