UE ID,Internet usage,Data rate,optimal GU
126657,104.0872953382751,40.27187022016596,64.74403485597033
908215,131.2904917667058,50.79691645735641,81.66487703975677
1217800,109.45413384791749,42.34832559592046,68.08229797833698
325113,118.32345363156828,45.77990765507106,73.59916290748339
1284475,113.46022855836203,43.89830271603293,70.5741557475912
1281669,131.94255550352466,51.04920302219704,82.07047156661726
1033782,103.74105055440411,40.13790646450159,64.52866482178136
