UE ID,Internet usage,Data rate,optimal GU
126657,104.0872953382751,10.532642980658789,33.11063757496134
908215,131.2904917667058,13.285347381154752,41.76409691305828
1217800,109.45413384791749,11.075715925086888,34.81785308323837
325113,118.32345363156828,11.973206617480123,37.639223663946574
1284475,113.46022855836203,11.481094556500919,36.09220985864901
1281669,131.94255550352466,13.351330021189995,41.9715213253789
1033782,103.74105055440411,10.497606306100415,33.00049554933069
