UE ID,Internet usage,Data rate,optimal GU
126657,104.0872953382751,40.89143745432236,65.24016498380928
908215,131.2904917667058,51.578407479777276,82.29067068971729
1217800,109.45413384791749,42.99983829739616,68.60400904059476
325113,118.32345363156828,46.48421392668754,74.1631494150182
1284475,113.46022855836203,44.57366121935652,71.11496178464267
1281669,131.94255550352466,51.83457537638469,82.69937326606696
1033782,103.74105055440411,40.75541271780162,65.02314458039585
