UE ID,Internet usage,Data rate,optimal GU
126657,104.0872953382751,32.21749617613277,57.90882523022618
908215,131.2904917667058,40.637533165885124,73.04328657402318
1217800,109.45413384791749,33.878660476736364,60.8946585375832
325113,118.32345363156828,36.62392612405685,65.82909253928557
1284475,113.46022855836203,35.11864217282634,63.12344388250857
1281669,131.94255550352466,40.839362417757634,73.40606134736794
1033782,103.74105055440411,32.110325171601275,57.71619241552099
