UE ID,Internet usage,Data rate,optimal GU
126657,104.0872953382751,20.44571872716118,46.131763065780696
908215,131.2904917667058,25.789203739888638,58.18829127308816
1217800,109.45413384791749,21.49991914869808,48.51036000918777
325113,118.32345363156828,23.24210696334377,52.4412658655105
1284475,113.46022855836203,22.28683060967826,50.28587172174302
1281669,131.94255550352466,25.917287688192346,58.47728763631343
1033782,103.74105055440411,20.37770635890081,45.97830646687121
