UE ID,Internet usage,Data rate,optimal GU
126657,104.0872953382751,23.543554897943174,49.50338323766472
908215,131.2904917667058,29.696658851992975,62.441083787088886
1217800,109.45413384791749,24.757482656076572,52.05582407738543
325113,118.32345363156828,26.763638321426157,56.27402702790455
1284475,113.46022855836203,25.663623126296173,53.961102152802894
1281669,131.94255550352466,29.844149459130573,62.75120195236758
1033782,103.74105055440411,23.465237625400928,49.33871099621294
