UE ID,Internet usage,Data rate,optimal GU
126657,104.0872953382751,89.2176817185215,96.36611015513688
908215,131.2904917667058,112.53470722860496,121.5513761866389
1217800,109.45413384791749,93.8178290125007,101.33483711959717
325113,118.32345363156828,101.42010311277281,109.54623164661142
1284475,113.46022855836203,97.25162447859603,105.04376012411923
1281669,131.94255550352466,113.09361900302113,122.15506990051861
1033782,103.74105055440411,88.92090047520352,96.04554977478772
