UE ID,Internet usage,Data rate,optimal GU
126657,104.0872953382751,56.38061830823234,76.60617513754057
908215,131.2904917667058,71.11568304029898,96.62718560884421
1217800,109.45413384791749,59.287655834288636,80.55606133132065
325113,118.32345363156828,64.09187071709948,87.08370394600352
1284475,113.46022855836203,61.4576238024461,83.50446720552958
1281669,131.94255550352466,71.46888423107585,97.10709152494324
1033782,103.74105055440411,56.19306905030222,76.35134587651041
