UE ID,Internet usage,Data rate,optimal GU
126657,104.0872953382751,6.195672341563994,25.394699778409546
908215,131.2904917667058,7.8149102242086785,32.031600123144244
1217800,109.45413384791749,6.5151270147569935,26.7040743016753
325113,118.32345363156828,7.043062716164779,28.867966757642467
1284475,113.46022855836203,6.753585033235835,27.68146133171569
1281669,131.94255550352466,7.853723541876468,32.190687385226404
1033782,103.74105055440411,6.175062533000244,25.31022470095011
