UE ID,Internet usage,Data rate,optimal GU
126657,104.0872953382751,88.59811448436511,96.0309226694632
908215,131.2904917667058,111.7532162061841,121.12858751021952
1217800,109.45413384791749,93.16631631102501,100.98236705298777
325113,118.32345363156828,100.71579684115635,109.16520012119712
1284475,113.46022855836203,96.57626597527245,104.67838941666793
1281669,131.94255550352466,112.30824664883349,121.7301814135149
1033782,103.74105055440411,88.3033942219035,95.71147728511961
