UE ID,Internet usage,Data rate,optimal GU
126657,104.0872953382751,26.021823834568774,52.04364766913755
908215,131.2904917667058,32.82262294167645,65.6452458833529
1217800,109.45413384791749,27.363533461979372,54.727066923958745
325113,118.32345363156828,29.58086340789207,59.16172681578414
1284475,113.46022855836203,28.36505713959051,56.73011427918102
1281669,131.94255550352466,32.985638875881165,65.97127775176233
1033782,103.74105055440411,25.935262638601028,51.870525277202056
