UE ID,Internet usage,Data rate,optimal GU
126657,104.0872953382751,9.91307574650239,32.12203671837896
908215,131.2904917667058,12.503856358733886,40.5171253955463
1217800,109.45413384791749,10.42420322361119,33.77827903986572
325113,118.32345363156828,11.268900345863646,36.51541054887047
1284475,113.46022855836203,10.805736053177336,35.014586708039744
1281669,131.94255550352466,12.565957667002348,40.718356633506204
1033782,103.74105055440411,9.880100052800392,32.015183258262574
