UE ID,Internet usage,Data rate,optimal GU
126657,104.0872953382751,19.206584258848384,44.71198282552695
908215,131.2904917667058,24.226221695046906,56.39745171540949
1217800,109.45413384791749,20.19689374574668,47.01737456897317
325113,118.32345363156828,21.833494420110817,50.827300387027115
1284475,113.46022855836203,20.936113603031092,48.73824201306137
1281669,131.94255550352466,24.346542979817052,56.67755374425982
1033782,103.74105055440411,19.14269385230076,44.563249103706674
