UE ID,Internet usage,Data rate,optimal GU
126657,104.0872953382751,21.68485319547398,47.50913300539633
908215,131.2904917667058,27.352185784730377,59.92563660547588
1217800,109.45413384791749,22.802944551649478,49.95874843391178
325113,118.32345363156828,24.650719506576728,54.007020529938764
1284475,113.46022855836203,23.637547616325424,51.787272134255616
1281669,131.94255550352466,27.48803239656764,60.22326162013155
1033782,103.74105055440411,21.612718865500856,47.351094606609124
