UE ID,Internet usage
434303,1.0894910985309176
339138,1.012188556623491
76378,1.0762019030239929
335033,0.9591725978917706
1002308,1.0403056563658586
1083337,1.0007033387442754
674728,0.970163684955588
