UE ID,Internet usage
434303,0.43977817251360696
339138,0.3624756306066237
76378,0.4264889770093424
335033,0.30945967187534656
1002308,0.3905927303520948
1083337,0.3509904127296247
674728,0.3204507589413807
