UE ID,Internet usage
434303,0.44526024952602916
339138,0.3679577076194892
76378,0.4319710540222079
335033,0.31494174888776877
1002308,0.3960748073649604
1083337,0.35647248974249024
674728,0.32593283595424627
