UE ID,Internet usage
434303,0.9451622622299033
339138,0.8678597203224766
76378,0.9318730667229786
335033,0.8148437615907562
1002308,0.8959768200648444
1083337,0.8563745024432611
674728,0.8258348486545737
