UE ID,Internet usage
434303,1.0763369666249203
339138,0.9990344247174937
76378,1.0630477711179958
335033,0.9460184659857733
1002308,1.0271515244598615
1083337,0.9875492068382781
674728,0.9570095530495907
