UE ID,Internet usage
434303,0.9465683652884596
339138,0.869265823381033
76378,0.9332791697859685
335033,0.8162498646493126
1002308,0.8973829231278342
1083337,0.8577806055062508
674728,0.8272409517175635
