UE ID,Internet usage
434303,1.0824385589915406
339138,1.005136017084114
76378,1.0691493634846159
335033,0.9521200583523934
1002308,1.0332531168264816
1083337,0.9936507992048983
674728,0.9631111454162109
