UE ID,Internet usage
434303,0.5616557523927832
339138,0.4843532104853565
76378,0.5483665568902919
335033,0.4313372517558528
1002308,0.5124703102321577
1083337,0.4728679926105743
674728,0.44232833882233025
