UE ID,Internet usage
434303,0.7421708168563856
339138,0.6648682749489591
76378,0.7288816213538944
335033,0.6118523162172387
1002308,0.6929853746957603
1083337,0.6533830570741769
674728,0.6228434032854895
