UE ID,Internet usage
434303,0.7322222063070066
339138,0.65491966439958
76378,0.7189330108045155
335033,0.6019037056678597
1002308,0.6830367641463813
1083337,0.6434344465247978
674728,0.6128947927361106
