UE ID,Internet usage
434303,1.091402592913495
339138,1.0141000510060683
76378,1.0781133974110038
335033,0.9610840922743478
1002308,1.0422171507528695
1083337,1.002614833131286
674728,0.9720751793425987
