UE ID,Internet usage
434303,0.3617210045662184
339138,0.2844184626592352
76378,0.34843180906195387
335033,0.23140250392795808
1002308,0.3125355624047063
1083337,0.27293324478223624
674728,0.24239359099399221
