UE ID,Internet usage
434303,0.6618144959737993
339138,0.5845119540663726
76378,0.648525300471308
335033,0.5314959953346522
1002308,0.6126290538131738
1083337,0.5730267361915904
674728,0.542487082402903
