UE ID,Internet usage
434303,0.7675797024574215
339138,0.6902771605499949
76378,0.7542905069549303
335033,0.637261201822708
1002308,0.718394260296796
1083337,0.6787919426752126
674728,0.6482522888865253
