UE ID,Internet usage
434303,0.428413518242597
339138,0.35111097633561367
76378,0.4151243227383324
335033,0.2980950176043366
1002308,0.3792280760810849
1083337,0.3396257584586147
674728,0.30908610467037073
