UE ID,Internet usage
434303,0.7859032335925376
339138,0.708600691685111
76378,0.7726140380900464
335033,0.6555847329578239
1002308,0.7367177914319121
1083337,0.6971154738103287
674728,0.6665758200216413
