UE ID,Internet usage,Data rate,optimal GU
434303,129.3092409608129,43.87277818313295,75.32035346241435
339138,116.32241392043346,39.466533294432786,67.7557556365478
76378,127.07665611606183,43.11529403937812,74.01991214521227
335033,107.4157328535603,36.44462364674367,62.567770917519226
1002308,121.04608667765801,41.06920797991968,70.50721175114019
1083337,114.39289731706933,38.81187587543424,66.63184622762144
674728,109.2622354806709,37.07111560951334,63.64332614860589
