UE ID,Internet usage,Data rate,optimal GU
434303,129.3092409608129,96.2122328577477,111.53981711469827
339138,116.32241392043346,86.54941511937012,100.33761453257095
76378,127.07665611606183,94.55108341968885,109.61402972760774
335033,107.4157328535603,79.92242027794664,92.65487221720122
1002308,121.04608667765801,90.06405258754316,104.41216938677645
1083337,114.39289731706933,85.1137628847242,98.67324833986991
674728,109.2622354806709,81.29630616121347,94.24763205245648
