UE ID,Internet usage,Data rate,optimal GU
434303,129.3092409608129,36.945497417375115,69.11869665987959
339138,116.32241392043346,33.234975405838135,62.17694561325226
76378,127.07665611606183,36.30761603316052,67.92532986331352
335033,107.4157328535603,30.690209386731514,57.416124326751465
1002308,121.04608667765801,34.584596193616576,64.7018549082197
1083337,114.39289731706933,32.68368494773409,61.145575605840776
674728,109.2622354806709,31.21778156590597,58.40312149738372
