UE ID,Internet usage,Data rate,optimal GU
434303,129.3092409608129,103.13951362350552,115.48546323985076
339138,116.32241392043346,92.78097300796477,103.88699026429173
76378,127.07665611606183,101.35876142590645,113.4915524172168
335033,107.4157328535603,85.67683453795881,95.9324760989107
1002308,121.04608667765801,96.54866437384626,108.10567976017128
1083337,114.39289731706933,91.24195381242434,102.1637482352397
674728,109.2622354806709,87.14964020482083,97.58157874371001
