UE ID,Internet usage,Data rate,optimal GU
434303,129.3092409608129,123.92135592077904,126.58663623365096
339138,116.32241392043346,111.47564667374874,113.87324670190006
76378,127.07665611606183,121.78179544455925,124.4010584396485
335033,107.4157328535603,102.94007731799529,105.15409571250481
1002308,121.04608667765801,116.0024997327556,118.49746257821782
1083337,114.39289731706933,109.62652659552478,111.98435605060573
674728,109.2622354806709,104.70964233564294,106.96172024595455
