UE ID,Internet usage,Data rate,optimal GU
434303,129.3092409608129,64.65462048040645,91.43544115347608
339138,116.32241392043346,58.16120696021673,82.25236768712695
76378,127.07665611606183,63.53832805803091,89.85676527017827
335033,107.4157328535603,53.70786642678015,75.9543931068751
1002308,121.04608667765801,60.523043338829005,85.5925087258666
1083337,114.39289731706933,57.19644865853466,80.88799341247613
674728,109.2622354806709,54.63111774033545,77.26006763598379
