UE ID,Internet usage,Data rate,optimal GU
434303,129.3092409608129,117.76377301788317,123.40155631767344
339138,116.32241392043346,105.93648410610903,111.00805175061058
76378,127.07665611606183,115.73052610569916,121.27097042600445
335033,107.4157328535603,97.8250424202067,102.5082856309534
1002308,121.04608667765801,110.23840036715282,115.51591650525371
1083337,114.39289731706933,104.17924577090241,109.16668797779188
674728,109.2622354806709,99.50667874132527,104.27042804426455
