UE ID,Internet usage,Data rate,optimal GU
434303,129.3092409608129,29.248518788755295,61.498811076329126
339138,116.32241392043346,26.31102219628852,55.32234281541577
76378,127.07665611606183,28.74352935958541,60.437005187136485
335033,107.4157328535603,24.29641576449578,51.08637103042366
1002308,121.04608667765801,27.37947198661312,57.56889732555315
1083337,114.39289731706933,25.874583916956155,54.4046746257549
674728,109.2622354806709,24.71407707300889,51.96455819920484
