UE ID,Internet usage,Data rate,optimal GU
434303,129.3092409608129,45.412173908856914,76.63037086256806
339138,116.32241392043346,40.8513239363427,68.93420495023473
76378,127.07665611606183,44.628111374093145,75.30731147899878
335033,107.4157328535603,37.72338237119082,63.655987645441016
1002308,121.04608667765801,42.51023282132037,71.73351606311354
1083337,114.39289731706933,40.173696081589824,67.79074782526341
674728,109.2622354806709,38.371856508092755,64.75024958730079
