UE ID,Internet usage,Data rate,optimal GU
434303,129.3092409608129,32.327310240203225,64.65462048040645
339138,116.32241392043346,29.080603480108365,58.16120696021673
76378,127.07665611606183,31.769164029015457,63.53832805803091
335033,107.4157328535603,26.853933213390075,53.70786642678015
1002308,121.04608667765801,30.261521669414503,60.523043338829005
1083337,114.39289731706933,28.59822432926733,57.19644865853466
674728,109.2622354806709,27.315558870167724,54.63111774033545
