UE ID,Internet usage,Data rate,optimal GU
434303,129.3092409608129,80.81827560050806,102.22793098592713
339138,116.32241392043346,72.7015087002709,91.9609427293615
76378,127.07665611606183,79.42291007253864,100.46291769118044
335033,107.4157328535603,67.13483303347519,84.9195930883571
1002308,121.04608667765801,75.65380417353626,95.69533393789081
1083337,114.39289731706933,71.49556082316832,90.43552591692591
674728,109.2622354806709,68.28889717541931,86.37938159014561
