UE ID,Internet usage,Data rate,optimal GU
434303,129.3092409608129,4.618187177171889,24.437149557488414
339138,116.32241392043346,4.154371925729767,21.982869938298915
76378,127.07665611606183,4.538452004145065,24.01523068034105
335033,107.4157328535603,3.836276173341439,20.299665430447927
1002308,121.04608667765801,4.323074524202072,22.875560180475127
1083337,114.39289731706933,4.085460618466762,21.618225575222375
674728,109.2622354806709,3.902222695738246,20.64862162663093
