UE ID,Internet usage,Data rate,optimal GU
434303,129.3092409608129,58.49703757751059,86.97245269396537
339138,116.32241392043346,52.62204439257704,78.23760751181474
76378,127.07665611606183,57.48705871917082,85.47083240486151
335033,107.4157328535603,48.59283152899156,72.24703876364913
1002308,121.04608667765801,54.75894397322624,81.41471536866146
1083337,114.39289731706933,51.74916783391231,76.93982871223797
674728,109.2622354806709,49.42815414601778,73.4889829680415
