UE ID,Internet usage
221147,1.0581143372161759
487994,0.954541420824808
874168,1.1105494704632806
1151772,1.0927286237706324
1265308,1.0894057954144873
1016431,0.9627391437439206
643099,1.106191549702193
