UE ID,Internet usage
221147,1.048140894292329
487994,0.9445679778965278
874168,1.1005760275394338
1151772,1.082755180842352
1265308,1.0794323524862073
1016431,0.9527657008156404
643099,1.0962181067739127
