UE ID,Internet usage
221147,0.6873341318011801
487994,0.5837612154098123
874168,0.739769265048285
1151772,0.7219484183556367
1265308,0.7186255899994918
1016431,0.5919589383289249
643099,0.7354113442871973
