UE ID,Internet usage
221147,0.4762801586095466
487994,0.3727072422172921
874168,0.5287152918566514
1151772,0.5108944451595697
1265308,0.5075716168078583
1016431,0.3809049651350747
643099,0.5243573710955639
