UE ID,Internet usage
221147,1.0888876285446352
487994,0.9853147121532674
874168,1.14132276179174
1151772,1.1235019150946581
1265308,1.1201790867429469
1016431,0.99351243507238
643099,1.1369648410306523
