UE ID,Internet usage
221147,0.7000835987273344
487994,0.5965106823359666
874168,0.7525187319744392
1151772,0.7346978852817908
1265308,0.7313750569256461
1016431,0.6047084052550792
643099,0.7481608112133517
