UE ID,Internet usage
221147,0.7135021338691759
487994,0.609929217477808
874168,0.7659372671162807
1151772,0.7481164204191989
1265308,0.7447935920674875
1016431,0.6181269403924872
643099,0.7615793463551932
