UE ID,Internet usage
221147,0.7347911115910556
487994,0.6312181951996879
874168,0.7872262448381604
1151772,0.7694053981410788
1265308,0.7660825697893673
1016431,0.6394159181188004
643099,0.782868324077073
