UE ID,Internet usage
221147,0.32129941116490474
487994,0.2177264947717636
874168,0.3737345444124529
1151772,0.35591369771581455
1265308,0.35259086936144307
1016431,0.22592421768954613
643099,0.36937662364959206
