UE ID,Internet usage
221147,0.8008187827814881
487994,0.6972458663901204
874168,0.8532539160285931
1151772,0.8354330693315113
1265308,0.8321102409797999
1016431,0.7054435893047997
643099,0.8488959952675055
