UE ID,Internet usage
221147,0.7450253227299034
487994,0.6414524063385356
874168,0.7974604559770082
1151772,0.7796396092799264
1265308,0.776316780928215
1016431,0.6496501292532147
643099,0.7931025352159206
