UE ID,Internet usage
221147,0.7265518136577691
487994,0.622978897261968
874168,0.7789869469048739
1151772,0.7611661002077923
1265308,0.7578432718516473
1016431,0.6311766201810804
643099,0.7746290261437865
