UE ID,Internet usage
221147,0.5830792013778491
487994,0.47950628498204795
874168,0.635514334624954
1151772,0.6176934879278723
1265308,0.6143706595717273
1016431,0.4877040079011604
643099,0.6311564138638663
