UE ID,Internet usage
221147,1.0404713179948393
487994,0.9368984015990381
874168,1.0929064512419442
1151772,1.0750856045448625
1265308,1.0717627761887176
1016431,0.9450961245181507
643099,1.0885485304808566
