UE ID,Internet usage
221147,0.42890966591642143
487994,0.32533674952328034
874168,0.48134479916263967
1151772,0.46352395246999134
1265308,0.4602011241138465
1016431,0.33353447244150625
643099,0.47698687840155213
