UE ID,Internet usage
221147,0.968697537620332
487994,0.8651246212245307
874168,1.0211326708674369
1151772,1.0033118241703551
1265308,0.9999889958142102
1016431,0.8733223441436433
643099,1.0167747501019158
