UE ID,Internet usage
221147,0.9145920584095133
487994,0.8110191420181455
874168,0.9670271916566182
1151772,0.9492063449595364
1265308,0.9458835166078249
1016431,0.8192168649372581
643099,0.9626692708955306
