UE ID,Internet usage
221147,0.8126859298988198
487994,0.709113013507452
874168,0.8651210631503582
1151772,0.8473002164532764
1265308,0.8439773880971315
1016431,0.7173107364265646
643099,0.8607631423848372
