UE ID,Internet usage
221147,1.0147522310723305
487994,0.9111793146809628
874168,1.0671873643194354
1151772,1.049366517626787
1265308,1.0460436892706424
1016431,0.9193770376000754
643099,1.0628294435583479
