UE ID,Internet usage,Data rate,optimal GU
221147,121.52638692881102,96.93176100274212,108.53463361208843
487994,104.1261369747722,83.05299020606829,92.99455378871109
874168,130.33548931438318,103.95806885790087,116.40200072495682
1151772,127.34158706942908,101.57007540061605,113.72816098168485
1265308,126.78335190583874,101.12481640108565,113.22960383306203
1016431,105.50335442501147,84.15148507709247,94.22454009163192
643099,129.60335862627352,103.37410747571816,115.74813831697874
