UE ID,Internet usage,Data rate,optimal GU
221147,121.52638692881102,110.67581666731003,115.9742735263889
487994,104.1261369747722,94.82916045916753,99.36897982355424
874168,130.33548931438318,118.69839205417038,124.38091899166362
1151772,127.34158706942908,115.97180250965862,121.52379761545608
1265308,126.78335190583874,115.46340977138884,120.99106625405882
1016431,105.50335442501147,96.08341206563543,100.68327704999056
643099,129.60335862627352,118.03163017749908,123.68223678094644
