UE ID,Internet usage,Data rate,optimal GU
221147,121.52638692881102,5.063599455367126,24.806469854968526
487994,104.1261369747722,4.338589040615508,21.254658706278395
874168,130.33548931438318,5.4306453880992995,26.604620349684012
1151772,127.34158706942908,5.305899461226212,25.99349261302479
1265308,126.78335190583874,5.282639662743281,25.879543337418507
1016431,105.50335442501147,4.395973101042144,21.535782041106984
643099,129.60335862627352,5.400139942761396,26.45517479877556
