UE ID,Internet usage,Data rate,optimal GU
221147,121.52638692881102,2.170114052300197,16.239646547861927
487994,104.1261369747722,1.859395303120932,13.914440341710414
874168,130.33548931438318,2.3274194520425566,17.416812369712783
1151772,127.34158706942908,2.2739569119540906,17.01673535363737
1265308,126.78335190583874,2.2639884268899775,16.9421380420872
1016431,105.50335442501147,1.8839884718752047,14.098478764777619
643099,129.60335862627352,2.314345689754884,17.31897729123959
