UE ID,Internet usage,Data rate,optimal GU
221147,121.52638692881102,66.55016427053937,89.93109035988334
487994,104.1261369747722,57.02145596237525,77.0546814544011
874168,130.33548931438318,71.37419652930508,96.44993949748194
1151772,127.34158706942908,69.73467863325878,94.23441330499054
1265308,126.78335190583874,69.42897842462598,93.82131209950244
1016431,105.50335442501147,57.77564647083962,78.07384009223036
643099,129.60335862627352,70.97326781914978,95.90815336583135
