UE ID,Internet usage,Data rate,optimal GU
221147,121.52638692881102,52.08273725520472,79.55769529082407
487994,104.1261369747722,44.62548727490237,68.16655778717625
874168,130.33548931438318,55.85806684902136,85.32460650318129
1151772,127.34158706942908,54.57496588689818,83.36463740878122
1265308,126.78335190583874,54.335722245359456,82.99918670981855
1016431,105.50335442501147,45.21572332500491,69.06815824633846
643099,129.60335862627352,55.54429655411722,84.84531446077233
