UE ID,Internet usage,Data rate,optimal GU
221147,121.52638692881102,107.05895991347639,114.06352873132235
487994,104.1261369747722,91.73016828729932,97.73181706999125
874168,130.33548931438318,114.81935963409947,122.331669737131
1151772,127.34158706942908,112.18187432306848,119.52162112656762
1265308,126.78335190583874,111.69009572657222,118.99766682964344
1016431,105.50335442501147,92.94343127917678,99.02446047176265
643099,129.60335862627352,114.17438736124096,121.6444987293465
