UE ID,Internet usage,Data rate,optimal GU
221147,121.52638692881102,6.51034215690059,28.127892917857377
487994,104.1261369747722,5.578185909362796,24.100517630728486
874168,130.33548931438318,6.98225835612767,30.166803930236636
1151772,127.34158706942908,6.821870735862272,29.47385021145347
1265308,126.78335190583874,6.791965280669932,29.34464387774053
1016431,105.50335442501147,5.651965415625614,24.419281530025742
643099,129.60335862627352,6.943037069264652,29.997348603558578
