UE ID,Internet usage,Data rate,optimal GU
221147,121.52638692881102,74.50724912897343,95.15564505928664
487994,104.1261369747722,63.839238740485335,81.53118003228556
874168,130.33548931438318,79.90806785346112,102.05320731778981
1151772,127.34158706942908,78.07252064375712,99.70896993393721
1265308,126.78335190583874,77.73026932322257,99.27186957714531
1016431,105.50335442501147,64.6836042010487,82.60954678189682
643099,129.60335862627352,79.4592020149177,101.47994607259551
