UE ID,Internet usage,Data rate,optimal GU
221147,121.52638692881102,31.828339433736218,62.19311130121858
487994,104.1261369747722,27.271131112440337,53.28824948964766
874168,130.33548931438318,34.13548529662417,66.70131317387569
1151772,127.34158706942908,33.35136804199333,65.16913485235222
1265308,126.78335190583874,33.205163594386335,64.8834488993767
1016431,105.50335442501147,27.631830920836336,53.993062990100746
643099,129.60335862627352,33.943736783071635,66.32663334899688
