UE ID,Internet usage,Data rate,optimal GU
221147,121.52638692881102,73.7838777782067,94.69259780987345
487994,104.1261369747722,63.21944030611169,81.13443227620823
874168,130.33548931438318,79.13226136944694,101.55659508934183
1151772,127.34158706942908,77.31453500643909,99.22376525437284
1265308,126.78335190583874,76.97560651425924,98.78879191923902
1016431,105.50335442501147,64.05560804375696,82.20755146791629
643099,129.60335862627352,78.68775345166607,100.98612345313622
