UE ID,Internet usage,Data rate,optimal GU
221147,121.52638692881102,62.9333075167057,87.45317306984937
487994,104.1261369747722,53.922463790507024,74.93155443915153
874168,130.33548931438318,67.49516410923414,93.79240502584219
1151772,127.34158706942908,65.94475044666864,91.63792435872948
1265308,126.78335190583874,65.65566437980935,91.23620554186266
1016431,105.50335442501147,54.63566568438093,75.92263167821356
643099,129.60335862627352,67.11602500289165,93.26554700434511
