UE ID,Internet usage,Data rate,optimal GU
221147,121.52638692881102,12.297312963034448,38.65809117546297
487994,104.1261369747722,10.536573384351948,33.12299327451808
874168,130.33548931438318,13.188710228241154,41.460306330554545
1151772,127.34158706942908,12.885755834406513,40.507932538485356
1265308,126.78335190583874,12.82926775237654,40.33035541801961
1016431,105.50335442501147,10.675934673959492,33.561092349996855
643099,129.60335862627352,13.114625575277676,41.22741226031548
