UE ID,Internet usage,Data rate,optimal GU
221147,121.52638692881102,4.340228104600394,22.96632839613175
487994,104.1261369747722,3.718790606241864,19.67799024407819
874168,130.33548931438318,4.654838904085113,24.631092266555303
1151772,127.34158706942908,4.547913823908181,24.065297924427693
1265308,126.78335190583874,4.527976853779955,23.959801394716873
1016431,105.50335442501147,3.7679769437504094,19.93825987797759
643099,129.60335862627352,4.628691379509768,24.49273257170268
