UE ID,Internet usage,Data rate,optimal GU
221147,121.52638692881102,72.33713507667323,93.7596430595246
487994,104.1261369747722,61.9798434373644,80.33505876909496
874168,130.33548931438318,77.58064840141856,100.55601310078879
1151772,127.34158706942908,75.79856373180303,98.24616737151156
1265308,126.78335190583874,75.46628089633259,97.81547959246845
1016431,105.50335442501147,62.799615729173496,81.39760510008581
643099,129.60335862627352,77.1448563251628,99.99116201186193
