UE ID,Internet usage,Data rate,optimal GU
221147,121.52638692881102,106.33558856270965,113.67752583503348
487994,104.1261369747722,91.11036985292567,97.4010823919729
874168,130.33548931438318,114.04355315008529,121.9176865879895
1151772,127.34158706942908,111.42388868575046,119.11714747546159
1265308,126.78335190583874,110.9354329176089,118.5949662946104
1016431,105.50335442501147,92.31543512188503,98.68935135344334
643099,129.60335862627352,113.40293879798934,121.23284103867714
