UE ID,Internet usage,Data rate,optimal GU
221147,121.52638692881102,46.29576644907087,75.00771444761968
487994,104.1261369747722,39.66709979991322,64.26804701527597
874168,130.33548931438318,49.65161497690788,80.44481048063103
1151772,127.34158706942908,48.51108078835394,78.59693389720925
1265308,126.78335190583874,48.29841977365285,78.25238367397475
1016431,105.50335442501147,40.19175406667104,65.11808408006866
643099,129.60335862627352,49.3727080481042,79.99292960948955
