UE ID,Internet usage,Data rate,optimal GU
221147,121.52638692881102,49.189251852137794,77.31618235092594
487994,104.1261369747722,42.14629353740779,66.24598654903616
874168,130.33548931438318,52.75484091296462,82.92061266110909
1151772,127.34158706942908,51.54302333762605,81.01586507697071
1265308,126.78335190583874,51.31707100950616,80.66071083603921
1016431,105.50335442501147,42.70373869583797,67.12218469999371
643099,129.60335862627352,52.458502301110705,82.45482452063096
