UE ID,Internet usage,Data rate,optimal GU
221147,121.52638692881102,86.80456209200788,102.70854297466863
487994,104.1261369747722,74.37581212483728,88.00264769267302
874168,130.33548931438318,93.09677808170228,110.15359333617407
1151772,127.34158706942908,90.95827647816364,107.62328411560985
1265308,126.78335190583874,90.55953707559911,107.1514892919624
1016431,105.50335442501147,75.3595388750082,89.16660888042911
643099,129.60335862627352,92.57382759019538,109.53482997010086
