UE ID,Internet usage,Data rate,optimal GU
221147,121.52638692881102,47.019137799837594,75.59144087343584
487994,104.1261369747722,40.28689823428686,64.76819500211552
874168,130.33548931438318,50.42742146092206,81.07084957598448
1151772,127.34158706942908,49.269066425671966,79.20859241316053
1265308,126.78335190583874,49.05308258261618,78.86136082479173
1016431,105.50335442501147,40.819750223962764,65.62484724111123
643099,129.60335862627352,50.144156611355825,80.61545206915095
