UE ID,Internet usage,Data rate,optimal GU
221147,121.52638692881102,70.89039237513977,92.81731117262808
487994,104.1261369747722,60.74024656861712,79.52765075170561
874168,130.33548931438318,76.02903543339019,99.5453742537115
1151772,127.34158706942908,74.28259245716697,97.2587436435781
1265308,126.78335190583874,73.95695527840594,96.8323844947883
1016431,105.50335442501147,61.54362341459002,80.57951795406154
643099,129.60335862627352,75.60195919865956,98.9862002042344
