UE ID,Internet usage,Data rate,optimal GU
221147,121.52638692881102,78.84747723357381,97.88794117074845
487994,104.1261369747722,67.5580293467272,83.87226369606937
874168,130.33548931438318,84.56290675754623,104.98355980862597
1151772,127.34158706942908,82.62043446766529,102.57201006843076
1265308,126.78335190583874,82.25824617700252,102.12235882614554
1016431,105.50335442501147,68.4515811447991,84.98159463361564
643099,129.60335862627352,84.08789339442745,104.39383795859715
