UE ID,Internet usage,Data rate,optimal GU
221147,121.52638692881102,49.91262320290453,77.8826088416928
487994,104.1261369747722,42.766091971781435,66.73131162002902
874168,130.33548931438318,53.5306473969788,83.52809779829147
1151772,127.34158706942908,52.30100897494408,81.60939583284411
1265308,126.78335190583874,52.07173381846948,81.25163969455743
1016431,105.50335442501147,43.33173485312971,67.61392889087548
643099,129.60335862627352,53.22995086436234,83.05889724486396
