UE ID,Internet usage,Data rate,optimal GU
221147,121.52638692881102,120.8030155780443,121.16416142285885
487994,104.1261369747722,103.50633854039856,103.81577522040995
874168,130.33548931438318,129.559682830369,129.94700711102365
1151772,127.34158706942908,126.58360143211105,126.96202858858659
1265308,126.78335190583874,126.02868909687542,126.40545731890178
1016431,105.50335442501147,104.87535826771973,105.18888769147287
643099,129.60335862627352,128.8319100630219,129.2170586354822
