UE ID,Internet usage,Data rate,optimal GU
221147,121.52638692881102,1.4467427015334646,13.259615881804011
487994,104.1261369747722,1.239596868747288,11.361092964529373
874168,130.33548931438318,1.5516129680283712,14.220767750530213
1151772,127.34158706942908,1.5159712746360605,13.89410623479687
1265308,126.78335190583874,1.5093256179266517,13.833197784969757
1016431,105.50335442501147,1.25599231458347,11.511359707723077
643099,129.60335862627352,1.5428971265032563,14.140885743462057
