UE ID,Internet usage,Data rate,optimal GU
221147,121.52638692881102,107.78233126424311,114.44822975174274
487994,104.1261369747722,92.34996672167297,98.06143627581932
874168,130.33548931438318,115.59516611811367,122.74425664112253
1151772,127.34158706942908,112.93985996038651,119.92473060530378
1265308,126.78335190583874,112.44475853553556,119.3990091725131
1016431,105.50335442501147,93.57142743646851,99.35843936417268
643099,129.60335862627352,114.9458359244926,122.05476801796318
