UE ID,Internet usage,Data rate,optimal GU
221147,121.52638692881102,100.54861775657578,110.54098889842965
487994,104.1261369747722,86.15198237793652,94.71363744325934
874168,130.33548931438318,107.8371012779718,118.55379100353203
1151772,127.34158706942908,105.36000358720621,115.83052305172234
1265308,126.78335190583874,104.8981304459023,115.3227496489197
1016431,105.50335442501147,87.29146586355115,95.96636109221308
643099,129.60335862627352,107.2313502919763,117.88784139117385
