UE ID,Internet usage
1252245,0.36790768193143714
852205,0.4458594022924645
1107109,0.4110732558591844
889540,0.3779714816779572
755243,0.4169908098556208
299745,0.33007171815975866
44079,0.3850148983440616
