UE ID,Internet usage
1252245,1.0381155163735523
852205,1.1160672367354663
1107109,1.081281090301743
889540,1.0481793161200723
755243,1.0871986442981794
299745,1.000279552600987
44079,1.05522273278396
