UE ID,Internet usage
1252245,0.7242040674830695
852205,0.8021557878449836
1107109,0.7673696414112602
889540,0.7342678672295897
755243,0.7732871954076966
299745,0.6863681037105045
44079,0.7413112838934773
