UE ID,Internet usage
1252245,0.7138397664304975
852205,0.7917914867924116
1107109,0.757005340358688
889540,0.7239035661770176
755243,0.7629228943551246
299745,0.6760038026579324
44079,0.7309469828453388
