UE ID,Internet usage
1252245,0.4880929584564805
852205,0.5660446788183946
1107109,0.5312585323846711
889540,0.49815675820300065
755243,0.5371760863811075
299745,0.4502569946839154
44079,0.5052001748713216
