UE ID,Internet usage
1252245,0.645072192587924
852205,0.7230239129498383
1107109,0.6882377665161148
889540,0.6551359923344442
755243,0.6941553205125511
299745,0.6072362288197924
44079,0.6621794090027653
