UE ID,Internet usage
1252245,0.6613414913332516
852205,0.7392932116951657
1107109,0.7045070652614422
889540,0.6714052910797716
755243,0.7104246192578786
299745,0.6235055275651198
44079,0.6784487077480927
