UE ID,Internet usage
1252245,0.501144637005338
852205,0.5790963573672522
1107109,0.5443102109335286
889540,0.5112084367518581
755243,0.5502277649299651
299745,0.4633086732372063
44079,0.5182518534201792
