UE ID,Internet usage
1252245,0.7186283663307799
852205,0.796580086692694
1107109,0.7617939402589704
889540,0.7286921660772999
755243,0.767711494255407
299745,0.6807924025582147
44079,0.7357355827456211
