UE ID,Internet usage
1252245,0.6101913794889134
852205,0.6881430998508276
1107109,0.6533569534171041
889540,0.6202551792354336
755243,0.6592745074135404
299745,0.5723554157207817
44079,0.6272985959037546
