UE ID,Internet usage
1252245,0.6404771379617528
852205,0.718428858323667
1107109,0.6836427118899434
889540,0.6505409377082729
755243,0.6895602658863798
299745,0.6026411741891877
44079,0.6575843543721605
