UE ID,Internet usage
1252245,0.63834920383312
852205,0.7163009241950341
1107109,0.6815147777613106
889540,0.6484130035796402
755243,0.6874323317577471
299745,0.6005132400605548
44079,0.6554564202435278
