UE ID,Internet usage
1252245,0.45285867014786335
852205,0.5308103905097775
1107109,0.49602424407605405
889540,0.46292246989438346
755243,0.5019417980724904
299745,0.41502270637707167
44079,0.46996588656270455
