UE ID,Internet usage
1252245,0.8638199462384304
852205,0.9417716666003445
1107109,0.9069855201666209
889540,0.8738837459849504
755243,0.9129030741630575
299745,0.8259839824658652
44079,0.8809271626488381
