UE ID,Internet usage
1252245,1.0484717626933195
852205,1.1264234830552338
1107109,1.0916373366215104
889540,1.0585355624398398
755243,1.0975548906179466
299745,1.010635798925188
44079,1.065578979108161
