UE ID,Internet usage
1252245,0.830629138525299
852205,0.9085808588872131
1107109,0.8737947124534897
889540,0.8406929382718192
755243,0.8797122664499261
299745,0.7927931747571674
44079,0.8477363549401402
