UE ID,Internet usage
1252245,0.6239553352316928
852205,0.701907055593607
1107109,0.6671209091598835
889540,0.6340191349782129
755243,0.6730384631563199
299745,0.5861193714591277
44079,0.6410625516421006
