UE ID,Internet usage
1252245,0.8493728379313804
852205,0.9273245582932945
1107109,0.892538411859571
889540,0.8594366376779005
755243,0.8984559658560074
299745,0.8115368741588153
44079,0.8664800543462216
