UE ID,Internet usage
1252245,0.73893073349011
852205,0.8168824538520241
1107109,0.7820963074183007
889540,0.74899453323663
755243,0.788013861414737
299745,0.7010947697175448
44079,0.7560379499005176
