UE ID,Internet usage
1252245,0.6757797014866862
852205,0.7537314218486003
1107109,0.718945275414877
889540,0.6858435012332064
755243,0.7248628294113133
299745,0.637943737714121
44079,0.692886917897094
