UE ID,Internet usage
1252245,0.9954393943259454
852205,1.0733911146878594
1107109,1.038604968254136
889540,1.0055031940724655
755243,1.0445225222505725
299745,0.9576034305578138
44079,1.0125466107407866
