UE ID,Internet usage
1252245,0.7629368419588869
852205,0.840888562320801
1107109,0.8061024158870777
889540,0.7730006417054072
755243,0.812019969883514
299745,0.7251008781863219
44079,0.7800440583692947
