UE ID,Internet usage
1252245,0.2742313192531273
852205,0.35218303961504144
1107109,0.31739689318087466
889540,0.28429511899964743
755243,0.323314447177311
299745,0.23639535548144888
44079,0.2913385356657518
