UE ID,Internet usage
1252245,0.9953274744844911
852205,1.0732791948464053
1107109,1.0384930484126818
889540,1.0053912742310114
755243,1.0444106024091182
299745,0.957491510711926
44079,1.012434690894899
