UE ID,Internet usage,Data rate,optimal GU
1252245,112.99667208388159,24.88617182799773,53.02880912741104
852205,126.09256110467913,27.770385481387667,59.17464852631039
1107109,120.2484885037591,26.4832980633279,56.43205261825686
889540,114.68739044129704,25.25853241861899,53.822255336136884
755243,121.24263757516078,26.702247561196128,56.89860212258578
299745,106.64023017026926,23.48624116845216,50.04576069996531
44079,115.87068444116878,25.51913883525741,54.37756966976813
