UE ID,Internet usage,Data rate,optimal GU
1252245,112.99667208388159,71.96811852961507,90.17847797553935
852205,126.09256110467913,80.30895260833731,100.62982417762416
1107109,120.2484885037591,76.58683493989419,95.96588529685516
889540,114.68739044129704,73.04494510249276,91.52777796239072
755243,121.24263757516078,77.22001321751313,96.75927901798394
299745,106.64023017026926,67.91967040606436,85.10563603658414
44079,115.87068444116878,73.7985906857444,92.472121277447
