UE ID,Internet usage,Data rate,optimal GU
1252245,112.99667208388159,112.99667208388159,112.99667208388159
852205,126.09256110467913,126.09256110467913,126.09256110467913
1107109,120.2484885037591,120.2484885037591,120.2484885037591
889540,114.68739044129704,114.68739044129704,114.68739044129704
755243,121.24263757516078,121.24263757516078,121.24263757516078
299745,106.64023017026926,106.64023017026926,106.64023017026926
44079,115.87068444116878,115.87068444116878,115.87068444116878
