UE ID,Internet usage,Data rate,optimal GU
1252245,112.99667208388159,32.95736269113213,61.02517762988823
852205,126.09256110467913,36.77699698886475,68.09776604313117
1107109,120.2484885037591,35.072475813596405,64.94160611402845
889540,114.68739044129704,33.45048887871164,61.93826990225886
755243,121.24263757516078,35.362435959421894,65.47850797630488
299745,106.64023017026926,31.103400466328537,57.59230664600382
44079,115.87068444116878,33.79561629534089,62.577321700854746
