UE ID,Internet usage,Data rate,optimal GU
1252245,112.99667208388159,42.3737520314556,69.19604730952557
852205,126.09256110467913,47.284710414254675,77.21560876679317
1107109,120.2484885037591,45.09318318890967,73.63685979378471
889540,114.68739044129704,43.007771415486395,70.23139662813165
755243,121.24263757516078,45.4659890906853,74.24564928208368
299745,106.64023017026926,39.99008631385097,65.30353749252794
44079,115.87068444116878,43.451506665438295,70.95601325697733
