UE ID,Internet usage,Data rate,optimal GU
1252245,112.99667208388159,30.93956497534853,59.127555994962336
852205,126.09256110467913,34.52534411199548,65.9802172025969
1107109,120.2484885037591,32.92518137602928,62.92220032849805
889540,114.68739044129704,31.40249976368848,60.012255008713666
755243,121.24263757516078,33.197388859865455,63.44240684257137
299745,106.64023017026926,29.19911064185944,55.80143259464805
44079,115.87068444116878,31.726496930320025,60.63143503362609
