UE ID,Internet usage,Data rate,optimal GU
1252245,112.99667208388159,69.95032081383145,88.90530615864742
852205,126.09256110467913,78.05729973146804,99.20909653885771
1107109,120.2484885037591,74.43954050232706,94.61100480556787
889540,114.68739044129704,70.99695598746959,90.23555624851274
755243,121.24263757516078,75.05496611795668,95.39319711203412
299745,106.64023017026926,66.01538058159525,83.90408440594082
44079,115.87068444116878,71.72947132072353,91.16656698886617
