UE ID,Internet usage,Data rate,optimal GU
1252245,112.99667208388159,1.3451984771890666,12.328947692916449
852205,126.09256110467913,1.5011019179128469,13.757826329358016
1107109,120.2484885037591,1.4315296250447513,13.120185732678648
889540,114.68739044129704,1.3653260766821076,12.513420189385679
755243,121.24263757516078,1.4433647330376285,13.228656289149322
299745,106.64023017026926,1.2695265496460626,11.635403021018389
44079,115.87068444116878,1.379412910013914,12.64252814947614
