UE ID,Internet usage,Data rate,optimal GU
1252245,112.99667208388159,85.42010330150572,98.24554647479718
852205,126.09256110467913,95.31997178746576,109.6318355547663
1107109,120.2484885037591,90.90213119034169,104.55067612124277
889540,114.68739044129704,86.69820586931382,99.71555037753112
755243,121.24263757516078,91.6536605478894,105.41504422161273
299745,106.64023017026926,80.61493590252498,92.71890486738272
44079,115.87068444116878,87.59271978588353,100.74437152344458
