UE ID,Internet usage,Data rate,optimal GU
1252245,112.99667208388159,21.523175635025066,49.315790771665796
852205,126.09256110467913,24.01763068660555,55.031305317432064
1107109,120.2484885037591,22.90447400071602,52.48074293071459
889540,114.68739044129704,21.84521722691372,50.053680757542715
755243,121.24263757516078,23.093835728602055,52.91462515659729
299745,106.64023017026926,20.312424794337,46.541612084073556
44079,115.87068444116878,22.070606560222625,50.57011259790456
