UE ID,Internet usage,Data rate,optimal GU
1252245,112.99667208388159,40.355954315672,67.52842761711615
852205,126.09256110467913,45.03305753738541,75.35471822827886
1107109,120.2484885037591,42.945888751342544,71.86221684445542
889540,114.68739044129704,40.95978230046323,68.53882509267105
755243,121.24263757516078,43.30094199112885,72.45633455049666
299745,106.64023017026926,38.085796489381885,63.7297270027553
44079,115.87068444116878,41.38238730041742,69.24597851362127
