UE ID,Internet usage,Data rate,optimal GU
1252245,112.99667208388159,99.54468731199093,106.05761825482207
852205,126.09256110467913,111.08154192555067,118.34929705262078
1107109,120.2484885037591,105.9331922533116,112.86410523651372
889540,114.68739044129704,101.03412967447596,107.64451067227377
755243,121.24263757516078,106.80899024478451,113.79720424517156
299745,106.64023017026926,93.94496467380864,100.09152139993061
44079,115.87068444116878,102.07655534102965,108.75513933953626
