UE ID,Internet usage,Data rate,optimal GU
1252245,112.99667208388159,73.98591624539866,91.43392322768852
852205,126.09256110467913,82.56060548520658,102.0307708095098
1107109,120.2484885037591,78.73412937746131,97.30190158110548
889540,114.68739044129704,75.09293421751592,92.8020078769144
755243,121.24263757516078,79.38506031706956,98.10634075789771
299745,106.64023017026926,69.82396023053344,86.29045828122489
44079,115.87068444116878,75.86771005076527,93.75949813520927
