UE ID,Internet usage,Data rate,optimal GU
1252245,112.99667208388159,48.42714517880639,73.97368615749869
852205,126.09256110467913,54.039669044862485,82.54695797614811
1107109,120.2484885037591,51.53506650161104,78.72111439607188
889540,114.68739044129704,49.15173876055587,75.08052113631408
755243,121.24263757516078,51.96113038935462,79.37193773489592
299745,106.64023017026926,45.702955787258254,69.81241812611034
44079,115.87068444116878,49.658864760500904,75.85516889685684
