UE ID,Internet usage,Data rate,optimal GU
1252245,112.99667208388159,80.711908631344,95.49961818185552
852205,126.09256110467913,90.06611507477082,106.56766450723504
1107109,120.2484885037591,85.89177750268509,101.62852168362512
889540,114.68739044129704,81.91956460092646,96.92853599517281
755243,121.24263757516078,86.6018839822577,102.46873100115465
299745,106.64023017026926,76.17159297876377,90.1274442536314
44079,115.87068444116878,82.76477460083484,97.92860195375911
