UE ID,Internet usage,Data rate,optimal GU
1252245,112.99667208388159,28.249168020970398,56.498336041940796
852205,126.09256110467913,31.523140276169784,63.04628055233957
1107109,120.2484885037591,30.062122125939776,60.12424425187955
889540,114.68739044129704,28.67184761032426,57.34369522064852
755243,121.24263757516078,30.310659393790196,60.62131878758039
299745,106.64023017026926,26.660057542567316,53.32011508513463
44079,115.87068444116878,28.967671110292194,57.93534222058439
