UE ID,Internet usage,Data rate,optimal GU
1252245,112.99667208388159,9.416389340323466,32.61932952258045
852205,126.09256110467913,10.507713425389928,36.39978704829792
1107109,120.2484885037591,10.02070737531326,34.712748603645466
889540,114.68739044129704,9.557282536774753,33.10739787196928
755243,121.24263757516078,10.103553131263398,34.99973472063966
299745,106.64023017026926,8.886685847522438,30.784382797624303
44079,115.87068444116878,9.655890370097397,33.44898542664749
