UE ID,Internet usage
865037,0.6953203651775434
558607,0.5102104312855845
535457,0.532312444324415
296107,0.5647276001406925
1143978,0.5543904835541971
811335,0.6349840974931619
444459,0.5746326248921617
