UE ID,Internet usage
865037,0.7847588344783103
558607,0.5996489005863515
535457,0.6217509136251821
296107,0.6541660694414594
1143978,0.6438289528549641
811335,0.7244225667939289
444459,0.6640710941929288
