UE ID,Internet usage
865037,0.8343045315037232
558607,0.6491945976161977
535457,0.6712966106505948
296107,0.7037117664713056
1143978,0.6933746498848102
811335,0.7739682638193416
444459,0.7136167912227749
