UE ID,Internet usage
865037,0.47455397192018034
558607,0.2894440380295515
535457,0.31154605106483535
296107,0.3439612068846595
1143978,0.33362409029816414
811335,0.4142177042349121
444459,0.35386623163612874
