UE ID,Internet usage
865037,0.8722520192653376
558607,0.6871420853733788
535457,0.709244098407776
296107,0.7416592542284869
1143978,0.7313221376419914
811335,0.8119157515809562
444459,0.751564278979956
