UE ID,Internet usage
865037,0.7271194005244308
558607,0.5420094666369053
535457,0.5641114796713025
296107,0.5965266354920132
1143978,0.586189518905518
811335,0.6667831328400492
444459,0.6064316602434826
