UE ID,Internet usage
865037,0.8223386504759681
558607,0.6372287165840094
535457,0.6593307296184066
296107,0.6917458854391173
1143978,0.681408768852622
811335,0.7620023827915867
444459,0.7016509101905866
