UE ID,Internet usage
865037,1.061535712844063
558607,0.8764257789565376
535457,0.8985277919909347
296107,0.9309429478116457
1143978,0.9206058312251502
811335,1.0011994451596815
444459,0.9408479725631148
