UE ID,Internet usage
865037,0.6042437700147077
558607,0.41913383612540905
535457,0.44123584916069286
296107,0.4736510049822904
1143978,0.463313888395795
811335,0.5439075023303263
444459,0.48355602973375966
