UE ID,Internet usage
865037,1.188158404583706
558607,1.003048470691747
535457,1.0251504837261443
296107,1.057565639546855
1143978,1.0472285229603597
811335,1.1278221368993244
444459,1.0674706642983243
