UE ID,Internet usage
865037,0.5694479733574543
558607,0.38433803946726885
535457,0.40644005250255266
296107,0.43885520832237684
1143978,0.42851809173543814
811335,0.5091117056730728
444459,0.4487602330720727
