UE ID,Internet usage
865037,1.1406615557293758
558607,0.9555516218374169
535457,0.977653634871814
296107,1.010068790692525
1143978,0.9997316741060295
811335,1.0803252880449943
444459,1.0199738154439941
