UE ID,Internet usage
865037,1.1320791161484087
558607,0.9469691822608833
535457,0.9690711952952806
296107,1.0014863511159913
1143978,0.9911492345294961
811335,1.0717428484640272
444459,1.0113913758674606
