UE ID,Internet usage
865037,0.47100153586452165
558607,0.2858916019734495
535457,0.30799361500873335
296107,0.34040877082855747
1143978,0.3300716542420621
811335,0.4106652681788101
444459,0.35031379558002673
