UE ID,Internet usage
865037,1.1360712152040129
558607,0.950961281312054
535457,0.9730632943464511
296107,1.005478450167162
1143978,0.9951413335806666
811335,1.0757349475196314
444459,1.0153834749186312
