UE ID,Internet usage
865037,1.082433580675833
558607,0.8973236467838741
535457,0.9194256598182712
296107,0.9518408156389822
1143978,0.9415036990524867
811335,1.0220973129914515
444459,0.9617458403904513
