UE ID,Internet usage
865037,0.8583150082167327
558607,0.6732050743292073
535457,0.6953070873636044
296107,0.7277222431843152
1143978,0.7173851265978199
811335,0.7979787405367846
444459,0.7376272679357845
