UE ID,Internet usage
865037,0.7050571991370918
558607,0.5199472652495664
535457,0.5420492782839634
296107,0.5744644341046743
1143978,0.5641273175137455
811335,0.6447209314527101
444459,0.5843694588517101
