UE ID,Internet usage
865037,0.6927491267548135
558607,0.5076391928628546
535457,0.5297412058972518
296107,0.5621563617179626
1143978,0.5518192451314672
811335,0.632412859070432
444459,0.5720613864694319
