UE ID,Internet usage
865037,0.7215824532773492
558607,0.5364725193898238
535457,0.558574532424221
296107,0.5909896882449317
1143978,0.5806525716584364
811335,0.6612461855929677
444459,0.6008947129964011
