UE ID,Internet usage,Data rate,optimal GU
865037,136.46402792096507,2.4368576414458047,18.23577278926444
558607,105.36555902761869,1.881527839778905,14.080065080259114
535457,109.07869721751626,1.947833878884219,14.576254042271355
296107,114.52444339527861,2.0450793463442607,15.303972485575654
1143978,112.78780780869909,2.014067996583912,15.071904793766377
811335,126.32753495009267,2.255848838394512,16.88122693924848
444459,116.18848755347625,2.07479442059779,15.526339739734162
