UE ID,Internet usage,Data rate,optimal GU
865037,136.46402792096507,99.91116329927799,116.76591873525756
558607,105.36555902761869,77.1426414309351,90.15640598003901
535457,109.07869721751626,79.86118903425297,93.33356554904623
296107,114.52444339527861,83.84825320011468,97.99323715139491
1143978,112.78780780869909,82.5767878599404,96.50727888924582
811335,126.32753495009267,92.48980237417499,108.0925933723063
444459,116.18848755347625,85.06657124450939,99.41708230610864
