UE ID,Internet usage,Data rate,optimal GU
865037,136.46402792096507,108.03402210409735,121.41975872496081
558607,105.36555902761869,83.4144008968648,93.74969323390907
535457,109.07869721751626,86.35396863053371,97.05348215175427
296107,114.52444339527861,90.66518435459557,101.89887032514335
1143978,112.78780780869909,89.29034784855345,100.35368748737903
811335,126.32753495009267,100.0092985021567,112.40074800402998
444459,116.18848755347625,91.98255264650204,103.379464466136
