UE ID,Internet usage,Data rate,optimal GU
865037,136.46402792096507,84.47773157012124,107.36932299164793
558607,105.36555902761869,65.2262984456687,82.90117851412113
535457,109.07869721751626,67.52490780131959,85.82266001879015
296107,114.52444339527861,70.89608400660104,90.10735019831012
1143978,112.78780780869909,69.82102388157563,88.74097262573665
811335,126.32753495009267,78.20275973100975,99.39397297176943
444459,116.18848755347625,71.92620658072339,91.41661314046338
