UE ID,Internet usage,Data rate,optimal GU
865037,136.46402792096507,80.41630216771155,104.7565391959631
558607,105.36555902761869,62.090418712703865,80.88381592088098
535457,109.07869721751626,64.27851800317923,83.73420449768096
296107,114.52444339527861,67.48761842936061,87.91462868428366
1143978,112.78780780869909,66.4642438872691,86.58150129044779
811335,126.32753495009267,74.4430116670189,96.97526570293832
444459,116.18848755347625,68.46821587972707,89.19203130633585
