UE ID,Internet usage,Data rate,optimal GU
865037,136.46402792096507,9.747430565783219,36.47154557852888
558607,105.36555902761869,7.52611135911562,28.16013016051823
535457,109.07869721751626,7.791335515536876,29.15250808454271
296107,114.52444339527861,8.180317385377043,30.60794497115131
1143978,112.78780780869909,8.056271986335648,30.143809587532754
811335,126.32753495009267,9.023395353578048,33.76245387849696
444459,116.18848755347625,8.29917768239116,31.052679479468324
