UE ID,Internet usage,Data rate,optimal GU
865037,136.46402792096507,56.860011633735446,88.08715124904694
558607,105.36555902761869,43.902316261507785,68.01317589630028
535457,109.07869721751626,45.449457173965115,70.40999629157363
296107,114.52444339527861,47.71851808136609,73.92521033393135
1143978,112.78780780869909,46.99491992029129,72.80421688305573
811335,126.32753495009267,52.63647289587195,81.54407317152405
444459,116.18848755347625,48.41186981394844,74.99934621927355
