UE ID,Internet usage,Data rate,optimal GU
865037,136.46402792096507,33.30372109975933,67.41483461397492
558607,105.36555902761869,25.7142138103117,52.05182526174472
535457,109.07869721751626,26.620396344750993,53.88615919416943
296107,114.52444339527861,27.949417733371565,56.57642184812069
1143978,112.78780780869909,27.525595953313466,55.71850344546437
811335,126.32753495009267,30.829934124724996,62.4072878809058
444459,116.18848755347625,28.355523748169798,57.39847923147901
