UE ID,Internet usage,Data rate,optimal GU
865037,136.46402792096507,41.42657990457868,75.18801737490168
558607,105.36555902761869,31.98597327624139,58.05359554147913
535457,109.07869721751626,33.11317594103173,60.099435042121186
296107,114.52444339527861,34.76634888785244,63.099895049574876
1143978,112.78780780869909,34.23915594192651,62.14305544395194
811335,126.32753495009267,38.3494302527067,69.60308176054382
444459,116.18848755347625,35.27150515016243,64.01673872614897
