UE ID,Internet usage,Data rate,optimal GU
865037,136.46402792096507,129.96574087710957,133.17525480292048
558607,105.36555902761869,100.34815145487494,102.82625674131606
535457,109.07869721751626,103.88447354049168,106.44990857170508
296107,114.52444339527861,109.07089847169391,111.76441266384255
1143978,112.78780780869909,107.41695981780865,110.06962986821458
811335,126.32753495009267,120.3119380477073,123.28305057320381
444459,116.18848755347625,110.65570243188213,113.3883534792172
