UE ID,Internet usage,Data rate,optimal GU
865037,136.46402792096507,66.60744219951866,95.3389734162225
558607,105.36555902761869,51.4284276206234,73.61239723143386
535457,109.07869721751626,53.24079268950199,76.20653715659006
296107,114.52444339527861,55.89883546674313,80.01114308815376
1143978,112.78780780869909,55.05119190662693,78.79786324770774
811335,126.32753495009267,61.65986824944999,88.25723291209907
444459,116.18848755347625,56.711047496339596,81.17370778874803
