UE ID,Internet usage,Data rate,optimal GU
865037,136.46402792096507,36.55286462168707,70.62684431804355
558607,105.36555902761869,28.222917596683576,54.53185756936015
535457,109.07869721751626,29.217508183263284,56.453589155805496
296107,114.52444339527861,30.67619019516391,59.27203056745104
1143978,112.78780780869909,30.211019948758683,58.37323626188091
811335,126.32753495009267,33.83773257591768,65.38071079925737
444459,116.18848755347625,31.121916308966853,60.13325523954882
