UE ID,Internet usage,Data rate,optimal GU
865037,136.46402792096507,100.72344917975994,117.23961609098976
558607,105.36555902761869,77.76981737752808,90.52215355071411
535457,109.07869721751626,80.51046699388105,93.71220225811784
296107,114.52444339527861,84.5299463155628,98.39077727115794
1143978,112.78780780869909,83.24814385880171,96.89879075601233
811335,126.32753495009267,93.24175198697317,108.53110467945227
444459,116.18848755347625,85.75816938470867,99.82039869768168
