UE ID,Internet usage,Data rate,optimal GU
865037,136.46402792096507,52.79858223132577,84.88290287097284
558607,105.36555902761869,40.76643652854294,65.53913620420903
535457,109.07869721751626,42.203067375824745,67.84877012841152
296107,114.52444339527861,44.31005250412565,71.23611513727121
1143978,112.78780780869909,43.63813992598476,70.15589881899517
811335,126.32753495009267,48.87672483188109,78.57783507100154
444459,116.18848755347625,44.953879112952116,72.2711783755856
