UE ID,Internet usage,Data rate,optimal GU
865037,136.46402792096507,107.22173622361541,120.96243220832577
558607,105.36555902761869,82.78722495027182,93.39658579000954
535457,109.07869721751626,85.70469067090563,96.68793101423056
296107,114.52444339527861,89.98349123914748,101.51506907315434
1143978,112.78780780869909,88.61899184969214,99.97570615376391
811335,126.32753495009267,99.25734888935852,111.97739151665384
444459,116.18848755347625,91.29095450630277,102.99008656856506
