UE ID,Internet usage,Data rate,optimal GU
865037,136.46402792096507,73.91801512385608,100.43480512115416
558607,105.36555902761869,57.073011139960116,77.54695173990662
535457,109.07869721751626,59.08429432615464,80.2797474529737
296107,114.52444339527861,62.03407350577591,84.28770811803335
1143978,112.78780780869909,61.09339589637867,83.0095789336479
811335,126.32753495009267,68.42741476463353,92.97454829265764
444459,116.18848755347625,62.935430758132966,85.51241145771763
