UE ID,Internet usage,Data rate,optimal GU
865037,136.46402792096507,46.30029518747029,79.48789074577253
558607,105.36555902761869,35.7490289557992,61.37358080332538
535457,109.07869721751626,37.00884369880016,63.53641834563708
296107,114.52444339527861,38.856507580540956,66.70846949935125
1143978,112.78780780869909,38.267291935094335,65.69690988269387
811335,126.32753495009267,42.86112792949573,73.58356227116057
444459,116.18848755347625,39.42109399135801,67.67774588858082
