UE ID,Internet usage,Data rate,optimal GU
865037,136.46402792096507,64.98287043855478,94.1691257573914
558607,105.36555902761869,50.17407572743747,72.70914342581352
535457,109.07869721751626,51.94223677024584,75.27145220774065
296107,114.52444339527861,54.535449235846954,79.02937408993472
1143978,112.78780780869909,53.70847990890432,77.83098168250788
811335,126.32753495009267,60.15596902385365,87.1742810656765
444459,116.18848755347625,55.32785121594107,80.17767365273174
