UE ID,Internet usage,Data rate,optimal GU
865037,136.46402792096507,12.184288207229024,40.77642757903624
558607,105.36555902761869,9.407639198894525,31.48398264708041
535457,109.07869721751626,9.739169394421095,32.59349489582484
296107,114.52444339527861,10.225396731721306,34.22072280353358
1143978,112.78780780869909,10.070339982919561,33.70180366926657
811335,126.32753495009267,11.27924419197256,37.74757097976032
444459,116.18848755347625,10.373972102988951,34.71795109980198
