UE ID,Internet usage,Data rate,optimal GU
865037,136.46402792096507,77.97944452626575,103.15710879572806
558607,105.36555902761869,60.20889087292496,79.64887598239304
535457,109.07869721751626,62.33068412429501,82.4557446207032
296107,114.52444339527861,65.44253908301634,86.5723417891431
1143978,112.78780780869909,64.45017589068519,85.2595686805619
811335,126.32753495009267,72.18716282862438,95.49464034793301
444459,116.18848755347625,66.39342145912929,87.83024093577761
