UE ID,Internet usage,Data rate,optimal GU
865037,136.46402792096507,21.931718773012243,54.70731836779332
558607,105.36555902761869,16.933750558010146,42.240195240777346
535457,109.07869721751626,17.53050490995797,43.72876212681406
296107,114.52444339527861,18.40571411709835,45.91191745672697
1143978,112.78780780869909,18.126611969255208,45.21571438129913
811335,126.32753495009267,20.30263954555061,50.64368081774544
444459,116.18848755347625,18.67314978538011,46.579019219202486
