UE ID,Internet usage,Data rate,optimal GU
865037,136.46402792096507,91.78830449445864,111.91872831367344
558607,105.36555902761869,70.87088196500542,86.4138304730393
535457,109.07869721751626,73.36840943797225,89.45909969598027
296107,114.52444339527861,77.03132204563383,93.92533886698875
1143978,112.78780780869909,75.86322787132735,92.50106575007021
811335,126.32753495009267,84.97030624619327,103.60545030082181
444459,116.18848755347625,78.15058984251675,95.29007731770442
