UE ID,Internet usage
538332,1.0017985572626653
396679,1.0270948374361002
143586,1.0755572044342916
593893,0.9912851149949679
365033,1.039496284674264
1208340,1.1167346223966625
786296,1.02133740384876
