UE ID,Internet usage
538332,0.3318429631857937
396679,0.35713924336100183
143586,0.4056016103587499
593893,0.32132952092075623
365033,0.36954069059783556
1208340,0.44677902832200755
786296,0.3513818097723317
