UE ID,Internet usage
538332,0.38256732888720124
396679,0.4078636090624094
143586,0.45632597606193087
593893,0.3720538866221638
365033,0.4202650562992431
1208340,0.49750339402430177
786296,0.4021061754737393
