UE ID,Internet usage
538332,0.6657712664791043
396679,0.6910675466525391
143586,0.7395299136507305
593893,0.6552578242114068
365033,0.7034689938907028
1208340,0.7807073316131014
786296,0.685310113065199
