UE ID,Internet usage
538332,0.6879071266852184
396679,0.7132034068630865
143586,0.761665773861278
593893,0.6773936844219542
365033,0.725604854096817
1208340,0.8028431918236489
786296,0.7074459732757464
