UE ID,Internet usage
538332,0.8574683269704756
396679,0.8827646071439103
143586,0.9312269741421018
593893,0.8469548847027779
365033,0.8951660543820741
1208340,0.9724043921044726
786296,0.8770071735565702
