UE ID,Internet usage
538332,0.6986829857002398
396679,0.7239792658736746
143586,0.7724416328718661
593893,0.6881695434369757
365033,0.7363807131118383
1208340,0.8136190508386704
786296,0.7182218322863344
