UE ID,Internet usage
538332,0.7581254125586272
396679,0.783421692732062
143586,0.8318840597302534
593893,0.7476119702909296
365033,0.7958231399702258
1208340,0.8730614776926243
786296,0.7776642591447218
