UE ID,Internet usage
538332,0.3451733200631192
396679,0.3704696002387706
143586,0.4189319672360754
593893,0.334659877798525
365033,0.382871047475161
1208340,0.460109385199333
786296,0.3647121666501005
