UE ID,Internet usage
538332,0.6737209583887149
396679,0.6990172385621497
143586,0.7474796055603412
593893,0.6632075161210174
365033,0.7114186858003135
1208340,0.788657023522712
786296,0.6932598049748095
