UE ID,Internet usage
538332,0.9836681174978781
396679,1.0089643976757463
143586,1.0574267646739377
593893,0.973154675234614
365033,1.0213658449094767
1208340,1.0986041826363087
786296,1.0032069640839727
