UE ID,Internet usage
538332,0.6737455749081755
396679,0.6990418550816103
143586,0.7475042220798018
593893,0.6632321326404781
365033,0.7114433023197742
1208340,0.7886816400421727
786296,0.6932844214942702
