UE ID,Internet usage
538332,1.0529015378391724
396679,1.0781978180126073
143586,1.1266601850107987
593893,1.0423880955714748
365033,1.090599265250771
1208340,1.1678376029731694
786296,1.072440384425267
