UE ID,Internet usage
538332,0.4085880065287303
396679,0.43388428670393836
143586,0.4823466537003565
593893,0.3980745642636928
365033,0.4462857339403288
1208340,0.5235240716671608
786296,0.4281268531152682
