UE ID,Internet usage
538332,0.7286338426244889
396679,0.7539301228023572
143586,0.8023924898005486
593893,0.7181204003612248
365033,0.7663315700360874
1208340,0.8435699077629195
786296,0.7481726892105836
