UE ID,Internet usage
538332,0.6274881720002772
396679,0.6527844521781454
143586,0.7012468191763368
593893,0.6169747297370131
365033,0.6651858994118757
1208340,0.7424242371387076
786296,0.6470270185863718
