UE ID,Internet usage
538332,0.386011704539103
396679,0.4113079847143111
143586,0.45977035171294584
593893,0.37549826227406546
365033,0.4237094319511448
1208340,0.5009477696753168
786296,0.4055505511256409
