UE ID,Internet usage
538332,0.37867583770512353
396679,0.4039721178803317
143586,0.45243448487586313
593893,0.3681623954400861
365033,0.4163735651171654
1208340,0.4936119028426674
786296,0.39821468429166157
