UE ID,Internet usage
538332,0.40513497060839454
396679,0.43043125078360267
143586,0.47889361778046413
593893,0.3946215283433571
365033,0.4428326980204364
1208340,0.520071035742835
786296,0.4246738171949325
