UE ID,Internet usage
538332,0.7966122329510719
396679,0.8219085131245067
143586,0.870370880122698
593893,0.7860987906878077
365033,0.8343099603626704
1208340,0.9115482980895023
786296,0.8161510795371665
