UE ID,Internet usage
538332,1.0168056298480632
396679,1.0421019100259314
143586,1.0905642770241228
593893,1.006292187584799
365033,1.0545033572596618
1208340,1.1317416949864938
786296,1.0363444764341578
