UE ID,Internet usage
538332,0.3814371100007624
396679,0.40673339017597054
143586,0.4551957571737186
593893,0.3709236677357249
365033,0.4191348374128042
1208340,0.49637317513608953
786296,0.4009759565873003
