UE ID,Internet usage
538332,0.765336743221886
396679,0.790633023399754
143586,0.8390953903935122
593893,0.7548233009586219
365033,0.8030344706334845
1208340,0.8802728083603165
786296,0.7848755898079807
