UE ID,Internet usage
538332,0.2749570741352412
396679,0.3002533543108926
143586,0.3487157213081974
593893,0.264443631870647
365033,0.31265480154728303
1208340,0.389893139271455
786296,0.2944959207222225
