UE ID,Internet usage
538332,0.5538499310242557
396679,0.579146211202124
143586,0.627608578195882
593893,0.5433364887609916
365033,0.5915476584358542
1208340,0.6687859961626863
786296,0.5733887776103503
