UE ID,Internet usage
538332,0.9968222494038754
396679,1.0221185295817437
143586,1.0705808965755015
593893,0.9863088071406112
365033,1.0345199768154738
1208340,1.1117583145423058
786296,1.01636109598997
