UE ID,Internet usage,Data rate,optimal GU
538332,113.74087430787638,58.901524195150266,81.85053976622834
396679,117.99064937730469,61.10230057038993,84.90877529883211
143586,126.13232703295027,65.31852649920638,90.76771312371116
593893,111.97461600736376,57.98685471809909,80.57949981561028
365033,120.07409251308296,62.181226479989384,86.4080687258731
1208340,133.05013325078812,68.90096186201528,95.74592501432426
786296,117.0234005344435,60.601403848193954,84.21272086494277
