UE ID,Internet usage,Data rate,optimal GU
538332,113.74087430787638,7.447319151110953,29.10437409560892
396679,117.99064937730469,7.725578233037806,30.19181996056715
143586,126.13232703295027,8.2586642700146,32.275138149368516
593893,111.97461600736376,7.331671286196436,28.652418344078058
365033,120.07409251308296,7.861994152642336,30.72493796937096
1208340,133.05013325078812,8.711615867611126,34.0452882498495
786296,117.0234005344435,7.6622464635647525,29.944317272219802
