UE ID,Internet usage,Data rate,optimal GU
538332,113.74087430787638,39.26768279676685,66.83068586621431
396679,117.99064937730469,40.73486704692662,69.32772472225697
143586,126.13232703295027,43.545684332804264,74.11152742413886
593893,111.97461600736376,38.657903145399395,65.79288609231212
365033,120.07409251308296,41.45415098665959,70.55189267924337
1208340,133.05013325078812,45.93397457467685,78.1762204119582
786296,117.0234005344435,40.40093589879597,68.75939865684674
