UE ID,Internet usage,Data rate,optimal GU
538332,113.74087430787638,37.91362476929213,65.66832439951581
396679,117.99064937730469,39.330216459101564,68.12193317984561
143586,126.13232703295027,42.044109010983426,72.82253296598775
593893,111.97461600736376,37.32487200245459,64.64857469425645
365033,120.07409251308296,40.02469750436099,69.32480963512847
1208340,133.05013325078812,44.35004441692937,76.8165302480581
786296,117.0234005344435,39.00780017814783,67.56349180004635
