UE ID,Internet usage,Data rate,optimal GU
538332,113.74087430787638,13.540580274747187,39.24433002467656
396679,117.99064937730469,14.046505878250558,40.71064172985868
143586,126.13232703295027,15.015753218208365,43.51978740257279
593893,111.97461600736376,13.330311429448066,38.6349130136334
365033,120.07409251308296,14.294534822986066,41.42949790628309
1208340,133.05013325078812,15.839301577474776,45.90665731113993
786296,117.0234005344435,13.931357206481367,40.37690917297255
