UE ID,Internet usage,Data rate,optimal GU
538332,113.74087430787638,109.67870022545223,111.69132131277888
396679,117.99064937730469,113.77669761382953,115.86451758610562
143586,126.13232703295027,121.62760106748777,123.85948633058987
593893,111.97461600736376,107.97552257852935,109.95689009300536
365033,120.07409251308296,115.78573206618715,117.9104181309285
1208340,133.05013325078812,128.29834277754568,130.65263718122088
786296,117.0234005344435,112.84399337249909,114.91469807790493
