UE ID,Internet usage,Data rate,optimal GU
538332,113.74087430787638,3.3851450686867968,19.62216501233828
396679,117.99064937730469,3.5116264695626396,20.35532086492934
143586,126.13232703295027,3.7539383045520913,21.759893701286394
593893,111.97461600736376,3.3325778573620166,19.3174565068167
365033,120.07409251308296,3.5736337057465164,20.714748953141545
1208340,133.05013325078812,3.959825394368694,22.953328655569965
786296,117.0234005344435,3.482839301620342,20.188454586486277
