UE ID,Internet usage,Data rate,optimal GU
538332,113.74087430787638,14.217609288484548,40.21347176059307
396679,117.99064937730469,14.748831172163086,41.71599414564822
143586,126.13232703295027,15.766540879118784,44.59451188591921
593893,111.97461600736376,13.99682700092047,39.589005149783326
365033,120.07409251308296,15.00926156413537,42.45260253041091
1208340,133.05013325078812,16.631266656348515,47.040325729703014
786296,117.0234005344435,14.627925066805437,41.374020037707226
