UE ID,Internet usage,Data rate,optimal GU
538332,113.74087430787638,110.35572923918959,112.03551726371732
396679,117.99064937730469,114.47902290774205,116.22157395666187
143586,126.13232703295027,122.37838872839818,124.2411805677
593893,111.97461600736376,108.64203815000174,110.29574109685201
365033,120.07409251308296,116.50045880733644,118.27377929468867
1208340,133.05013325078812,129.09030785641943,131.05526567704888
786296,117.0234005344435,113.54056123282315,115.26882741684402
