UE ID,Internet usage,Data rate,optimal GU
538332,113.74087430787638,55.51637912646347,79.46371184541717
396679,117.99064937730469,57.590674100827286,82.43276675711749
143586,126.13232703295027,61.5645881946543,88.12085321770917
593893,111.97461600736376,54.65427686073708,78.22973644747361
365033,120.07409251308296,58.607592774242875,83.88833957555443
1208340,133.05013325078812,64.94113646764659,92.95389642439952
786296,117.0234005344435,57.11856454657361,81.75700983332345
