UE ID,Internet usage,Data rate,optimal GU
538332,113.74087430787638,89.36782981333144,100.82050931217229
396679,117.99064937730469,92.70693879645368,104.58753228934897
143586,126.13232703295027,99.10397124017521,111.80435819202165
593893,111.97461600736376,87.98005543435724,99.25488866332343
365033,120.07409251308296,94.34392983170804,106.43430724470527
1208340,133.05013325078812,104.53939041133353,117.93633801413408
786296,117.0234005344435,91.94695756277703,103.73015782689397
