UE ID,Internet usage,Data rate,optimal GU
538332,113.74087430787638,104.26246811555336,108.89859632226727
396679,117.99064937730469,108.15809526252932,112.96744617560502
143586,126.13232703295027,115.62129978020442,120.76250906573416
593893,111.97461600736376,102.64339800675012,107.20753274605686
365033,120.07409251308296,110.06791813699272,114.962191111268
1208340,133.05013325078812,121.96262214655579,127.38580426489747
786296,117.0234005344435,107.27145048990654,112.04137591350374
