UE ID,Internet usage,Data rate,optimal GU
538332,113.74087430787638,85.30565573090729,98.50248659927374
396679,117.99064937730469,88.49298703297852,102.18289976976841
143586,126.13232703295027,94.59924527471271,109.23379944898163
593893,111.97461600736376,83.98096200552283,96.97286204138467
365033,120.07409251308296,90.05556938481223,103.98721445269273
1208340,133.05013325078812,99.78759993809109,115.22479537208716
786296,117.0234005344435,87.76755040083263,101.34523770006953
