UE ID,Internet usage,Data rate,optimal GU
538332,113.74087430787638,57.547466167675545,80.90425894916999
396679,117.99064937730469,59.69764998256487,83.9271379694427
143586,126.13232703295027,63.816951177385555,89.71834013261623
593893,111.97461600736376,56.653823575154284,79.64791359588042
365033,120.07409251308296,60.75177299769078,85.40909794195544
1208340,133.05013325078812,67.31703170426779,94.63899850643158
786296,117.0234005344435,59.208268127545814,83.23913067806822
