UE ID,Internet usage,Data rate,optimal GU
538332,113.74087430787638,25.727102522019656,54.09457583032597
396679,117.99064937730469,26.68836116867606,56.115747033325064
143586,126.13232703295027,28.529931114595893,59.98788712376651
593893,111.97461600736376,25.327591715951325,53.25455245126878
365033,120.07409251308296,27.159616163673522,57.10662189148258
1208340,133.05013325078812,30.09467299720207,63.27796024222518
786296,117.0234005344435,26.4695786923146,55.65572844989725
