UE ID,Internet usage,Data rate,optimal GU
538332,113.74087430787638,83.95159770343257,97.71759371951157
396679,117.99064937730469,87.08833644515347,101.36868042128619
143586,126.13232703295027,93.09766995289188,108.36339673756922
593893,111.97461600736376,82.64793086257802,96.20015759935283
365033,120.07409251308296,88.62611590251362,103.15861786566177
1208340,133.05013325078812,98.20366978034362,114.30665488059351
786296,117.0234005344435,86.37441468018449,100.53769305612371
