UE ID,Internet usage,Data rate,optimal GU
538332,113.74087430787638,111.03275825292694,112.37865900829652
396679,117.99064937730469,115.18134820165457,116.57753673185357
143586,126.13232703295027,123.1291763893086,124.6217057483731
593893,111.97461600736376,109.30855372147415,110.63355426489001
365033,120.07409251308296,117.21518554848575,118.63602755270873
1208340,133.05013325078812,129.88227293529317,131.45666099880975
786296,117.0234005344435,114.23712909314722,115.62187212535652
