UE ID,Internet usage,Data rate,optimal GU
538332,113.74087430787638,96.8151489644424,104.93731314200384
396679,117.99064937730469,100.43251702949149,108.85815496740202
143586,126.13232703295027,107.36263551018982,116.36966552023213
593893,111.97461600736376,95.31172672055368,103.30776350561844
365033,120.07409251308296,102.20592398435038,110.78033928401742
1208340,133.05013325078812,113.25100627894466,122.75203247278405
786296,117.0234005344435,99.60920402634179,107.96577133375048
