UE ID,Internet usage,Data rate,optimal GU
538332,113.74087430787638,10.832464219797751,35.10119586664512
396679,117.99064937730469,11.237204702600447,36.41270492624146
143586,126.13232703295027,12.012602574566692,38.9252811993967
593893,111.97461600736376,10.664249143558454,34.55611672131022
365033,120.07409251308296,11.435627858388854,37.05566943685368
1208340,133.05013325078812,12.67144126197982,41.06016254699864
786296,117.0234005344435,11.145085765185096,36.11420545284058
