UE ID,Internet usage,Data rate,optimal GU
538332,113.74087430787638,65.67181433252387,86.42667169089523
396679,117.99064937730469,68.1255535095152,89.65588824932814
143586,126.13232703295027,72.82640310831057,95.84238985694637
593893,111.97461600736376,64.65201043282312,85.08456994261324
365033,120.07409251308296,69.32849389148242,91.23900475848346
1208340,133.05013325078812,76.82061265075266,101.09892556100594
786296,117.0234005344435,67.56708245143463,88.92091853246907
