UE ID,Internet usage,Data rate,optimal GU
538332,113.74087430787638,74.47319151110953,92.03611201572737
396679,117.99064937730469,77.25578233037807,95.47491778112726
143586,126.13232703295027,82.586642700146,102.06294834859628
593893,111.97461600736376,73.31671286196436,90.60690243927671
365033,120.07409251308296,78.61994152642336,97.16078495060098
1208340,133.05013325078812,87.11615867611127,107.6606544664921
786296,117.0234005344435,76.62246463564752,94.69224555893483
