UE ID,Internet usage,Data rate,optimal GU
538332,113.74087430787638,111.70978726666432,112.7207561740839
396679,117.99064937730469,115.88367349556712,116.93241589896925
143586,126.13232703295027,123.87996405021903,125.00107254904795
593893,111.97461600736376,109.97506929294657,110.97033907518222
365033,120.07409251308296,117.92991228963506,118.99717306862965
1208340,133.05013325078812,130.67423801416692,131.85683440849817
786296,117.0234005344435,114.9336969534713,115.9738421088584
