UE ID,Internet usage,Data rate,optimal GU
538332,113.74087430787638,97.49217797817975,105.30358759993536
396679,117.99064937730469,101.13484232340402,109.23811477872437
143586,126.13232703295027,108.11342317110022,116.77584359819011
593893,111.97461600736376,95.97824229202608,103.66835016393065
365033,120.07409251308296,102.92065072549967,111.16700831056103
1208340,133.05013325078812,114.04297135781839,123.18048764099592
786296,117.0234005344435,100.30577188666585,108.34261635852174
