UE ID,Internet usage
1209350,0.31962738149888387
1062134,0.32002258679795914
1062422,0.3235460563787243
239264,0.3130875699211482
1132753,0.4031910219901187
454677,0.3960851629907546
75984,0.38790460370486735
