UE ID,Internet usage
1209350,0.30200389081677753
1062134,0.3023990961158528
1062422,0.30592256569661797
239264,0.295464079239042
1132753,0.38556753130801247
454677,0.37846167230864836
75984,0.3702811130223177
