UE ID,Internet usage
1209350,0.3236192701175797
1062134,0.32401447541665496
1062422,0.3275379449974201
239264,0.3170794585398441
1132753,0.4071829106088145
454677,0.40007705160945045
75984,0.39189649232311985
