UE ID,Internet usage
1209350,0.9820035819654274
1062134,0.9823987872618425
1062422,0.985922256841721
239264,0.9754637703863618
1132753,1.065567222454002
454677,1.058461363455968
75984,1.0502808041709675
