UE ID,Internet usage
1209350,0.9866083447911377
1062134,0.9870035500875529
1062422,0.9905270196674313
239264,0.9800685332120721
1132753,1.0701719852797125
454677,1.0630661262816785
75984,1.054885566996678
