UE ID,Internet usage
1209350,0.5479380994332614
1062134,0.5483333047296767
1062422,0.5518567743095552
239264,0.5413982878541959
1132753,0.6315017399218362
454677,0.6243958809238022
75984,0.6162153216388017
