UE ID,Internet usage
1209350,0.6828806191482809
1062134,0.6832758244491296
1062422,0.6867992940290081
239264,0.6763408075692153
1132753,0.7664442596412893
454677,0.7593384006388216
75984,0.7511578413538211
