UE ID,Internet usage
1209350,0.8561243223801014
1062134,0.8565195276809501
1062422,0.8600429972608283
239264,0.8495845108010358
1132753,0.9396879628731096
454677,0.932582103870642
75984,0.9244015445856415
