UE ID,Internet usage
1209350,0.42206570761139905
1062134,0.42246091291003096
1062422,0.4259843824907962
239264,0.41552589603366347
1132753,0.5056293481017472
454677,0.49852348910371325
75984,0.4903429298187126
