UE ID,Internet usage
1209350,0.6024957556350178
1062134,0.602890960931433
1062422,0.6064144305113115
239264,0.5959559440559522
1132753,0.6860593961235926
454677,0.6789535371255586
75984,0.6707729778405579
