UE ID,Internet usage
1209350,0.9752956549273417
1062134,0.9756908602281904
1062422,0.9792143298080689
239264,0.9687558433482761
1132753,1.05885929542035
454677,1.0517534364178824
75984,1.0435728771328818
