UE ID,Internet usage
1209350,0.9441228796845249
1062134,0.9445180849853736
1062422,0.9480415545652521
239264,0.9375830681054593
1132753,1.0276865201775331
454677,1.0205806611750659
75984,1.012400101890065
