UE ID,Internet usage
1209350,1.004680230848315
1062134,1.0050754361491634
1062422,1.008598905729042
239264,0.9981404192692492
1132753,1.0882438713413232
454677,1.0811380123388556
75984,1.072957453053855
