UE ID,Internet usage,Data rate,optimal GU
1209350,111.70380727580552,31.915373507373005,59.70819651775578
1062134,111.77020176605376,31.934343361729645,59.74368586559555
1062422,112.3621446556028,32.1034699016008,60.06009264919977
239264,110.60511893074285,31.601462551640815,59.12092289460347
1132753,125.74249887833788,35.926428250953684,67.21219282279243
454677,124.54871456643936,35.585347018982674,66.57408826724529
75984,123.17438060639968,35.19268017325705,65.83947586532004
