UE ID,Internet usage,Data rate,optimal GU
1209350,111.70380727580552,9.308650606317126,32.24611160009619
1062134,111.77020176605376,9.31418348050448,32.26527803850497
1062422,112.3621446556028,9.363512054633567,32.43615723181797
239264,110.60511893074285,9.21709324422857,31.928947594207475
1132753,125.74249887833788,10.478541573194823,36.29873278799229
454677,124.54871456643936,10.37905954720328,35.954116941077814
75984,123.17438060639968,10.264531717199974,35.55738090018514
