UE ID,Internet usage,Data rate,optimal GU
1209350,111.70380727580552,87.10237353053883,98.63907312074933
1062134,111.77020176605376,87.1541454247205,98.6977021965
1062422,112.3621446556028,87.61571993978552,99.22041220423831
239264,110.60511893074285,86.24565821385306,97.6688859566004
1132753,125.74249887833788,98.04921043489443,111.03581734346638
454677,124.54871456643936,97.11834290597355,109.98165651490106
75984,123.17438060639968,96.04668963951404,108.76806289367411
