UE ID,Internet usage,Data rate,optimal GU
1209350,111.70380727580552,54.52209640842888,78.0405391413977
1062134,111.77020176605376,54.55450324295481,78.08692486397382
1062422,112.3621446556028,54.84342774856803,78.50047873799052
239264,110.60511893074285,53.98583185905306,77.2729535694453
1132753,125.74249887833788,61.374314928712536,87.84850440435734
454677,124.54871456643936,60.791634490762064,87.01448116386855
75984,123.17438060639968,60.120828629314126,86.05431905464867
