UE ID,Internet usage,Data rate,optimal GU
1209350,111.70380727580552,103.06006028422532,107.29492584377886
1062134,111.77020176605376,103.1213171055853,107.35869978382041
1062422,112.3621446556028,103.66745489058592,107.92727904702404
239264,110.60511893074285,102.04638948967344,106.23960206042867
1132753,125.74249887833788,116.01242456037124,120.7795188148874
454677,124.54871456643936,114.91101641546487,119.63285244475767
75984,123.17438060639968,113.64302972614256,118.31276261144558
