UE ID,Internet usage,Data rate,optimal GU
1209350,111.70380727580552,16.62259036842344,43.09067916544172
1062134,111.77020176605376,16.632470500900858,43.11629139610254
1062422,112.3621446556028,16.720557240417083,43.34463832321168
239264,110.60511893074285,16.45909507897959,42.666850934923026
1132753,125.74249887833788,18.71168138070504,48.5062220238303
454677,124.54871456643936,18.534034905720144,48.045709727684965
75984,123.17438060639968,18.329520923571383,47.51554889268299
