UE ID,Internet usage,Data rate,optimal GU
1209350,111.70380727580552,32.58027712210995,60.32695083161841
1062134,111.77020176605376,32.59964218176568,60.362807954543555
1062422,112.3621446556028,32.77229219121749,60.68249365249636
239264,110.60511893074285,32.2598263548,59.73359130889224
1132753,125.74249887833788,36.67489550618188,67.90871083336242
454677,124.54871456643936,36.326708415211485,67.26399361875896
75984,123.17438060639968,35.92586101019991,66.5217684497562
