UE ID,Internet usage,Data rate,optimal GU
1209350,111.70380727580552,24.601433745266693,52.42207372653021
1062134,111.77020176605376,24.61605634133327,52.45323234992642
1062422,112.3621446556028,24.746424715817284,52.73102837635206
239264,110.60511893074285,24.359460716889796,51.906464430553875
1132753,125.74249887833788,27.693288443443464,59.010365962576245
454677,124.54871456643936,27.430371660465813,58.45012857462936
75984,123.17438060639968,27.127690966885645,57.805160082193034
