UE ID,Internet usage,Data rate,optimal GU
1209350,111.70380727580552,93.7514096779082,102.3346930346505
1062134,111.77020176605376,93.80713362508084,102.39551871234625
1062422,112.3621446556028,94.30394283595236,102.93781261774983
239264,110.60511893074285,92.8292962454449,101.32815675558592
1132753,125.74249887833788,105.53388298717644,115.19589473215474
454677,124.54871456643936,104.5319568682616,114.10223862421134
75984,123.17438060639968,103.3784980089426,112.84317640101872
