UE ID,Internet usage,Data rate,optimal GU
1209350,111.70380727580552,97.0759277515929,104.13333147788921
1062134,111.77020176605376,97.13362772526101,104.19522623000142
1062422,112.3621446556028,97.64805428403578,104.74705151363919
239264,110.60511893074285,96.12111526124082,103.1091042790363
1132753,125.74249887833788,109.27621926331746,117.22058214386541
454677,124.54871456643936,108.23876384940564,116.10770389471948
75984,123.17438060639968,107.04440219365686,114.82651234617386
