UE ID,Internet usage,Data rate,optimal GU
1209350,111.70380727580552,35.90479519579463,63.330105975186164
1062134,111.77020176605376,35.92613628194585,63.36774811296226
1062422,112.3621446556028,36.1164036393009,63.70334818641221
239264,110.60511893074285,35.551645370595914,62.70720823317168
1132753,125.74249887833788,40.417231782322894,71.28929598512148
454677,124.54871456643936,40.033515396355504,70.61248389762137
75984,123.17438060639968,39.59176519491418,69.83330978120375
