UE ID,Internet usage,Data rate,optimal GU
1209350,111.70380727580552,64.49565062948294,84.8787943366507
1062134,111.77020176605376,64.53398554349532,84.92924458020374
1062422,112.3621446556028,64.87576209281828,85.37903586311876
239264,110.60511893074285,63.861288906440805,84.04394954169761
1132753,125.74249887833788,72.60132375713556,95.54617664301101
454677,124.54871456643936,71.91205543419414,94.63907261886821
75984,123.17438060639968,71.11854118345695,93.59477688366503
