UE ID,Internet usage,Data rate,optimal GU
1209350,111.70380727580552,68.48507231790458,87.46452606324931
1062134,111.77020176605376,68.52577846371153,87.51651321359266
1062422,112.3621446556028,68.88869583051839,87.98000685408321
239264,110.60511893074285,67.81147172539592,86.60424871249748
1132753,125.74249887833788,77.09212728850477,98.45687751042836
454677,124.54871456643936,76.360223811567,97.52213963883423
75984,123.17438060639968,75.5176262051141,96.44603067353547
