UE ID,Internet usage,Data rate,optimal GU
1209350,111.70380727580552,26.596144589477504,54.50587683454375
1062134,111.77020176605376,26.61195280144137,54.538274028482064
1062422,112.3621446556028,26.752891584667335,54.82711258302821
239264,110.60511893074285,26.334552126367342,53.96977181649657
1132753,125.74249887833788,29.938690209128065,61.35605691405039
454677,124.54871456643936,29.654455849152228,60.7735498155171
75984,123.17438060639968,29.32723347771421,60.10294350958792
