UE ID,Internet usage,Data rate,optimal GU
1209350,111.70380727580552,66.49036147369377,86.18135833088344
1062134,111.77020176605376,66.52988200360343,86.23258279220508
1062422,112.3621446556028,66.88222896166833,86.68927664642337
239264,110.60511893074285,65.83638031591836,85.33370186984605
1132753,125.74249887833788,74.84672552282017,97.0124440476606
454677,124.54871456643936,74.13613962288058,96.09141945536993
75984,123.17438060639968,73.31808369428553,95.03109778536599
