UE ID,Internet usage,Data rate,optimal GU
1209350,111.70380727580552,63.165843400009074,83.99919760074096
1062134,111.77020176605376,63.203387903423256,84.04912502973353
1062422,112.3621446556028,63.53811751358492,84.49425513729392
239264,110.60511893074285,62.544561300122446,83.17300428066297
1132753,125.74249887833788,71.10438924667916,94.55603410198344
454677,124.54871456643936,70.42933264173655,93.65833037322658
75984,123.17438060639968,69.65217950957125,92.62485664753927
