UE ID,Internet usage,Data rate,optimal GU
1209350,111.70380727580552,57.18171086737664,79.92130385842235
1062134,111.77020176605376,57.21569852309895,79.96880746961575
1062422,112.3621446556028,57.51871690703477,80.39232792694156
239264,110.60511893074285,56.61928707168979,79.13521959493207
1132753,125.74249887833788,64.36818394962535,89.96563954136275
454677,124.54871456643936,63.757080075677294,89.11151647197543
75984,123.17438060639968,63.053551977085554,88.12821460696308
