UE ID,Internet usage,Data rate,optimal GU
1209350,111.70380727580552,34.574987966320755,62.14626129022717
1062134,111.77020176605376,34.59553864187378,62.18319977459782
1062422,112.3621446556028,34.778759060067536,62.51252639631248
239264,110.60511893074285,34.23491776427755,61.53500752337745
1132753,125.74249887833788,38.92029727186649,69.95666827438431
454677,124.54871456643936,38.5507926038979,69.29250799569085
75984,123.17438060639968,38.125403521028474,68.52789916575388
