UE ID,Internet usage,Data rate,optimal GU
1209350,111.70380727580552,13.298072294738752,38.54147512422463
1062134,111.77020176605376,13.305976400720684,38.564383399749836
1062422,112.3621446556028,13.376445792333667,38.768623100337535
239264,110.60511893074285,13.167276063183671,38.16239163053534
1132753,125.74249887833788,14.969345104564033,43.385283910792786
454677,124.54871456643936,14.827227924576114,42.9733891913306
75984,123.17438060639968,14.663616738857105,42.49919892490161
