UE ID,Internet usage
1275814,0.6467096732612914
325943,0.6962830108112117
759842,0.6954541024281893
187369,0.736823357844043
860709,0.6358182413132976
405502,0.670779175913507
1039920,0.6910681402006077
