UE ID,Internet usage
1275814,0.6524643056901162
325943,0.7020376432400366
759842,0.7012087348570142
187369,0.7425779902728676
860709,0.6415728737421224
405502,0.6765338083423319
1039920,0.6968227726249991
