UE ID,Internet usage
1275814,0.5427644307456739
325943,0.5923377682955944
759842,0.5915088599125718
187369,0.6328781153284255
860709,0.5318729987976801
405502,0.5668339333978896
1039920,0.5871228976849904
