UE ID,Internet usage
1275814,0.6400970448744295
325943,0.6896703824199164
759842,0.688841474036894
187369,0.7302107294527476
860709,0.6292056129264357
405502,0.6641665475222117
1039920,0.6844555118093124
