UE ID,Internet usage
1275814,0.43336278482191004
325943,0.48293612237183037
759842,0.48210721398880796
187369,0.5234764694046615
860709,0.4224713528743596
405502,0.4574322874741257
1039920,0.477721251756793
