UE ID,Internet usage
1275814,1.0177460979624755
325943,1.0673194355123958
759842,1.0664905271293736
187369,1.1078597825452272
860709,1.0068546660144817
405502,1.0418156006146913
1039920,1.062104564901792
