UE ID,Internet usage
1275814,0.7274405441049403
325943,0.7770138816548608
759842,0.7761849732718383
187369,0.817554228687692
860709,0.7165491121569466
405502,0.751510046757156
1039920,0.7717990110442567
