UE ID,Internet usage
1275814,0.9613486573970141
325943,1.0109219949469346
759842,1.0100930865594786
187369,1.0514623419753324
860709,0.9504572254490204
405502,0.9854181600447964
1039920,1.0057071243318971
