UE ID,Internet usage
1275814,0.8853739143645124
325943,0.9349472519144328
759842,0.9341183435314104
187369,0.9754875989472639
860709,0.8744824824165187
405502,0.9094434170167282
1039920,0.9297323812993953
