UE ID,Internet usage
1275814,0.7852770014589986
325943,0.8348503390089189
759842,0.8340214306258964
187369,0.8753906860417501
860709,0.7743855695110047
405502,0.8093465041112142
1039920,0.8296354683983149
