UE ID,Internet usage
1275814,0.3135333967945371
325943,0.3631067343440142
759842,0.36227782595966174
187369,0.4036470813755153
860709,0.3026419648469867
405502,0.3376028994463095
1039920,0.35789186373163684
