UE ID,Internet usage
1275814,0.465486831955449
325943,0.5150601695053694
759842,0.5142312611179135
187369,0.5556005165337671
860709,0.45459540000745524
405502,0.4895563346076647
1039920,0.5098452988903319
