UE ID,Internet usage
1275814,0.38981185428037857
325943,0.4393851918298556
759842,0.4385562834455031
187369,0.4799255388618001
860709,0.3789204223328281
405502,0.4138813569321509
1039920,0.43417032121703486
