UE ID,Internet usage
1275814,0.7015979409820381
325943,0.7511712785275251
759842,0.7503423701445026
187369,0.7917116255603562
860709,0.6907065090340443
405502,0.7256674436298203
1039920,0.745956407916921
