UE ID,Internet usage
1275814,0.5592896848859314
325943,0.6088630224358519
759842,0.6080341140528294
187369,0.649403369468683
860709,0.5483982529423711
405502,0.5833591875381472
1039920,0.6036481518252479
