UE ID,Internet usage
1275814,0.8994793573261829
325943,0.9490526948761032
759842,0.9482237864930807
187369,0.9895930419089344
860709,0.888587925378189
405502,0.9235488599783985
1039920,0.9438378242654991
