UE ID,Internet usage
1275814,0.8598152839895897
325943,0.9093886215395101
759842,0.9085597131564878
187369,0.9499289685723413
860709,0.8489238520415959
405502,0.8838847866418055
1039920,0.9041737509244727
