UE ID,Internet usage
1275814,0.9691208712741032
325943,1.0186942088240234
759842,1.0178653004410012
187369,1.0592345558568548
860709,0.9582294393261093
405502,0.9931903739263188
1039920,1.0134793382089862
