UE ID,Internet usage
1275814,0.29731007089502093
325943,0.346883408444498
759842,0.3460545000601455
187369,0.3874237554759991
860709,0.2864186389474705
405502,0.3213795735467933
1039920,0.3416685378316773
