UE ID,Internet usage
1275814,0.6139558931290657
325943,0.6635292306789861
759842,0.6627003222915302
187369,0.7040695777073839
860709,0.6030644611810719
405502,0.6380253957812815
1039920,0.6583143600639486
