UE ID,Internet usage
1275814,0.5330275967861255
325943,0.582600934336046
759842,0.5817720259530236
187369,0.6231412813688771
860709,0.5221361648381317
405502,0.5570970994383413
1039920,0.5773860637210085
