UE ID,Internet usage
1275814,0.841213819737399
325943,0.8907871572828858
759842,0.8899582488998634
187369,0.9313275043157171
860709,0.830322387789405
405502,0.8652833223851811
1039920,0.8855722866722818
