UE ID,Internet usage
1275814,0.9460563009865333
325943,0.9956296385364536
759842,0.9948007301534312
187369,1.0361699855692847
860709,0.9351648690385395
405502,0.970125803638749
1039920,0.9904147679258497
