UE ID,Internet usage
1275814,0.9727213479790262
325943,1.0222946855289465
759842,1.0214657771459241
187369,1.0628350325617777
860709,0.9618299160354659
405502,0.996790850631242
1039920,1.0170798149183427
