UE ID,Internet usage
1275814,0.8080230120242675
325943,0.857596349574188
759842,0.8567674411911655
187369,0.898136696607019
860709,0.7971315800762738
405502,0.8320925146764832
1039920,0.8523814789591506
