UE ID,Internet usage
1275814,0.6713493597835075
325943,0.720922697333428
759842,0.7200937889459721
187369,0.7614630443618255
860709,0.6604579278355137
405502,0.6954188624357233
1039920,0.7157078267183905
