UE ID,Internet usage
1275814,0.6478749516879284
325943,0.6974482892378489
759842,0.6966193808548263
187369,0.73798863627068
860709,0.6369835197399346
405502,0.6719444543401442
1039920,0.6922334186272449
