UE ID,Internet usage
1275814,0.9290313996825547
325943,0.9786047372324751
759842,0.9777758288494526
187369,1.0191450842653063
860709,0.918139967734561
405502,0.9531009023347703
1039920,0.9733898666174376
