UE ID,Internet usage
1275814,0.3328027911663577
325943,0.3823761287158347
759842,0.3815472203310389
187369,0.42291647574689256
860709,0.3219113592183639
405502,0.35687229381768665
1039920,0.377161258103014
