UE ID,Internet usage
1275814,0.6661984828230445
325943,0.7157718203729649
759842,0.7149429119899424
187369,0.7563121674057961
860709,0.6553070508750507
405502,0.6902679854752602
1039920,0.7105569497623608
