UE ID,Internet usage
1275814,0.3047168788539647
325943,0.3542902164034417
759842,0.35346130801908926
187369,0.3948305634349429
860709,0.29382544690641427
405502,0.3287863815052937
1039920,0.34907534579062105
