UE ID,Internet usage,Data rate,optimal GU
1275814,109.19884283144316,76.69918722684699,91.51755291354712
325943,117.52716353975174,82.54884105768276,98.49736617292493
759842,117.3879069311881,82.4510298683345,98.38065775631235
187369,124.33794184105147,87.3326020074052,104.20535489707063
860709,107.36908226427329,75.4139982570491,89.98406404880181
405502,113.24251927688194,79.5393885397147,94.9064841830106
1039920,116.65106527681301,81.93348632538057,97.7631242427268
