UE ID,Internet usage,Data rate,optimal GU
1275814,109.19884283144316,40.94956606179119,66.8703613598531
325943,117.52716353975174,44.072686327406906,71.97039539725576
759842,117.3879069311881,44.02046509919554,71.88511848868289
187369,124.33794184105147,46.6267281903943,76.14112829460673
860709,107.36908226427329,40.26340584910248,65.74986642459517
405502,113.24251927688194,42.46594472883073,69.34659735391216
1039920,116.65106527681301,43.744149478804886,71.43389697007112
