UE ID,Internet usage,Data rate,optimal GU
1275814,109.19884283144316,55.2494145278135,77.67349698289603
325943,117.52716353975174,59.463148219517244,83.59745896487345
759842,117.3879069311881,59.392691006851116,83.4984052800115
187369,124.33794184105147,62.90907771719866,88.44198802873686
860709,107.36908226427329,54.32364281228113,76.3719822579381
405502,113.24251927688194,57.29532225318431,80.54977737232666
1039920,116.65106527681301,59.019884217435155,82.97428738156161
