UE ID,Internet usage,Data rate,optimal GU
1275814,109.19884283144316,28.599696932044637,55.88428947664316
325943,117.52716353975174,30.780923784220693,60.14644348166182
759842,117.3879069311881,30.744451815311166,60.07517664015766
187369,124.33794184105147,32.56469905360872,63.63197040009798
860709,107.36908226427329,28.12047392635729,54.94787965253443
405502,113.24251927688194,29.65875504870717,57.95370687308571
1039920,116.65106527681301,30.55146947726055,59.698085901429714
