UE ID,Internet usage,Data rate,optimal GU
1275814,109.19884283144316,105.29888415889162,107.23113494500161
325943,117.52716353975174,113.32976484190347,115.40938352879282
759842,117.3879069311881,113.19548168364567,115.27263625384302
187369,124.33794184105147,119.89730106101393,122.097435051779
860709,107.36908226427329,103.5344721834064,105.43434573727991
405502,113.24251927688194,109.19814358842187,111.20194638724443
1039920,116.65106527681301,112.48495580264112,114.54907211319224
