UE ID,Internet usage,Data rate,optimal GU
1275814,109.19884283144316,100.09893926215624,104.54993226244757
325943,117.52716353975174,107.73323324477244,112.52369227067067
759842,117.3879069311881,107.6055813535891,112.39036421869761
187369,124.33794184105147,113.97644668763053,119.0445160412537
860709,107.36908226427329,98.42165874225053,102.79806989473552
405502,113.24251927688194,103.80564267047511,108.42145770630644
1039920,116.65106527681301,106.93014317041194,111.6848920446749
