UE ID,Internet usage,Data rate,optimal GU
1275814,109.19884283144316,44.84952473434272,69.98225634066405
325943,117.52716353975174,48.27008502525518,75.31962677045662
759842,117.3879069311881,48.212890346737964,75.23038139546053
187369,124.33794184105147,51.06736897043185,79.68444988215123
860709,107.36908226427329,44.098015929969385,68.80961778760377
405502,113.24251927688194,46.51032041729079,72.5737270396733
1039920,116.65106527681301,47.91025895297677,74.75816172534414
