UE ID,Internet usage,Data rate,optimal GU
1275814,109.19884283144316,66.94929054546813,85.50312892491829
325943,117.52716353975174,72.05534431306208,92.02423721495532
759842,117.3879069311881,71.96996674947842,91.91519873572854
187369,124.33794184105147,76.23100005731132,97.35710375525335
860709,107.36908226427329,65.82747305488184,84.07041911206844
405502,113.24251927688194,69.42844931856452,88.66934368947118
1039920,116.65106527681301,71.51821263995083,91.33824878518253
