UE ID,Internet usage,Data rate,optimal GU
1275814,109.19884283144316,93.599008141237,101.09848356525387
325943,117.52716353975174,100.73756874835863,108.80901027435792
759842,117.3879069311881,100.61820594101836,108.68008370712354
187369,124.33794184105147,106.57537872090126,115.11456572079598
860709,107.36908226427329,92.03064194080567,99.40445445439677
405502,113.24251927688194,97.06501652304165,104.84220049541791
1039920,116.65106527681301,99.98662738012544,107.99790089315344
