UE ID,Internet usage,Data rate,optimal GU
1275814,109.19884283144316,107.2488634951674,108.21946122883668
325943,117.52716353975174,115.42846419082761,116.47308696904093
759842,117.3879069311881,115.29169430741689,116.33507932389973
187369,124.33794184105147,122.1176214510327,123.22278082297139
860709,107.36908226427329,105.45177722383984,106.40611140183763
405502,113.24251927688194,111.22033143265192,112.22687078522364
1039920,116.65106527681301,114.56801053972708,115.60484624834854
