UE ID,Internet usage,Data rate,optimal GU
1275814,109.19884283144316,96.19898058960469,102.49301128344943
325943,117.52716353975174,103.53583454692415,110.30989510928308
759842,117.3879069311881,103.41315610604666,110.17919016056086
187369,124.33794184105147,109.53580590759297,116.70242784300162
860709,107.36908226427329,94.58704866138362,100.77561514999012
405502,113.24251927688194,99.76126698201504,106.28836812792359
1039920,116.65106527681301,102.76403369624003,109.48759748395572
