UE ID,Internet usage,Data rate,optimal GU
1275814,109.19884283144316,77.3491803389389,91.90452103663205
325943,117.52716353975174,83.24840750732415,98.91384738011752
759842,117.3879069311881,83.14976740959156,98.79664547962685
187369,124.33794184105147,88.07270880407812,104.64597147078968
860709,107.36908226427329,76.05309993719358,90.36454804628603
405502,113.24251927688194,80.21345115445803,95.30778188911931
1039920,116.65106527681301,82.62783790440922,98.17650081903085
