UE ID,Internet usage,Data rate,optimal GU
1275814,109.19884283144316,48.099490294802344,72.47350330275643
325943,117.52716353975174,51.767917273462075,78.00087486375084
759842,117.3879069311881,51.70657805302333,77.90845250817472
187369,124.33794184105147,54.76790295379649,82.52107810872019
860709,107.36908226427329,47.29352433069181,71.25912085080378
405502,113.24251927688194,49.88063349100752,75.15722586450688
1039920,116.65106527681301,51.38201684812002,77.41942263672827
