UE ID,Internet usage,Data rate,optimal GU
1275814,109.19884283144316,22.749758923217325,49.84222456020227
325943,117.52716353975174,24.48482573744828,53.64356549193395
759842,117.3879069311881,24.455813943997523,53.580003837107306
187369,124.33794184105147,25.90373788355239,56.7522462500911
860709,107.36908226427329,22.368558805056935,49.00705694564195
405502,113.24251927688194,23.59219151601707,51.687901897218204
1039920,116.65106527681301,24.302305266002712,53.24368317426509
