UE ID,Internet usage,Data rate,optimal GU
1275814,109.19884283144316,36.39961427714772,63.045981303929345
325943,117.52716353975174,39.17572117991725,67.85433950676884
759842,117.3879069311881,39.129302310396035,67.77393966632819
187369,124.33794184105147,41.44598061368382,71.78654419241509
860709,107.36908226427329,35.789694088091096,61.98956854792125
405502,113.24251927688194,37.747506425627314,65.38059898821918
1039920,116.65106527681301,38.88368842560434,67.3485239388246
