UE ID,Internet usage,Data rate,optimal GU
1275814,109.19884283144316,102.69891171052393,105.89901944228643
325943,117.52716353975174,110.53149904333796,113.97567093182779
759842,117.3879069311881,110.40053151861738,113.84062244673979
187369,124.33794184105147,116.93687387432223,120.58063784397497
860709,107.36908226427329,100.97806546282845,104.12455146393478
405502,113.24251927688194,106.5018931294485,109.82050211930373
1039920,116.65106527681301,109.70754948652653,113.12604702946179
