UE ID,Internet usage,Data rate,optimal GU
1275814,109.19884283144316,40.29957294969926,66.33752130362188
325943,117.52716353975174,43.373119877765525,71.39691697197719
759842,117.3879069311881,43.321727557938466,71.3123195715128
187369,124.33794184105147,45.88662139372138,75.5344164082498
860709,107.36908226427329,39.624304168958005,65.22595475714739
405502,113.24251927688194,41.791882114087386,68.79402601913715
1039920,116.65106527681301,43.04979789977624,70.86469350078644
