UE ID,Internet usage,Data rate,optimal GU
1275814,109.19884283144316,29.899683156228484,57.140273027759875
325943,117.52716353975174,32.18005668350345,61.49821773483026
759842,117.3879069311881,32.141926897825314,61.425349191282336
187369,124.33794184105147,34.04491264695457,65.06208088188323
860709,107.36908226427329,29.398677286646258,56.18281765852212
405502,113.24251927688194,31.006880278193865,59.25619999307532
1039920,116.65106527681301,31.94017263531785,61.03978344518548
