UE ID,Internet usage,Data rate,optimal GU
1275814,109.19884283144316,61.099352536640815,81.68218039910283
325943,117.52716353975174,65.75924626628967,87.91187456873521
759842,117.3879069311881,65.68132887816478,87.80770878155724
187369,124.33794184105147,69.570038887255,93.00642692332183
860709,107.36908226427329,60.075557933581486,80.31349526600636
405502,113.24251927688194,63.36188578587442,84.70690392480695
1039920,116.65106527681301,65.269048428693,87.25654146716415
