UE ID,Internet usage,Data rate,optimal GU
1275814,109.19884283144316,9.09990356928693,31.522990651964673
325943,117.52716353975174,9.793930294979312,33.92716975338442
759842,117.3879069311881,9.782325577599009,33.886969833164095
187369,124.33794184105147,10.361495153420956,35.893272096207546
860709,107.36908226427329,8.947423522022774,30.994784273960626
405502,113.24251927688194,9.436876606406829,32.69029949410959
1039920,116.65106527681301,9.720922106401085,33.6742619694123
