UE ID,Internet usage,Data rate,optimal GU
1275814,109.19884283144316,37.69960050133157,64.1619260149904
325943,117.52716353975174,40.57485407920001,69.0553945102604
759842,117.3879069311881,40.526777392910176,68.97357155331248
187369,124.33794184105147,42.926194207029674,73.0572011424701
860709,107.36908226427329,37.067897448380066,63.086814236405736
405502,113.24251927688194,39.095631655114005,66.53786757438296
1039920,116.65106527681301,40.27239158366164,68.54062575931947
