UE ID,Internet usage,Data rate,optimal GU
1275814,109.19884283144316,50.69946274317004,74.40646923305817
325943,117.52716353975174,54.5661830720276,80.08126323707825
759842,117.3879069311881,54.50152821805162,79.98637585281737
187369,124.33794184105147,57.72833014048819,84.72202638977092
860709,107.36908226427329,49.84993105126974,73.15969756575086
405502,113.24251927688194,52.5768839499809,77.16177028959416
1039920,116.65106527681301,54.15942316423462,79.48430289614215
