UE ID,Internet usage,Data rate,optimal GU
1275814,109.19884283144316,5.1999448967353885,23.82914109888925
325943,117.52716353975174,5.596531597131035,25.64652967306507
759842,117.3879069311881,5.589900330056576,25.616141389742893
187369,124.33794184105147,5.920854373383404,27.132763344839777
860709,107.36908226427329,5.112813441155871,23.429854608284423
405502,113.24251927688194,5.392500917946759,24.711543641609875
1039920,116.65106527681301,5.554812632229191,25.455349358487165
