UE ID,Internet usage,Data rate,optimal GU
1275814,109.19884283144316,5.849938008827312,25.274620891313468
325943,117.52716353975174,6.296098046772414,27.20225256858948
759842,117.3879069311881,6.2886378713136475,27.170020926780886
187369,124.33794184105147,6.6609611700563285,28.778641430198995
860709,107.36908226427329,5.751915121300354,24.851113613599193
405502,113.24251927688194,6.066563532690103,26.21055012385448
1039920,116.65106527681301,6.24916421125784,26.99947522328836
