UE ID,Internet usage,Data rate,optimal GU
1275814,109.19884283144316,90.9990356928693,99.68444912040454
325943,117.52716353975174,97.93930294979312,107.2871309838679
759842,117.3879069311881,97.82325577599009,107.16000767421461
187369,124.33794184105147,103.61495153420957,113.5044925001822
860709,107.36908226427329,89.47423522022774,98.0141138912839
405502,113.24251927688194,94.36876606406828,103.37580379443641
1039920,116.65106527681301,97.20922106401085,106.48736634853017
