UE ID,Internet usage,Data rate,optimal GU
1275814,109.19884283144316,19.499793362757707,46.14493331521238
325943,117.52716353975174,20.986993489241385,49.664291155897686
759842,117.3879069311881,20.962126237712162,49.60544449828438
187369,124.33794184105147,22.203203900187766,52.54237028557575
860709,107.36908226427329,19.173050404334518,45.37171835097334
405502,113.24251927688194,20.221878442300348,47.85369849151641
1039920,116.65106527681301,20.830547370859467,49.29407206865622
