UE ID,Internet usage
430343,0.6547990595905907
1125659,0.6703629485525586
296935,0.6553948980862251
1045518,0.5787196703494026
796573,0.681158814335955
2714,0.7207620759153193
497372,0.6094698469396441
