UE ID,Internet usage
430343,0.7655205915618123
1125659,0.7810844805193468
296935,0.7661164300574467
1045518,0.6894412023161908
796573,0.7918803463071766
2714,0.8314836078865406
497372,0.7201913789108657
