UE ID,Internet usage
430343,0.6731664454822894
1125659,0.6887303344398239
296935,0.6737622839779237
1045518,0.5970870562411013
796573,0.6995262002276537
2714,0.7391294618070179
497372,0.6278372328313429
