UE ID,Internet usage
430343,1.0035308802938536
1125659,1.0190947692513879
296935,1.0041267187850544
1045518,0.927451491048232
796573,1.0298906350392178
2714,1.069493896618582
497372,0.9582016676429068
