UE ID,Internet usage
430343,0.39340688354317477
1125659,0.4089707725029259
296935,0.3940027220379224
1045518,0.3173274943002133
796573,0.41976663828986904
2714,0.45936989986923327
497372,0.34807767089178476
