UE ID,Internet usage
430343,0.34196466117629726
1125659,0.3575285501356051
296935,0.3425604996706016
1045518,0.26588527193289246
796573,0.3683244159225483
2714,0.40792767750102565
497372,0.2966354485249073
