UE ID,Internet usage
430343,0.6348833510078957
1125659,0.6504472399654302
296935,0.6354791894990965
1045518,0.5588039617622742
796573,0.66124310575326
2714,0.7008463673326241
497372,0.5895541383525157
