UE ID,Internet usage
430343,1.0091937362658505
1125659,1.024757625223385
296935,1.009789574761485
1045518,0.9331143470202289
796573,1.0355534910112147
2714,1.075156752590579
497372,0.9638645236149039
