UE ID,Internet usage
430343,0.6611364407052893
1125659,0.6767003296628238
296935,0.6617322791964902
1045518,0.5850570514596678
796573,0.6874961954506535
2714,0.7270994570300178
497372,0.6158072280543427
