UE ID,Internet usage
430343,0.33545830557918577
1125659,0.3510221945389369
296935,0.3360541440739334
1045518,0.2593789163362243
796573,0.36181806032588004
2714,0.4014213219043576
497372,0.2901290929277958
