UE ID,Internet usage
430343,0.7443903315239893
1125659,0.7599542204815238
296935,0.7449861700196235
1045518,0.6683109422783677
796573,0.7707500862693536
2714,0.8103533478487177
497372,0.6990611188730427
