UE ID,Internet usage
430343,0.2860562734003918
1125659,0.30162016236014294
296935,0.28665211189513945
1045518,0.209976884156987
796573,0.31241602814664277
2714,0.35201928972556357
497372,0.24072706074900183
