UE ID,Internet usage
430343,0.7006295634731139
1125659,0.7161934524350817
296935,0.7012254019687483
1045518,0.6245501742319257
796573,0.7269893182184781
2714,0.7665925797978423
497372,0.6553003508221672
