UE ID,Internet usage
430343,0.8040074119542571
1125659,0.8195713009162249
296935,0.8046032504498913
1045518,0.7279280227130689
796573,0.8303671666996213
2714,0.8699704282789854
497372,0.7586781993033104
