UE ID,Internet usage
430343,0.6868953863401855
1125659,0.70245927529772
296935,0.6874912248358198
1045518,0.610815997094564
796573,0.7132551410855499
2714,0.752858402664914
497372,0.6415661736892389
