UE ID,Internet usage
430343,0.6308541251703563
1125659,0.6464180141278908
296935,0.6314499636659906
1045518,0.5547747359291682
796573,0.6572138799157206
2714,0.6968171414950847
497372,0.5855249125194096
