UE ID,Internet usage
430343,0.819708082109068
1125659,0.8352719710666023
296935,0.8203039206047023
1045518,0.7436286928678798
796573,0.8460678368544322
2714,0.8856710984337963
497372,0.7743788694581213
