UE ID,Internet usage
430343,0.9636434576874585
1125659,0.9792073466494263
296935,0.9642392961830929
1045518,0.8875640684462703
796573,0.9900032124372562
2714,1.0296064740121869
497372,0.9183142450365118
