UE ID,Internet usage
430343,0.9804873816366027
1125659,0.9960512705985705
296935,0.981083220132237
1045518,0.9044079923954145
796573,1.0068471363819669
2714,1.046450397961331
497372,0.9351581689856561
