UE ID,Internet usage
430343,0.9992873343037512
1125659,1.014851223265719
296935,0.9998831727993855
1045518,0.9232079450625632
796573,1.0256470890491154
2714,1.0652503506284796
497372,0.9539581216528045
