UE ID,Internet usage
430343,0.3002700182354314
1125659,0.31583390719473925
296935,0.3008658567301791
1045518,0.22419062899202663
796573,0.3266297729816824
2714,0.36623303456060324
497372,0.2549408055840415
