UE ID,Internet usage,Data rate,optimal GU
430343,114.98326438058031,93.08169021285072,103.45451461746602
1125659,117.5979977257866,95.19837911135104,105.80708279805862
296935,115.08336524768022,93.16272424812207,103.54457891225184
1045518,102.20192698771537,82.73489327576958,91.95469276718087
796573,119.41170317797666,96.66661685836206,107.43893781823202
2714,126.06505112320832,102.0526604330734,113.4251905652127
497372,107.3679566551539,86.91691729226744,96.6027525924379
