UE ID,Internet usage,Data rate,optimal GU
430343,114.98326438058031,94.45053859833382,104.21243328192861
1125659,117.5979977257866,96.59835527475327,106.58223662466068
296935,115.08336524768022,94.53276431059446,104.30315739721885
1045518,102.20192698771537,83.95158288276619,92.62836252621335
796573,119.41170317797666,98.08818475333797,108.2260467864928
2714,126.06505112320832,103.55343485120683,114.2561554512544
497372,107.3679566551539,88.19510725244784,97.3104745270388
