UE ID,Internet usage,Data rate,optimal GU
430343,114.98326438058031,34.22120963707747,62.728513413943915
1125659,117.5979977257866,34.99940408505554,64.15496739924545
296935,115.08336524768022,34.25100156180959,62.783122914017255
1045518,102.20192698771537,30.41724017491529,55.75572221328045
796573,119.41170317797666,35.539197374397816,65.14442484246153
2714,126.06505112320832,37.519360453335814,68.7741237214976
497372,107.3679566551539,31.95474900451009,58.574022450592906
