UE ID,Internet usage,Data rate,optimal GU
430343,114.98326438058031,103.34805310397398,109.01053395554254
1125659,117.5979977257866,105.69820033686773,111.48944668817182
296935,115.08336524768022,103.43802471666497,109.10543514860535
1045518,102.20192698771537,91.86006532824418,96.89311476964694
796573,119.41170317797666,107.32837607068141,113.20894039750775
2714,126.06505112320832,113.30846856907415,119.51668453756896
497372,107.3679566551539,96.50334199362048,101.79079840657768
