UE ID,Internet usage,Data rate,optimal GU
430343,114.98326438058031,110.19229503138946,112.5622929417181
1125659,117.5979977257866,112.69808115387883,115.12197310346257
296935,115.08336524768022,110.28822502902688,112.66028618609953
1045518,102.20192698771537,97.94351336322723,100.05006647508473
796573,119.41170317797666,114.43621554556097,116.89749100616953
2714,126.06505112320832,120.81234065974131,123.41075277942659
497372,107.3679566551539,102.89429179452249,105.1073254414603
