UE ID,Internet usage,Data rate,optimal GU
430343,114.98326438058031,82.81532732172748,97.58266585925232
1125659,117.5979977257866,84.69855788583439,99.80170748857836
296935,115.08336524768022,82.88742377957921,97.66761830445427
1045518,102.20192698771537,73.609721223295,86.73554838732086
796573,119.41170317797666,86.00485764604271,101.34094203772426
2714,126.06505112320832,90.79685229707266,106.98742835799382
497372,107.3679566551539,77.33049259091442,91.1197946476121
