UE ID,Internet usage,Data rate,optimal GU
430343,114.98326438058031,15.741756433055638,42.54454773242674
1125659,117.5979977257866,16.099725879125547,43.512015895832654
296935,115.08336524768022,15.755460718432412,42.58158569739783
1045518,102.20192698771537,13.991930480461033,37.81537064979356
796573,119.41170317797666,16.348030792222996,44.183098584247745
2714,126.06505112320832,17.25890580853447,46.64488013794799
497372,107.3679566551539,14.699184542074642,39.72683486989089
