UE ID,Internet usage,Data rate,optimal GU
430343,114.98326438058031,26.008119324178878,54.68545016998342
1125659,117.5979977257866,26.599547104642205,55.92900392389147
296935,115.08336524768022,26.030761186975287,54.73305762841881
1045518,102.20192698771537,23.11710253293562,48.60671173036308
796573,119.41170317797666,27.00979000454234,56.79159292467408
2714,126.06505112320832,28.514713944535213,59.95589104651429
497372,107.3679566551539,24.285609243427665,51.063648915763416
