UE ID,Internet usage,Data rate,optimal GU
430343,114.98326438058031,109.5078708386479,112.21217609686879
1125659,117.5979977257866,111.99809307217771,114.76389455919657
296935,115.08336524768022,109.60320499779068,112.30986454037381
1045518,102.20192698771537,97.33516855972891,99.73886800279207
796573,119.41170317797666,113.725431598073,116.533889842296
2714,126.06505112320832,120.06195345067458,123.02689258739956
497372,107.3679566551539,102.25519681443228,104.78039673209965
