UE ID,Internet usage,Data rate,optimal GU
430343,114.98326438058031,19.848301589504935,47.772612542873745
1125659,117.5979977257866,20.29965436933221,48.85896753267493
296935,115.08336524768022,19.865580905849562,47.814201899072074
1045518,102.20192698771537,17.641999301450866,42.46229297299202
796573,119.41170317797666,20.612734477150735,49.612515871219124
2714,126.06505112320832,21.76122906293477,52.37681218175385
497372,107.3679566551539,18.533754422615853,44.608646488149425
