UE ID,Internet usage,Data rate,optimal GU
430343,114.98326438058031,30.799088673369724,59.509492987346206
1125659,117.5979977257866,31.499463676549983,60.862746058639374
296935,115.08336524768022,30.82590140562863,59.56130010798068
1045518,102.20192698771537,27.37551615742376,52.89452243448319
796573,119.41170317797666,31.985277636958035,61.80142780915023
2714,126.06505112320832,33.76742440800223,65.24486251264442
497372,107.3679566551539,28.75927410405908,55.56819679851331
