UE ID,Internet usage,Data rate,optimal GU
430343,114.98326438058031,97.18823536930003,105.71196981491875
1125659,117.5979977257866,99.39830760155772,108.11587279985775
296935,115.08336524768022,97.27284443553924,105.80399938024999
1045518,102.20192698771537,86.38496209675942,93.96121321614342
796573,119.41170317797666,100.9313205432898,109.78333612200232
2714,126.06505112320832,106.55498368747371,115.90021339925997
497372,107.3679566551539,90.75148717280865,98.71069719721807
