UE ID,Internet usage
1087822,0.25547684698905754
1138970,0.3626284632305458
60877,0.28289650501434016
1298353,0.3435462349962489
460881,0.31199185005237123
1050789,0.27653251805293305
961100,0.3100406540113426
