UE ID,Internet usage
1087822,0.6601456499337195
1138970,0.7672972661778679
60877,0.6875653079607755
1298353,0.7482150379431276
460881,0.7166606529974766
1050789,0.6812013210006984
961100,0.7147094569568913
