UE ID,Internet usage
1087822,0.3880683881103979
1138970,0.49522000434966945
60877,0.4154880461356805
1298353,0.4761377761193627
460881,0.44458339117371165
1050789,0.4091240591742734
961100,0.442632195132683
