UE ID,Internet usage
1087822,0.6139128635497152
1138970,0.72106447978943
60877,0.6413325215723378
1298353,0.7019822515546899
460881,0.6704278666134722
1050789,0.6349685346122607
961100,0.6684766705728868
