UE ID,Internet usage
1087822,0.8988345075564012
1138970,1.0059861238005496
60877,0.9262541655834572
1298353,0.9869038955658093
460881,0.9553495106201583
1050789,0.9198901786233802
961100,0.953398314579573
