UE ID,Internet usage
1087822,0.5147072495877344
1138970,0.6218588658274493
60877,0.542126907610357
1298353,0.6027766375927092
460881,0.5712222526470581
1050789,0.53576292065028
961100,0.5692710566064727
