UE ID,Internet usage
1087822,0.36786180154798365
1138970,0.47501341779124523
60877,0.3952814595737096
1298353,0.4559311895565051
460881,0.42437680461174065
1050789,0.3889174726123025
961100,0.42242560857026873
