UE ID,Internet usage
1087822,0.98822324880767
1138970,1.0953748650518182
60877,1.015642906834726
1298353,1.076292636817078
460881,1.044738251871427
1050789,1.009278919874649
961100,1.0427870558308419
