UE ID,Internet usage
1087822,0.9761944014139363
1138970,1.0833460176536511
60877,1.0036140594365588
1298353,1.0642637894189109
460881,1.0327094044776934
1050789,0.9972500724764818
961100,1.0307582084326745
