UE ID,Internet usage
1087822,0.7094828330216372
1138970,0.816634449261352
60877,0.7369024910486932
1298353,0.7975522210266119
460881,0.7659978360853943
1050789,0.7305385040841826
961100,0.7640466400448089
