UE ID,Internet usage
1087822,0.311113163344272
1138970,0.41826477958576025
60877,0.3385328213695547
1298353,0.39918255135146347
460881,0.3676281664075857
1050789,0.33216883440814754
961100,0.36567697036611374
