UE ID,Internet usage
1087822,0.9918293805298469
1138970,1.0989809967695618
60877,1.0192490385569029
1298353,1.079898768539255
460881,1.048344383593604
1050789,1.0128850515923924
961100,1.0463931875530186
