UE ID,Internet usage
1087822,0.4777042161336381
1138970,0.584855832373353
60877,0.5051238741606942
1298353,0.5657736041430463
460881,0.5342192191973952
1050789,0.49875988719618364
961100,0.5322680231568099
