UE ID,Internet usage
1087822,0.7445501041036318
1138970,0.8517017203477801
60877,0.7719697621306878
1298353,0.8326194921130399
460881,0.8010651071673889
1050789,0.7656057751706107
961100,0.7991139111268035
