UE ID,Internet usage
1087822,0.3950126980759516
1138970,0.5021643143178831
60877,0.4224323561016775
1298353,0.4830820860831429
460881,0.4515277011374919
1050789,0.4160683691402704
961100,0.4495765050969066
