UE ID,Internet usage
1087822,0.6854723563086276
1138970,0.7926239725483425
60877,0.7128920143312502
1298353,0.7735417443136022
460881,0.7419873593679512
1050789,0.7065280273711732
961100,0.740036163327366
