UE ID,Internet usage,Data rate,optimal GU
1087822,111.46022248784493,74.30681499189662,91.00689057076903
1138970,129.4616940164088,86.30779601093921,105.70503052550924
60877,116.06672503609333,77.37781669072889,94.7680841514487
1298353,126.25587967307047,84.17058644871365,103.08749407508442
460881,120.95474300248839,80.63649533499226,98.75913410852357
1050789,114.99757522663234,76.66505015108822,93.89512698752428
961100,120.62694206756751,80.41796137837834,98.49148576593576
