UE ID,Internet usage,Data rate,optimal GU
1087822,111.46022248784493,41.13412972765706,67.71129338070963
1138970,129.4616940164088,47.77752993462707,78.64705945715009
60877,116.06672503609333,42.834148525224926,70.50971095553055
1298353,126.25587967307047,46.59443178410934,76.69955001673478
460881,120.95474300248839,44.638059917585004,73.47914714707277
1050789,114.99757522663234,42.439581333638124,69.86021004120894
961100,120.62694206756751,44.51708576303087,73.28001040770982
