UE ID,Internet usage,Data rate,optimal GU
1087822,111.46022248784493,0.6634537052847913,8.599342858697282
1138970,129.4616940164088,0.770605321526243,9.988186539249595
60877,116.06672503609333,0.6908733633100793,8.954742246099102
1298353,126.25587967307047,0.7515230932920861,9.74085259298278
460881,120.95474300248839,0.7199687083481452,9.331861019543926
1050789,114.99757522663234,0.684509376349002,8.87225554749352
961100,120.62694206756751,0.7180175123069494,9.306570628354429
