UE ID,Internet usage,Data rate,optimal GU
1087822,111.46022248784493,91.55661132930119,101.01940540805542
1138970,129.4616940164088,106.34353437062151,117.3346245032252
60877,116.06672503609333,95.34052413679095,105.19440289189313
1298353,126.25587967307047,103.71018687430788,114.42910851210137
460881,120.95474300248839,99.35568175204402,109.62454539087271
1050789,114.99757522663234,94.46229393616227,104.22540358762865
961100,120.62694206756751,99.08641669835902,109.32745056368874
