UE ID,Internet usage,Data rate,optimal GU
1087822,111.46022248784493,81.60480575002931,95.37132590551332
1138970,129.4616940164088,94.78445454772788,110.77434744637476
60877,116.06672503609333,84.97742368713975,99.31289578584874
1298353,126.25587967307047,92.43734047492659,108.03128128602835
460881,120.95474300248839,88.55615112682185,103.49534530999091
1050789,114.99757522663234,84.19465329092723,98.39807404367035
961100,120.62694206756751,88.31615401375478,103.21486130324242
