UE ID,Internet usage,Data rate,optimal GU
1087822,111.46022248784493,60.374287180916,82.03250259336198
1138970,129.4616940164088,70.12508425888811,95.28122690855244
60877,116.06672503609333,62.86947606121722,85.42279667138364
1298353,126.25587967307047,68.38860148957983,92.92181143670176
460881,120.95474300248839,65.5171524596812,89.02028048717656
1050789,114.99757522663234,62.29035324775918,84.63592371743034
961100,120.62694206756751,65.3395936199324,88.77902553142826
