UE ID,Internet usage,Data rate,optimal GU
1087822,111.46022248784493,38.48031490651789,65.49064407136962
1138970,129.4616940164088,44.69510864852209,76.06776242196896
60877,116.06672503609333,40.0706550719846,68.19728516778491
1298353,126.25587967307047,43.588339410940996,74.18412320582297
460881,120.95474300248839,41.75818508419242,71.06933618030239
1050789,114.99757522663234,39.701543828242116,67.56908518695302
961100,120.62694206756751,41.64501571380307,70.87673029924463
