UE ID,Internet usage,Data rate,optimal GU
1087822,111.46022248784493,68.3357316443335,87.27379820396885
1138970,129.4616940164088,79.37234811720303,101.36902211875787
60877,116.06672503609333,71.15995642093817,90.88070804901012
1298353,126.25587967307047,77.40687860908487,98.85885671772961
460881,120.95474300248839,74.15677695985896,94.70804558786224
1050789,114.99757522663234,70.50446576394721,90.04355948929964
961100,120.62694206756751,73.9558037676158,94.45137615004126
