UE ID,Internet usage,Data rate,optimal GU
1087822,111.46022248784493,108.14295396142097,109.78906006079455
1138970,129.4616940164088,125.60866740877759,127.52062917772962
60877,116.06672503609333,112.61235821954293,114.32649569165379
1298353,126.25587967307047,122.49826420661003,124.36288073951066
460881,120.95474300248839,117.35489946074766,119.14122588070678
1050789,114.99757522663234,111.57502834488731,113.27337602236817
961100,120.62694206756751,117.03685450603275,118.81833978081642
