UE ID,Internet usage,Data rate,optimal GU
1087822,111.46022248784493,72.31645387604225,89.77977522001068
1138970,129.4616940164088,83.99598004636047,104.27972893794028
60877,116.06672503609333,75.30519660079864,93.49025375756473
1298353,126.25587967307047,81.91601716883739,101.69748672885632
460881,120.95474300248839,78.47658920994782,97.42748934259309
1050789,114.99757522663234,74.61152202204121,92.62906734121432
961100,120.62694206756751,78.26390884145749,97.16344990684449
