UE ID,Internet usage,Data rate,optimal GU
1087822,111.46022248784493,2.6538148211391652,17.198685717394564
1138970,129.4616940164088,3.082421286104972,19.97637307849919
60877,116.06672503609333,2.7634934532403173,17.909484492198203
1298353,126.25587967307047,3.0060923731683444,19.48170518596556
460881,120.95474300248839,2.8798748333925808,18.66372203908785
1050789,114.99757522663234,2.738037505396008,17.74451109498704
961100,120.62694206756751,2.8720700492277977,18.613141256708857
