UE ID,Internet usage,Data rate,optimal GU
1087822,111.46022248784493,32.509231558954774,60.195400010880974
1138970,129.4616940164088,37.759660754785905,69.91730577474716
60877,116.06672503609333,33.85279480219389,62.68319572269372
1298353,126.25587967307047,36.824631571312224,68.18596815087946
460881,120.95474300248839,35.27846670905912,65.32302713680748
1050789,114.99757522663234,33.5409594411011,62.10578883245464
961100,120.62694206756751,35.18285810304052,65.145994398481
