UE ID,Internet usage,Data rate,optimal GU
1087822,111.46022248784493,39.80722231708748,66.61022336012451
1138970,129.4616940164088,46.23631929157458,77.36816025065355
60877,116.06672503609333,41.45240179860476,69.36313517744364
1298353,126.25587967307047,45.09138559752517,75.45231974096727
460881,120.95474300248839,43.198122500888715,72.2842846356316
1050789,114.99757522663234,41.07056258094012,68.72419595747755
961100,120.62694206756751,43.08105073841697,72.0883861078396
