UE ID,Internet usage,Data rate,optimal GU
1087822,111.46022248784493,13.932527810980616,39.407139576858235
1138970,129.4616940164088,16.1827117520511,45.771620871450274
60877,116.06672503609333,14.508340629511666,41.03578417156801
1298353,126.25587967307047,15.781984959133808,44.63819434075046
460881,120.95474300248839,15.119342875311048,42.76395949686782
1050789,114.99757522663234,14.374696903329042,40.657782631380925
961100,120.62694206756751,15.078367758445939,42.648064364886906
