UE ID,Internet usage,Data rate,optimal GU
1087822,111.46022248784493,37.15340749594831,64.35158945729285
1138970,129.4616940164088,43.15389800546961,74.7447438901186
60877,116.06672503609333,38.688908345364446,67.01115494354677
1298353,126.25587967307047,42.085293224356825,72.89386611602023
460881,120.95474300248839,40.31824766749613,69.83325343224867
1050789,114.99757522663234,38.33252507554411,66.39388101325042
961100,120.62694206756751,40.20898068918917,69.6439974742315
