UE ID,Internet usage,Data rate,optimal GU
1087822,111.46022248784493,39.143768611802685,66.05280583354691
1138970,129.4616940164088,45.465713970048334,76.72071656487549
60877,116.06672503609333,40.76152843529468,68.78268032688351
1298353,126.25587967307047,44.33986250423308,74.82090847520458
460881,120.95474300248839,42.47815379254057,71.67938458997065
1050789,114.99757522663234,40.38605320459112,68.14908797263352
961100,120.62694206756751,42.36303322611002,71.4851254092235
