UE ID,Internet usage
650774,1.0491084129742612
934666,1.0877524298023138
1278949,1.1706664164703677
313996,1.0861894443193731
1257431,1.0484312918390437
686887,0.9982134425331739
1052737,1.013738823907062
