UE ID,Internet usage
650774,0.3893515557838085
934666,0.4279955726100877
1278949,0.5109095592794715
313996,0.426432587128477
1257431,0.38867443464770407
686887,0.33845658534316436
1052737,0.35398196671705234
