UE ID,Internet usage
650774,0.997684155645771
934666,1.0363281724738236
1278949,1.1192421591463106
313996,1.034765186990883
1257431,0.9970070345105534
686887,0.946789185209117
1052737,0.962314566583005
