UE ID,Internet usage
650774,0.7325287080169445
934666,0.771172724844997
1278949,0.8540867115174842
313996,0.7696097393620562
1257431,0.7318515868817267
686887,0.6816337375802903
1052737,0.6971591189541784
