UE ID,Internet usage
650774,0.7449095983020769
934666,0.7835536151301294
1278949,0.8664676017981833
313996,0.7819906296471888
1257431,0.7442324771668593
686887,0.6940146278609896
1052737,0.7095400092348775
