UE ID,Internet usage
650774,0.40973141823220904
934666,0.4483754350567148
1278949,0.531289421729202
313996,0.4468124495782075
1257431,0.40905429709610464
686887,0.35883644779156487
1052737,0.37436182916545285
