UE ID,Internet usage
650774,0.9550911597125722
934666,0.9937351765406247
1278949,1.0766491632086785
313996,0.9921721910576841
1257431,0.9544140385773545
686887,0.9041961892714848
1052737,0.9197215706453727
