UE ID,Internet usage
650774,0.5942400323140885
934666,0.632884049142141
1278949,0.7157980358146282
313996,0.6313210636592004
1257431,0.5935629111788708
686887,0.5433450618774345
1052737,0.5588704432513225
