UE ID,Internet usage
650774,1.0247200756337693
934666,1.0633640924573886
1278949,1.1462780791298757
313996,1.0618011069788813
1257431,1.0240429544941183
686887,0.9738251051926821
1052737,0.98935048656657
