UE ID,Internet usage
650774,0.3396672262821217
934666,0.3783112431088443
1278949,0.4612252297791148
313996,0.37674825762679026
1257431,0.33899010514601735
686887,0.28877225584192096
1052737,0.30429763721580894
