UE ID,Internet usage
650774,0.276966601224439
934666,0.3156106180511616
1278949,0.3985246047209887
313996,0.31404763256910756
1257431,0.27628948008833465
686887,0.22607163078423828
1052737,0.24159701215812626
