UE ID,Internet usage
650774,0.7062997072116646
934666,0.744943724039717
1278949,0.8278577107077708
313996,0.7433807385567764
1257431,0.7056225860764469
686887,0.6554047367705771
1052737,0.670930118144465
