UE ID,Internet usage
650774,1.0468962180870343
934666,1.0855402349106533
1278949,1.1684542215831406
313996,1.083977249432146
1257431,1.0462190969473832
686887,0.9960012476459468
1052737,1.0115266290198348
