UE ID,Internet usage
650774,0.7956930471260019
934666,0.8343370639540544
1278949,0.9172510506221081
313996,0.8327740784711136
1257431,0.7950159259907841
686887,0.7447980766849144
1052737,0.7603234580588023
