UE ID,Internet usage
650774,0.7029204639293021
934666,0.7415644807573546
1278949,0.824478467429842
313996,0.740001495274414
1257431,0.7022433427940844
686887,0.6520254934926482
1052737,0.6675508748665361
