UE ID,Internet usage
650774,1.00136068630085
934666,1.0400047031289026
1278949,1.122918689796956
313996,1.0384417176459617
1257431,1.000683565165632
686887,0.9504657158597625
1052737,0.9659910972336504
