UE ID,Internet usage
650774,0.6354026177859833
934666,0.6740466346096025
1278949,0.7569606212820897
313996,0.6724836491310952
1257431,0.6347254966463323
686887,0.5845076473448959
1052737,0.6000330287187838
