UE ID,Internet usage
650774,0.3939261503217058
934666,0.4325701671484283
1278949,0.5154841538186987
313996,0.43100718166637425
1257431,0.3932490291856014
686887,0.34303117988150494
1052737,0.358556561255393
