UE ID,Internet usage,Data rate,optimal GU
650774,115.07050119941168,56.850307140185535,80.88135345035741
934666,121.56269602629357,60.057760536799805,85.44462117743237
1278949,135.49224578681165,66.9396214303891,95.23549569211264
313996,121.30011446527872,59.928032741774615,85.26005648166222
1257431,114.95674484852444,56.79410608587815,80.80139579372576
686887,106.52014616544022,52.62602459364012,74.87143535301428
1052737,109.12841023624983,53.91463124767105,76.70474559329416
