UE ID,Internet usage,Data rate,optimal GU
650774,115.07050119941168,23.973021083210767,52.52225767528587
934666,121.56269602629357,25.325561672144495,55.485525637287175
1278949,135.49224578681165,28.227551205585762,61.84346615372588
313996,121.30011446527872,25.2708571802664,55.365674100493216
1257431,114.95674484852444,23.949321843442593,52.47033524241886
686887,106.52014616544022,22.191697117800047,48.61957240296586
1052737,109.12841023624983,22.735085465885383,49.810076625893096
