UE ID,Internet usage,Data rate,optimal GU
650774,115.07050119941168,12.328982271365536,37.66566300020077
934666,121.56269602629357,13.024574574245738,39.790732587385556
1278949,135.49224578681165,14.517026334301248,44.35024802840185
313996,121.30011446527872,12.996440835565577,39.70478259599626
1257431,114.95674484852444,12.316794090913332,37.62842749386343
686887,106.52014616544022,11.412872803440024,34.86690234577785
1052737,109.12841023624983,11.692329668169624,35.72065716984347
