UE ID,Internet usage,Data rate,optimal GU
650774,115.07050119941168,73.97389362819322,92.26165517411965
934666,121.56269602629357,78.14744744547443,97.46699133062926
1278949,135.49224578681165,87.10215800580748,108.63547763546019
313996,121.30011446527872,77.97864501339346,97.25645770832887
1257431,114.95674484852444,73.90076454547999,92.17044718327901
686887,106.52014616544022,68.47723682064014,85.40611965860558
1052737,109.12841023624983,70.15397800901775,87.49738334300596
