UE ID,Internet usage,Data rate,optimal GU
650774,115.07050119941168,86.98781935907907,100.04864802631324
934666,121.56269602629357,91.89560949606715,105.69332071290687
1278949,135.49224578681165,102.42568580312546,117.80444047539049
313996,121.30011446527872,91.6971103398238,105.46501780380032
1257431,114.95674484852444,86.9018249747774,99.94974197313675
686887,106.52014616544022,80.52415811316017,92.61449720245119
1052737,109.12841023624983,82.49588154764123,94.88226601600567
