UE ID,Internet usage,Data rate,optimal GU
650774,115.07050119941168,86.30287589955877,99.65397726489823
934666,121.56269602629357,91.17202201972017,105.27638291129585
1278949,135.49224578681165,101.61918434010875,117.33972686718397
313996,121.30011446527872,90.97508584895905,105.04898060889164
1257431,114.95674484852444,86.21755863639333,99.55546137518807
686887,106.52014616544022,79.89010962408017,92.2491525941028
1052737,109.12841023624983,81.84630767718738,94.50797553920214
