UE ID,Internet usage,Data rate,optimal GU
650774,115.07050119941168,19.178416866568615,46.97733539747972
934666,121.56269602629357,20.260449337715595,49.62776283691259
1278949,135.49224578681165,22.582040964468607,55.3144777135754
313996,121.30011446527872,20.21668574421312,49.52056436352094
1257431,114.95674484852444,19.159457474754074,46.9308945617006
686887,106.52014616544022,17.753357694240037,43.486667572001785
1052737,109.12841023624983,18.188068372708305,44.55148691998812
