UE ID,Internet usage,Data rate,optimal GU
650774,115.07050119941168,42.46649449025907,69.90451205162773
934666,121.56269602629357,44.8624235335131,73.84847429031484
1278949,135.49224578681165,50.003090707037636,82.31057681840275
313996,121.30011446527872,44.76551843361477,73.68895785730055
1257431,114.95674484852444,42.42451297981259,69.8354058765554
686887,106.52014616544022,39.31100632296008,64.7102321076988
1052737,109.12841023624983,40.27357996813982,66.2947340023744
