UE ID,Internet usage,Data rate,optimal GU
650774,115.07050119941168,18.493473407048306,46.13082758705983
934666,121.56269602629357,19.536861861368607,48.73349566531463
1278949,135.49224578681165,21.77553950145187,54.317738817730095
313996,121.30011446527872,19.494661253348365,48.62822885416443
1257431,114.95674484852444,18.475191136369997,46.085223591639505
686887,106.52014616544022,17.119309205160036,42.70305982930279
1052737,109.12841023624983,17.538494502254437,43.74869167150298
