UE ID,Internet usage,Data rate,optimal GU
650774,115.07050119941168,10.274151892804616,34.383888780996124
934666,121.56269602629357,10.853812145204783,36.32380302961162
1278949,135.49224578681165,12.09752194525104,40.48605212684119
313996,121.30011446527872,10.830367362971316,36.24534178110947
1257431,114.95674484852444,10.26399507576111,34.349897569727645
686887,106.52014616544022,9.51072733620002,31.828981541853864
1052737,109.12841023624983,9.743608056808021,32.60834950138653
