UE ID,Internet usage,Data rate,optimal GU
650774,115.07050119941168,114.38555773989138,114.72751831667739
934666,121.56269602629357,120.83910854994659,121.20036229626317
1278949,135.49224578681165,134.68574432379492,135.08839318719907
313996,121.30011446527872,120.57808997441398,120.93856339439911
1257431,114.95674484852444,114.27247851014037,114.61410103167367
686887,106.52014616544022,105.88609767636022,106.20264874933191
1052737,109.12841023624983,108.47883636579597,108.80313854332329
