UE ID,Internet usage,Data rate,optimal GU
650774,115.07050119941168,108.90601006372891,111.94583137241627
934666,121.56269602629357,115.05040873917069,118.2617345774221
1278949,135.49224578681165,128.23373261966103,131.81303584343772
313996,121.30011446527872,114.80189404749594,118.00628325979959
1257431,114.95674484852444,108.79834780306777,111.83516400639952
686887,106.52014616544022,100.81370976372021,103.62765605528162
1052737,109.12841023624983,103.28224540216502,106.1650942935977
