UE ID,Internet usage,Data rate,optimal GU
650774,115.07050119941168,89.04264973763999,101.22342778939023
934666,121.56269602629357,94.06637192510811,106.93438070437493
1278949,135.49224578681165,104.84519019217568,119.18771026864843
313996,121.30011446527872,93.86318381241806,106.70339704302674
1257431,114.95674484852444,88.95462398992962,101.12336037289687
686887,106.52014616544022,82.42630358040017,93.70198453213878
1052737,109.12841023624983,84.44460315900284,95.99638168062887
