UE ID,Internet usage,Data rate,optimal GU
650774,115.07050119941168,82.87815860195722,97.65670099287375
934666,121.56269602629357,87.55408463798524,103.16642175004317
1278949,135.49224578681165,97.58667702502505,114.98799080335694
313996,121.30011446527872,87.36496339463527,102.9435770702774
1257431,114.95674484852444,82.79622694447295,97.56015956975624
686887,106.52014616544022,76.71986717868016,90.40028465478508
1052737,109.12841023624983,78.59843832491804,92.61383601519935
