UE ID,Internet usage,Data rate,optimal GU
650774,115.07050119941168,17.123586488007692,44.38940954221535
934666,121.56269602629357,18.08968690867464,46.893828068201444
1278949,135.49224578681165,20.1625365754184,52.267268546980425
313996,121.30011446527872,18.05061227161886,46.792535031944276
1257431,114.95674484852444,17.106658459601853,44.34552707716193
686887,106.52014616544022,15.851212227000033,41.09103847944776
1052737,109.12841023624983,16.239346761346702,42.09719818872698
