UE ID,Internet usage,Data rate,optimal GU
650774,115.07050119941168,66.43951557346983,87.436996497394
934666,121.56269602629357,70.1879852056576,92.37012888511818
1278949,135.49224578681165,78.2306419126234,102.95457912150007
313996,121.30011446527872,70.03637561388116,92.17060474303638
1257431,114.95674484852444,66.37383482325518,87.35055806573334
686887,106.52014616544022,61.50270344076013,80.93995898244262
1052737,109.12841023624983,63.0086654340252,82.9218637629601
