UE ID,Internet usage,Data rate,optimal GU
650774,115.07050119941168,102.74151892804613,108.73140336185821
934666,121.56269602629357,108.53812145204782,114.86595085289731
1278949,135.49224578681165,120.97521945251039,128.0281381891224
313996,121.30011446527872,108.30367362971313,114.61783459957002
1257431,114.95674484852444,102.63995075761109,108.62391371382184
686887,106.52014616544022,95.10727336200019,100.65207727571617
1052737,109.12841023624983,97.4360805680802,103.11665516319731
