UE ID,Internet usage,Data rate,optimal GU
650774,115.07050119941168,47.26109870690122,73.74522571284186
934666,121.56269602629357,49.927535867942,77.9058782509799
1278949,135.49224578681165,55.64860094815478,86.832908032379
313996,121.30011446527872,49.819689869668046,77.73759762055566
1257431,114.95674484852444,47.2143773485011,73.67232268656659
686887,106.52014616544022,43.74934574652009,68.26556015709313
1052737,109.12841023624983,44.820597061316896,69.9371182072942
