UE ID,Internet usage,Data rate,optimal GU
650774,115.07050119941168,93.83725395428213,103.91294358113295
934666,121.56269602629357,99.131484259537,109.77563704063576
1278949,135.49224578681165,110.49070043329283,122.3545386990801
313996,121.30011446527872,98.91735524847134,109.53851612214862
1257431,114.95674484852444,93.74448835861814,103.81021736417439
686887,106.52014616544022,86.86464300396018,96.19165488435378
1052737,109.12841023624983,88.99162025217991,98.5470143762278
