UE ID,Internet usage,Data rate,optimal GU
650774,115.07050119941168,28.08268184033261,56.84618082501841
934666,121.56269602629357,29.667086530226406,60.053401417901895
1278949,135.49224578681165,33.066559983686176,66.93476281151639
313996,121.30011446527872,29.603004125454927,59.92368303879361
1257431,114.95674484852444,28.054919873747036,56.78998384990204
686887,106.52014616544022,25.995988052280055,52.62220488580756
1052737,109.12841023624983,26.63252868860859,53.91071801005039
