UE ID,Internet usage,Data rate,optimal GU
650774,115.07050119941168,88.35770627811968,100.8333553257732
934666,121.56269602629357,93.34278444876112,106.52230063321291
1278949,135.49224578681165,104.03868872915893,118.7284110254525
313996,121.30011446527872,93.1411593215533,106.292207085624
1257431,114.95674484852444,88.27035765154554,100.73367352696275
686887,106.52014616544022,81.79225509132017,93.34089654341443
1052737,109.12841023624983,83.79502928854897,95.62645205150793
