UE ID,Internet usage,Data rate,optimal GU
650774,115.07050119941168,77.39861092579476,94.37317919498878
934666,121.56269602629357,81.76538482720936,99.69764601645802
1278949,135.49224578681165,91.13466532089116,111.12173717755228
313996,121.30011446527872,81.58876746771723,99.48229406741237
1257431,114.95674484852444,77.32209623740036,94.27988379456079
686887,106.52014616544022,71.64747926604015,87.360746126644
1052737,109.12841023624983,73.40184736128708,89.49987101075135
