UE ID,Internet usage,Data rate,optimal GU
650774,115.07050119941168,54.795476761624606,79.40618977397706
934666,121.56269602629357,57.886998107758835,83.88622982854885
1278949,135.49224578681165,64.52011704133888,93.49853237542791
313996,121.30011446527872,57.761959269180345,83.70503133677416
1257431,114.95674484852444,54.74130707072592,79.3276904340733
686887,106.52014616544022,50.72387912640011,73.50588424488384
1052737,109.12841023624983,51.96590963630944,75.30575744981964
