UE ID,Internet usage
246049,0.8074697129963507
1077633,0.6888028688866779
337336,0.8458989066943834
316307,0.7395230223838629
1043163,0.8060016751697084
1100271,0.7814150771198337
909876,0.6884860067748081
