UE ID,Internet usage
246049,0.6068431982687817
1077633,0.4881763541591089
337336,0.6452723919712479
316307,0.5388965076607274
1043163,0.6053751604421395
1100271,0.5807885623922647
909876,0.4878594920472391
