UE ID,Internet usage
246049,0.7201530640840383
1077633,0.6014862199743655
337336,0.7585822577865045
316307,0.652206373475984
1043163,0.718685026257396
1100271,0.6940984282075212
909876,0.6011693578624956
