UE ID,Internet usage
246049,1.0491500401655134
1077633,0.9304831960514072
337336,1.0875792338635462
316307,0.9812033495530256
1043163,1.0476820023344378
1100271,1.0230954042889964
909876,0.9301663339439709
