UE ID,Internet usage
246049,0.3847460477444883
1077633,0.26607920363259874
337336,0.4231752414434077
316307,0.3167993571333306
1043163,0.38327800991562927
1100271,0.3586914118679712
909876,0.2657623415229457
