UE ID,Internet usage
246049,0.7462276517144548
1077633,0.627560807604782
337336,0.7846568454124875
316307,0.678280961101967
1043163,0.7447596138878125
1100271,0.7201730158379378
909876,0.6272439454929122
