UE ID,Internet usage
246049,0.48293108882440905
1077633,0.36426424471429286
337336,0.5213602825268753
316307,0.4149843982150247
1043163,0.4814630509977669
1100271,0.45687645294789203
909876,0.3639473826046399
