UE ID,Internet usage
246049,1.051727011035412
1077633,0.9330601669213058
337336,1.0901562047334448
316307,0.9837803204229243
1043163,1.0502589732043366
1100271,1.025672375158895
909876,0.9327433048138696
