UE ID,Internet usage
246049,0.6979001803476981
1077633,0.5792333362380253
337336,0.7363293740457308
316307,0.6299534897396438
1043163,0.6964321425210559
1100271,0.6718455444711812
909876,0.5789164741261555
