UE ID,Internet usage
246049,0.7332027438726315
1077633,0.6145358997629587
337336,0.7716319375706642
316307,0.6652560532601438
1043163,0.7317347060459893
1100271,0.7071481079961145
909876,0.614219037651089
