UE ID,Internet usage
246049,1.0647652674310382
1077633,0.9460984233213654
337336,1.1031944611335043
316307,0.9968185768229838
1043163,1.063297229604396
1100271,1.0387106315545211
909876,0.9457815612094955
