UE ID,Internet usage
246049,0.4390049717840723
1077633,0.3203381276721828
337336,0.4774341654838784
316307,0.37105828117291456
1043163,0.4375369339552133
1100271,0.41295033590755525
909876,0.3200212655625297
