UE ID,Internet usage
246049,0.8872935100265121
1077633,0.7686266659168394
337336,0.9257227037245448
316307,0.8193468194140243
1043163,0.8858254721998698
1100271,0.8612388741499951
909876,0.7683098038049696
