UE ID,Internet usage
246049,0.39000185645024826
1077633,0.27133501233835877
337336,0.42843105014916766
316307,0.32205516583909055
1043163,0.3885338186213893
1100271,0.36394722057373124
909876,0.2710181502287057
