UE ID,Internet usage
246049,0.352548467514593
1077633,0.23388162340314683
337336,0.3909776612139558
316307,0.2846017769038786
1043163,0.35108042968573405
1100271,0.32649383163851936
909876,0.23356476129349377
