UE ID,Internet usage
246049,0.9654030832559226
1077633,0.8467362391418164
337336,1.0038322769539554
316307,0.897456392643435
1043163,0.9639350454248471
1100271,0.9393484473794057
909876,0.8464193770343801
