UE ID,Internet usage
246049,0.9212429886243758
1077633,0.8025761445147028
337336,0.9596721823268419
316307,0.8532962980163213
1043163,0.9197749507977335
1100271,0.8951883527478587
909876,0.8022592824028331
