UE ID,Internet usage
246049,1.0491289685351943
1077633,0.9304621244210881
337336,1.087558162233227
316307,0.9811822779227065
1043163,1.0476609307041187
1100271,1.0230743326586775
909876,0.9301452623136518
