UE ID,Internet usage
246049,0.6448558010244232
1077633,0.5261889569147504
337336,0.6832849947268894
316307,0.5769091104163689
1043163,0.643387763197781
1100271,0.6188011651479063
909876,0.5258720948028807
