UE ID,Internet usage
246049,1.0528624367163242
1077633,0.934195592602218
337336,1.091291630414357
316307,0.9849157461038365
1043163,1.0513943988852485
1100271,1.0268078008398072
909876,0.9338787304947817
