UE ID,Internet usage
246049,0.7417839977451258
1077633,0.6231171536354531
337336,0.7802131914475919
316307,0.6738373071370715
1043163,0.7403159599184835
1100271,0.7157293618686089
909876,0.6228002915235833
