UE ID,Internet usage
246049,0.47083342443105924
1077633,0.35216658031916975
337336,0.509262618129092
316307,0.40288673381990153
1043163,0.4693653865999836
1100271,0.4447787885545422
909876,0.3518497182095166
