UE ID,Internet usage
246049,0.610485527254806
1077633,0.4918186831406997
337336,0.6489147209528386
316307,0.5425388366423183
1043163,0.6090174894237304
1100271,0.584430891378289
909876,0.4915018210332634
