UE ID,Internet usage
246049,1.041377826283991
1077633,0.9227109821743182
337336,1.0798070199864571
316307,0.9734311356759368
1043163,1.0399097884573487
1100271,1.015323190407474
909876,0.9223941200624484
