UE ID,Internet usage
246049,0.48718437385744684
1077633,0.36851752974467067
337336,0.5256135675554796
316307,0.41923768324540245
1043163,0.4857163360263712
1100271,0.4611297379809298
909876,0.3682006676350176
