UE ID,Internet usage
246049,0.38483623043076304
1077633,0.26616938631887355
337336,0.42326542412968243
316307,0.3168895398196053
1043163,0.3833681926019041
1100271,0.358781594554246
909876,0.26585252420922045
