UE ID,Internet usage,Data rate,optimal GU
246049,122.6437432050644,106.58325302344883,114.33183770834903
1077633,102.70771339425637,89.25789378310375,95.74692774627287
337336,129.09984774650997,112.19391530351461,120.3503941986422
316307,111.22869918240006,96.66303619422864,103.69042277329815
1043163,122.39711284978684,106.36891950041,114.1019221740001
1100271,118.26656437781088,102.77927618547851,110.2513123898972
909876,102.65448055983458,89.21163191509434,95.69730264818946
