UE ID,Internet usage,Data rate,optimal GU
246049,122.6437432050644,85.41260687495556,102.3490196535715
1077633,102.70771339425637,71.52858611385712,85.7119450373075
337336,129.09984774650997,89.90882253774801,107.73678712812654
316307,111.22869918240006,77.46284407345719,92.82290332272382
1043163,122.39711284978684,85.24084644895869,102.14320095936169
1100271,118.26656437781088,82.364214477404,98.696163420468
909876,102.65448055983458,71.49151324702765,85.66752101473556
