UE ID,Internet usage,Data rate,optimal GU
246049,122.6437432050644,24.82075755340589,55.1734593399315
1077633,102.70771339425637,20.786084853599505,46.20488335373428
337336,129.09984774650997,26.127350139174634,58.07785227595112
316307,111.22869918240006,22.510570072628582,50.03819967817329
1043163,122.39711284978684,24.770844267218763,55.062508307915564
1100271,118.26656437781088,23.934899933604584,53.20430794469662
909876,102.65448055983458,20.775311541871282,46.18093562065988
