UE ID,Internet usage,Data rate,optimal GU
246049,122.6437432050644,8.030245090807787,31.38246830303122
1077633,102.70771339425637,6.72490980557631,26.28117403985895
337336,129.09984774650997,8.452966221497675,33.03447672056789
316307,111.22869918240006,7.282831494085718,28.461550791405752
1043163,122.39711284978684,8.014096674688423,31.31935974889877
1100271,118.26656437781088,7.7436440961661885,30.2624219621975
909876,102.65448055983458,6.7214243223701216,26.267552654085286
