UE ID,Internet usage,Data rate,optimal GU
246049,122.6437432050644,41.61127001600399,71.4378185156811
1077633,102.70771339425637,34.8472599016227,59.825432573037254
337336,129.09984774650997,43.8017340568516,75.19838560615953
316307,111.22869918240006,37.73830865117145,64.7887565910453
1043163,122.39711284978684,41.52759185974911,71.29416068120587
1100271,118.26656437781088,40.12615577104298,68.8881890074788
909876,102.65448055983458,34.829198761372446,59.79442538534778
