UE ID,Internet usage,Data rate,optimal GU
246049,122.6437432050644,30.6609358012661,61.3218716025322
1077633,102.70771339425637,25.676928348564093,51.35385669712819
337336,129.09984774650997,32.27496193662749,64.54992387325498
316307,111.22869918240006,27.807174795600016,55.61434959120003
1043163,122.39711284978684,30.59927821244671,61.19855642489342
1100271,118.26656437781088,29.56664109445272,59.13328218890544
909876,102.65448055983458,25.663620139958645,51.32724027991729
