UE ID,Internet usage,Data rate,optimal GU
246049,122.6437432050644,61.3218716025322,86.7222224904026
1077633,102.70771339425637,51.35385669712819,72.62532062124308
337336,129.09984774650997,64.54992387325498,91.28737779170802
316307,111.22869918240006,55.61434959120003,78.65056745443368
1043163,122.39711284978684,61.19855642489342,86.54782849373939
1100271,118.26656437781088,59.13328218890544,83.62708965918546
909876,102.65448055983458,51.32724027991729,72.58767932304164
