UE ID,Internet usage,Data rate,optimal GU
246049,122.6437432050644,109.50334214737892,115.88744442095289
1077633,102.70771339425637,91.70331553058604,97.04966691760714
337336,129.09984774650997,115.26772120224103,121.98788979770278
316307,111.22869918240006,99.31133855571433,105.10124167494425
1043163,122.39711284978684,109.28313647302394,115.65440064030149
1100271,118.26656437781088,105.59514676590256,111.75139919917783
909876,102.65448055983458,91.655786214138,96.99936661708459
