UE ID,Internet usage,Data rate,optimal GU
246049,122.6437432050644,89.79274056085072,104.94054419062228
1077633,102.70771339425637,75.19671873508055,87.88221114668862
337336,129.09984774650997,94.51953138583765,110.46473243068627
316307,111.22869918240006,81.43529761568576,95.17322218630791
1043163,122.39711284978684,89.61217190787964,104.72951407183767
1100271,118.26656437781088,86.5880203480401,101.19519594742965
909876,102.65448055983458,75.15774469559317,87.83666228730905
