UE ID,Internet usage,Data rate,optimal GU
246049,122.6437432050644,59.131804759584625,85.15953192794393
1077633,102.70771339425637,49.51979038651647,71.3166490965608
337336,129.09984774650997,62.24456944921017,89.6424254409713
316307,111.22869918240006,53.62812282008575,77.23332403096556
1043163,122.39711284978684,59.01289369543294,84.98828042284642
1100271,118.26656437781088,57.02137925358739,82.12017182401631
909876,102.65448055983458,49.494124555634535,71.27968607550413
