UE ID,Internet usage,Data rate,optimal GU
246049,122.6437432050644,43.80133685895157,73.2936553172768
1077633,102.70771339425637,36.681326212234424,61.37959872406626
337336,129.09984774650997,46.10708848089642,77.15191574367154
316307,111.22869918240006,39.72453542228574,66.47186172092682
1043163,122.39711284978684,43.71325458920959,73.14626548899778
1100271,118.26656437781088,42.23805870636103,70.67779063602372
909876,102.65448055983458,36.66231448565521,61.347786020737814
