UE ID,Internet usage,Data rate,optimal GU
246049,122.6437432050644,97.09296337067599,109.12307027687551
1077633,102.70771339425637,81.3102731037863,91.38485774980664
337336,129.09984774650997,102.20404613265373,114.86743139290125
316307,111.22869918240006,88.05605351940005,98.96646042017805
1043163,122.39711284978684,96.89771433941459,108.90362930999011
1100271,118.26656437781088,93.62769679910029,105.22844687173213
909876,102.65448055983458,81.26813044320238,91.33749348824841
