UE ID,Internet usage,Data rate,optimal GU
246049,122.6437432050644,91.25278512281577,105.79027906830352
1077633,102.70771339425637,76.4194296088217,88.59381961522716
337336,129.09984774650997,96.05643433520086,111.35919830776021
316307,111.22869918240006,82.75944879642861,95.94386814528168
1043163,122.39711284978684,91.06928039418663,105.57754017572175
1100271,118.26656437781088,87.99595563825214,102.01460362359076
909876,102.65448055983458,76.37982184511502,88.54790193315135
