UE ID,Internet usage,Data rate,optimal GU
246049,122.6437432050644,108.04329758541388,115.11226886867384
1077633,102.70771339425637,90.4806046568449,96.4004979802192
337336,129.09984774650997,113.73081825287782,121.17190813275379
316307,111.22869918240006,97.98718737497148,104.39821544576408
1043163,122.39711284978684,107.82602798671698,114.88078392679287
1100271,118.26656437781088,104.18721147569055,111.00388981172846
909876,102.65448055983458,90.43370906461618,96.3505341403325
