UE ID,Internet usage,Data rate,optimal GU
246049,122.6437432050644,77.38236178414778,97.41900485663159
1077633,102.70771339425637,64.8036763082808,81.58331577697162
337336,129.09984774650997,81.45585631625033,102.5472508090271
316307,111.22869918240006,70.18001257937146,88.35174875353606
1043163,122.39711284978684,77.22674977427026,97.223100172457
1100271,118.26656437781088,74.62057038123781,93.94210180159709
909876,102.65448055983458,64.77008892465753,81.54103159989462
