UE ID,Internet usage,Data rate,optimal GU
246049,122.6437432050644,93.44285196576335,107.05223557141592
1077633,102.70771339425637,78.25349591943343,89.65064211143041
337336,129.09984774650997,98.36178875924568,112.68758562012496
316307,111.22869918240006,84.7456755675429,97.08836827710877
1043163,122.39711284978684,93.25494312364711,106.83695894822861
1100271,118.26656437781088,90.1078585735702,103.23152065594024
909876,102.65448055983458,78.21293756939778,89.60417668415519
