UE ID,Internet usage,Data rate,optimal GU
246049,122.6437432050644,20.440623867510734,50.06909849955655
1077633,102.70771339425637,17.117952232376062,41.93024841065757
337336,129.09984774650997,21.516641291084994,52.70479214165769
316307,111.22869918240006,18.53811653040001,45.408926291734105
1043163,122.39711284978684,20.399518808297806,49.968412078637996
1100271,118.26656437781088,19.71109406296848,48.282122726275695
909876,102.65448055983458,17.109080093305764,41.908516197008325
