UE ID,Internet usage,Data rate,optimal GU
246049,122.6437432050644,87.60267371790314,103.65288138559177
1077633,102.70771339425637,73.36265242446885,86.80386096859283
337336,129.09984774650997,92.21417696179284,109.10928560776661
316307,111.22869918240006,79.44907084457148,94.0054083619237
1043163,122.39711284978684,87.42650917841918,103.44444069148375
1100271,118.26656437781088,84.47611741272206,99.95349007603087
909876,102.65448055983458,73.32462897131042,86.75887101208998
