UE ID,Internet usage,Data rate,optimal GU
246049,122.6437432050644,95.63291880871094,108.29948816280859
1077633,102.70771339425637,80.08756223004515,90.69515085145484
337336,129.09984774650997,100.66714318329052,114.00049499032417
316307,111.22869918240006,86.73190233865719,98.21953306111672
1043163,122.39711284978684,95.4406058531076,108.08170337783744
1100271,118.26656437781088,92.21976150888825,104.43425856201257
909876,102.65448055983458,80.04605329368054,90.64814406113129
