UE ID,Internet usage,Data rate,optimal GU
246049,122.6437432050644,97.8229856516585,109.53253914620397
1077633,102.70771339425637,81.92162854065687,91.72776648836773
337336,129.09984774650997,102.97249760733533,115.29845516391299
316307,111.22869918240006,88.71812910977147,99.33781804920068
1043163,122.39711284978684,97.62626858256807,109.3122747581633
1100271,118.26656437781088,94.3316644442063,105.62330171821357
909876,102.65448055983458,81.87916901796329,91.6802244991248
