UE ID,Internet usage,Data rate,optimal GU
246049,122.6437432050644,37.96115861109136,68.23267976904768
1077633,102.70771339425637,31.79048271726983,57.14129669153834
337336,129.09984774650997,39.95947668344356,71.82452475208436
316307,111.22869918240006,34.4279306993143,61.88193554848254
1043163,122.39711284978684,37.88482064398164,68.09546730624113
1100271,118.26656437781088,36.606317545512894,65.797442280312
909876,102.65448055983458,31.774005887567846,57.111680676490366
