UE ID,Internet usage,Data rate,optimal GU
246049,122.6437432050644,32.12098036323115,62.76493660606244
1077633,102.70771339425637,26.89963922230524,52.5623480797179
337336,129.09984774650997,33.8118648859907,66.06895344113578
316307,111.22869918240006,29.131325976342872,56.923101582811505
1043163,122.39711284978684,32.05638669875369,62.63871949779754
1100271,118.26656437781088,30.974576384664754,60.524843924395
909876,102.65448055983458,26.885697289480486,52.53510530817057
