UE ID,Internet usage
929504,0.7102992070775082
916574,0.6074513413421799
689520,0.5886754289412471
924604,0.5687165199856118
270783,0.6744765131327866
724974,0.64631947180386
100065,0.6113393157958419
