UE ID,Internet usage
929504,0.7805970824046358
916574,0.6777492166693075
689520,0.6589733042683747
924604,0.6390143953127394
270783,0.7447743884599142
724974,0.7166173471309876
100065,0.6816371911229695
