UE ID,Internet usage
929504,0.4136668772030282
916574,0.31081901146769997
689520,0.2920430990689839
924604,0.2720841901120185
270783,0.37784418326052327
724974,0.3496871419284934
100065,0.3147069859222486
