UE ID,Internet usage
929504,0.7214674538843603
916574,0.6186195881490322
689520,0.5998436757525328
924604,0.5798847667968974
270783,0.6856447599440721
724974,0.6574877186107122
100065,0.6225075626071276
