UE ID,Internet usage
929504,0.4345054971055996
916574,0.3316576313702713
689520,0.31288171897155526
924604,0.29292281001414655
270783,0.39868280316265126
724974,0.3705257618306214
100065,0.3355456058243766
