UE ID,Internet usage
929504,0.8492807138047023
916574,0.746432848069374
689520,0.7276569356728746
924604,0.7076980267128059
270783,0.8134580198599807
724974,0.7853009785310541
100065,0.7503208225230359
