UE ID,Internet usage
929504,0.8065283589400676
916574,0.7036804932047395
689520,0.6849045808038066
924604,0.6649456718481712
270783,0.770705664995346
724974,0.7425486236664195
100065,0.7075684676584013
