UE ID,Internet usage
929504,0.9393824236748715
916574,0.8365345579395432
689520,0.8177586455386106
924604,0.7977997365829751
270783,0.9035597297301499
724974,0.8754026883967899
100065,0.8404225323932052
