UE ID,Internet usage
929504,0.3747889359348689
916574,0.27194107019954067
689520,0.2531651578008246
924604,0.23320624884341587
270783,0.33896624199192066
724974,0.3108092006603341
100065,0.275829044653646
