UE ID,Internet usage
929504,0.7568249500392087
916574,0.6539770843038805
689520,0.6352011719029477
924604,0.6152422629473122
270783,0.7210022560944871
724974,0.6928452147655605
100065,0.6578650587575424
