UE ID,Internet usage
929504,1.078049797990631
916574,0.9752019322553027
689520,0.9564260198588033
924604,0.9364671108987346
270783,1.0422271040503426
724974,1.0140700627169827
100065,0.9790899067089647
