UE ID,Internet usage
929504,0.8648062949535343
916574,0.7619584292182062
689520,0.7431825168172734
924604,0.7232236078616381
270783,0.8289836010088127
724974,0.8008265596754529
100065,0.7658464036718681
