UE ID,Internet usage
929504,1.0081929428039256
916574,0.9053450770685972
689520,0.8865691646676644
924604,0.8666102557120291
270783,0.9723702488592038
724974,0.9442132075302774
100065,0.9092330515222593
