UE ID,Internet usage
929504,1.0827284451594419
916574,0.9798805794241137
689520,0.9611046670276144
924604,0.941145758071979
270783,1.0469057512191537
724974,1.018748709885794
100065,0.9837685538822091
