UE ID,Internet usage
929504,0.7246930756789353
916574,0.621845209943607
689520,0.6030692975471077
924604,0.5831103885870389
270783,0.6888703817386471
724974,0.6607133404052872
100065,0.625733184397269
