UE ID,Internet usage
929504,0.9392034664272834
916574,0.8363556006919551
689520,0.8175796882954557
924604,0.797620779335387
270783,0.9033807724869951
724974,0.8752237311536352
100065,0.840243575145617
