UE ID,Internet usage
929504,0.7476853631835003
916574,0.644837497448172
689520,0.6260615850472393
924604,0.6061026760916038
270783,0.7118626692387787
724974,0.6837056279054187
100065,0.6487254719018339
