UE ID,Internet usage
929504,0.41375705988930295
916574,0.3109091941539747
689520,0.29213328175525866
924604,0.27217437279829326
270783,0.3779343659467981
724974,0.3497773246147682
100065,0.31479716860852336
