UE ID,Internet usage
929504,1.008429355677463
916574,0.9055814899421348
689520,0.886805577541202
924604,0.8668466685855667
270783,0.9726066617327415
724974,0.9444496203993815
100065,0.9094694643957967
