UE ID,Internet usage
929504,1.079902553986495
916574,0.9770546882511667
689520,0.9582787758546674
924604,0.9383198668945985
270783,1.0440798600462067
724974,1.0159228187128468
100065,0.9809426627048287
