UE ID,Internet usage
929504,1.0550062993378133
916574,0.9521584336024852
689520,0.9333825212015525
924604,0.9134236122459171
270783,1.0191836053930918
724974,0.9910265640641652
100065,0.9560464080561472
