UE ID,Internet usage
929504,0.8472508399262819
916574,0.7444029741909538
689520,0.7256270617944544
924604,0.7056681528343856
270783,0.8114281459815602
724974,0.7832711046526338
100065,0.7482909486446156
