UE ID,Internet usage,Data rate,optimal GU
929504,127.50244255410355,93.35000258425438,109.0979071381496
916574,110.22400111055694,80.69971509880061,94.31354879693494
689520,107.06964782760096,78.39027787377927,91.6145154713669
924604,103.71655112277442,75.93533207203127,88.74542664765144
270783,121.484229971737,88.94381122930743,103.94840267144053
724974,116.75384702795692,85.48049514546845,99.90083410106263
100065,110.87718081889537,81.17793595669124,94.8724442795418
