UE ID,Internet usage,Data rate,optimal GU
929504,127.50244255410355,100.93943368866532,113.44612970627422
916574,110.22400111055694,87.26066754585759,98.07252375911689
689520,107.06964782760096,84.76347119685076,95.26591735606081
924604,103.71655112277442,82.10893630552975,92.28247769738904
270783,121.484229971737,96.17501539429179,108.09138581633363
724974,116.75384702795692,92.43012889713256,103.88249674526578
100065,110.87718081889537,87.77776814829217,98.65369466399758
