UE ID,Internet usage,Data rate,optimal GU
929504,127.50244255410355,62.23333505616959,89.0780681646697
916574,110.22400111055694,53.79981006586708,77.00669012785762
689520,107.06964782760096,52.26018524918618,74.80293864572134
924604,103.71655112277442,50.623554714687515,72.46033743077972
270783,121.484229971737,59.295874152871626,84.87351537412971
724974,116.75384702795692,56.98699676364564,81.56868947534562
100065,110.87718081889537,54.1186239711275,77.46302637850208
