UE ID,Internet usage,Data rate,optimal GU
929504,127.50244255410355,12.902032877498574,40.559101392836816
916574,110.22400111055694,11.153619159996833,35.06275132784391
689520,107.06964782760096,10.834428649221525,34.05933733773191
924604,103.71655112277442,10.495127196947411,32.99270216975591
270783,121.484229971737,12.293047080473386,38.64468085749472
724974,116.75384702795692,11.814377377828974,37.13992473204003
100065,110.87718081889537,11.219714725721555,35.270530735732514
