UE ID,Internet usage,Data rate,optimal GU
929504,127.50244255410355,126.74349944366247,127.12240462216576
916574,110.22400111055694,109.56790586585126,109.89546386379644
689520,107.06964782760096,106.43232849529382,106.75051254894586
924604,103.71655112277442,103.09919069942458,103.40741019333933
270783,121.484229971737,120.76110955523856,121.12213012018377
724974,116.75384702795692,116.05888365279051,116.40584670983392
100065,110.87718081889537,110.21719759973529,110.54669668342773
