UE ID,Internet usage,Data rate,optimal GU
929504,127.50244255410355,107.76992168263514,117.22170553442919
916574,110.22400111055694,93.16552474820884,101.33645397048483
689520,107.06964782760096,90.4993451876151,98.43644151363073
924604,103.71655112277442,87.66518011567838,95.35371065226032
270783,121.484229971737,102.68309914277769,111.68875158435551
724974,116.75384702795692,98.68479927363026,107.33978739674335
100065,110.87718081889537,93.717617120733,101.93696669712865
