UE ID,Internet usage,Data rate,optimal GU
929504,127.50244255410355,75.13536793366816,97.87718290666093
916574,110.22400111055694,64.95342922586391,84.61339642826132
689520,107.06964782760096,63.09461389840771,82.1919587911188
924604,103.71655112277442,61.11868191163492,79.6179558708001
270783,121.484229971737,71.58892123334502,93.2573051859223
724974,116.75384702795692,68.80137414147461,89.6260292093037
100065,110.87718081889537,65.33833869684905,85.11480948751962
