UE ID,Internet usage,Data rate,optimal GU
929504,127.50244255410355,85.00162836940237,104.10530840535935
916574,110.22400111055694,73.48266740703797,89.99752004294362
689520,107.06964782760096,71.37976521840064,87.42200137237191
924604,103.71655112277442,69.14436741518294,84.68420937736101
270783,121.484229971737,80.98948664782466,99.19145840856083
724974,116.75384702795692,77.83589801863795,95.32911690848557
100065,110.87718081889537,73.91812054593025,90.53083904153331
