UE ID,Internet usage,Data rate,optimal GU
929504,127.50244255410355,112.32358034528171,119.67259857814368
916574,110.22400111055694,97.10209621644303,103.45521524407856
689520,107.06964782760096,94.323261181458,100.49456879179856
924604,103.71655112277442,91.36934265577747,97.34738362489378
270783,121.484229971737,107.02182164176831,114.02396060619365
724974,116.75384702795692,102.85457952462872,109.58406747307444
100065,110.87718081889537,97.67751643569355,104.06828360159025
