UE ID,Internet usage,Data rate,optimal GU
929504,127.50244255410355,22.009350202791683,52.97401164613262
916574,110.22400111055694,19.026762096465188,45.795260087164934
689520,107.06964782760096,18.48226063690731,44.48470678167495
924604,103.71655112277442,17.903452277145583,43.091580655352175
270783,121.484229971737,20.9704920784546,50.47359787333837
724974,116.75384702795692,20.153937879825897,48.50824445629979
100065,110.87718081889537,19.139513355642652,46.06663959004665
