UE ID,Internet usage,Data rate,optimal GU
929504,127.50244255410355,59.956505724846316,87.43340852858819
916574,110.22400111055694,51.831524331749996,75.58490587084614
689520,107.06964782760096,50.34822725226474,73.42184253097989
924604,103.71655112277442,48.77147344463798,71.12249305848206
270783,121.484229971737,57.12651290337633,83.30648492786844
724974,116.75384702795692,54.902106638146414,80.06267644753531
100065,110.87718081889537,52.13867431364723,76.03281672759309
