UE ID,Internet usage,Data rate,optimal GU
929504,127.50244255410355,98.66260435734203,112.15936449672961
916574,110.22400111055694,85.29238181174048,96.96013401155822
689520,107.06964782760096,82.85151319992931,94.18536160306581
924604,103.71655112277442,80.2568550354802,91.23576167403041
270783,121.484229971737,94.00565414479648,106.86535690657674
724974,116.75384702795692,90.34523877163333,102.70420725193064
100065,110.87718081889537,85.79781849081189,97.5347129727284
