UE ID,Internet usage,Data rate,optimal GU
929504,127.50244255410355,119.91301144969263,123.64951214563685
916574,110.22400111055694,103.66304866349999,106.89319899324438
689520,107.06964782760096,100.69645450452948,103.83416548173348
924604,103.71655112277442,97.54294688927595,100.58239427309164
270783,121.484229971737,114.25302580675266,117.81316081862137
724974,116.75384702795692,109.80421327629283,113.2257228719934
100065,110.87718081889537,104.27734862729446,107.52664060159007
