UE ID,Internet usage,Data rate,optimal GU
929504,127.50244255410355,69.82276616058053,94.35344843384382
916574,110.22400111055694,60.36076251292404,81.56717939378929
689520,107.06964782760096,58.63337857225767,79.23291736818753
924604,103.71655112277442,56.797158948185995,76.75158265259341
270783,121.484229971737,66.52707831785598,89.8998936690927
724974,116.75384702795692,63.936630515309744,86.39934941113547
100065,110.87718081889537,60.71845616272842,82.05054078431787
