UE ID,Internet usage,Data rate,optimal GU
929504,127.50244255410355,113.84146656616387,120.47848376837753
916574,110.22400111055694,98.41428670585441,104.15189123180033
689520,107.06964782760096,95.59789984607228,101.17130754110687
924604,103.71655112277442,92.60406350247715,98.002928968635
270783,121.484229971737,108.46806247476516,114.79180740049834
724974,116.75384702795692,104.24450627496152,110.32201565930416
100065,110.87718081889537,98.99748287401371,104.76908804240645
