UE ID,Internet usage,Data rate,optimal GU
929504,127.50244255410355,26.563008865438242,58.19663660324094
916574,110.22400111055694,22.963333564699365,50.31014315560544
689520,107.06964782760096,22.3061766307502,48.87038444942588
924604,103.71655112277442,21.60761481724467,47.339912197151094
270783,121.484229971737,25.309214577445207,55.449710947221284
724974,116.75384702795692,24.32371813082436,53.29059641059959
100065,110.87718081889537,23.099412670603204,50.608277539240106
