UE ID,Internet usage,Data rate,optimal GU
929504,127.50244255410355,125.22561322278028,126.35889979039835
916574,110.22400111055694,108.25571537643987,109.23542507756741
689520,107.06964782760096,105.15768983067953,106.10936253005647
924604,103.71655112277442,101.86446985272488,102.78633904889527
270783,121.484229971737,119.3148687222417,120.39466329908656
724974,116.75384702795692,114.66895690245771,115.70670617144424
100065,110.87718081889537,108.8972311614151,109.88274655359353
