UE ID,Internet usage,Data rate,optimal GU
929504,127.50244255410355,66.02805060837505,91.75367965184711
916574,110.22400111055694,57.08028628939556,79.3197172168008
689520,107.06964782760096,55.446781910721924,77.0497723056648
924604,103.71655112277442,53.71035683143675,74.63680707352215
270783,121.484229971737,62.9114762353638,87.42283595742249
724974,116.75384702795692,60.46181363947769,84.01874398428257
100065,110.87718081889537,57.41854006692795,79.78976030392471
