UE ID,Internet usage,Data rate,optimal GU
929504,127.50244255410355,15.937805319262944,45.07892087392742
916574,110.22400111055694,13.778000138819618,38.97006931739418
689520,107.06964782760096,13.38370597845012,37.854837019076065
924604,103.71655112277442,12.964568890346802,36.66933831009751
270783,121.484229971737,15.185528746467124,42.951161410120626
724974,116.75384702795692,14.594230878494615,41.27871848154259
100065,110.87718081889537,13.859647602361921,39.201003217943956
