UE ID,Internet usage,Data rate,optimal GU
929504,127.50244255410355,33.393496859408074,65.25145527110729
916574,110.22400111055694,28.868190767050628,56.40893095217422
689520,107.06964782760096,28.042050621514537,54.794639194079195
924604,103.71655112277442,27.1638586273933,53.078637247200064
270783,121.484229971737,31.817298325931116,62.171536790614866
724974,116.75384702795692,30.57838850732205,59.750686139535794
100065,110.87718081889537,29.039261643044025,56.743206325013084
