UE ID,Internet usage,Data rate,optimal GU
929504,127.50244255410355,65.26910749793396,91.22483559488028
916574,110.22400111055694,56.42419104468986,78.8625392462871
689520,107.06964782760096,54.80946257841478,76.60567770009573
924604,103.71655112277442,53.092996408086904,74.20662016438037
270783,121.484229971737,62.18835581886537,86.9189537434917
724974,116.75384702795692,59.76685026431129,83.53448206041746
100065,110.87718081889537,56.75855684776787,79.32987312878743
