UE ID,Internet usage
1245189,1.0012656566038656
1218674,1.0295753285703735
314859,0.9320145382489934
971894,0.9628053794877535
1120383,1.0329275878310518
1128482,0.9831609257255041
886866,1.0581983561664434
