UE ID,Internet usage
1245189,0.4193796687380257
1218674,0.44768934070985367
314859,0.35012855038492685
971894,0.3809193916263468
1120383,0.4510415999660985
1128482,0.40127493786232415
886866,0.47631236830149015
