UE ID,Internet usage
1245189,1.043725880005968
1218674,1.0720355519769094
314859,0.9744747616510959
971894,1.0052656028942892
1120383,1.075387811233154
1128482,1.0256211491276066
886866,1.1006585795685457
