UE ID,Internet usage
1245189,0.9959781533325568
1218674,1.024287825303498
314859,0.9267270349776845
971894,0.9575178762208779
1120383,1.0276400845597429
1128482,0.9778734224541952
886866,1.0529108528951345
