UE ID,Internet usage
1245189,0.8148448159188624
1218674,0.8431544878853703
314859,0.7455936975639902
971894,0.7763845388071835
1120383,0.8465067471460486
1128482,0.7967400850405008
886866,0.8717775154814402
