UE ID,Internet usage
1245189,0.5600241728188261
1218674,0.5883338447897675
314859,0.4907730544683873
971894,0.5215638957071472
1120383,0.5916861040460123
1128482,0.5419194419448979
886866,0.6169568723858374
