UE ID,Internet usage
1245189,0.9966608937781554
1218674,1.0249705657490966
314859,0.9274097754232831
971894,0.9582006166664765
1120383,1.0283228250053416
1128482,0.9785561628997937
886866,1.0535935933407332
