UE ID,Internet usage
1245189,1.0079366017933884
1218674,1.0362462737643297
314859,0.9386854834429497
971894,0.9694763246817095
1120383,1.0395985330205746
1128482,0.9898318709194603
886866,1.0648693013603996
