UE ID,Internet usage
1245189,0.784438883894838
1218674,0.8127485558657792
314859,0.7151877655443992
971894,0.7459786067831591
1120383,0.8161008151264575
1128482,0.7663341530209097
886866,0.8413715834618491
