UE ID,Internet usage
1245189,0.343257417976535
1218674,0.3715670899465896
314859,0.2740062996229929
971894,0.30479714086441284
1120383,0.37491934920416453
1128482,0.32515268710039014
886866,0.40019011754132955
