UE ID,Internet usage
1245189,0.6171530674477458
1218674,0.6454627394142536
314859,0.5479019490928736
971894,0.5786927903360669
1120383,0.648814998674932
1128482,0.5990483365693842
886866,0.6740857670103236
