UE ID,Internet usage
1245189,1.0473139124223394
1218674,1.0756235843932807
314859,0.9780627940674672
971894,1.0088536353106605
1120383,1.0789758436495256
1128482,1.029209181543978
886866,1.1042466119849172
