UE ID,Internet usage
1245189,0.642085269992944
1218674,0.6703949419638854
314859,0.5728341516425053
971894,0.6036249928812651
1120383,0.6737472012245636
1128482,0.6239805391190159
886866,0.6990179695599553
