UE ID,Internet usage
1245189,0.6790320920641852
1218674,0.7073417640351266
314859,0.6097809737093132
971894,0.6405718149525065
1120383,0.7106940232913713
1128482,0.6609273611858236
886866,0.735964791626763
