UE ID,Internet usage
1245189,0.8893830984450201
1218674,0.9176927704159615
314859,0.8201319800945813
971894,0.8509228213333412
1120383,0.9210450296766397
1128482,0.871278367571092
886866,0.9463157980120314
