UE ID,Internet usage
1245189,0.5625954112459894
1218674,0.5909050832124972
314859,0.49334429289111725
971894,0.5241351341298772
1120383,0.5942573424731755
1128482,0.5444906803676278
886866,0.6195281108085672
