UE ID,Internet usage
1245189,0.6935086440795245
1218674,0.7218183160504659
314859,0.6242575257246523
971894,0.6550483669678456
1120383,0.7251705753067106
1128482,0.6754039132055963
886866,0.7504413436465357
