UE ID,Internet usage
1245189,0.5392687771611651
1218674,0.5675784491321064
314859,0.4700176588062929
971894,0.5008085000494863
1120383,0.5709307083883512
1128482,0.5211640462828036
886866,0.596201476723743
