UE ID,Internet usage
1245189,0.31666120262906217
1218674,0.34497087459956016
314859,0.2474100842759634
971894,0.27820092551738335
1120383,0.34832313385669167
1128482,0.29855647175336064
886866,0.37359390219430005
