UE ID,Internet usage
1245189,0.5888574993457953
1218674,0.6171671713167366
314859,0.519606380990923
971894,0.5503972222341165
1120383,0.6205194305729814
1128482,0.5707527684674337
886866,0.6457901989083731
