UE ID,Internet usage
1245189,0.6696917096524918
1218674,0.6980013816234332
314859,0.6004405912976197
971894,0.6312314325408129
1120383,0.701353640879678
1128482,0.6515869787785636
886866,0.7266244092195031
