UE ID,Internet usage
1245189,0.690439039498198
1218674,0.7187487114691393
314859,0.6211879211477592
971894,0.6519787623865191
1120383,0.722100970725384
1128482,0.6723343086242698
886866,0.7473717390652093
