UE ID,Internet usage
1245189,0.7255900542851786
1218674,0.7538997262561201
314859,0.65633893593474
971894,0.6871297771734999
1120383,0.7572519855123648
1128482,0.7074853234112506
886866,0.7825227538521901
