UE ID,Internet usage
1245189,0.7991441457640515
1218674,0.8274538177349927
314859,0.7298930274091793
971894,0.7606838686523726
1120383,0.8308060769912377
1128482,0.7810394148856898
886866,0.8560768453266293
