UE ID,Internet usage,Data rate,optimal GU
1245189,114.16623566033101,36.016729107128235,64.12405463598434
1218674,118.92226055133519,37.51714172155217,66.79538384463252
314859,102.53204777693985,32.34641983439174,57.58944924092267
971894,107.70490910551443,33.97833442019205,60.494904085249665
1120383,119.4854401065723,37.69481146219245,67.11170641024061
1128482,111.12464087316968,35.05717837070234,62.41567396472579
886866,123.73092918724966,39.034162184072805,69.49628160614877
