UE ID,Internet usage,Data rate,optimal GU
1245189,114.16623566033101,86.98379859834743,99.6524603279302
1218674,118.92226055133519,90.6074366105411,103.8038591984294
314859,102.53204777693985,78.11965544909702,89.49730858983914
971894,107.70490910551443,82.060883128011,94.01255213225875
1120383,119.4854401065723,91.03652579548366,104.29544261590094
1128482,111.12464087316968,84.66639304622451,96.99753873830166
886866,123.73092918724966,94.2711841426664,108.00120929672237
