UE ID,Internet usage,Data rate,optimal GU
1245189,114.16623566033101,50.287508564669615,75.77028146684546
1218674,118.92226055133519,52.382424290469075,78.92677815406982
314859,102.53204777693985,45.16292580650922,68.04885940660132
971894,107.70490910551443,47.44144805838136,71.48200368597644
1120383,119.4854401065723,52.63049147551399,79.3005513031088
1128482,111.12464087316968,48.94775847984855,73.75162427106142
886866,123.73092918724966,54.50052833247902,82.11821364212483
