UE ID,Internet usage,Data rate,optimal GU
1245189,114.16623566033101,45.53058207882248,72.09753923236833
1218674,118.92226055133519,47.4273301008301,75.10103399757622
314859,102.53204777693985,40.890757149136725,64.75039046716654
971894,107.70490910551443,42.953743512318255,68.01712314363067
1120383,119.4854401065723,47.651931471073475,75.45668958912415
1128482,111.12464087316968,44.317565110133145,70.17673052541605
886866,123.73092918724966,49.34507294967695,78.13777400768559
