UE ID,Internet usage,Data rate,optimal GU
1245189,114.16623566033101,33.97804632747947,62.28278770495638
1218674,118.92226055133519,35.39352992599262,64.87741199901836
314859,102.53204777693985,30.515490409803526,55.935817868649465
971894,107.70490910551443,32.055032471879294,58.75784508266171
1120383,119.4854401065723,35.56114288886081,65.18465163493809
1128482,111.12464087316968,33.07280978368146,60.62346171143854
886866,123.73092918724966,36.824681305729065,67.50075581045148
