UE ID,Internet usage,Data rate,optimal GU
1245189,114.16623566033101,18.348145016838913,45.76831489056987
1218674,118.92226055133519,19.112506160036013,47.674966568974135
314859,102.53204777693985,16.478364821293905,41.10426363703346
971894,107.70490910551443,17.30971753481482,43.17802165140686
1120383,119.4854401065723,19.20301715998483,47.90074067000267
1128482,111.12464087316968,17.859317283187984,44.548964290253224
886866,123.73092918724966,19.885327905093696,49.602722696343875
