UE ID,Internet usage,Data rate,optimal GU
1245189,114.16623566033101,55.04443505051674,79.2730467672782
1218674,118.92226055133519,57.33751848010804,82.57546434661089
314859,102.53204777693985,49.43509446388172,71.19467302704786
971894,107.70490910551443,51.92915260444446,74.78652727054572
1120383,119.4854401065723,57.6090514799545,82.9665165606255
1128482,111.12464087316968,53.57795184956396,77.16106957529018
886866,123.73092918724966,59.65598371528109,85.91443590381748
