UE ID,Internet usage,Data rate,optimal GU
1245189,114.16623566033101,77.46994562665319,94.04494706790747
1218674,118.92226055133519,80.69724823126316,97.96274383628733
314859,102.53204777693985,69.57531813435205,84.46123278195253
971894,107.70490910551443,73.0854740358848,88.7224004294767
1120383,119.4854401065723,81.07940578660263,98.42666551291667
1128482,111.12464087316968,75.40600630679371,91.5394197628673
886866,123.73092918724966,83.96027337706228,101.92390612490975
