UE ID,Internet usage,Data rate,optimal GU
1245189,114.16623566033101,59.12180060981427,82.15663954351564
1218674,118.92226055133519,61.58474207122715,85.57918404951783
314859,102.53204777693985,53.09695331305813,73.78441132044371
971894,107.70490910551443,55.77575650106997,77.50692087961595
1120383,119.4854401065723,61.876388626617796,85.98446096392495
1128482,111.12464087316968,57.54668902360572,79.96783823005447
886866,123.73092918724966,64.07494547196858,89.03961220080099
