UE ID,Internet usage,Data rate,optimal GU
1245189,114.16623566033101,22.42551057613645,50.598775926285406
1218674,118.92226055133519,23.359729751155125,52.706658667341515
314859,102.53204777693985,20.140223670470327,45.442473255963066
971894,107.70490910551443,21.156321431440336,47.7350990025194
1120383,119.4854401065723,23.47035430664813,52.956261327505324
1128482,111.12464087316968,21.828054457229758,49.25073311657043
886866,123.73092918724966,24.304289661781183,54.83787325460618
