UE ID,Internet usage,Data rate,optimal GU
1245189,114.16623566033101,71.35389728770687,90.25633414354583
1218674,118.92226055133519,74.32641284458448,94.01630195955265
314859,102.53204777693985,64.0825298605874,81.05870103408346
971894,107.70490910551443,67.31556819094652,85.14820698870854
1120383,119.4854401065723,74.67840006660768,94.46153449110012
1128482,111.12464087316968,69.45290054573104,87.85174233186461
886866,123.73092918724966,77.33183074203103,97.81788831017882
