UE ID,Internet usage,Data rate,optimal GU
1245189,114.16623566033101,90.38160323109538,101.58015265710016
1218674,118.92226055133519,94.14678960314036,105.81185681792185
314859,102.53204777693985,81.17120449007739,91.22855812128331
971894,107.70490910551443,85.26638637519893,95.83114522062478
1120383,119.4854401065723,94.59264008436975,106.31294949968941
1128482,111.12464087316968,87.97367402459267,98.8738738609758
886866,123.73092918724966,97.95365227323931,110.09040109406746
