UE ID,Internet usage,Data rate,optimal GU
1245189,114.16623566033101,107.37062639483513,110.71630519480907
1218674,118.92226055133519,111.84355456613667,115.3286102279117
314859,102.53204777693985,96.42894969497915,99.43368482162235
971894,107.70490910551443,101.29390261113858,104.45023012744161
1120383,119.4854401065723,112.37321152880016,115.87477135126365
1128482,111.12464087316968,104.5100789164334,107.76662278839068
886866,123.73092918724966,116.36599292610386,119.99196819180753
