UE ID,Internet usage,Data rate,optimal GU
1245189,114.16623566033101,31.25980262128111,59.73955132704474
1218674,118.92226055133519,32.56204753191321,62.22822752316784
314859,102.53204777693985,28.074251177019246,53.651751723349605
971894,107.70490910551443,29.490629874128953,56.35854513787086
1120383,119.4854401065723,32.71625145775194,62.522921429398814
1128482,111.12464087316968,30.42698500098694,58.14798174561172
886866,123.73092918724966,33.87870680127074,64.74445051263947
