UE ID,Internet usage,Data rate,optimal GU
1245189,114.16623566033101,88.34292045144662,100.42797755198364
1218674,118.92226055133519,92.0231778075808,104.61168351572863
314859,102.53204777693985,79.34027506548917,90.19379620378712
971894,107.70490910551443,83.34308442688616,94.74417835820304
1120383,119.4854401065723,92.45897151103809,105.10709254278426
1128482,111.12464087316968,85.98930543757177,97.75239478234515
886866,123.73092918724966,95.74417139489556,108.84169830976415
