UE ID,Internet usage,Data rate,optimal GU
1245189,114.16623566033101,106.01150454173595,110.01333741968779
1218674,118.92226055133519,110.42781336909697,114.59635768031183
314859,102.53204777693985,95.20833007858701,98.80235345567606
971894,107.70490910551443,100.01170131226341,103.78704735816117
1120383,119.4854401065723,110.95076581324571,115.13905107893194
1128482,111.12464087316968,103.18716652508614,107.08238334488149
886866,123.73092918724966,114.89300567387468,119.23010672285947
