UE ID,Internet usage,Data rate,optimal GU
1245189,114.16623566033101,28.541558915082753,57.083117830165506
1218674,118.92226055133519,29.730565137833796,59.46113027566759
314859,102.53204777693985,25.633011944234962,51.266023888469924
971894,107.70490910551443,26.926227276378608,53.852454552757216
1120383,119.4854401065723,29.871360026643075,59.74272005328615
1128482,111.12464087316968,27.78116021829242,55.56232043658484
886866,123.73092918724966,30.932732296812414,61.86546459362483
