UE ID,Internet usage,Data rate,optimal GU
1245189,114.16623566033101,40.094094666425775,67.65642512189648
1218674,118.92226055133519,41.76436531267129,70.47490853824955
314859,102.53204777693985,36.008278683568165,60.761851110289385
971894,107.70490910551443,37.824938316817565,63.827357326890215
1120383,119.4854401065723,41.96214860885575,70.80865621056877
1128482,111.12464087316968,39.025915544744116,65.85393571880378
886866,123.73092918724966,43.4531239407603,73.3245893359042
