UE ID,Internet usage,Data rate,optimal GU
1245189,114.16623566033101,110.08887010103348,112.10901786892148
1218674,118.92226055133519,114.67503696021608,116.77934159823307
314859,102.53204777693985,98.87018892776344,100.68447216356904
971894,107.70490910551443,103.85830520888892,105.76412114879108
1120383,119.4854401065723,115.218102959909,117.33237294288857
1128482,111.12464087316968,107.15590369912792,109.12223108058937
886866,123.73092918724966,119.31196743056218,121.50136045881267
