UE ID,Internet usage,Data rate,optimal GU
1245189,114.16623566033101,113.48667473378143,113.82594806090667
1218674,118.92226055133519,118.21438995281534,118.56779698925777
314859,102.53204777693985,101.92173796874378,102.22643741674646
971894,107.70490910551443,107.06380845607686,107.38388034640937
1120383,119.4854401065723,118.7742172487951,119.12929791317463
1128482,111.12464087316968,110.46318467749606,110.79341915020662
886866,123.73092918724966,122.99443556113508,123.36213275085895
