UE ID,Internet usage,Data rate,optimal GU
1245189,114.16623566033101,103.29326083553757,108.59375101116096
1218674,118.92226055133519,107.59633097501754,113.11763304886968
314859,102.53204777693985,92.76709084580271,97.52743096549587
971894,107.70490910551443,97.44729871451305,102.44780354221628
1120383,119.4854401065723,108.10587438213683,113.6533236586394
1128482,111.12464087316968,100.54134174239161,105.70061728310716
886866,123.73092918724966,111.94703116941635,117.69158927614957
