UE ID,Internet usage,Data rate,optimal GU
1245189,114.16623566033101,93.77940786384333,103.47193811981023
1218674,118.92226055133519,97.68614259573961,107.78245173508269
314859,102.53204777693985,84.22275353105773,92.92755989991258
971894,107.70490910551443,88.47188962238685,97.61586361945625
1120383,119.4854401065723,98.14875437325581,108.29287655335568
1128482,111.12464087316968,91.28095500296081,100.71525874098711
886866,123.73092918724966,101.63612040381221,112.14067779602043
