UE ID,Internet usage,Data rate,optimal GU
1245189,114.16623566033101,2.7182437061983573,17.61623261495071
1218674,118.92226055133519,2.8314823940794094,18.35010318813575
314859,102.53204777693985,2.441239232784282,15.821038450455077
971894,107.70490910551443,2.5644025977503437,16.619228282343492
1120383,119.4854401065723,2.844891431108864,18.437003680138996
1128482,111.12464087316968,2.645824782694516,17.146904350064485
886866,123.73092918724966,2.945974504458325,19.092096867514996
