UE ID,Internet usage,Data rate,optimal GU
1245189,114.16623566033101,16.309462237190143,43.15078109680425
1218674,118.92226055133519,16.988894364476455,44.948389538351414
314859,102.53204777693985,14.647435396705692,38.753471404567975
971894,107.70490910551443,15.386415586502062,40.70862921057248
1120383,119.4854401065723,17.069348586653184,45.16125140215618
1128482,111.12464087316968,15.874948696167097,42.00116632596721
886866,123.73092918724966,17.675847026749953,46.76589544520083
