UE ID,Internet usage,Data rate,optimal GU
1245189,114.16623566033101,68.63565358150852,88.52047334649394
1218674,118.92226055133519,71.49493045050508,92.20812733774909
314859,102.53204777693985,61.64129062780312,79.49973431202235
971894,107.70490910551443,64.75116559319618,83.51058857828333
1120383,119.4854401065723,71.83350863549883,92.64479690577252
1128482,111.12464087316968,66.80707576303654,86.1621280027024
886866,123.73092918724966,74.38585623757271,95.93659943245875
