UE ID,Internet usage,Data rate,optimal GU
1245189,114.16623566033101,104.65238268863676,109.30584881169924
1218674,118.92226055133519,109.01207217205726,113.85939596751051
314859,102.53204777693985,93.98771046219487,98.1669619554102
971894,107.70490910551443,98.72950001338823,103.11959961605197
1120383,119.4854401065723,109.52832009769128,114.39859934022869
1128482,111.12464087316968,101.86425413373888,106.3937435116606
886866,123.73092918724966,113.42001842164552,118.46334567175272
