UE ID,Internet usage,Data rate,optimal GU
1245189,114.16623566033101,27.86199798853316,56.39946301452298
1218674,118.92226055133519,29.022694539313942,58.7489952416729
314859,102.53204777693985,25.02270213603889,50.652037381732974
971894,107.70490910551443,26.28512662694102,53.20749171105155
1120383,119.4854401065723,29.16013716886586,59.02721256496832
1128482,111.12464087316968,27.11970402261879,54.89687942042032
886866,123.73092918724966,30.19623867069783,61.12453409790052
