UE ID,Internet usage
1265341,0.9596873242355044
209175,0.9314742628042085
139305,0.9181616448344511
1210402,0.9566774691164206
885105,0.951320633423391
156363,0.9272336325325415
1042393,0.9114084267048844
