UE ID,Internet usage
1265341,0.4223430003677816
209175,0.394129938934269
139305,0.3808173209653982
1210402,0.41933314524781123
885105,0.4139763095543382
156363,0.38988930866215865
1042393,0.37406410283583164
