UE ID,Internet usage
1265341,0.6095760038718084
209175,0.5813629424405126
139305,0.5680503244707551
1210402,0.6065661487527249
885105,0.6012093130596952
156363,0.5771223121688456
1042393,0.5612971063411886
