UE ID,Internet usage
1265341,0.6061983974662725
209175,0.5779853360349766
139305,0.5646727180652191
1210402,0.6031885423471888
885105,0.5978317066541591
156363,0.5737447057633096
1042393,0.5579194999356526
