UE ID,Internet usage
1265341,0.7069086180005639
209175,0.6786955565648347
139305,0.6653829385950772
1210402,0.7038987628770469
885105,0.6985419271840172
156363,0.6744549262931676
1042393,0.6586297204655107
