UE ID,Internet usage
1265341,0.9621308720699187
209175,0.9339178106341894
139305,0.9206051926688653
1210402,0.959121016950835
885105,0.9537641812578054
156363,0.9296771803625223
1042393,0.9138519745392988
