UE ID,Internet usage
1265341,0.8972439984497258
209175,0.86903093701843
139305,0.8557183190486723
1210402,0.8942341433306421
885105,0.8888773076376124
156363,0.8647903067467628
1042393,0.8489651009191059
