UE ID,Internet usage
1265341,1.0405900199387297
209175,1.0123769585030002
139305,0.9990643405376762
1210402,1.037580164819646
885105,1.0322233291266163
156363,1.0081363282313334
1042393,0.9923111224081098
