UE ID,Internet usage
1265341,0.995915088415786
209175,0.9677020269844903
139305,0.9543894090147328
1210402,0.9929052332967024
885105,0.9875483976036726
156363,0.9634613967128232
1042393,0.9476361908851663
