UE ID,Internet usage
1265341,0.6632346176464214
209175,0.6350215562151256
139305,0.6217089382453681
1210402,0.6602247625273377
885105,0.6548679268343081
156363,0.6307809259390251
1042393,0.6149557201158016
