UE ID,Internet usage
1265341,0.8586507389415118
209175,0.8304376775057826
139305,0.8171250595404587
1210402,0.8556408838224282
885105,0.8502840481293985
156363,0.8261970472341156
1042393,0.810371841410892
