UE ID,Internet usage
1265341,1.0809696386722387
209175,1.052756577240943
139305,1.0394439592711855
1210402,1.0779597835531551
885105,1.0726029478601253
156363,1.048515946969276
1042393,1.032690741141619
