UE ID,Internet usage
1265341,0.707000478005445
209175,0.6787874165741492
139305,0.6654747986043916
1210402,0.7039906228863614
885105,0.6986337871933317
156363,0.6745467863024821
1042393,0.6587215804748252
