UE ID,Internet usage
1265341,0.716275850730456
209175,0.6880627892991601
139305,0.6747501713294026
1210402,0.7132659956113724
885105,0.7079091599183426
156363,0.6838221590274931
1042393,0.6679969531998361
