UE ID,Internet usage
1265341,0.6793290286636481
209175,0.6511159672279189
139305,0.6378033492625949
1210402,0.6763191735445645
885105,0.6709623378515347
156363,0.6468753369562518
1042393,0.6310501311330283
