UE ID,Internet usage
1265341,0.9521854874906469
209175,0.9239724260549177
139305,0.9106598080895936
1210402,0.9491756323715632
885105,0.9438187966785336
156363,0.9197317957832506
1042393,0.9039065899600272
