UE ID,Internet usage
1265341,0.9025028971419926
209175,0.8742898357062633
139305,0.8609772177365058
1210402,0.8994930420184755
885105,0.8941362063254459
156363,0.8700492054345964
1042393,0.8542239996069393
