UE ID,Internet usage
1265341,0.5972679314895302
209175,0.569054870053801
139305,0.5557422520884769
1210402,0.5942580763704466
885105,0.5889012406774169
156363,0.564814239782134
1042393,0.5489890339589104
