UE ID,Internet usage
1265341,0.9662909304523173
209175,0.9380778690210215
139305,0.9247652510512641
1210402,0.9632810753332337
885105,0.9579242396402039
156363,0.9338372387449211
1042393,0.9180120329216975
