UE ID,Internet usage
1265341,0.6543968261140164
209175,0.6261837646827206
139305,0.6128711467129632
1210402,0.6513869709949328
885105,0.6460301353019031
156363,0.6219431344066202
1042393,0.6061179285833966
