UE ID,Internet usage,Data rate,optimal GU
1265341,120.42318711662571,32.25621083481046,62.32492048156748
209175,115.68339279574636,30.986623070289202,59.871843867163484
139305,113.44687297700763,30.387555261698473,58.714334892389836
1210402,119.91753145643878,32.12076735440324,62.06321881458133
885105,119.0175830599558,31.879709748202444,61.597451269382624
156363,114.97096691006158,30.795794708052206,59.503128441692205
1042393,112.31233233124983,30.083660445870493,58.127154323406224
