UE ID,Internet usage,Data rate,optimal GU
1265341,120.42318711662571,63.79561698440291,87.64970919137916
209175,115.68339279574636,61.284654516794205,84.19986199999329
139305,113.44687297700763,60.09983151758142,82.57201676182204
1210402,119.91753145643878,63.527739878708644,87.28166901051735
885105,119.0175830599558,63.0509815020004,86.62664386853544
156363,114.97096691006158,60.907238422592144,83.68132463857795
1042393,112.31233233124983,59.49879510405497,81.74624425033582
