UE ID,Internet usage,Data rate,optimal GU
1265341,120.42318711662571,20.787335871322295,50.03276163963359
209175,115.68339279574636,19.96915708974193,48.0634980355423
139305,113.44687297700763,19.583091168650128,47.134281115839784
1210402,119.91753145643878,20.700050072837648,49.822674614670845
885105,119.0175830599558,20.544701837730464,49.448769018188024
156363,114.97096691006158,19.846178811855868,47.767503257644165
1042393,112.31233233124983,19.38724784289432,46.66290842542343
