UE ID,Internet usage,Data rate,optimal GU
1265341,120.42318711662571,36.557038946118524,66.34994454736345
209175,115.68339279574636,35.11817281299443,63.73844506884785
139305,113.44687297700763,34.439229296591606,62.5061826656889
1210402,119.91753145643878,36.40353633499035,66.07134184786031
885105,119.0175830599558,36.13033771462944,65.575494431496
156363,114.97096691006158,34.90190066912584,63.3459175237704
1042393,112.31233233124983,34.09481517198656,61.88108121525264
