UE ID,Internet usage,Data rate,optimal GU
1265341,120.42318711662571,7.884851537398112,30.814265398917215
209175,115.68339279574636,7.574507861626249,29.601431860485704
139305,113.44687297700763,7.428069063970737,29.029144106651305
1210402,119.91753145643878,7.851743131076349,30.684876631799014
885105,119.0175830599558,7.7928179384494864,30.454594994196285
156363,114.97096691006158,7.527860928634984,29.419134075115775
1042393,112.31233233124983,7.353783664546119,28.738834263494752
