UE ID,Internet usage,Data rate,optimal GU
1265341,120.42318711662571,88.16697628181525,103.04051767286566
209175,115.68339279574636,84.69676972545714,98.98489622503494
139305,113.44687297700763,83.05931771530915,97.07121028608636
1210402,119.91753145643878,87.79676410203552,102.60785165365942
885105,119.0175830599558,87.13787331175334,101.8378076872706
156363,114.97096691006158,84.17517220200936,98.3753065453214
1042393,112.31233233124983,82.22867188537934,96.1004366480612
