UE ID,Internet usage,Data rate,optimal GU
1265341,120.42318711662571,11.468874963488163,37.16340237041435
209175,115.68339279574636,11.017465980547271,35.70067008672839
139305,113.44687297700763,10.804464093048345,35.010465086152394
1210402,119.91753145643878,11.420717281565597,37.00735364582607
885105,119.0175830599558,11.335007910471981,36.7296235410854
156363,114.97096691006158,10.94961589619634,35.480810685206635
1042393,112.31233233124983,10.696412602976174,34.66033824153522
