UE ID,Internet usage,Data rate,optimal GU
1265341,120.42318711662571,93.18460907834132,105.93199523954374
209175,115.68339279574636,89.51691109194658,101.76256673114904
139305,113.44687297700763,87.7862707560178,99.79517978130582
1210402,119.91753145643878,92.79332791272049,105.4871879373097
885105,119.0175830599558,92.09693927258483,104.69553533672088
156363,114.97096691006158,88.96562915659527,101.1358710146688
1042393,112.31233233124983,86.90835239918141,98.79716472155583
