UE ID,Internet usage,Data rate,optimal GU
1265341,120.42318711662571,87.45017159659724,102.62079895205483
209175,115.68339279574636,84.00817810167295,98.58169741585327
139305,113.44687297700763,82.38403870949364,96.67580656404581
1210402,119.91753145643878,87.08296927193769,102.18989532721754
885105,119.0175830599558,86.42943531734885,101.42298800916706
156363,114.97096691006158,83.4908212084971,97.97459080014566
1042393,112.31233233124983,81.56014609769333,95.7089872138945
