UE ID,Internet usage,Data rate,optimal GU
1265341,120.42318711662571,27.9553827235024,58.02134335422798
209175,115.68339279574636,26.855073327583977,55.737653308275085
139305,113.44687297700763,26.335881226805345,54.66007109650467
1210402,119.91753145643878,27.83799837381615,57.777712361051385
885105,119.0175830599558,27.629081781775454,57.34410637400126
156363,114.97096691006158,26.689688746978582,55.394397927666994
1042393,112.31233233124983,26.072505719754428,54.113435735549736
