UE ID,Internet usage,Data rate,optimal GU
1265341,120.42318711662571,50.89313265047873,78.28609861348215
209175,115.68339279574636,48.89000528867852,75.2047982883826
139305,113.44687297700763,47.94480941290203,73.75085561112046
1210402,119.91753145643878,50.67943293694734,77.95737613215867
885105,119.0175830599558,50.299097602719414,77.37232726739245
156363,114.97096691006158,48.588920539371266,74.74165622681681
1042393,112.31233233124983,47.46533092570677,73.01330030303198
