UE ID,Internet usage,Data rate,optimal GU
1265341,120.42318711662571,46.59230453917066,74.90523217850244
209175,115.68339279574636,44.75845554597329,71.95700100654403
139305,113.44687297700763,43.8931353780089,70.565848353092
1210402,119.91753145643878,46.39666395636024,74.59070591877146
885105,119.0175830599558,46.04846963629242,74.03092299655114
156363,114.97096691006158,44.482814578297635,71.5138602156803
1042393,112.31233233124983,43.454176199590705,69.86014513661647
