UE ID,Internet usage,Data rate,optimal GU
1265341,120.42318711662571,35.1234295756825,65.03595414822512
209175,115.68339279574636,33.74098956542602,62.47617265177467
139305,113.44687297700763,33.08867128496056,61.26831390076669
1210402,119.91753145643878,34.97594667479465,64.76286888019564
885105,119.0175830599558,34.713461725820444,64.27684119689945
156363,114.97096691006158,33.53319868210129,62.09141869911162
1042393,112.31233233124983,32.75776359661454,60.65559192268665
