UE ID,Internet usage
911197,0.8912710614619056
505976,0.8060416295555896
36277,0.8436077665490498
993847,0.8545886210179541
491344,0.827501017636807
500041,0.7542209671150262
870241,0.8472799629111293
