UE ID,Internet usage
911197,0.6533988029893775
505976,0.5681693710830613
36277,0.6057355080809549
993847,0.6167163625498594
491344,0.589628759168712
500041,0.5163487086469314
870241,0.6094077044386011
