UE ID,Internet usage
911197,0.7419756710463021
505976,0.656746239139986
36277,0.6943123761334461
993847,0.7052932306023506
491344,0.6782056272212033
500041,0.6049255766994226
870241,0.6979845724910924
