UE ID,Internet usage
911197,0.40300678431848147
505976,0.3177773524126086
36277,0.35534348940695554
993847,0.3663243438763033
491344,0.3392367404955994
500041,0.265956689972932
870241,0.3590156857663751
