UE ID,Internet usage
911197,0.725859432086046
505976,0.6406300001797297
36277,0.6781961371731899
993847,0.6891769916465278
491344,0.6620893882653806
500041,0.5888093377391664
870241,0.6818683335352695
