UE ID,Internet usage
911197,0.5962699083648912
505976,0.511040476458575
36277,0.5486066134520352
993847,0.5595874679209397
491344,0.5324998645442258
500041,0.4592198140180117
870241,0.5522788098141148
