UE ID,Internet usage
911197,0.7932540941108693
505976,0.7080246622045532
36277,0.7455907991980134
993847,0.7565716536669179
491344,0.7294840502857706
500041,0.6562039997639898
870241,0.7492629955556596
