UE ID,Internet usage
911197,0.38395096842039045
505976,0.2987215365145176
36277,0.3362876735088645
993847,0.3472685279782123
491344,0.32018092459750835
500041,0.24690087407484096
870241,0.3399598698682841
