UE ID,Internet usage
911197,0.9622512218013152
505976,0.877021789894999
36277,0.9145879268884591
993847,0.9255687813573635
491344,0.8984811779762163
500041,0.8252011274544356
870241,0.9182601232505389
