UE ID,Internet usage
911197,0.681556627333584
505976,0.5963271954272679
36277,0.6338933324207281
993847,0.6448741868896325
491344,0.6177865835084853
500041,0.5445065329867045
870241,0.6375655287828077
