UE ID,Internet usage
911197,0.6671627587321568
505976,0.5819333268258406
36277,0.6194994638193009
993847,0.6304803182882053
491344,0.603392714907058
500041,0.5301126643852774
870241,0.623171660176947
