UE ID,Internet usage
911197,0.7272264229204367
505976,0.6419969910141206
36277,0.6795631280075808
993847,0.6905439824764853
491344,0.663456379095338
500041,0.5901763285735573
870241,0.6832353243696604
