UE ID,Internet usage
911197,0.5046035597445514
505976,0.4193741278386786
36277,0.4569402648316955
993847,0.46792111930059993
491344,0.4408335159216693
500041,0.3675534653990019
870241,0.46061246119377514
