UE ID,Internet usage
911197,1.0835596479684044
505976,0.9983302160620884
36277,1.0358963530555485
993847,1.046877207524453
491344,1.0197896041433057
500041,0.946509553621525
870241,1.0395685494131948
