UE ID,Internet usage
911197,0.8206846194409031
505976,0.7354551875345867
36277,0.7730213245280471
993847,0.7840021790013848
491344,0.7569145756202377
500041,0.6836345250940234
870241,0.7766935208901266
