UE ID,Internet usage
911197,0.9015048740173536
505976,0.8162754421110375
36277,0.8538415791044975
993847,0.864822433573402
491344,0.8377348301922547
500041,0.7644547796704741
870241,0.8575137754665773
