UE ID,Internet usage
911197,0.37062061154262166
505976,0.2853911796367488
36277,0.3229573166310957
993847,0.3339381711004435
491344,0.30685056771973956
500041,0.23357051719707217
870241,0.3266295129905153
