UE ID,Internet usage
911197,0.5988411467876211
505976,0.513611714881305
36277,0.5511778518791985
993847,0.562158706348103
491344,0.5350711029669557
500041,0.46179105244517504
870241,0.5548500482368448
