UE ID,Internet usage
911197,0.3078298037986642
505976,0.22260037189279136
36277,0.26016650888713827
993847,0.27114736335648604
491344,0.2440597599757821
500041,0.17077970945311471
870241,0.26383870524655784
