UE ID,Internet usage
911197,1.0271622073985098
505976,0.9419327754921935
36277,0.9794989124856537
993847,0.9904797669545582
491344,0.9633921635734108
500041,0.8901121130516301
870241,0.9831711088477333
