UE ID,Internet usage
911197,0.42021475835759026
505976,0.33498532645216084
36277,0.3725514634460644
993847,0.38353231791585546
491344,0.35644471453515153
500041,0.2831646640120408
870241,0.37622365980592726
