UE ID,Internet usage
911197,0.7570471899309614
505976,0.6718177580246453
36277,0.7093838950181056
993847,0.7203647494870099
491344,0.6932771461102961
500041,0.619997095584082
870241,0.7130560913801851
