UE ID,Internet usage
911197,0.3316524875881876
505976,0.24642305568231473
36277,0.2839891926766617
993847,0.29497004714600944
491344,0.2678824437653055
500041,0.19460239324263812
870241,0.2876613890360812
