UE ID,Internet usage,Data rate,optimal GU
911197,120.25551923185363,23.621619849114104,53.29756242130288
505976,105.9369746716997,20.809048596226727,46.95154581140688
36277,112.24808568671237,22.048731117032787,49.74864681283279
993847,114.0928692375694,22.411099314522563,50.56625973474807
491344,109.54215186962449,21.517208402961955,48.549369827914546
500041,97.23110338180086,19.098966735710885,43.09308075741952
870241,112.86501467515247,22.169913596904948,50.02207136316467
