UE ID,Internet usage,Data rate,optimal GU
911197,120.25551923185363,48.67485302241694,76.50764487124741
505976,105.9369746716997,42.87925165283083,67.39805780797676
36277,112.24808568671237,45.433748968431196,71.4132435006074
993847,114.0928692375694,46.180447072349516,72.58691141767962
491344,109.54215186962449,44.33849004246705,69.69170402495378
500041,97.23110338180086,39.355446606919394,61.85930405100209
870241,112.86501467515247,45.68345832089504,71.80573928175613
