UE ID,Internet usage,Data rate,optimal GU
911197,120.25551923185363,102.36035267949445,110.94772354685006
505976,105.9369746716997,90.17254391698249,97.73743653798223
36277,112.24808568671237,95.54450150714209,103.5600665897232
993847,114.0928692375694,97.11476369626443,105.2620636099984
491344,109.54215186962449,93.24123641283514,101.06357246627663
500041,97.23110338180086,82.7621891880805,89.70540102496848
870241,112.86501467515247,96.06962558658812,104.12924517956841
