UE ID,Internet usage,Data rate,optimal GU
911197,120.25551923185363,95.91809272064515,107.39962776402096
505976,105.9369746716997,84.49734884528428,94.6118042553288
36277,112.24808568671237,89.53121120249676,100.2482272496277
993847,114.0928692375694,91.00264570139464,101.8957945956656
491344,109.54215186962449,87.37290684839095,97.83157072886542
500041,97.23110338180086,77.55338007834116,86.8366323391533
870241,112.86501467515247,90.02328551470494,100.79920357186664
