UE ID,Internet usage,Data rate,optimal GU
911197,120.25551923185363,32.21129979424651,62.23814410705073
505976,105.9369746716997,28.37597535849099,54.827593261397446
36277,112.24808568671237,30.06645152322653,58.09390352588226
993847,114.0928692375694,30.560589974348947,59.048669720548055
491344,109.54215186962449,29.341647822220846,56.69344972610815
500041,97.23110338180086,26.04404554869666,50.32187680547751
870241,112.86501467515247,30.23170035941584,58.41319461149408
