UE ID,Internet usage,Data rate,optimal GU
911197,120.25551923185363,52.96969299498315,79.8116403456512
505976,105.9369746716997,46.66271503396297,70.30865423733891
36277,112.24808568671237,49.44260917152807,74.49723639746855
993847,114.0928692375694,50.255192402262715,75.72158936036837
491344,109.54215186962449,48.250709752096505,72.70135195084976
500041,97.23110338180086,42.827986013412286,64.53070847049807
870241,112.86501467515247,49.714351702150495,74.90668217474932
