UE ID,Internet usage,Data rate,optimal GU
911197,120.25551923185363,0.7158066620943668,9.277914734452892
505976,105.9369746716997,0.6305772301886887,8.173215038346273
36277,112.24808568671237,0.6681433671828118,8.66012782414583
993847,114.0928692375694,0.6791242216521989,8.802455965071932
491344,109.54215186962449,0.6520366182715743,8.451360497769645
500041,97.23110338180086,0.5787565677488147,7.501542486161179
870241,112.86501467515247,0.6718155635425742,8.707724928948345
