UE ID,Internet usage,Data rate,optimal GU
911197,120.25551923185363,94.48647939645642,106.59512484260576
505976,105.9369746716997,83.23619438490691,93.90309162281376
36277,112.24808568671237,88.19492446813115,99.49729362566558
993847,114.0928692375694,89.64439725809025,101.13251946949615
491344,109.54215186962449,86.06883361184782,97.09873965582909
500041,97.23110338180086,76.39586694284354,86.18616151483904
870241,112.86501467515247,88.67965438761979,100.04414272632934
