UE ID,Internet usage,Data rate,optimal GU
911197,120.25551923185363,109.51841930043811,114.7614673068711
505976,105.9369746716997,96.47831621886937,101.09708671196515
36277,112.24808568671237,102.22593517897019,107.11986525091109
993847,114.0928692375694,103.90600591278641,108.88036712651943
491344,109.54215186962449,99.76160259555087,104.53755603743068
500041,97.23110338180086,88.54975486556863,92.78895607650314
870241,112.86501467515247,102.78778122201385,107.70860892263418
