UE ID,Internet usage,Data rate,optimal GU
911197,120.25551923185363,3.579033310471834,20.746048035683575
505976,105.9369746716997,3.152886150943443,18.275864420465815
36277,112.24808568671237,3.3407168359140584,19.364634508627418
993847,114.0928692375694,3.395621108260994,19.682889906849354
491344,109.54215186962449,3.2601830913578715,18.897816575369383
500041,97.23110338180086,2.893782838744073,16.773958935159172
870241,112.86501467515247,3.359077817712871,19.471064870498026
