UE ID,Internet usage,Data rate,optimal GU
911197,120.25551923185363,55.83291964336061,81.94032427286757
505976,105.9369746716997,49.18502395471772,72.18388072774887
36277,112.24808568671237,52.11518264025932,76.48417801468807
993847,114.0928692375694,52.97168928887151,77.7411861198964
491344,109.54215186962449,50.8588562251828,74.64039491143097
500041,97.23110338180086,45.14301228440755,66.251829366374
870241,112.86501467515247,52.40161395632079,76.90454426223343
