UE ID,Internet usage,Data rate,optimal GU
911197,120.25551923185363,70.86485954734232,92.3140860332703
505976,105.9369746716997,62.42714578868018,81.32246283925443
36277,112.24808568671237,66.14619335109836,86.16718388762588
993847,114.0928692375694,67.23329794356768,87.583331009308
491344,109.54215186962449,64.55162520888585,84.08997521739946
500041,97.23110338180086,57.29690020713265,74.63940532651932
870241,112.86501467515247,66.50974079071484,86.64076910083737
