UE ID,Internet usage
524782,0.42874544833695677
392559,0.40850300774578185
381096,0.40967423703445943
408139,0.43057282781779654
702746,0.5075375658223394
212695,0.4084918941611433
325078,0.49903932309645715
