UE ID,Internet usage
524782,0.7639236284090415
392559,0.7436811878143198
381096,0.7448524171056574
408139,0.7657510078885511
702746,0.8427157458913207
212695,0.7436700742296811
325078,0.8342175031654384
