UE ID,Internet usage
524782,1.0143495298153273
392559,0.9941070892250392
381096,0.9952783185119434
408139,1.0161769092948372
702746,1.0931416473020399
212695,0.9940959756404005
325078,1.0846434045761577
