UE ID,Internet usage
524782,0.3264836761574176
392559,0.306241235566686
381096,0.30741246485536355
408139,0.32831105563825735
702746,0.40527579364280014
212695,0.30623012198204747
325078,0.39677755091558786
