UE ID,Internet usage
524782,0.9829957772176763
392559,0.9627533366229546
381096,0.9639245659142922
408139,0.9848231566971859
702746,1.0617878946999553
212695,0.9627422230383159
325078,1.053289651974073
