UE ID,Internet usage
524782,1.0203747164078143
392559,1.0001322758175262
381096,1.0013035051044303
408139,1.0222020958873241
702746,1.0991668338900937
212695,1.0001211622328876
325078,1.0906685911642113
