UE ID,Internet usage
524782,1.0230641771744722
392559,1.0028217365841838
381096,1.0039929658755216
408139,1.0248915566584154
702746,1.101856294661185
212695,1.0028106229995455
325078,1.0933580519353026
