UE ID,Internet usage
524782,0.983067892824773
392559,0.9628254522344849
381096,0.9639966815213891
408139,0.9848952723042829
702746,1.0618600103114857
212695,0.9628143386498462
325078,1.05336176758117
