UE ID,Internet usage
524782,0.41966989727693754
392559,0.3994274566857627
381096,0.40059868597444026
408139,0.4214972767577773
702746,0.49846201476099017
212695,0.39941634310156743
325078,0.4899637720351079
