UE ID,Internet usage
524782,0.3626731450055653
392559,0.34243070441483375
381096,0.3436019337035114
408139,0.36450052448684844
702746,0.441465262490948
212695,0.3424195908301952
325078,0.432967019764179
