UE ID,Internet usage
524782,1.0266857255141477
392559,1.0064432849238596
381096,1.0076145142107638
408139,1.0285131049936576
702746,1.1054778430008603
212695,1.0064321713392208
325078,1.0969796002705448
