UE ID,Internet usage
524782,1.0798300137274095
392559,1.059587573132688
381096,1.0607588024240258
408139,1.0816573932069193
702746,1.1586221312096887
212695,1.0595764595480495
325078,1.1501238884838065
