UE ID,Internet usage
524782,1.068122443081226
392559,1.0478800024909376
381096,1.0490512317778418
408139,1.0699498225607353
702746,1.146914560563505
212695,1.047868888906299
325078,1.1384163178376228
