UE ID,Internet usage
524782,0.4842169211775199
392559,0.4639744805872317
381096,0.4651457098785694
408139,0.48604430066146315
702746,0.5630090386642326
212695,0.46396336700259316
325078,0.5545107959383503
