UE ID,Internet usage
524782,0.6187910096681345
392559,0.5985485690778463
381096,0.5997197983647505
408139,0.6206183891520777
702746,0.6975831271548472
212695,0.5985374554932077
325078,0.6890848844289649
