UE ID,Internet usage
524782,0.5807784069124929
392559,0.5605359663222047
381096,0.561707195609109
408139,0.5826057863920028
702746,0.6595705243992056
212695,0.5605248527375662
325078,0.65107228166889
