UE ID,Internet usage
524782,0.35868125638731285
392559,0.3384388157961379
381096,0.3396100450848155
408139,0.3605086358681526
702746,0.43747337387225216
212695,0.33842770221149937
325078,0.4289751311454832
