UE ID,Internet usage,Data rate,optimal GU
524782,118.26485825704876,71.09970645215432,91.69840078039424
392559,114.86412823774157,69.05521995245178,89.06159464159549
381096,115.06089475823939,69.17351411060821,89.21416046311414
408139,118.5718580098192,71.28427177971274,91.93643756311998
702746,131.50193399453053,79.05771031814038,101.96196253512782
212695,114.86226115552628,69.05409748040569,89.06014697188371
325078,130.07422921641518,78.1993878027258,100.85497059458743
