UE ID,Internet usage,Data rate,optimal GU
524782,118.26485825704876,85.17885624466011,100.36765096520024
392559,114.86412823774157,82.72952093313529,97.48155877657362
381096,115.06089475823939,82.87123967706528,97.64854830957621
408139,118.5718580098192,85.39996916183406,100.62819196179531
702746,131.50193399453053,94.71270246034639,111.60153918017475
212695,114.86226115552628,82.7281761893969,97.47997424285103
325078,130.07422921641518,93.68441509039427,110.3898912150643
