UE ID,Internet usage,Data rate,optimal GU
524782,118.26485825704876,99.25800603716593,108.34543836665537
392559,114.86412823774157,96.40382191381882,105.22994328097533
381096,115.06089475823939,96.56896524352234,105.41020608459601
408139,118.5718580098192,99.5156665439554,108.62668863222515
702746,131.50193399453053,110.36769460255242,120.47225942412366
212695,114.86226115552628,96.40225489838814,105.22823279956891
325078,130.07422921641518,109.16944237806274,119.16430283987047
