UE ID,Internet usage,Data rate,optimal GU
524782,118.26485825704876,117.56090076742348,117.91235416965566
392559,114.86412823774157,114.1804131887074,114.52176047697662
381096,115.06089475823939,114.37600847991654,114.71794050877645
408139,118.5718580098192,117.86607314071314,118.21843886896664
702746,131.50193399453053,130.71918438742023,131.10997504817627
212695,114.86226115552628,114.17855722007673,114.51989895984738
325078,130.07422921641518,129.29997785203176,129.68652573341066
