UE ID,Internet usage,Data rate,optimal GU
524782,118.26485825704876,111.92924085042115,115.05344759716733
392559,114.86412823774157,108.71069279643399,111.74506234363702
381096,115.06089475823939,108.89691825333371,111.93648578834083
408139,118.5718580098192,112.2197941878646,115.35211095742727
702746,131.50193399453053,124.45718753053782,127.9310785532026
212695,114.86226115552628,108.70892573648024,111.74324596090945
325078,130.07422921641518,123.10596693696436,126.54214223438424
