UE ID,Internet usage,Data rate,optimal GU
524782,118.26485825704876,8.447489875503482,31.607612892375688
392559,114.86412823774157,8.204580588410112,30.698729564006786
381096,115.06089475823939,8.218635339874242,30.751317628641818
408139,118.5718580098192,8.4694184292728,31.689662027567923
702746,131.50193399453053,9.39299528532361,35.14537019326389
212695,114.86226115552628,8.204447225394734,30.698230565295177
325078,130.07422921641518,9.291016372601083,34.763800041180474
