UE ID,Internet usage,Data rate,optimal GU
524782,118.26485825704876,104.18570846454296,111.00228846275817
392559,114.86412823774157,101.18982725705806,107.81039511294648
381096,115.06089475823939,101.36316919178232,107.9950783264556
408139,118.5718580098192,104.45616062769787,111.29043555579364
702746,131.50193399453053,115.84694185232452,123.42648379068649
212695,114.86226115552628,101.18818244653507,107.8086426870636
325078,130.07422921641518,114.5892019287467,122.08645345576176
