UE ID,Internet usage,Data rate,optimal GU
524782,118.26485825704876,42.237449377517414,70.67677103385078
392559,114.86412823774157,41.022902942050564,68.64444612800166
381096,115.06089475823939,41.09317669937121,68.76203661533074
408139,118.5718580098192,42.347092146364,70.86023847763569
702746,131.50193399453053,46.96497642661805,78.58743684653298
212695,114.86226115552628,41.022236126973674,68.64333033296181
325078,130.07422921641518,46.455081863005425,77.73422004828953
