UE ID,Internet usage,Data rate,optimal GU
524782,118.26485825704876,67.57991900402786,89.39982965327277
392559,114.86412823774157,65.6366447072809,86.82911939408457
381096,115.06089475823939,65.74908271899393,86.97786090253621
408139,118.5718580098192,67.7553474341824,89.63189965281246
702746,131.50193399453053,75.14396228258887,99.40611836387383
212695,114.86226115552628,65.63557780315787,86.82770801259345
325078,130.07422921641518,74.32813098080867,98.32687499572758
