UE ID,Internet usage,Data rate,optimal GU
524782,118.26485825704876,4.927702427377032,24.140713102695617
392559,114.86412823774157,4.786005343239232,23.446541994339967
381096,115.06089475823939,4.794203948259974,23.48670679214684
408139,118.5718580098192,4.9404940837424665,24.203379164816294
702746,131.50193399453053,5.479247249772105,26.842719872979423
212695,114.86226115552628,4.785927548146929,23.44616087777869
325078,130.07422921641518,5.419759550683966,26.55129085550308
