UE ID,Internet usage,Data rate,optimal GU
524782,118.26485825704876,36.60578946051509,65.79649308234586
392559,114.86412823774157,35.55318254977715,63.904501560198696
381096,115.06089475823939,35.61408647278838,64.01397234632718
408139,118.5718580098192,36.700813193515465,65.96729197736114
702746,131.50193399453053,40.70297956973564,73.1609221699679
212695,114.86226115552628,35.55260464337718,63.903462811546966
325078,130.07422921641518,40.26107094793803,72.36662055796475
