UE ID,Internet usage,Data rate,optimal GU
524782,118.26485825704876,38.01370443976567,67.04987223995458
392559,114.86412823774157,36.9206126478455,65.12183954556343
381096,115.06089475823939,36.983859029434086,65.23339567690216
408139,118.5718580098192,38.112382931727595,67.22392473960934
702746,131.50193399453053,42.26847878395624,74.55458877290538
212695,114.86226115552628,36.9200125142763,65.12078100944508
325078,130.07422921641518,41.80957367670488,73.74515624679569
