UE ID,Internet usage,Data rate,optimal GU
524782,118.26485825704876,52.79681172189676,79.01903223093922
392559,114.86412823774157,51.2786286775632,76.74682391001697
381096,115.06089475823939,51.36647087421401,76.87829407160454
408139,118.5718580098192,52.933865182954996,79.2241550689198
702746,131.50193399453053,58.70622053327255,87.86342548315972
212695,114.86226115552628,51.27779515871708,76.74557641323794
325078,130.07422921641518,58.06885232875677,86.90950010295118
