UE ID,Internet usage,Data rate,optimal GU
524782,118.26485825704876,7.039574896252902,28.853670950075454
392559,114.86412823774157,6.8371504903417595,28.023977781595413
381096,115.06089475823939,6.848862783228535,28.071983897022328
408139,118.5718580098192,7.057848691060666,28.928571220356417
702746,131.50193399453053,7.827496071103008,32.08318674453388
212695,114.86226115552628,6.837039354495611,28.02352226017789
325078,130.07422921641518,7.742513643834236,31.73486244525595
