UE ID,Internet usage,Data rate,optimal GU
524782,118.26485825704876,105.59362344379352,111.74978706659097
392559,114.86412823774157,102.5572573551264,108.53639924260573
381096,115.06089475823939,102.73294174842802,108.72232612817027
408139,118.5718580098192,105.86773036590999,112.03987456601557
702746,131.50193399453053,117.4124410665451,124.25764795484228
212695,114.86226115552628,102.55559031743417,108.5346350157418
325078,130.07422921641518,116.13770465751354,122.90859374465947
