UE ID,Internet usage,Data rate,optimal GU
524782,118.26485825704876,58.42847163889909,83.12661978301773
392559,114.86412823774157,56.748349069836614,80.73629694776591
381096,115.06089475823939,56.84556110079684,80.87460122493249
408139,118.5718580098192,58.580144135803536,83.34240536884712
702746,131.50193399453053,64.96821739015498,92.43076454829566
212695,114.86226115552628,56.747426642313584,80.73498460329012
325078,130.07422921641518,64.26286324382417,91.42725197489163
