UE ID,Internet usage,Data rate,optimal GU
524782,118.26485825704876,61.948259087025534,85.59382033884226
392559,114.86412823774157,60.166924315007485,83.13255265050816
381096,115.06089475823939,60.269992492411106,83.27496180274832
408139,118.5718580098192,62.109068481333864,85.81601044729857
702746,131.50193399453053,68.88196542570647,95.17411239840793
212695,114.86226115552628,60.165946319561385,83.13120135560916
325078,130.07422921641518,68.13412006574129,94.14081554187845
