UE ID,Internet usage,Data rate,optimal GU
524782,118.26485825704876,59.83638661814967,84.12218364979263
392559,114.86412823774157,58.11577916790496,81.7032331733482
381096,115.06089475823939,58.21533365744254,81.84319384820455
408139,118.5718580098192,59.99171387401566,84.34055358625224
702746,131.50193399453053,66.53371660437557,93.53775927035774
212695,114.86226115552628,58.1148345132127,81.70190511161186
325078,130.07422921641518,65.811365972591,92.52222815391006
