UE ID,Internet usage,Data rate,optimal GU
524782,118.26485825704876,41.533491887892126,70.08532322135531
392559,114.86412823774157,40.33918789301639,68.07000551748021
381096,115.06089475823939,40.408290421048356,68.18661196669488
408139,118.5718580098192,41.64130727725793,70.26725534573183
702746,131.50193399453053,46.18222681950775,77.92978982994465
212695,114.86226115552628,40.33853219152411,68.06889905980151
325078,130.07422921641518,45.680830498621994,77.08371304675175
