UE ID,Internet usage,Data rate,optimal GU
524782,118.26485825704876,112.63319834004643,115.41468380030182
392559,114.86412823774157,109.39440784546815,112.09591112638165
381096,115.06089475823939,109.58180453165656,112.28793558808931
408139,118.5718580098192,112.92557905697066,115.71428488142567
702746,131.50193399453053,125.23993713764813,128.33274697813553
212695,114.86226115552628,109.39262967192978,112.09408904071157
325078,130.07422921641518,123.88021830134778,126.9394497810238
