UE ID,Internet usage,Data rate,optimal GU
524782,118.26485825704876,59.13242912852438,83.62588324962503
392559,114.86412823774157,57.432064118870784,81.22120399198826
381096,115.06089475823939,57.53044737911969,81.36033893294275
408139,118.5718580098192,59.2859290049096,83.8429648566316
702746,131.50193399453053,65.75096699726527,92.98590926667832
212695,114.86226115552628,57.43113057776314,81.21988376549281
325078,130.07422921641518,65.03711460820759,91.97636953654052
