UE ID,Internet usage,Data rate,optimal GU
524782,118.26485825704876,86.58677122391069,101.19373609928287
392559,114.86412823774157,84.09695103120364,98.2838896648441
381096,115.06089475823939,84.24101223371098,98.45225362047623
408139,118.5718580098192,86.81153890004619,101.45642150238777
702746,131.50193399453053,96.27820167456699,112.52008585901899
212695,114.86226115552628,84.09558406029602,98.28229208947172
325078,130.07422921641518,95.2329178191611,111.29846531447588
