UE ID,Internet usage
370582,0.596781210799015
397393,0.6227996446634776
1068424,0.7016418720646108
1186346,0.7191804121999678
40108,0.7583866335823523
703373,0.6812657304758618
383094,0.641023307846931
