UE ID,Internet usage
370582,0.9348322525968124
397393,0.9608506864612748
1068424,1.0396929138668416
1186346,1.0572314540021983
40108,1.096437675384583
703373,1.0193167722780925
383094,0.9790743496491615
