UE ID,Internet usage
370582,0.7805285793807757
397393,0.8065470132452381
1068424,0.8853892406463714
1186346,0.9029277807817282
40108,0.9421340021641129
703373,0.8650130990576225
383094,0.8247706764286915
