UE ID,Internet usage
370582,0.879127553739739
397393,0.9051459876042014
1068424,0.9839882150053347
1186346,1.0015267551406917
40108,1.0407329765230764
703373,0.9636120734165858
383094,0.923369650787655
