UE ID,Internet usage
370582,0.9128299622747984
397393,0.9388483961392607
1068424,1.0176906235448275
1186346,1.0352291636801845
40108,1.0744353850581356
703373,0.9973144819516452
383094,0.9570720593271477
