UE ID,Internet usage
370582,0.6217432381105399
397393,0.6477616719750023
1068424,0.7266038993805691
1186346,0.744142439515926
40108,0.7833486608938772
703373,0.7062277577873867
383094,0.6659853351628892
