UE ID,Internet usage
370582,0.9232983002537329
397393,0.9493167341181954
1068424,1.0281589615193285
1186346,1.045697501659119
40108,1.0849037230370702
703373,1.0077828199305796
383094,0.9675403973060821
