UE ID,Internet usage
370582,0.9210487096923992
397393,0.9470671435568615
1068424,1.025909370962428
1186346,1.0434479110977852
40108,1.0826541324801697
703373,1.0055332293736792
383094,0.9652908067447483
