UE ID,Internet usage
370582,0.2085323506246053
397393,0.23455078448906774
1068424,0.31339301189241764
1186346,0.33093155202777463
40108,0.3701377734097159
703373,0.29301687030233875
383094,0.25277444767518115
