UE ID,Internet usage
370582,0.3316482589390304
397393,0.35766669280349284
1068424,0.4365089202068428
1186346,0.45404746034441645
40108,0.49325368172236755
703373,0.41613277861676384
383094,0.3758903559896063
