UE ID,Internet usage
370582,0.6162946368802289
397393,0.6423130707446914
1068424,0.7211552981458246
1186346,0.7386938382811815
40108,0.7779000596635661
703373,0.7007791565570757
383094,0.6605367339325781
