UE ID,Internet usage
370582,0.5901931989271805
397393,0.6162116327916428
1068424,0.6950538601972095
1186346,0.7125924003325664
40108,0.7517986217149509
703373,0.6746777186040271
383094,0.6344352959795296
