UE ID,Internet usage
370582,0.24774872420690755
397393,0.27376715807137
1068424,0.3526093854747199
1186346,0.37014792561007687
40108,0.4093541469920181
703373,0.3322332438850843
383094,0.2919908212574834
