UE ID,Internet usage
370582,0.6180662705583295
397393,0.6440847044227919
1068424,0.7229269318283587
1186346,0.7404654719637156
40108,0.7796716933416667
703373,0.7025507902351763
383094,0.6623083676106788
