UE ID,Internet usage
370582,0.3399080083362329
397393,0.3659264422006953
1068424,0.44476866960182854
1186346,0.462307209741619
40108,0.5015134311195701
703373,0.4243925280139663
383094,0.38415010538680877
