UE ID,Internet usage
370582,0.26235735758417356
397393,0.288375791448636
1068424,0.36721801885198596
1186346,0.38475655898734296
40108,0.42396278036928414
703373,0.346841877261907
383094,0.30659945463474947
