UE ID,Internet usage
370582,0.2226154526799238
397393,0.2486338865443862
1068424,0.3274761139477362
1186346,0.3450146540830932
40108,0.38422087546503436
703373,0.30709997235765724
383094,0.2668575497304997
