UE ID,Internet usage
370582,0.8914701464529671
397393,0.9174885803174296
1068424,0.9963308077229963
1186346,1.0138693478583531
40108,1.0530755692407376
703373,0.9759546661342474
383094,0.9357122435053163
