UE ID,Internet usage
370582,0.572562220144077
397393,0.5985806540085394
1068424,0.6774228814096727
1186346,0.6949614215450296
40108,0.7341676429274142
703373,0.6570467398209238
383094,0.6168043171919928
