UE ID,Internet usage
370582,0.2672706951352192
397393,0.29328912899923826
1068424,0.3721313564025882
1186346,0.3896698965383885
40108,0.42887611791988645
703373,0.35175521481295263
383094,0.3115127921857951
