UE ID,Internet usage
370582,0.6476745146459718
397393,0.6736929485104343
1068424,0.7525351759160009
1186346,0.7700737160513578
40108,0.8092799374293089
703373,0.7321590343228185
383094,0.691916611698321
