UE ID,Internet usage
370582,0.9192170253312875
397393,0.9452354591957499
1068424,1.024077686596883
1186346,1.0416162267322402
40108,1.0808224481146247
703373,1.0037015450081341
383094,0.9634591223792033
