UE ID,Internet usage,Data rate,optimal GU
370582,100.8149967128099,39.00580229959907,62.70861049819708
397393,105.18609360199783,40.697000500772965,65.42750571430075
1068424,118.43158780576907,45.821745281993984,73.66642416853186
1186346,121.37806254856895,46.96175039081536,75.49918063347886
40108,127.96470774069292,49.510154780625236,79.59618387020309
703373,115.00839601868192,44.497296078656696,71.53714174591191
383094,108.24766901731898,41.88153860789127,67.33185671851832
