UE ID,Internet usage,Data rate,optimal GU
370582,100.8149967128099,63.009372945506186,79.70125297871684
397393,105.18609360199783,65.74130850124864,83.15690848949446
1068424,118.43158780576907,74.01974237860567,93.62839109411334
1186346,121.37806254856895,75.86128909285559,95.95778390796495
40108,127.96470774069292,79.97794233793307,101.16498414459222
703373,115.00839601868192,71.8802475116762,90.92212036541895
383094,108.24766901731898,67.65479313582436,85.57729637469217
