UE ID,Internet usage,Data rate,optimal GU
370582,100.8149967128099,60.0089266147678,77.78045859601926
397393,105.18609360199783,62.61077000118918,81.15283306107213
1068424,118.43158780576907,70.49499274152922,91.371953698799
1186346,121.37806254856895,72.24884675510057,93.64520831576259
40108,127.96470774069292,76.1694688932696,98.72691540654476
703373,115.00839601868192,68.45737858254877,88.73090389724767
383094,108.24766901731898,64.43313631983273,83.51488977480032
