UE ID,Internet usage,Data rate,optimal GU
370582,100.8149967128099,80.41196166378884,90.0373902931747
397393,105.18609360199783,83.8984318015935,93.94119597143334
1068424,118.43158780576907,94.46329027364914,105.77068335065974
1186346,121.37806254856895,96.81345465183475,108.40216581910825
40108,127.96470774069292,102.06708831698126,114.28466706617297
703373,115.00839601868192,91.73288730061533,102.71344717516925
383094,108.24766901731898,86.34040266857585,96.67547429875917
