UE ID,Internet usage,Data rate,optimal GU
370582,100.8149967128099,27.60410624279319,52.7532736437015
397393,105.18609360199783,28.800954200547025,55.04052928856691
1068424,118.43158780576907,32.42769666110344,61.97147411880983
1186346,121.37806254856895,33.23446950734626,63.51327041360082
40108,127.96470774069292,35.03795569090401,66.95985185032805
703373,115.00839601868192,31.49039414797243,60.18022699321096
383094,108.24766901731898,29.639242707123056,56.64255409570301
