UE ID,Internet usage,Data rate,optimal GU
370582,100.8149967128099,16.802499452134985,41.15755006112461
397393,105.18609360199783,17.53101560033297,42.94204289358749
1068424,118.43158780576907,19.738597967628177,48.349493258626104
1186346,121.37806254856895,20.229677091428158,49.55238653526911
40108,127.96470774069292,21.327451290115487,52.24137317484574
703373,115.00839601868192,19.168066003113655,46.95198106361784
383094,108.24766901731898,18.041278169553163,44.19192582301854
