UE ID,Internet usage,Data rate,optimal GU
370582,100.8149967128099,31.80473110582693,56.62502858176537
397393,105.18609360199783,33.18370810063026,59.080154251104226
1068424,118.43158780576907,37.36234615301048,66.51978637255083
1186346,121.37806254856895,38.291888780203294,68.17474071433173
40108,127.96470774069292,40.36981851343288,71.87427931893475
703373,115.00839601868192,36.28241064875084,64.5970730947152
383094,108.24766901731898,34.14956224951134,60.79975749516962
