UE ID,Internet usage,Data rate,optimal GU
370582,100.8149967128099,40.8060700980421,64.1394092800737
397393,105.18609360199783,42.575323600808645,66.92034050578349
1068424,118.43158780576907,47.93659506423986,75.34724326383892
1186346,121.37806254856895,49.12921579346838,77.22181704377168
40108,127.96470774069292,51.79523884742332,81.41230006252071
703373,115.00839601868192,46.55101743613316,73.16937780497638
383094,108.24766901731898,43.81453269748626,68.86814237066362
