UE ID,Internet usage,Data rate,optimal GU
370582,100.8149967128099,12.001785322953559,34.784478548361385
397393,105.18609360199783,12.522154000237835,36.29265025824993
1068424,118.43158780576907,14.098998548305842,40.86277994149559
1186346,121.37806254856895,14.449769351020112,41.87941031223474
40108,127.96470774069292,15.233893778653918,44.15201881158107
703373,115.00839601868192,13.691475716509752,39.68166656384936
383094,108.24766901731898,12.886627263966545,37.348994133971125
