UE ID,Internet usage,Data rate,optimal GU
370582,100.8149967128099,87.613032857561,93.98248570629698
397393,105.18609360199783,91.4117242017362,98.05734127643801
1068424,118.43158780576907,102.92268940263266,110.4051517239743
1186346,121.37806254856895,105.48331626244683,113.15193572862
40108,127.96470774069292,111.20742458417361,119.29218576884625
703373,115.00839601868192,99.9477727305212,107.21395910690454
383094,108.24766901731898,94.07237902695579,100.91142526285955
