UE ID,Internet usage,Data rate,optimal GU
370582,100.8149967128099,50.40749835640495,71.28696782092737
397393,105.18609360199783,52.59304680099891,74.37780007249559
1068424,118.43158780576907,59.215793902884535,83.74377884414933
1186346,121.37806254856895,60.689031274284474,85.82725111537802
40108,127.96470774069292,63.98235387034646,90.48471259599864
703373,115.00839601868192,57.50419800934096,81.32321671819793
383094,108.24766901731898,54.12383450865949,76.54266080978319
