UE ID,Internet usage,Data rate,optimal GU
370582,100.8149967128099,67.8100870746876,82.68176162570549
397393,105.18609360199783,70.75017010134377,86.26664485557099
1068424,118.43158780576907,79.659341797928,97.12971910126726
1186346,121.37806254856895,81.64119683326363,99.54622190604675
40108,127.96470774069292,86.07149984939464,104.94815064130896
703373,115.00839601868192,77.3568377982801,94.32224465234879
383094,108.24766901731898,72.80944404141098,88.77754558405894
