UE ID,Internet usage,Data rate,optimal GU
370582,100.8149967128099,87.0129435914133,93.66007485658041
397393,105.18609360199783,90.7856165017243,97.72095146418424
1068424,118.43158780576907,102.21773947521734,110.02640223131188
1186346,121.37806254856895,104.7608277948958,112.76376327849619
40108,127.96470774069292,110.4457298952409,118.88294893403348
703373,115.00839601868192,99.2631989446957,106.84615713404378
383094,108.24766901731898,93.42804766375745,100.56524439606717
