UE ID,Internet usage,Data rate,optimal GU
370582,100.8149967128099,49.80740909025727,70.86137017944166
397393,105.18609360199783,51.96693910098703,73.93374953622832
1068424,118.43158780576907,58.51084397546925,83.24381151695566
1186346,121.37806254856895,59.96654280673347,85.31484503658864
40108,127.96470774069292,63.220659181413765,89.94450052851239
703373,115.00839601868192,56.819624223515476,80.8377006373311
383094,108.24766901731898,53.479503145461166,76.08568561628758
