UE ID,Internet usage,Data rate,optimal GU
370582,100.8149967128099,15.602320919839627,39.66040761572979
397393,105.18609360199783,16.27880020030919,41.37998793617445
1068424,118.43158780576907,18.328698112797593,46.59073749052725
1186346,121.37806254856895,18.784700156326146,47.74987445565347
40108,127.96470774069292,19.804061912250095,50.34104681747959
703373,115.00839601868192,17.798918431462678,45.2440610430792
383094,108.24766901731898,16.752615443156508,42.584405263725735
