UE ID,Internet usage,Data rate,optimal GU
370582,100.8149967128099,49.2073198241096,70.43320088079055
397393,105.18609360199783,51.34083140097513,73.48701584189794
1068424,118.43158780576907,57.80589404805395,82.74082315666847
1186346,121.37806254856895,59.24405433918246,84.79934276403388
40108,127.96470774069292,62.458964492481066,89.40102425065753
703373,115.00839601868192,56.13505043768998,80.3492508444636
383094,108.24766901731898,52.83517178226283,75.62594916799114
