UE ID,Internet usage,Data rate,optimal GU
370582,100.8149967128099,1.800267798443034,13.471970612431278
397393,105.18609360199783,1.8783231000356755,14.056083003993228
1068424,118.43158780576907,2.114849782245876,15.826086619315088
1186346,121.37806254856895,2.167465402653017,16.219825868827233
40108,127.96470774069292,2.285084066798088,17.100003355869006
703373,115.00839601868192,2.053721357476463,15.368643375154427
383094,108.24766901731898,1.9329940895949818,14.465203227846867
