UE ID,Internet usage,Data rate,optimal GU
370582,100.8149967128099,78.61169386534583,89.0238038876303
397393,105.18609360199783,82.02010870155783,92.88366288604308
1068424,118.43158780576907,92.34844049140327,104.57998106130763
1186346,121.37806254856895,94.64598924918175,107.18183989397815
40108,127.96470774069292,99.78200425018318,112.99811950495136
703373,115.00839601868192,89.67916594313888,101.55716139895605
383094,108.24766901731898,84.40740857898088,95.58716036407365
