UE ID,Internet usage,Data rate,optimal GU
370582,100.8149967128099,62.40928367935851,79.32081523145958
397393,105.18609360199783,65.11520080123675,82.7599758723489
1068424,118.43158780576907,73.31479245119037,93.1814749810545
1186346,121.37806254856895,75.13880062530458,95.49974891130694
40108,127.96470774069292,79.21624764900038,100.68209363495917
703373,115.00839601868192,71.19567372585071,90.4881220861584
383094,108.24766901731898,67.01046177262603,85.16881052745147
