UE ID,Internet usage
262752,0.5130266237376732
833269,0.49271795473645097
191305,0.5621439648538483
203458,0.5648803686536203
610307,0.49852883665792463
459160,0.5479109782322799
411817,0.503380362247434
