UE ID,Internet usage
262752,0.38597623511024975
833269,0.36566756610947093
191305,0.43509357622864164
203458,0.4378299800306303
610307,0.3714784480349347
459160,0.42086058960662986
411817,0.37632997362355736
