UE ID,Internet usage
262752,0.8046392973981779
833269,0.7843306283969559
191305,0.8537566385143531
203458,0.8564930423185586
610307,0.790141510322863
459160,0.8395236518927847
411817,0.7949930359079389
