UE ID,Internet usage
262752,0.6754883608467104
833269,0.6551796918454882
191305,0.7246057019673189
203458,0.727342105767091
610307,0.6609905737713954
459160,0.7103727153457504
411817,0.6658420993609047
