UE ID,Internet usage
262752,0.47793063193398067
833269,0.4576219629327585
191305,0.5270479730501558
203458,0.5297843768543612
610307,0.46343284485866565
459160,0.5128149864285874
411817,0.4682843704437415
