UE ID,Internet usage
262752,0.7105378296496394
833269,0.6902291606484172
191305,0.7596551707702479
203458,0.76239157457002
610307,0.6960400425743244
459160,0.7454221841486797
411817,0.7008915681638337
