UE ID,Internet usage
262752,0.6889068959885518
833269,0.6685982269873296
191305,0.7380242371091604
203458,0.7407606409089323
610307,0.6744091089132368
459160,0.723791250487592
411817,0.6792606345027461
