UE ID,Internet usage
262752,0.6847801533599376
833269,0.6644714843587155
191305,0.7338974944761127
203458,0.7366338982758848
610307,0.6702823662801891
459160,0.7196645078545444
411817,0.6751338918696985
