UE ID,Internet usage
262752,0.6492352711493167
833269,0.6289266021480946
191305,0.6983526122699253
203458,0.7010890160696973
610307,0.6347374840740017
459160,0.6841196256483568
411817,0.639589009663511
