UE ID,Internet usage
262752,0.9778865160855754
833269,0.9575778470843532
191305,1.027003857206184
203458,1.0297402610059558
610307,0.9633887290102603
459160,1.0127708705846155
411817,0.9682402545997697
