UE ID,Internet usage
262752,0.5142698327469394
833269,0.4939611637457172
191305,0.563387173867548
203458,0.5661235776673199
610307,0.49977204567162437
459160,0.5491541872459795
411817,0.5046235712611337
