UE ID,Internet usage
262752,0.3004081935449162
833269,0.2800995245441374
191305,0.3495255346633081
203458,0.35226193846529685
610307,0.2859104064696012
459160,0.3352925480412963
411817,0.2907619320582238
