UE ID,Internet usage
262752,1.0158760801142153
833269,0.9955674111129931
191305,1.0649934212303904
203458,1.067729825034596
610307,1.0013782930389001
459160,1.050760434608822
411817,1.0062298186284095
