UE ID,Internet usage
262752,0.709654225834258
833269,0.6893455568330358
191305,0.7587715669548665
203458,0.7615079707546386
610307,0.6951564387589428
459160,0.7445385803332981
411817,0.7000079643484522
