UE ID,Internet usage
262752,1.0665290987583993
833269,1.046220429757177
191305,1.1156464398745747
203458,1.11838284367878
610307,1.0520313116830844
459160,1.1014134532530062
411817,1.0568828372725938
