UE ID,Internet usage
262752,0.31462193837995583
833269,0.294313269379177
191305,0.3637392794983478
203458,0.3664756833003364
610307,0.3001241513046408
459160,0.34950629287633594
411817,0.3049756768928201
