UE ID,Internet usage
262752,1.0101608645219005
833269,0.9898521955206784
191305,1.0592782056425092
203458,1.062014609442281
610307,0.9956630774465856
459160,1.0450452190209407
411817,1.000514603036095
