UE ID,Internet usage
262752,0.36595754187351526
833269,0.34564887287273643
191305,0.4150748829923505
203458,0.4178112867938959
610307,0.35145975479820024
459160,0.40084189636989537
411817,0.35631128038682286
