UE ID,Internet usage
262752,1.0642923906640112
833269,1.043983721662789
191305,1.1134097317846199
203458,1.1161461355843918
610307,1.049794603588696
459160,1.0991767451630514
411817,1.0546461291782054
