UE ID,Internet usage
262752,0.6080726856818554
833269,0.587764016680633
191305,0.6571900268024639
203458,0.6599264306022359
610307,0.5935748986065402
459160,0.642957040176462
411817,0.5984264241960496
