UE ID,Internet usage
262752,0.3046302425477952
833269,0.28432157354657306
191305,0.3537475836661871
203458,0.35648398746773247
610307,0.2901324554720368
459160,0.3395145970441753
411817,0.2949839810606595
