UE ID,Internet usage
262752,0.9689238130803389
833269,0.9486151440791168
191305,1.0180411541965142
203458,1.0207775579962863
610307,0.9544260260005905
459160,1.0038081675749457
411817,0.9592775515900999
