UE ID,Internet usage
262752,0.3669204192121587
833269,0.34661175021137985
191305,0.41603776033055057
203458,0.4187741641325393
610307,0.35242263213684366
459160,0.4018047737085388
411817,0.35727415772502297
