UE ID,Internet usage,Data rate,optimal GU
262752,117.39438696491055,90.8408946752284,103.2676674557068
833269,113.98253057271315,88.20076770507565,100.26637871929232
191305,125.64610027277419,97.22614902059907,110.52640620674264
203458,126.10581611148703,97.58188151484114,110.93080188172928
610307,114.95875873621023,88.95618235540077,101.12513191827657
459160,123.25495852028692,95.37586075974582,108.42300384041724
411817,115.77381503506457,89.5868806818952,101.84210795949843
