UE ID,Internet usage,Data rate,optimal GU
262752,117.39438696491055,78.96170075616007,96.27907588866921
833269,113.98253057271315,76.6668211590273,93.48089797745612
191305,125.64610027277419,84.51196030252073,103.04658285658594
203458,126.10581611148703,84.82117393213115,103.42361124156218
610307,114.95875873621023,77.3234508166176,94.28153545142739
459160,123.25495852028692,82.9036328142406,101.08552727121881
411817,115.77381503506457,77.8716732081089,94.9499904711243
