UE ID,Internet usage,Data rate,optimal GU
262752,117.39438696491055,8.385313354636468,31.37496965378972
833269,113.98253057271315,8.141609326622367,30.463112677184196
191305,125.64610027277419,8.9747214480553,33.58033280035463
203458,126.10581611148703,9.007558293677645,33.703197026335836
610307,114.95875873621023,8.211339909729302,30.724020628550313
459160,123.25495852028692,8.803925608591923,32.94127328599624
411817,115.77381503506457,8.269558216790326,30.94185358721067
