UE ID,Internet usage,Data rate,optimal GU
262752,117.39438696491055,104.81641693295585,110.92726900858428
833269,113.98253057271315,101.77011658277958,107.70336775043413
191305,125.64610027277419,112.18401810069123,118.72440518815904
203458,126.10581611148703,112.59447867097055,119.15879582494178
610307,114.95875873621023,102.64174887161627,108.62581665881649
459160,123.25495852028692,110.04907010739902,116.46498860723601
411817,115.77381503506457,103.36947770987908,109.39597246998981
