UE ID,Internet usage,Data rate,optimal GU
262752,117.39438696491055,51.01065624070518,77.38452505543582
833269,113.98253057271315,49.528123403619404,75.13548322904538
191305,125.64610027277419,54.59622214233641,82.82392409087278
203458,126.10581611148703,54.79597961987234,83.12696150823999
610307,114.95875873621023,49.95231778418659,75.77899741001335
459160,123.25495852028692,53.5572141189342,81.24772122768343
411817,115.77381503506457,50.30647915214116,76.316269644325
