UE ID,Internet usage,Data rate,optimal GU
262752,117.39438696491055,83.85313354636469,99.21636562464006
833269,113.98253057271315,81.41609326622368,96.33282067825175
191305,125.64610027277419,89.747214480553,106.19033623558094
203458,126.10581611148703,90.07558293677646,106.57886703263517
610307,114.95875873621023,82.11339909729303,97.1578840642171
459160,123.25495852028692,88.03925608591923,104.16945260980732
411817,115.77381503506457,82.69558216790327,97.84673236303713
