UE ID,Internet usage,Data rate,optimal GU
262752,117.39438696491055,109.00907361027409,113.12406185286548
833269,113.98253057271315,105.84092124609079,109.8363147678247
191305,125.64610027277419,116.6713788247189,121.0756117588239
203458,126.10581611148703,117.0982578178094,121.51860502551932
610307,114.95875873621023,106.74741882648094,110.7770317646515
459160,123.25495852028692,114.45103291169501,118.77144991173158
411817,115.77381503506457,107.50425681827426,111.56243966658744
