UE ID,Internet usage,Data rate,optimal GU
262752,117.39438696491055,99.92498414275124,108.3080433574381
833269,113.98253057271315,97.02084447558322,105.16026517477317
191305,125.64610027277419,106.94876392265898,115.92107278608003
203458,126.10581611148703,107.34006966632528,116.34520654816778
610307,114.95875873621023,97.85180059094085,106.06093312826228
459160,123.25495852028692,104.91344683572042,113.71500577301593
411817,115.77381503506457,98.54556875008473,106.81290394422177
