UE ID,Internet usage,Data rate,optimal GU
262752,117.39438696491055,7.686537241750095,30.039246451570765
833269,113.98253057271315,7.46314188273717,29.166209863771904
191305,125.64610027277419,8.22682799405069,32.15072091053883
203458,126.10581611148703,8.256928435871174,32.268354451066735
610307,114.95875873621023,7.527061583918527,29.416010209038994
459160,123.25495852028692,8.070265141209262,31.5388680080225
411817,115.77381503506457,7.580428365391132,29.624569388623183
