UE ID,Internet usage,Data rate,optimal GU
262752,117.39438696491055,18.866955047932052,47.06245448068458
833269,113.98253057271315,18.318620984900328,45.69466901577629
191305,125.64610027277419,20.193123258124423,50.37049920053195
203458,126.10581611148703,20.267006160774702,50.554795539503765
610307,114.95875873621023,18.47551479689093,46.08603094282547
459160,123.25495852028692,19.808832619331827,49.411909928994355
411817,115.77381503506457,18.606505987778235,46.412780380816
