UE ID,Internet usage,Data rate,optimal GU
262752,117.39438696491055,113.20173028759233,115.2789995206371
833269,113.98253057271315,109.91172590940197,111.92862305401634
191305,125.64610027277419,121.15873954874655,123.3820211305713
203458,126.10581611148703,121.60203696464822,123.83345312251522
610307,114.95875873621023,110.85308878134559,112.88726008003914
459160,123.25495852028692,118.85299571599097,121.03396654239795
411817,115.77381503506457,111.63903592666942,113.68762947685713
