UE ID,Internet usage,Data rate,optimal GU
262752,117.39438696491055,103.4188647071831,110.18527225953015
833269,113.98253057271315,100.4131816950092,106.98293580031718
191305,125.64610027277419,110.68823119268203,117.93025309670007
203458,126.10581611148703,111.09321895535763,118.36173807788349
610307,114.95875873621023,101.27319221999473,107.89921441263702
459160,123.25495852028692,108.58174917263372,115.68594983978464
411817,115.77381503506457,101.9912180070807,108.66421862210535
