UE ID,Internet usage,Data rate,optimal GU
262752,117.39438696491055,68.4800590628645,89.66144407160664
833269,113.98253057271315,66.48980950074935,87.05559570867938
191305,125.64610027277419,73.29355849245161,95.96379421266656
203458,126.10581611148703,73.56172606503411,96.3149079841785
610307,114.95875873621023,67.05927592945596,87.80120228447488
459160,123.25495852028692,71.89872580350071,94.13752953297617
411817,115.77381503506457,67.53472543712101,88.42371181533333
