UE ID,Internet usage,Data rate,optimal GU
262752,117.39438696491055,20.264507273704798,48.77437245667591
833269,113.98253057271315,19.67555587267072,47.3568331795087
191305,125.64610027277419,21.68891016613364,52.20274879296318
203458,126.10581611148703,21.76826587638764,52.39374899426169
610307,114.95875873621023,19.84407144851248,47.76243107290147
459160,123.25495852028692,21.276153554097146,51.20929040497924
411817,115.77381503506457,19.984765690576623,48.1010661688483
