UE ID,Internet usage,Data rate,optimal GU
262752,117.39438696491055,2.7951044515454893,18.114347175431835
833269,113.98253057271315,2.7138697755407892,17.587886304526197
191305,125.64610027277419,2.991573816018433,19.38761418176197
203458,126.10581611148703,3.0025194312258816,19.45854987570599
610307,114.95875873621023,2.7371133032431008,17.738521580481137
459160,123.25495852028692,2.934641869530641,19.018652999118956
411817,115.77381503506457,2.7565194055967757,17.864287497802067
