UE ID,Internet usage,Data rate,optimal GU
262752,117.39438696491055,10.481641693295586,35.07828246893343
833269,113.98253057271315,10.17701165827796,34.05879537620974
191305,125.64610027277419,11.218401810069125,37.543953424329416
203458,126.10581611148703,11.259447867097057,37.68131980497785
610307,114.95875873621023,10.264174887161628,34.350499333772156
459160,123.25495852028692,11.004907010739904,36.82946316644273
411817,115.77381503506457,10.336947770987909,34.594043985424385
