UE ID,Internet usage,Data rate,optimal GU
262752,117.39438696491055,71.97393962729635,91.9202726279461
833269,113.98253057271315,69.88214672017533,89.24877548190345
191305,125.64610027277419,77.03302576247465,98.38139701827316
203458,126.10581611148703,77.31487535406646,98.7413563512394
610307,114.95875873621023,70.48066755850985,90.01316602267566
459160,123.25495852028692,75.56702814041401,96.5091235010871
411817,115.77381503506457,70.98037469411697,90.6513583514129
