UE ID,Internet usage,Data rate,optimal GU
262752,117.39438696491055,41.926566773182344,70.15656493786686
833269,113.98253057271315,40.70804663311184,68.11759075241947
191305,125.64610027277419,44.8736072402765,75.08790684865883
203458,126.10581611148703,45.03779146838823,75.3626396099557
610307,114.95875873621023,41.05669954864651,68.70099866754431
459160,123.25495852028692,44.01962804295962,73.65892633288546
411817,115.77381503506457,41.347791083951634,69.18808797084877
