UE ID,Internet usage,Data rate,optimal GU
262752,117.39438696491055,12.5779700319547,38.42633317354569
833269,113.98253057271315,12.21241398993355,37.30954101800544
191305,125.64610027277419,13.462082172082948,41.1273403768571
203458,126.10581611148703,13.511337440516467,41.27781770750507
610307,114.95875873621023,12.317009864593953,37.62908669334638
459160,123.25495852028692,13.205888412887884,40.34465551413265
411817,115.77381503506457,12.40433732518549,37.89587649228571
