UE ID,Internet usage,Data rate,optimal GU
262752,117.39438696491055,48.91432790204607,75.77775094222127
833269,113.98253057271315,47.492721071963814,73.57540711111596
191305,125.64610027277419,52.35254178032258,81.10420897872694
203458,126.10581611148703,52.54409004645293,81.40095427661403
610307,114.95875873621023,47.899482806754264,74.2055596810031
459160,123.25495852028692,51.35623271678622,79.5607336144262
411817,115.77381503506457,48.239089597943575,74.73167625961716
