UE ID,Internet usage,Data rate,optimal GU
262752,117.39438696491055,92.23844690100115,104.05900215040737
833269,113.98253057271315,89.55770259284604,101.03471469653896
191305,125.64610027277419,98.72193592860829,111.37336423404075
203458,126.10581611148703,99.0831412304541,111.78085877177784
610307,114.95875873621023,90.32473900702233,101.90004847604067
459160,123.25495852028692,96.84318169451116,109.25384360620721
411817,115.77381503506457,90.9651403846936,102.62251866689006
