UE ID,Internet usage,Data rate,optimal GU
262752,117.39438696491055,38.432686208750475,67.16979705858158
833269,113.98253057271315,37.31570941368585,65.21762790141885
191305,125.64610027277419,41.13413997025345,71.89119748158876
203458,126.10581611148703,41.28464217935587,72.15423407464314
610307,114.95875873621023,37.635307919592634,65.776198454239
459160,123.25495852028692,40.35132570604631,70.52305279933168
411817,115.77381503506457,37.90214182695566,66.24255095712083
