UE ID,Internet usage,Data rate,optimal GU
262752,117.39438696491055,32.8424773056595,62.092853773255456
833269,113.98253057271315,31.887969862604272,60.28823682747777
191305,125.64610027277419,35.15099233821659,66.45739317799848
203458,126.10581611148703,35.27960331690411,66.70054848625847
610307,114.95875873621023,32.161081313106436,60.80458853876936
459160,123.25495852028692,34.48204196698503,65.19265796342049
411817,115.77381503506457,32.38910301576212,61.2356923835968
