UE ID,Internet usage,Data rate,optimal GU
262752,117.39438696491055,67.08250683709174,88.74181520686741
833269,113.98253057271315,65.13287461297894,86.16269420034732
191305,125.64610027277419,71.7977715844424,94.97952415052724
203458,126.10581611148703,72.06046634942116,95.32703665995342
610307,114.95875873621023,65.69071927783442,86.90065332705319
459160,123.25495852028692,70.43140486873538,93.17199088578882
411817,115.77381503506457,66.15646573432261,87.51677797599186
