UE ID,Internet usage,Data rate,optimal GU
262752,117.39438696491055,64.98617849843262,87.34421896162189
833269,113.98253057271315,63.09747228132335,84.80571657245082
191305,125.64610027277419,69.55409122242857,93.4836901288933
203458,126.10581611148703,69.80857677600176,93.82572965833573
610307,114.95875873621023,63.63788430040209,85.53205356924843
459160,123.25495852028692,68.23042346658741,91.70462373400723
411817,115.77381503506457,64.08907618012503,86.13847486138792
