UE ID,Internet usage,Data rate,optimal GU
262752,117.39438696491055,13.276746144841074,39.4793043829594
833269,113.98253057271315,12.890881433818747,38.331909515956355
191305,125.64610027277419,14.209975626087555,42.25432548732821
203458,126.10581611148703,14.261967298322936,42.40892624802417
610307,114.95875873621023,13.001288190404727,38.66021148856633
459160,123.25495852028692,13.939548880270543,41.45019323271313
411817,115.77381503506457,13.093467176584683,38.93431195063815
