UE ID,Internet usage,Data rate,optimal GU
262752,117.39438696491055,2.096328338659117,15.68748482689486
833269,113.98253057271315,2.035402331655592,15.231556338592098
191305,125.64610027277419,2.243680362013825,16.790166400177316
203458,126.10581611148703,2.2518895734194113,16.851598513167918
610307,114.95875873621023,2.0528349774323256,15.362010314275157
459160,123.25495852028692,2.2009814021479808,16.47063664299812
411817,115.77381503506457,2.0673895541975815,15.470926793605335
