UE ID,Internet usage,Data rate,optimal GU
262752,117.39438696491055,116.69561085202419,117.04447743259458
833269,113.98253057271315,113.30406312882795,113.64279053065466
191305,125.64610027277419,124.8982068187696,125.27159541508527
203458,126.10581611148703,125.35518625368057,125.72994100980024
610307,114.95875873621023,114.27448041039946,114.61610891670024
459160,123.25495852028692,122.52129805290427,122.88758077756444
411817,115.77381503506457,115.08468518366539,115.42873583221083
