UE ID,Internet usage,Data rate,optimal GU
262752,117.39438696491055,102.72008859429674,109.81239378826402
833269,113.98253057271315,99.734714251124,106.62089437014468
191305,125.64610027277419,109.94033773867743,117.53116480124123
203458,126.10581611148703,110.34258909755115,117.96118959217544
610307,114.95875873621023,100.58891389418396,107.5340721999261
459160,123.25495852028692,107.84808870525106,115.29445650098683
411817,115.77381503506457,101.3020881556815,108.29648755523733
