UE ID,Internet usage,Data rate,optimal GU
262752,117.39438696491055,99.22620802986488,107.92867951809043
833269,113.98253057271315,96.34237703169802,104.79192686206021
191305,125.64610027277419,106.20087046865437,115.51504326260043
203458,126.10581611148703,106.5894398085188,115.93769143776966
610307,114.95875873621023,97.16752226513007,105.68944010199138
459160,123.25495852028692,104.17978636833776,113.31670330309571
411817,115.77381503506457,97.85643889868554,106.43877703659751
