UE ID,Internet usage,Data rate,optimal GU
262752,117.39438696491055,11.180417806181957,36.22869435086367
833269,113.98253057271315,10.855479102163157,35.175772609052395
191305,125.64610027277419,11.966295264073732,38.77522836352394
203458,126.10581611148703,12.010077724903526,38.91709975141198
610307,114.95875873621023,10.948453212972403,35.477043160962275
459160,123.25495852028692,11.738567478122564,38.03730599823791
411817,115.77381503506457,11.026077622387103,35.728574995604134
