UE ID,Internet usage
867946,0.8434624773757678
862499,0.8635429955125706
536951,0.7964796477946062
147290,0.867650023407504
286977,0.8539762724959993
921157,0.7792898332606789
711151,0.7759096947395359
