UE ID,Internet usage
867946,0.6982825207911988
862499,0.7183630389235682
536951,0.6512996912056038
147290,0.7224700668185015
286977,0.7087963159069969
921157,0.6341098766716764
711151,0.6307297381505333
