UE ID,Internet usage
867946,0.5594321323126149
862499,0.5795126504449843
536951,0.5124493027270199
147290,0.5836196783399176
286977,0.5699459274284129
921157,0.4952594881930926
711151,0.4918793496719496
