UE ID,Internet usage
867946,1.0365542632547273
862499,1.0566347813915302
536951,0.9895714336691322
147290,1.0607418092864633
286977,1.0470680583749588
921157,0.9723816191396385
711151,0.9690014806184954
