UE ID,Internet usage
867946,0.4034870313467316
862499,0.42356754948131775
536951,0.35650420176291
147290,0.4276745773771376
286977,0.414000826464303
921157,0.3393143872303127
711151,0.33593424870872624
