UE ID,Internet usage
867946,1.0245958147894623
862499,1.044676332926265
536951,0.9776129852083006
147290,1.0487833608211983
286977,1.0351096099096937
921157,0.9604231706743733
711151,0.9570430321532303
