UE ID,Internet usage
867946,0.5975723002613407
862499,0.6176528183937102
536951,0.5505894706757457
147290,0.6217598462886433
286977,0.6080860953771388
921157,0.5333996561418184
711151,0.5300195176206753
