UE ID,Internet usage
867946,0.8884389439972059
862499,0.9085194621295754
536951,0.841456114411611
147290,0.9126264900245085
286977,0.8989527391130039
921157,0.8242662998776835
711151,0.8208861613565404
