UE ID,Internet usage
867946,0.7343475969615759
862499,0.7544281150939454
536951,0.687364767375981
147290,0.7585351429888786
286977,0.7448613920773739
921157,0.6701749528420536
711151,0.6667948143209106
