UE ID,Internet usage
867946,0.7899340989669635
862499,0.8100146171037663
536951,0.7429512693813686
147290,0.8141216449986994
286977,0.8004478940827616
921157,0.7257614548518746
711151,0.7223813163307315
