UE ID,Internet usage
867946,0.8654498170563046
862499,0.885530335188674
536951,0.8184669874707097
147290,0.8896373630836073
286977,0.8759636121721026
921157,0.8012771729367822
711151,0.7978970344156392
