UE ID,Internet usage
867946,0.7048951491780607
862499,0.7249756673148635
536951,0.6579123195968991
147290,0.7290826952097966
286977,0.7154089442982922
921157,0.6407225050629717
711151,0.6373423665418286
