UE ID,Internet usage
867946,1.0583179343740194
862499,1.0783984525063888
536951,1.0113351047884245
147290,1.0825054804057554
286977,1.0688317294898175
921157,0.9941452902589305
711151,0.9907651517377875
