UE ID,Internet usage
867946,0.6174751608071343
862499,0.6375556789395037
536951,0.5704923312215393
147290,0.6416627068344369
286977,0.6279889559229322
921157,0.553302516687612
711151,0.5499223781664688
