UE ID,Internet usage
867946,0.3657190564438839
862499,0.3857995745789134
536951,0.3187362268605056
147290,0.3899066024747333
286977,0.3762328515618987
921157,0.301546412327465
711151,0.29816627380632194
