UE ID,Internet usage
867946,0.7195983488357106
862499,0.73967886696808
536951,0.6726155192501156
147290,0.7437858948630132
286977,0.7301121439515087
921157,0.6554257047161882
711151,0.6520455661950452
