UE ID,Internet usage,Data rate,optimal GU
867946,118.97400278561913,62.31971574484812,86.10706146784102
862499,122.3475298322518,64.08680134070332,88.54864108999807
536951,111.0808874155397,58.18522674147318,80.39444396795858
147290,123.03751051871495,64.44821979551736,89.04801244836081
286977,120.74032036541145,63.24492971521552,87.38542827784877
921157,108.19299857404305,56.672523062593974,78.30434347402864
711151,107.6251353024387,56.37507087270598,77.89335421176541
