UE ID,Internet usage,Data rate,optimal GU
867946,118.97400278561913,107.64314537746492,113.1668497307905
862499,122.3475298322518,110.69538413394208,116.3757140155112
536951,111.0808874155397,100.50175528072639,105.65899944350453
147290,123.03751051871495,111.31965237407542,117.03201655920911
286977,120.74032036541145,109.24124223537225,114.84695287474702
921157,108.19299857404305,97.88890347175322,102.9120692325931
711151,107.6251353024387,97.37512241649215,102.37192351991095
