UE ID,Internet usage,Data rate,optimal GU
867946,118.97400278561913,18.41264328825058,46.80412240248647
862499,122.3475298322518,18.934736759753253,48.1312608455227
536951,111.0808874155397,17.19108971907162,43.69898742115927
147290,123.03751051871495,19.041519485039217,48.402697796019886
286977,120.74032036541145,18.686001961313675,47.498988022459166
921157,108.19299857404305,16.744154541220947,42.562898026354766
711151,107.6251353024387,16.65627093966313,42.339501809956644
