UE ID,Internet usage,Data rate,optimal GU
867946,118.97400278561913,44.61525104460718,72.85639987030784
862499,122.3475298322518,45.880323687094425,74.92225484473991
536951,111.0808874155397,41.65533278082739,68.02287358590439
147290,123.03751051871495,46.13906644451811,75.34477999829242
286977,120.74032036541145,45.277620137029295,73.93804406885755
921157,108.19299857404305,40.572374465266144,66.25441006201837
711151,107.6251353024387,40.359425738414515,65.90666624724383
