UE ID,Internet usage,Data rate,optimal GU
867946,118.97400278561913,64.44425150887703,87.5624951593676
862499,122.3475298322518,66.27157865913638,90.04534383869668
536951,111.0808874155397,60.16881401675067,81.75331953946107
147290,123.03751051871495,66.64531819763727,90.55315587413229
286977,120.74032036541145,65.40100686459786,88.86246969926066
921157,108.19299857404305,58.60454089427331,79.62789090140815
711151,107.6251353024387,58.29694828882096,79.20995484977648
