UE ID,Internet usage,Data rate,optimal GU
867946,118.97400278561913,5.665428704077102,25.96225588080889
862499,122.3475298322518,5.826072849154848,26.698419835579127
536951,111.0808874155397,5.2895660674066525,24.23983689736087
147290,123.03751051871495,5.85892907231976,26.848985965282697
286977,120.74032036541145,5.749539065019593,26.34769797655791
921157,108.19299857404305,5.152047551144907,23.609647887133406
711151,107.6251353024387,5.125006442973271,23.485729962061395
