UE ID,Internet usage,Data rate,optimal GU
867946,118.97400278561913,67.27696586091558,89.46625019382769
862499,122.3475298322518,69.18461508371381,92.00308015434881
536951,111.0808874155397,62.813597050454,83.53077338398441
147290,123.03751051871495,69.57478273379715,92.52193287241072
286977,120.74032036541145,68.27577639710766,90.79448835355578
921157,108.19299857404305,61.18056466984577,81.3591343739827
711151,107.6251353024387,60.85945151030759,80.93211169387008
