UE ID,Internet usage,Data rate,optimal GU
867946,118.97400278561913,3.5408929400481886,20.524965444864268
862499,122.3475298322518,3.6412955307217794,21.10695415196205
536951,111.0808874155397,3.305978792129158,19.16327367666237
147290,123.03751051871495,3.6618306701998495,21.225987129046956
286977,120.74032036541145,3.593461915637245,20.829684177033172
921157,108.19299857404305,3.2200297194655665,18.665065519480887
711151,107.6251353024387,3.2031290268582944,18.567099797943477
