UE ID,Internet usage,Data rate,optimal GU
867946,118.97400278561913,63.73607292086739,87.08005349809852
862499,122.3475298322518,65.54331955299203,89.54922246627552
536951,111.0808874155397,59.50761825832484,81.30288459900974
147290,123.03751051871495,65.91295206359729,90.05423661796488
286977,120.74032036541145,64.68231448147041,88.37286558932573
921157,108.19299857404305,57.9605349503802,79.18916640069686
711151,107.6251353024387,57.6563224834493,78.77353304455926
