UE ID,Internet usage,Data rate,optimal GU
867946,118.97400278561913,102.68589526139746,110.53032158133485
862499,122.3475298322518,105.5975703909316,113.66442668494753
536951,111.0808874155397,95.87338497174557,103.19738699304924
147290,123.03751051871495,106.19308943579564,114.3054388840336
286977,120.74032036541145,104.21039555348011,112.17128217388547
921157,108.19299857404305,93.38086186450143,100.51445395836816
711151,107.6251353024387,92.89074177889053,99.98689240243937
