UE ID,Internet usage,Data rate,optimal GU
867946,118.97400278561913,116.84946702159023,117.90694981605108
862499,122.3475298322518,120.16275251381875,121.25022040355196
536951,111.0808874155397,109.09730014026222,110.08462614834013
147290,123.03751051871495,120.84041211659506,121.93401279742012
286977,120.74032036541145,118.58424321602911,119.65742566256898
921157,108.19299857404305,106.26098074236371,107.22263817839483
711151,107.6251353024387,105.70325788632373,106.65986795380988
