UE ID,Internet usage,Data rate,optimal GU
867946,118.97400278561913,38.94982234053007,68.07360921562478
862499,122.3475298322518,40.05425083793958,70.00384738929218
536951,111.0808874155397,36.36576671342073,63.557388540383485
147290,123.03751051871495,40.28013737219835,70.39863511196178
286977,120.74032036541145,39.5280810720097,69.08424691682184
921157,108.19299857404305,35.42032691412123,61.9050190155181
711151,107.6251353024387,35.234419295441235,61.58010347486207
