UE ID,Internet usage,Data rate,optimal GU
867946,118.97400278561913,39.658000928539714,68.68967253484449
862499,122.3475298322518,40.782509944083934,70.63737928333634
536951,111.0808874155397,37.026962471846566,64.13258025118436
147290,123.03751051871495,41.01250350623832,71.03573981840148
286977,120.74032036541145,40.24677345513715,69.70945646501195
921157,108.19299857404305,36.064332858014346,62.465256851156546
711151,107.6251353024387,35.8750451008129,62.137400838432875
