UE ID,Internet usage,Data rate,optimal GU
867946,118.97400278561913,60.195179980819205,84.62660049132796
862499,122.3475298322518,61.902024022270254,87.02620140360877
536951,111.0808874155397,56.20163946619568,79.01220150149744
147290,123.03751051871495,62.25112139339744,87.51698694106156
286977,120.74032036541145,61.08885256583317,85.88298801016464
921157,108.19299857404305,54.740505230914636,76.95803664589386
711151,107.6251353024387,54.453193456591,76.55411362830527
