UE ID,Internet usage,Data rate,optimal GU
867946,118.97400278561913,94.18775220528183,105.85789480828723
862499,122.3475298322518,96.85846111719934,108.8595124968073
536951,111.0808874155397,87.9390358706356,98.83494393673313
147290,123.03751051871495,97.404695827316,109.47342731195376
286977,120.74032036541145,95.58608695595073,107.42948739306898
921157,108.19299857404305,85.65279053778409,96.26542600808081
711151,107.6251353024387,85.20323211443063,95.76016595913296
