UE ID,Internet usage,Data rate,optimal GU
867946,118.97400278561913,16.996286112231306,44.96794626466487
862499,122.3475298322518,17.478218547464543,46.24301963702776
536951,111.0808874155397,15.868698202219958,41.98462907341177
147290,123.03751051871495,17.57678721695928,46.50380782357335
286977,120.74032036541145,17.248617195058777,45.635551557878
921157,108.19299857404305,15.456142653434721,40.89310968932625
711151,107.6251353024387,15.375019328919814,40.67847754713302
