UE ID,Internet usage,Data rate,optimal GU
867946,118.97400278561913,101.2695380853782,109.76539667066369
862499,122.3475298322518,104.1410521786429,112.87781220500601
536951,111.0808874155397,94.55099345489391,102.48320964426564
147290,123.03751051871495,104.72835716771571,113.51438828021124
286977,120.74032036541145,102.77301078722522,111.39500099810341
921157,108.19299857404305,92.09284997671521,99.81884384328598
711151,107.6251353024387,91.60949016814722,99.29493327624664
