UE ID,Internet usage,Data rate,optimal GU
867946,118.97400278561913,106.22678820144564,112.41986566166216
862499,122.3475298322518,109.23886592165337,115.60754909256939
536951,111.0808874155397,99.17936376387473,104.96157268352941
147290,123.03751051871495,109.85492010599549,116.25951955893338
286977,120.74032036541145,107.80385746911736,114.08887889469501
921157,108.19299857404305,96.600891583967,102.23277422331563
711151,107.6251353024387,96.09387080574882,101.69619386783253
