UE ID,Internet usage,Data rate,optimal GU
867946,118.97400278561913,104.10225243741675,111.28998908921884
862499,122.3475298322518,107.05408860322032,114.44563468759752
536951,111.0808874155397,97.19577648859725,103.90665573193968
147290,123.03751051871495,107.65782170387558,115.09105252065659
286977,120.74032036541145,105.64778031973502,112.94222789417347
921157,108.19299857404305,94.66887375228767,101.20528307794767
711151,107.6251353024387,94.17199338963385,100.67409562672866
