UE ID,Internet usage,Data rate,optimal GU
867946,118.97400278561913,46.031608220626445,74.00381533858466
862499,122.3475298322518,47.33684189938313,76.10220546376672
536951,111.0808874155397,42.97772429767905,69.0941658469555
147290,123.03751051871495,47.60379871259804,76.53138496611747
286977,120.74032036541145,46.71500490328419,75.10249435201403
921157,108.19299857404305,41.86038635305237,67.29785079038324
711151,107.6251353024387,41.640677349157826,66.94463035814228
