UE ID,Internet usage
1198553,1.005638709590997
752344,0.9101163604478155
593252,1.015775203356941
388463,0.9301814675000447
166885,0.9356384473520737
308604,1.0019547742996255
823925,0.9680092783259543
