UE ID,Internet usage
1198553,0.3742374047500623
752344,0.27871505560998416
593252,0.3843738985173362
388463,0.29878016266177
166885,0.3042371425129123
308604,0.37055346946223755
823925,0.3366079734867927
