UE ID,Internet usage
1198553,1.033364516834565
752344,0.9378421676913835
593252,1.043501010600509
388463,0.9579072747436127
166885,0.9633642545956417
308604,1.0296805815431935
823925,0.9957350855695223
