UE ID,Internet usage
1198553,0.5910787465681524
752344,0.49555639742940427
593252,0.6012152403385297
388463,0.5156215044816335
166885,0.5210784843336624
308604,0.5873948112812144
823925,0.5534493153075429
