UE ID,Internet usage
1198553,0.4014579515064368
752344,0.30593560236635875
593252,0.41159444527326744
388463,0.3260007094181446
166885,0.3314576892688435
308604,0.3977740162186122
823925,0.3638285202431673
