UE ID,Internet usage
1198553,0.959584016134565
752344,0.8640616669958169
593252,0.969720509900509
388463,0.8841267740436127
166885,0.8895837538956417
308604,0.9559000808476271
823925,0.9219545848695221
