UE ID,Internet usage
1198553,1.0784227827368853
752344,0.9829004335981372
593252,1.0885592765028291
388463,1.0029655406503664
166885,1.0084225204979618
308604,1.074738847449947
823925,1.0407933514718424
