UE ID,Internet usage
1198553,1.0246498694709867
752344,0.9291275203322387
593252,1.034786363241364
388463,0.9491926273844679
166885,0.9546496072364968
308604,1.0209659341840487
823925,0.9870204382103773
