UE ID,Internet usage
1198553,0.8035724084174863
752344,0.7080500592743048
593252,0.8137089021834303
388463,0.728115166326534
166885,0.7335721461785629
308604,0.7998884731305483
823925,0.7659429771524435
