UE ID,Internet usage
1198553,0.4095662726194131
752344,0.314043923479335
593252,0.4197027663862437
388463,0.33410903053112084
166885,0.33956601038181977
308604,0.40588233733158846
823925,0.37193684135614363
