UE ID,Internet usage
1198553,0.7742239680647008
752344,0.6787016189259528
593252,0.7843604618306448
388463,0.6987667259737484
166885,0.7042237058257775
308604,0.7705400327777628
823925,0.7365945367996579
