UE ID,Internet usage
1198553,0.6846326961313023
752344,0.5891103469925542
593252,0.6947691898972462
388463,0.6091754540447833
166885,0.6146324338923789
308604,0.6809487608443643
823925,0.6470032648662594
