UE ID,Internet usage
1198553,0.3717982977170088
752344,0.27627594857648735
593252,0.3819347914838394
388463,0.29634105562871654
166885,0.30179803547941547
308604,0.3681143624287408
823925,0.3341688664537393
