UE ID,Internet usage
1198553,1.0208969330417748
752344,0.9253745839030266
593252,1.0310334268121522
388463,0.9454396909552559
166885,0.9508966708072848
308604,1.0172129977548368
823925,0.9832675017811653
