UE ID,Internet usage,Data rate,optimal GU
1198553,119.99531531941857,39.998438439806186,69.27932760116033
752344,103.94756066389338,34.64918688796446,60.014152130903796
593252,121.69824627226778,40.56608209075593,70.26251524519917
388463,107.31849864860045,35.772832882866815,61.96036408379596
166885,108.2352712635654,36.0784237545218,62.48966299983165
308604,119.37641419104936,39.79213806368312,68.9220048680946
823925,113.67357086718707,37.89119028906236,65.62946673991645
