UE ID,Internet usage,Data rate,optimal GU
1198553,119.99531531941857,106.42441656305576,113.00633355334128
752344,103.94756066389338,92.19158654119116,97.89326092582188
593252,121.69824627226778,107.93475413433274,114.610079355948
388463,107.31849864860045,95.18128749191351,101.06786271151167
166885,108.2352712635654,95.99437748970979,101.93123901619089
308604,119.37641419104936,105.87551020515689,112.42347957139327
823925,113.67357086718707,100.81763130482663,107.0527914479167
