UE ID,Internet usage,Data rate,optimal GU
1198553,119.99531531941857,17.14218790277408,45.353966118280084
752344,103.94756066389338,14.84965152341334,39.288484986923145
593252,121.69824627226778,17.38546375318111,45.99761351844484
388463,107.31849864860045,15.331214092657207,40.56257978585973
166885,108.2352712635654,15.46218160908077,40.90908726414425
308604,119.37641419104936,17.053773455864196,45.120043479451205
823925,113.67357086718707,16.239081552455296,42.96457130789341
