UE ID,Internet usage,Data rate,optimal GU
1198553,119.99531531941857,59.99765765970928,84.84950117297888
752344,103.94756066389338,51.97378033194669,73.50202503323904
593252,121.69824627226778,60.84912313613389,86.05365519763103
388463,107.31849864860045,53.65924932430023,75.88563814118471
166885,108.2352712635654,54.1176356317827,76.53389427403255
308604,119.37641419104936,59.68820709552468,84.411871988225
823925,113.67357086718707,56.83678543359353,80.37935280187754
