UE ID,Internet usage,Data rate,optimal GU
1198553,119.99531531941857,19.999219219903093,48.987882342824825
752344,103.94756066389338,17.32459344398223,42.43641393892317
593252,121.69824627226778,20.283041045377963,49.68310099310351
388463,107.31849864860045,17.886416441433408,43.81259360843953
166885,108.2352712635654,18.0392118772609,44.186864461243054
308604,119.37641419104936,19.89606903184156,48.73521701520194
823925,113.67357086718707,18.94559514453118,46.407040977451906
