UE ID,Internet usage,Data rate,optimal GU
1198553,119.99531531941857,38.56992278124168,68.03094917742013
752344,103.94756066389338,33.411715927680014,58.932727480384706
593252,121.69824627226778,39.1172934446575,68.99642027766727
388463,107.31849864860045,34.49523170847872,60.8438696787896
166885,108.2352712635654,34.78990862043173,61.36363089621637
308604,119.37641419104936,38.37099027569444,67.68006521917681
823925,113.67357086718707,36.53793349302441,64.44685696184011
