UE ID,Internet usage,Data rate,optimal GU
1198553,119.99531531941857,64.99746246468506,88.31416083172594
752344,103.94756066389338,56.30492869294225,76.50333320180111
593252,121.69824627226778,65.91988339747837,89.56748407734527
388463,107.31849864860045,58.130853434658576,78.98427638314728
166885,108.2352712635654,58.62743860109792,79.65900275849465
308604,119.37641419104936,64.66222435348507,87.85866193458783
823925,113.67357086718707,61.57318421972632,83.66148289338066
