UE ID,Internet usage,Data rate,optimal GU
1198553,119.99531531941857,62.8546889768383,86.84623321180771
752344,103.94756066389338,54.44872225251558,75.23172109831627
593252,121.69824627226778,63.74670042833074,88.07872414931697
388463,107.31849864860045,56.214451673076425,77.67142689502278
166885,108.2352712635654,56.69466589996282,78.33493820052254
308604,119.37641419104936,62.53050267150204,86.39830546074238
823925,113.67357086718707,59.54329902566941,82.27089048661466
