UE ID,Internet usage,Data rate,optimal GU
1198553,119.99531531941857,46.42675890334647,74.63908877971168
752344,103.94756066389338,40.217806209244465,64.6571175564156
593252,121.69824627226778,47.085630998198845,75.69834025329703
388463,107.31849864860045,41.52203816761327,66.75389724187002
166885,108.2352712635654,41.87674185792709,67.32414510877238
308604,119.37641419104936,46.18730310963219,74.25412194877127
823925,113.67357086718707,43.980845871233086,70.70685822423766
