UE ID,Internet usage,Data rate,optimal GU
1198553,119.99531531941857,91.42500214812843,104.7404981888247
752344,103.94756066389338,79.19814145820449,90.73286953301059
593252,121.69824627226778,92.72247335029927,106.226938187818
388463,107.31849864860045,81.76647516083844,93.67526543356716
166885,108.2352712635654,82.46496858176411,94.4754901770223
308604,119.37641419104936,90.9534584312757,104.2002769948351
823925,113.67357086718707,86.60843494642825,99.22242724091652
