UE ID,Internet usage,Data rate,optimal GU
1198553,119.99531531941857,26.427539683443374,56.31323962827245
752344,103.94756066389338,22.893212765262234,48.78210350844369
593252,121.69824627226778,26.80258995282088,57.11241715085263
388463,107.31849864860045,23.635621726179863,50.36406892100622
166885,108.2352712635654,23.83752998066619,50.794306016627274
308604,119.37641419104936,26.291234077790634,56.022792226594404
823925,113.67357086718707,25.035250726701914,53.346474556989676
