UE ID,Internet usage,Data rate,optimal GU
1198553,119.99531531941857,88.56797083099943,103.0909384333407
752344,103.94756066389338,76.7231995376356,89.30391614182646
593252,121.69824627226778,89.82489605810241,104.5539684653806
388463,107.31849864860045,79.21127281206225,92.1999722030068
166885,108.2352712635654,79.88793831358399,92.98759419437488
308604,119.37641419104936,88.11116285529835,102.55922519144292
823925,113.67357086718707,83.90192135435237,97.6597716716926
