UE ID,Internet usage,Data rate,optimal GU
1198553,119.99531531941857,67.85449378181407,90.23425833456108
752344,103.94756066389338,58.77987061351114,78.16664356625373
593252,121.69824627226778,68.81746068967523,91.51483092288487
388463,107.31849864860045,60.68605578343478,80.7015266000801
166885,108.2352712635654,61.20446886927805,81.39092265485601
308604,119.37641419104936,67.50451992946245,89.76885612988201
823925,113.67357086718707,64.27969781180221,85.48042339934489
