UE ID,Internet usage,Data rate,optimal GU
1198553,119.99531531941857,92.85351780669293,105.55561163543777
752344,103.94756066389338,80.43561241848893,91.4389725522345
593252,121.69824627226778,94.17126199639769,107.05361943534585
388463,107.31849864860045,83.04407633522653,94.40426682071252
166885,108.2352712635654,83.75348371585417,95.21071908800019
308604,119.37641419104936,92.37460621926438,105.01118632205804
823925,113.67357086718707,87.96169174246617,99.99459785350852
