UE ID,Internet usage,Data rate,optimal GU
1198553,119.99531531941857,36.427149293394926,66.11419866903371
752344,103.94756066389338,31.55550948725335,57.27231649502516
593252,121.69824627226778,36.944110475509866,67.05246792593445
388463,107.31849864860045,32.57882994689657,59.12961286554313
166885,108.2352712635654,32.85713591929664,59.63472997481342
308604,119.37641419104936,36.239268593711415,65.77320075550209
823925,113.67357086718707,34.5080482989675,62.63108711974427
