UE ID,Internet usage,Data rate,optimal GU
1198553,119.99531531941857,114.28125268516054,117.10343697370283
752344,103.94756066389338,98.9976768227556,101.44243203471562
593252,121.69824627226778,115.90309168787407,118.76532741481468
388463,107.31849864860045,102.20809395104804,104.73213065989624
166885,108.2352712635654,103.08121072720513,105.62680912171774
308604,119.37641419104936,113.69182303909463,116.49945131737938
823925,113.67357086718707,108.2605436830353,110.93404610160812
