UE ID,Internet usage,Data rate,optimal GU
1198553,119.99531531941857,99.28183827023321,109.14831876271916
752344,103.94756066389338,86.00423173976893,94.55120356780857
593252,121.69824627226778,100.6908109038406,110.69731298784961
388463,107.31849864860045,88.79328161997299,97.61742505074527
166885,108.2352712635654,89.55180181925947,98.45132585216209
308604,119.37641419104936,98.76977126521346,108.5853633051496
823925,113.67357086718707,94.05134732463692,103.39802945540858
