UE ID,Internet usage,Data rate,optimal GU
1198553,119.99531531941857,12.85664092708056,39.277686820809265
752344,103.94756066389338,11.137238642560005,34.02482607487897
593252,121.69824627226778,13.039097814885833,39.835101820431746
388463,107.31849864860045,11.498410569492904,35.128224537587684
166885,108.2352712635654,11.596636206810578,35.42830881638336
308604,119.37641419104936,12.790330091898145,39.075103873063156
823925,113.67357086718707,12.17931116434147,37.20841021534369
