UE ID,Internet usage,Data rate,optimal GU
1198553,119.99531531941857,16.42793007349183,44.39903883209648
752344,103.94756066389338,14.230916043271119,38.46126634304568
593252,121.69824627226778,16.6610694301319,45.029134242927036
388463,107.31849864860045,14.692413505463158,39.708535089206286
166885,108.2352712635654,14.81792404203574,40.04774685612969
308604,119.37641419104936,16.343199561869856,44.17004143200176
823925,113.67357086718707,15.562453154436325,42.05995270465834
