UE ID,Internet usage,Data rate,optimal GU
1198553,119.99531531941857,54.28359502545125,80.70797421414221
752344,103.94756066389338,47.02389649080891,69.91437143485595
593252,121.69824627226778,55.053968551740184,81.85335315718814
388463,107.31849864860045,48.54884462674782,72.18163974631464
166885,108.2352712635654,48.963575095422435,72.79825432307427
308604,119.37641419104936,54.00361594356995,80.29170582752594
823925,113.67357086718707,51.42375824944176,76.45601498655951
