UE ID,Internet usage,Data rate,optimal GU
1198553,119.99531531941857,115.70976834372505,117.8330604624278
752344,103.94756066389338,100.23514778304005,102.0744782246369
593252,121.69824627226778,117.3518803339725,119.50530546129525
388463,107.31849864860045,103.48569512543615,105.38467361276305
166885,108.2352712635654,104.36972586129521,106.28492644915008
308604,119.37641419104936,115.11297082708332,117.22531161918948
823925,113.67357086718707,109.61380047907325,111.62523064603108
