UE ID,Internet usage,Data rate,optimal GU
1198553,119.99531531941857,99.99609609951547,109.54023499231795
752344,103.94756066389338,86.62296721991116,94.89070628875182
593252,121.69824627226778,101.41520522688982,111.09479115356677
388463,107.31849864860045,89.43208220716704,97.96793757904359
166885,108.2352712635654,90.1960593863045,98.80483264790908
308604,119.37641419104936,99.4803451592078,108.97525814419593
823925,113.67357086718707,94.7279757226559,103.76929826020074
