UE ID,Internet usage,Data rate,optimal GU
1198553,119.99531531941857,79.99687687961237,97.97576468564965
752344,103.94756066389338,69.29837377592892,84.87282787784633
593252,121.69824627226778,81.13216418151185,99.36620198620702
388463,107.31849864860045,71.54566576573363,87.62518721687906
166885,108.2352712635654,72.1568475090436,88.37372892248611
308604,119.37641419104936,79.58427612736624,97.47043403040388
823925,113.67357086718707,75.78238057812472,92.81408195490381
