UE ID,Internet usage,Data rate,optimal GU
1198553,119.99531531941857,24.284766195596614,53.98201716404244
752344,103.94756066389338,21.037006324835566,46.76265059999865
593252,121.69824627226778,24.629406983673242,54.748110804291485
388463,107.31849864860045,21.71921996459771,48.27912673629604
166885,108.2352712635654,21.90475727953109,48.69155312898333
308604,119.37641419104936,24.159512395807607,53.703593533540385
823925,113.67357086718707,23.005365532645,51.13806849305774
