UE ID,Internet usage,Data rate,optimal GU
1198553,119.99531531941857,63.56894680612055,87.33828379653325
752344,103.94756066389338,55.06745773265781,75.6579665552269
593252,121.69824627226778,64.47109475137995,88.57775774141129
388463,107.31849864860045,56.85325226027048,78.11149515828242
166885,108.2352712635654,57.33892346700786,78.77876576471867
308604,119.37641419104936,63.24107656549639,86.88781819087508
823925,113.67357086718707,60.21992742368839,82.73701824222036
