UE ID,Internet usage,Data rate,optimal GU
1198553,119.99531531941857,50.71230587903999,78.00794276565821
752344,103.94756066389338,43.9302190900978,67.57543276847044
593252,121.69824627226778,51.43199693649412,79.1150038200845
388463,107.31849864860045,45.354841690777576,69.76685113074261
166885,108.2352712635654,45.74228726019728,70.36283727809293
308604,119.37641419104936,50.450746473598244,77.60560036028255
823925,113.67357086718707,48.04061625934692,73.89822999815497
