UE ID,Internet usage,Data rate,optimal GU
1198553,119.99531531941857,2.14277348784676,16.035048497970383
752344,103.94756066389338,1.8562064404266676,13.890577078399609
593252,121.69824627226778,2.1731829691476388,16.262612218645177
388463,107.31849864860045,1.916401761582151,14.341037614500898
166885,108.2352712635654,1.9327727011350964,14.463546508314314
308604,119.37641419104936,2.1317216819830245,15.952344355875908
823925,113.67357086718707,2.029885194056912,15.190269861292201
