UE ID,Internet usage
1055909,0.9693345905589987
329522,0.9997896498357892
903528,1.024662082476183
888088,1.0116827400135007
363585,0.9472353241208517
675258,0.978310432953082
666156,1.0169483992838841
