UE ID,Internet usage
1055909,0.6220143088844668
329522,0.6524693681612573
903528,0.6773418008060844
888088,0.6643624583389687
363585,0.5999150424507531
675258,0.6309901512829834
666156,0.6696281176137857
