UE ID,Internet usage
1055909,0.6634890724216684
329522,0.6939441316984587
903528,0.718816564343286
888088,0.7058372218761703
363585,0.6413898059835211
675258,0.6724649148157514
666156,0.7111028811509872
