UE ID,Internet usage
1055909,0.6786764657083404
329522,0.7091315249851309
903528,0.7340039576255246
888088,0.7210246151628423
363585,0.6565771992701932
675258,0.6876523081024235
666156,0.7262902744332258
