UE ID,Internet usage
1055909,0.6396452876720037
329522,0.6701003469487942
903528,0.6949727795891879
888088,0.6819934371265056
363585,0.6175460212338565
675258,0.6486211300660868
666156,0.6872590963968892
