UE ID,Internet usage
1055909,0.8352395668134324
329522,0.8656946260902227
903528,0.8905670587306166
888088,0.8775877162679342
363585,0.8131403003752851
675258,0.8442154092075154
666156,0.8828533755383178
