UE ID,Internet usage
1055909,0.898791187254653
329522,0.9292462465314434
903528,0.9541186791718372
888088,0.9411393367091547
363585,0.8766919208165057
675258,0.907767029648736
666156,0.9464049959795384
