UE ID,Internet usage
1055909,0.4298007864452928
329522,0.46025584572119654
903528,0.4851282783660238
888088,0.472148935898908
363585,0.40770152000891896
675258,0.43877662883981927
666156,0.47741459517372503
