UE ID,Internet usage
1055909,0.42869587393784786
329522,0.45915093321685496
903528,0.48402336585724876
888088,0.471044023390133
363585,0.406596607501474
675258,0.4376717163323742
666156,0.47630968266495
