UE ID,Internet usage
1055909,0.646257916063299
329522,0.6767129753400895
903528,0.7015854079804832
888088,0.6886060655133674
363585,0.6241586496251518
675258,0.6552337584573821
666156,0.6938717247881845
