UE ID,Internet usage
1055909,0.37764731176218796
329522,0.4081023710389784
903528,0.43297480368158886
888088,0.4199954612162465
363585,0.35554804532581413
675258,0.38662315415671444
666156,0.4252611204892901
