UE ID,Internet usage
1055909,0.895985914597394
329522,0.9264409738741842
903528,0.9513134065190115
888088,0.9383340640518958
363585,0.8738866481592467
675258,0.904961756991477
666156,0.9435997233267128
