UE ID,Internet usage
1055909,0.8849221571620867
329522,0.9153772164388772
903528,0.9402496490837043
888088,0.9272703066165885
363585,0.8628228907283728
675258,0.8938979995606033
666156,0.9325359658914055
