UE ID,Internet usage
1055909,0.928579642480129
329522,0.9590347017569194
903528,0.9839071344017466
888088,0.9709277919346307
363585,0.9064803760464152
675258,0.937555484874212
666156,0.9761934512094478
