UE ID,Internet usage
1055909,0.9286517580916591
329522,0.9591068173684497
903528,0.9839792500088433
888088,0.9709999075461611
363585,0.906552491653512
675258,0.9376276004857423
666156,0.9762655668165447
