UE ID,Internet usage
1055909,0.635545395361588
329522,0.6660004546383785
903528,0.6908728872832057
888088,0.6778935448160899
363585,0.6134461289278743
675258,0.6445212377556712
666156,0.683159204090907
