UE ID,Internet usage
1055909,0.5871334957898896
329522,0.6175885550666801
903528,0.6424609877070738
888088,0.6294816452399581
363585,0.5650342293517424
675258,0.5961093381839727
666156,0.6347473045147751
