UE ID,Internet usage
1055909,0.6120656983350878
329522,0.6425207576118783
903528,0.6673931902567055
888088,0.6544138477895898
363585,0.5899664319013741
675258,0.6210415407291711
666156,0.6596795070644068
