UE ID,Internet usage
1055909,0.5423126735476816
329522,0.5727677328244721
903528,0.5976401654648658
888088,0.58466082299775
363585,0.5202134071095345
675258,0.5512885159417648
666156,0.589926482272567
