UE ID,Internet usage
1055909,0.6434125048553339
329522,0.6738675641321242
903528,0.6987399967725181
888088,0.6857606543098357
363585,0.6213132384171867
675258,0.652388347249417
666156,0.6910263135802193
