UE ID,Internet usage
1055909,0.25539548455254907
329522,0.2858505438297828
903528,0.31072297647195
888088,0.2977436340066076
363585,0.2332962181161752
675258,0.2643713269470755
666156,0.3030092932796512
