UE ID,Internet usage
1055909,1.0114941134564515
329522,1.0419491727332417
903528,1.066821605378069
888088,1.0538422629109534
363585,0.9893948470183042
675258,1.0204699558505346
666156,1.0591079221857704
