UE ID,Internet usage
1055909,0.5389350671421457
329522,0.569390126418936
903528,0.5942625590593299
888088,0.5812832165966475
363585,0.5168358007039985
675258,0.5479109095362288
666156,0.5865488758670311
