UE ID,Internet usage
1055909,0.9196890550819895
329522,0.9501441143587799
903528,0.9750165470036071
888088,0.9620372045364912
363585,0.8975897886482758
675258,0.9286648974760725
666156,0.9673028638113083
