UE ID,Internet usage
1055909,0.8263149542279231
329522,0.8567700135047136
903528,0.8816424461495407
888088,0.868663103682425
363585,0.8042156877942093
675258,0.8352907966220062
666156,0.873928762957242
