UE ID,Internet usage
1055909,0.3367414771154469
329522,0.3671965363922373
903528,0.39206896903484784
888088,0.3790896265695054
363585,0.31464221067907305
675258,0.34571731950997336
666156,0.384355285842549
