UE ID,Internet usage,Data rate,optimal GU
1055909,109.12294762174515,5.8458721940220615,25.25705456365975
329522,114.23939758025568,6.119967727513697,26.441282616427124
903528,118.41796626418274,6.343819621295504,27.408433335392072
888088,116.23743673001097,6.22700553910773,26.903738817671098
363585,105.4102708604308,5.646978796094507,24.397736871263927
675258,110.630889144018,5.926654775572392,25.606075206310205
666156,117.1220674878832,6.274396472565171,27.108491051799884
