UE ID,Internet usage,Data rate,optimal GU
1055909,109.12294762174515,100.0293686532664,104.47726813133384
329522,114.23939758025568,104.71944778190105,109.37589601709061
903528,118.41796626418274,108.54980240883418,113.37657094670409
888088,116.23743673001097,106.55098366917673,111.28887286142475
363585,105.4102708604308,96.62608162206158,100.92265075771446
675258,110.630889144018,101.41164838201651,105.92101222166922
666156,117.1220674878832,107.36189519722627,112.13584232936665
