UE ID,Internet usage,Data rate,optimal GU
1055909,109.12294762174515,4.5467894842393815,22.27462840847756
329522,114.23939758025568,4.75997489917732,23.319019382880473
903528,118.41796626418274,4.93408192767428,24.17196614378
888088,116.23743673001097,4.843226530417124,23.72686741646421
363585,105.4102708604308,4.392094619184617,21.516781438051815
675258,110.630889144018,4.60962038100075,22.582435682771244
666156,117.1220674878832,4.880086145328467,23.907441913760756
