UE ID,Internet usage,Data rate,optimal GU
1055909,109.12294762174515,37.67339858369773,64.11733229308574
329522,114.23939758025568,39.43979202175494,67.12360301157752
903528,118.41796626418274,40.88239311501547,69.57880315651425
888088,116.23743673001097,40.129591252027595,68.2975901782688
363585,105.4102708604308,36.39164113038682,61.93587610270536
675258,110.630889144018,38.19399744257764,65.00335296764862
666156,117.1220674878832,40.43499948986444,68.81737236428332
