UE ID,Internet usage,Data rate,optimal GU
1055909,109.12294762174515,59.10826329511195,80.31231486867269
329522,114.23939758025568,61.87967368930516,84.07792007851418
903528,118.41796626418274,64.14306505976565,87.15326336017836
888088,116.23743673001097,62.961944895422604,85.5484370761975
363585,105.4102708604308,57.09723004940001,77.5798587578476
675258,110.630889144018,59.925064953009745,81.42212977909936
666156,117.1220674878832,63.44111988927006,86.19950768524131
