UE ID,Internet usage,Data rate,optimal GU
1055909,109.12294762174515,40.921105358154435,66.82388522543269
329522,114.23939758025568,42.83977409259588,69.95705814864142
903528,118.41796626418274,44.40673734906853,72.51589843134
888088,116.23743673001097,43.58903877375412,71.18060224939263
363585,105.4102708604308,39.52885157266155,64.55034431415544
675258,110.630889144018,41.48658342900675,67.74730704831373
666156,117.1220674878832,43.920775307956205,71.72232574128226
