UE ID,Internet usage,Data rate,optimal GU
1055909,109.12294762174515,93.53395510435298,101.028218254639
329522,114.23939758025568,97.91948364021916,105.7651304657085
903528,118.41796626418274,101.50111394072806,109.63373334156829
888088,116.23743673001097,99.63208862572368,107.61495527068439
363585,105.4102708604308,90.3516607375121,97.59094748505571
675258,110.630889144018,94.82647640915827,102.42430082524082
666156,117.1220674878832,100.39034356104274,108.43396420719954
