UE ID,Internet usage,Data rate,optimal GU
1055909,109.12294762174515,28.57981961521897,55.84544886479528
329522,114.23939758025568,29.9198422234003,58.463875609623656
903528,118.41796626418274,31.014229259666905,60.602326309976455
888088,116.23743673001097,30.44313819119335,59.48640474395656
363585,105.4102708604308,27.60745189201759,53.945425957201294
675258,110.630889144018,28.974756680576142,56.61716254196879
666156,117.1220674878832,30.674827199207503,59.93912896768468
