UE ID,Internet usage,Data rate,optimal GU
1055909,109.12294762174515,39.622022648371754,65.75463407339342
329522,114.23939758025568,41.47978126425951,68.83767299516873
903528,118.41796626418274,42.996999655447304,71.35556919161836
888088,116.23743673001097,42.20525976506351,70.04163912713099
363585,105.4102708604308,38.27396739575166,63.51747216388165
675258,110.630889144018,40.16954903443511,66.66328019377524
666156,117.1220674878832,42.526464980719496,70.5746944838795
