UE ID,Internet usage,Data rate,optimal GU
1055909,109.12294762174515,80.54312800652619,93.75021887306542
329522,114.23939758025568,84.31955535685539,98.14588737283992
903528,118.41796626418274,87.40373700451583,101.73579891053225
888088,116.23743673001097,85.79429853881763,99.86245214394391
363585,105.4102708604308,77.80281896841322,90.56056659035157
675258,110.630889144018,81.65613246344186,95.04572867042626
666156,117.1220674878832,86.4472402886757,100.62246027220529
