UE ID,Internet usage,Data rate,optimal GU
1055909,109.12294762174515,98.73028594348371,103.79662721731711
329522,114.23939758025568,103.35945495356465,108.66334187810901
903528,118.41796626418274,107.14006471521294,112.63795350142172
888088,116.23743673001097,105.1672046604861,110.56385619991448
363585,105.4102708604308,95.37119744515167,100.2651672066479
675258,110.630889144018,100.09461398744484,105.23096570857022
666156,117.1220674878832,105.96758486998955,111.40530789271627
