UE ID,Internet usage,Data rate,optimal GU
1055909,109.12294762174515,66.90275955380804,85.44370267340014
329522,114.23939758025568,70.03963065932342,89.44990337202559
903528,118.41796626418274,72.60149122149299,92.72173929665101
888088,116.23743673001097,71.26461894756625,91.01437598536877
363585,105.4102708604308,64.62653511085936,82.53666198003664
675258,110.630889144018,67.8272713204396,86.62442689214622
666156,117.1220674878832,71.8069818526903,91.70704539266325
