UE ID,Internet usage,Data rate,optimal GU
1055909,109.12294762174515,74.69725581250412,90.28391181996926
329522,114.23939758025568,78.19958762934169,94.51705550746073
903528,118.41796626418274,81.05991738322032,97.97423417441763
888088,116.23743673001097,79.56729299970989,96.17015226062618
363585,105.4102708604308,72.1558401723187,87.21219328010315
675258,110.630889144018,75.72947768786946,91.53152162518151
666156,117.1220674878832,80.17284381611053,96.90205995811449
