UE ID,Internet usage,Data rate,optimal GU
1055909,109.12294762174515,9.743120323370103,32.60671723310209
329522,114.23939758025568,10.19994621252283,34.13554907526198
903528,118.41796626418274,10.573032702159173,35.38413528453657
888088,116.23743673001097,10.378342565179551,34.73257746385139
363585,105.4102708604308,9.411631326824178,31.497342862518614
675258,110.630889144018,9.877757959287322,33.05730094525803
666156,117.1220674878832,10.457327454275287,34.996911461477914
