UE ID,Internet usage,Data rate,optimal GU
1055909,109.12294762174515,76.64587987717815,91.45394652643418
329522,114.23939758025568,80.23957687184625,95.74194965601198
903528,118.41796626418274,83.17452392365216,99.2439316433529
888088,116.23743673001097,81.6429615127458,97.41646972298119
363585,105.4102708604308,74.03816643768354,88.34242003820067
675258,110.630889144018,77.70502927972693,92.71772473577069
666156,117.1220674878832,82.26430930696559,98.15786258112246
