UE ID,Internet usage,Data rate,optimal GU
1055909,109.12294762174515,85.73945884565691,96.72715480531511
329522,114.23939758025568,89.7595266702009,101.26240296325504
903528,118.41796626418274,93.04268777900073,104.96630822574735
888088,116.23743673001097,91.32941457358005,103.03347537613905
363585,105.4102708604308,82.82235567605277,93.43621859381757
675258,110.630889144018,86.92427004172843,98.06380210307545
666156,117.1220674878832,92.02448159762251,103.81761673345333
