UE ID,Internet usage,Data rate,optimal GU
1055909,109.12294762174515,68.20184226359072,86.26926486899222
329522,114.23939758025568,71.3996234876598,90.31417371978404
903528,118.41796626418274,74.0112289151142,93.61762231994946
888088,116.23743673001097,72.64839795625686,91.89376236163729
363585,105.4102708604308,65.88141928776925,83.33413617355956
675258,110.630889144018,69.14430571501124,87.46139731617315
666156,117.1220674878832,73.201292179927,92.59312438241658
