UE ID,Internet usage,Data rate,optimal GU
1055909,109.12294762174515,73.39817310272144,89.49539093729942
329522,114.23939758025568,76.8395948010053,93.69156322944875
903528,118.41796626418274,79.6501796895991,97.11854761794494
888088,116.23743673001097,78.18351399101928,95.33022217985769
363585,105.4102708604308,70.90095599540881,86.45050014742267
675258,110.630889144018,74.41244329329781,90.73210437830899
666156,117.1220674878832,78.77853348887382,96.05573754794841
