UE ID,Internet usage,Data rate,optimal GU
1055909,109.12294762174515,8.444037613587422,30.355201765488996
329522,114.23939758025568,8.839953384186451,31.77846675418754
903528,118.41796626418274,9.16329500853795,32.94083725696421
888088,116.23743673001097,8.994563556488943,32.33426993626802
363585,105.4102708604308,8.156747149914288,29.322430431540152
675258,110.630889144018,8.560723564715678,30.774672373246197
666156,117.1220674878832,9.06301712703858,32.58035149590707
