UE ID,Internet usage,Data rate,optimal GU
1055909,109.12294762174515,22.084406066305565,49.09089005539432
329522,114.23939758025568,23.11987808171841,51.392615658131945
903528,118.41796626418274,23.96554079156079,53.27241876391517
888088,116.23743673001097,23.524243147740314,52.29146894577412
363585,105.4102708604308,21.333031007468136,47.42067667981115
675258,110.630889144018,22.389584707717926,49.76926424792858
666156,117.1220674878832,23.70327556302398,52.68943575496313
