UE ID,Internet usage
1205605,0.40360216854546205
840616,0.3446597329845393
254810,0.39036711009458525
166786,0.26140176739317655
873702,0.36487289807986983
1238573,0.31831527184795955
1214738,0.3598623682101026
