UE ID,Internet usage
1205605,0.855636100772863
840616,0.7966936652101669
254810,0.8424010423206563
166786,0.7134356996183608
873702,0.8169068303054975
1238573,0.770349204072257
1214738,0.8118963004370602
