UE ID,Internet usage
1205605,0.7563062739895261
840616,0.6973638384312634
254810,0.7430712155373193
166786,0.6141058728394573
873702,0.7175770035221604
1238573,0.6710193772933535
1214738,0.7125664736537232
