UE ID,Internet usage
1205605,0.34281457356293177
840616,0.28387213800200906
254810,0.32957951511205497
166786,0.20061417241064627
873702,0.3040853030973396
1238573,0.2575276768649859
1214738,0.2990747732275723
