UE ID,Internet usage
1205605,0.40858300459213265
840616,0.3496405690307666
254810,0.39534794614081253
166786,0.2663826034394039
873702,0.36985373412609723
1238573,0.32329610789418683
1214738,0.3648432042563299
