UE ID,Internet usage
1205605,0.7665404851283737
840616,0.7075980495656776
254810,0.7533054266761668
166786,0.6243400839738715
873702,0.7278112146610083
1238573,0.6812535884322013
1214738,0.722800684792571
