UE ID,Internet usage
1205605,0.9913310728704043
840616,0.9323886373121418
254810,0.9780960144181976
166786,0.8491306717203357
873702,0.9526018024074723
1238573,0.9060441761742319
1214738,0.9475912725346015
