UE ID,Internet usage
1205605,0.9547086850646079
840616,0.8957662495019119
254810,0.9414736266124012
166786,0.8125082839101058
873702,0.9159794145972424
1238573,0.869421788364002
1214738,0.9109688847288051
