UE ID,Internet usage
1205605,0.3819867892446599
840616,0.3230443536837372
254810,0.3687517307937831
166786,0.2397863880923744
873702,0.34325751877906774
1238573,0.29669989254671403
1214738,0.33824698890930044
