UE ID,Internet usage
1205605,0.8112180080596632
840616,0.7522755724969672
254810,0.7979829496074563
166786,0.669017606905161
873702,0.7724887375922977
1238573,0.7259311113590573
1214738,0.7674782077238604
