UE ID,Internet usage
1205605,0.9361072208079837
840616,0.877164785249721
254810,0.9228721623557768
166786,0.7939068196579149
873702,0.8973779503406182
1238573,0.8508203241118111
1214738,0.8923674204721809
