UE ID,Internet usage
1205605,1.0576272092926322
840616,0.998684773729936
254810,1.0443921508404255
166786,0.9154268081381299
873702,1.0188979388252668
1238573,0.9723403125964597
1214738,1.0138874089568293
