UE ID,Internet usage
1205605,0.6648733650270902
840616,0.6059309294688275
254810,0.6516383065748834
166786,0.5226729638770214
873702,0.6261440945597246
1238573,0.5795864683309178
1214738,0.6211335646912874
