UE ID,Internet usage
1205605,0.691316445595305
840616,0.632374010032609
254810,0.6780813871430983
166786,0.5491160444408029
873702,0.6525871751279396
1238573,0.6060295488946992
1214738,0.6475766452595023
