UE ID,Internet usage
1205605,0.6253497594339804
840616,0.5664073238757178
254810,0.6121147009862071
166786,0.48314935828391176
873702,0.5866204889710483
1238573,0.540062862737808
1214738,0.5816099590981777
