UE ID,Internet usage
1205605,0.7416030743363096
840616,0.6826606387736134
254810,0.7283680158841027
166786,0.5994026731818074
873702,0.7028738038689439
1238573,0.6563161776357036
1214738,0.6978632740005067
