UE ID,Internet usage
1205605,0.39970046261348424
840616,0.3407580270521182
254810,0.3864654041621642
166786,0.2575000614607555
873702,0.36097119214744877
1238573,0.3144135659155385
1214738,0.3559606622776815
