UE ID,Internet usage,Data rate,optimal GU
1205605,125.14093421175095,96.09036019830876,109.65781980305832
840616,115.2386050375026,88.48678601093948,100.98066044620953
254810,122.91744439194242,94.38303765809864,107.70943219088079
166786,101.25126681808989,77.74650844960473,88.72391149631427
873702,118.63441677345256,91.09428430818677,103.95632395528811
1238573,110.81273556650444,85.08835052428019,97.10238352603452
1214738,117.79264775534048,90.44792595499358,103.2187031608985
