UE ID,Internet usage,Data rate,optimal GU
1205605,125.14093421175095,29.795460526607368,61.06252341304767
840616,115.2386050375026,27.437763104167285,56.230681531292994
254810,122.91744439194242,29.266058188557718,59.97757147437194
166786,101.25126681808989,24.10744448049759,49.405559336952656
873702,118.63441677345256,28.246289707964895,57.88766799170952
1238573,110.81273556650444,26.38398465869153,54.0710783614891
1214738,117.79264775534048,28.045868513176305,57.476926768618824
