UE ID,Internet usage,Data rate,optimal GU
1205605,125.14093421175095,9.683524671147394,34.81099429504884
840616,115.2386050375026,8.917273008854368,32.05642060927812
254810,122.91744439194242,9.51146891128126,34.19247652610298
166786,101.25126681808989,7.8349194561617175,28.165502309635343
873702,118.63441677345256,9.180044155088591,33.00104823022258
1238573,110.81273556650444,8.574795014074748,30.825257378189818
1214738,117.79264775534048,9.1149072667823,32.766889705901
