UE ID,Internet usage,Data rate,optimal GU
1205605,125.14093421175095,51.39716940839771,80.19906355816454
840616,115.2386050375026,47.330141354688564,73.85295841022297
254810,122.91744439194242,50.48395037526206,78.7740957608328
166786,101.25126681808989,41.585341728858346,64.88889374238155
873702,118.63441677345256,48.72484974623944,76.02923208884346
1238573,110.81273556650444,45.51237353624289,71.01655168814985
1214738,117.79264775534048,48.379123185229126,75.48976762495643
