UE ID,Internet usage,Data rate,optimal GU
1205605,125.14093421175095,49.90739638206734,79.02821146481847
840616,115.2386050375026,45.9582531994802,72.77475516048432
254810,122.91744439194242,49.02064746583418,77.62404723369355
166786,101.25126681808989,40.37996950483347,63.941559774846176
873702,118.63441677345256,47.312535260841194,74.91925671510165
1238573,110.81273556650444,44.19317430330832,69.97975805843389
1214738,117.79264775534048,46.97682975957031,74.38766806757462
