UE ID,Internet usage,Data rate,optimal GU
1205605,125.14093421175095,4.469319078991105,23.64941362561341
840616,115.2386050375026,4.115664465625093,21.778049311659075
254810,122.91744439194242,4.389908728283658,23.229213546620755
166786,101.25126681808989,3.616116672074639,19.134690852208
873702,118.63441677345256,4.236943456194735,22.419797408267513
1238573,110.81273556650444,3.9575976988037302,20.941638600552352
1214738,117.79264775534048,4.206880276976446,22.2607180166044
