UE ID,Internet usage,Data rate,optimal GU
1205605,125.14093421175095,97.58013322463914,110.5046109094026
840616,115.2386050375026,89.85867416614786,101.76044546593903
254810,122.91744439194242,95.84634056752654,108.5411776096064
166786,101.25126681808989,78.95188067362962,89.40904840045926
873702,118.63441677345256,92.50659879358504,104.75908741284802
1238573,110.81273556650444,86.40754975721478,97.85222001669567
1214738,117.79264775534048,91.8502193806524,104.01577062040128
