UE ID,Internet usage,Data rate,optimal GU
1205605,125.14093421175095,122.16138815909021,123.64218632341017
840616,115.2386050375026,112.49482872708586,113.85845219588289
254810,122.91744439194242,119.99083857308665,121.44532608482682
166786,101.25126681808989,98.84052237004013,100.03863305207803
873702,118.63441677345256,115.80978780265606,117.21359406069503
1238573,110.81273556650444,108.17433710063528,109.48558906182406
1214738,117.79264775534048,114.98806090402284,116.38190647234303
