UE ID,Internet usage,Data rate,optimal GU
1205605,125.14093421175095,113.96763651427317,119.42368485062502
840616,115.2386050375026,104.94944387343985,109.97375828549681
254810,122.91744439194242,111.94267257123327,117.3017784641818
166786,101.25126681808989,92.21097513790329,96.6254523779532
873702,118.63441677345256,108.0420581329657,113.21442732093752
1238573,110.81273556650444,100.91874131949511,105.7500912318362
1214738,117.79264775534048,107.27544706289936,112.4111157700909
