UE ID,Internet usage,Data rate,optimal GU
1205605,125.14093421175095,17.13238980279924,46.30295093406221
840616,115.2386050375026,15.77671378489619,42.63902541859247
254810,122.91744439194242,16.82798345842069,45.48024539268618
166786,101.25126681808989,13.861780576286117,37.463620269581014
873702,118.63441677345256,16.241616582079814,43.89549761277431
1238573,110.81273556650444,15.170791178747633,41.001425234072286
1214738,117.79264775534048,16.126374395076375,43.58403765933089
