UE ID,Internet usage,Data rate,optimal GU
1205605,125.14093421175095,109.49831743528209,117.05862522029744
840616,115.2386050375026,100.83377940781477,107.79584444502407
254810,122.91744439194242,107.55276384294963,114.97874094312164
166786,101.25126681808989,88.59485846582865,94.71188760253132
873702,118.63441677345256,103.805114676771,110.97233546150179
1238573,110.81273556650444,96.96114362069139,103.6558226452597
1214738,117.79264775534048,103.06856678592293,110.18493264535766
