UE ID,Internet usage,Data rate,optimal GU
1205605,125.14093421175095,46.92785032940661,76.63285868849711
840616,115.2386050375026,43.21447688906348,70.56894525300112
254810,122.91744439194242,46.09404164697841,75.27125481179615
166786,101.25126681808989,37.96922505678371,62.00348487867849
873702,118.63441677345256,44.48790629004471,72.64844675690917
1238573,110.81273556650444,41.554775837439166,67.85866478497432
1214738,117.79264775534048,44.172242908252684,72.13297061299461
