UE ID,Internet usage,Data rate,optimal GU
1205605,125.14093421175095,79.70285690867472,99.87036583940734
840616,115.2386050375026,73.39601630364749,91.96768200918262
254810,122.91744439194242,78.28670565439191,98.09588059088966
166786,101.25126681808989,64.48741398533106,80.8049030680526
873702,118.63441677345256,75.55882496880609,94.67775415725542
1238573,110.81273556650444,70.57715896199986,88.43555875942234
1214738,117.79264775534048,75.02269827274662,94.0059693386374
