UE ID,Internet usage,Data rate,optimal GU
1205605,125.14093421175095,73.74376480335323,96.06437227080215
840616,115.2386050375026,67.90846368281403,88.46285449298702
254810,122.91744439194242,72.43349401668036,94.35751148111846
166786,101.25126681808989,59.66592508923154,77.7254816720871
873702,118.63441677345256,69.90956702721311,91.0696475844615
1238573,110.81273556650444,65.30036203026154,85.06533812344708
1214738,117.79264775534048,69.41352457011135,90.42346404083288
