UE ID,Internet usage,Data rate,optimal GU
1205605,125.14093421175095,96.83524671147394,110.08202958748187
840616,115.2386050375026,89.17273008854367,101.37130275768142
254810,122.91744439194242,95.11468911281258,108.12610466432717
166786,101.25126681808989,78.34919456161717,89.06713874118073
873702,118.63441677345256,91.8004415508859,104.3584775805721
1238573,110.81273556650444,85.74795014074748,97.47802277599015
1214738,117.79264775534048,91.14907266782299,103.61800331017196
