UE ID,Internet usage,Data rate,optimal GU
1205605,125.14093421175095,19.367049342294788,49.23018025175052
840616,115.2386050375026,17.834546017708735,45.33462478677751
254810,122.91744439194242,19.02293782256252,48.355464034338524
166786,101.25126681808989,15.669838912323435,39.832035357337034
873702,118.63441677345256,18.360088310177183,46.6705299797094
1238573,110.81273556650444,17.149590028149497,43.59349704787736
1214738,117.79264775534048,18.2298145335646,46.33937981886855
