UE ID,Internet usage,Data rate,optimal GU
1205605,125.14093421175095,112.47786348794283,118.6405702743499
840616,115.2386050375026,103.57755571823151,109.25261110913185
254810,122.91744439194242,110.4793696618054,116.5325781782151
166786,101.25126681808989,91.00560291387842,95.99183602043583
873702,118.63441677345256,106.62974364756748,112.47202962662284
1238573,110.81273556650444,99.59954208656055,105.05664053158641
1214738,117.79264775534048,105.87315363724056,111.6739857493164
