UE ID,Internet usage,Data rate,optimal GU
1205605,125.14093421175095,33.519893092433286,64.7665865725925
840616,115.2386050375026,30.867483492188196,59.64164433227765
254810,122.91744439194242,32.92431546212743,63.61582126294385
166786,101.25126681808989,27.120875040559792,52.402509053210366
873702,118.63441677345256,31.777075921460504,61.39914387601988
1238573,110.81273556650444,29.681982741027976,57.35103926321721
1214738,117.79264775534048,31.55160207732334,60.96348701977945
