UE ID,Internet usage,Data rate,optimal GU
1205605,125.14093421175095,8.93863815798221,33.44532149151355
840616,115.2386050375026,8.231328931250186,30.79881269857831
254810,122.91744439194242,8.779817456567317,32.8510688408919
166786,101.25126681808989,7.232233344149278,27.06053931500895
873702,118.63441677345256,8.47388691238947,31.706381560429083
1238573,110.81273556650444,7.9151953976074605,29.61594932721706
1214738,117.79264775534048,8.413760553952892,31.481409327245046
