UE ID,Internet usage,Data rate,optimal GU
1205605,125.14093421175095,45.438077303076234,75.40665383434487
840616,115.2386050375026,41.84258873385511,69.43976927415143
254810,122.91744439194242,44.63073873755052,74.06683702537984
166786,101.25126681808989,36.76385283275883,61.01136510872916
873702,118.63441677345256,43.075591804646464,71.4859966071366
1238573,110.81273556650444,40.23557660450459,66.77285609168445
1214738,117.79264775534048,42.769949482593866,70.97876861369804
