UE ID,Internet usage,Data rate,optimal GU
1205605,125.14093421175095,102.79433881679542,113.41860337357814
840616,115.2386050375026,94.66028270937713,104.44385540511345
254810,122.91744439194242,100.96790075052412,111.40339458864668
166786,101.25126681808989,83.17068345771669,91.76675357786266
873702,118.63441677345256,97.44969949247889,107.52157115685415
1238573,110.81273556650444,91.02474707248578,100.43257055035141
1214738,117.79264775534048,96.75824637045825,106.75865319560677
