UE ID,Internet usage,Data rate,optimal GU
1205605,125.14093421175095,119.92672861959466,122.50609313995449
840616,115.2386050375026,110.43699649427332,112.81225740375743
254810,122.91744439194242,117.79588420894483,120.32941887523876
166786,101.25126681808989,97.03246403400281,99.11942244546994
873702,118.63441677345256,113.6913160745587,116.13657035883023
1238573,110.81273556650444,106.19553825123343,108.47957456856354
1214738,117.79264775534048,112.88462076553463,115.3125247786632
