UE ID,Internet usage,Data rate,optimal GU
1205605,125.14093421175095,58.10114802688437,85.26917346180588
840616,115.2386050375026,53.50363805312621,78.52187347277003
254810,122.91744439194242,57.068813467687555,83.75412053104385
166786,101.25126681808989,47.009516736970305,68.99110900778768
873702,118.63441677345256,55.08026493053155,80.83572914102317
1238573,110.81273556650444,51.44877008444849,75.50615176652744
1214738,117.79264775534048,54.6894436006938,80.26216023751219
