UE ID,Internet usage
76843,1.0023211963141638
1122826,1.085876496512486
659189,1.0232460428696648
249991,1.0069957584863711
668075,0.939127429257673
1180170,0.9097409828578322
865941,1.0042946338307157
