UE ID,Internet usage
76843,0.6975108247450323
1122826,0.7810661249389214
659189,0.7184356712961001
249991,0.7021853869172398
668075,0.6343170576841082
1180170,0.6049306112842674
865941,0.6994842622615844
