UE ID,Internet usage
76843,0.7286985825899479
1122826,0.8122538827838368
659189,0.7496234291410155
249991,0.7333731447621553
668075,0.6655048155290237
1180170,0.6361183691291828
865941,0.7306720201065
