UE ID,Internet usage
76843,0.5017085656022313
1122826,0.5852638657961202
659189,0.522633412153299
249991,0.5063831277744386
668075,0.43851479854308045
1180170,0.40912835214235294
865941,0.5036820031187833
