UE ID,Internet usage
76843,0.9303406937698517
1122826,1.0138959939681742
659189,0.9512655403253529
249991,0.9350152559420591
668075,0.8671469267133611
1180170,0.8377604803135201
865941,0.9323141312864038
