UE ID,Internet usage
76843,0.9940971585159093
1122826,1.0776524587097982
659189,1.015022005066977
249991,0.9987717206881167
668075,0.9309033914549851
1180170,0.9015169450551442
865941,0.9960705960324613
