UE ID,Internet usage
76843,0.41632695477244314
1122826,0.4998822549703222
659189,0.43725180132572755
249991,0.4210015169450939
668075,0.3531331877137357
1180170,0.32374674131256487
865941,0.4183003922889953
