UE ID,Internet usage
76843,1.010298210485396
1122826,1.0938535106837182
659189,1.031223057040897
249991,1.0149727726576032
668075,0.9471044434289052
1180170,0.9177179970246309
865941,1.012271648001948
