UE ID,Internet usage
76843,0.4677174863073138
1122826,0.5512727865012028
659189,0.48864233285838143
249991,0.47239204847952115
668075,0.4045237192477196
1180170,0.37513727284699216
865941,0.4696909238238659
