UE ID,Internet usage
76843,0.3702677338268396
1122826,0.4538230340207285
659189,0.39119258038012406
249991,0.3749422959999337
668075,0.30707396676813214
1180170,0.2776875203674046
865941,0.3722411713433917
