UE ID,Internet usage
76843,0.5471659053617832
1122826,0.6307212055601056
659189,0.5680907519172843
249991,0.5518404675339906
668075,0.4839721383052925
1180170,0.45458569190545167
865941,0.5491393428783353
