UE ID,Internet usage
76843,0.34218182151488996
1122826,0.4257371217105523
659189,0.36310666806773106
249991,0.3468563836875407
668075,0.2789880544557392
1180170,0.24960160805501166
865941,0.34415525903144206
