UE ID,Internet usage
76843,0.5679213010238776
1122826,0.6514766012177666
659189,0.5888461475749454
249991,0.572595863196085
668075,0.5047275339629536
1180170,0.4753410875631126
865941,0.5698947385404298
