UE ID,Internet usage
76843,1.0106670888570306
1122826,1.0942223890553529
659189,1.0315919354125316
249991,1.0153416510336712
668075,0.9474733218005398
1180170,0.918086875400699
865941,1.0126405263735825
