UE ID,Internet usage
76843,0.6599310087473745
1122826,0.743486308945697
659189,0.6808558553028756
249991,0.6646055709195818
668075,0.5967372416908838
1180170,0.5673507952866096
865941,0.6619044462639266
