UE ID,Internet usage
76843,0.9988428063908922
1122826,1.082398106584781
659189,1.01976765294196
249991,1.0035173685630996
668075,0.935649039329968
1180170,0.9062625929301272
865941,1.0008162439074444
