UE ID,Internet usage
76843,0.9664963423430367
1122826,1.0500516425369255
659189,0.9874211888941044
249991,0.9711709045152439
668075,0.9033025752821124
1180170,0.8739161288822715
865941,0.9684697798595887
