UE ID,Internet usage
76843,0.40317046240451476
1122826,0.48672576260239375
659189,0.42409530895779907
249991,0.4078450245771654
668075,0.33997669534580727
1180170,0.31059024894463644
865941,0.4051438999210668
