UE ID,Internet usage
76843,0.396440745554474
1122826,0.47999604574880633
659189,0.41736559210731505
249991,0.4011153077271247
668075,0.33324697849532325
1180170,0.3038605320945957
865941,0.3984141830710261
