UE ID,Internet usage
76843,0.8629224541208921
1122826,0.946477754314781
659189,0.8838473006719598
249991,0.8675970162930995
668075,0.799728687059968
1180170,0.7703422406601271
865941,0.8648958916374443
