UE ID,Internet usage,Data rate,optimal GU
76843,115.49295319844668,43.99731550417017,71.28379830214169
1122826,129.53024363136447,49.34485471671027,79.94780205490183
659189,119.00832741937359,45.33650568357089,73.45353437677929
249991,116.27827964349632,44.296487483236696,71.76851230728161
668075,104.87640033255674,39.95291441240257,64.73111961311582
1180170,99.93947733725898,38.072181842765325,61.6839845863985
865941,115.82449070122522,44.123615505228656,71.48842769140886
