UE ID,Internet usage,Data rate,optimal GU
76843,115.49295319844668,71.49563769427652,90.86936963640818
1122826,129.53024363136447,80.1853889146542,101.91385068669945
659189,119.00832741937359,73.6718217358027,93.635251282389
249991,116.27827964349632,71.98179216025963,91.48726117908821
668075,104.87640033255674,64.92348592015418,82.51631051099656
1180170,99.93947733725898,61.86729549449365,78.63196027055064
865941,115.82449070122522,71.70087519599656,91.13022194864014
