UE ID,Internet usage,Data rate,optimal GU
76843,115.49295319844668,85.2447987893297,99.22284795845692
1122826,129.53024363136447,95.60565601362616,111.2826307919678
659189,119.00832741937359,87.83947976191861,102.24299275673542
249991,116.27827964349632,85.8244444987711,99.89754129945258
668075,104.87640033255674,77.40877167402998,90.10190523699843
1180170,99.93947733725898,73.76485232035782,85.86047278437648
865941,115.82449070122522,85.48950504138053,99.50768001374429
