UE ID,Internet usage,Data rate,optimal GU
76843,115.49295319844668,85.93225684408235,99.62213668623305
1122826,129.53024363136447,96.37666936857475,111.73045002903616
659189,119.00832741937359,88.5478626632244,102.65443503381007
249991,116.27827964349632,86.51657711569666,100.29954510194496
668075,104.87640033255674,78.03303596172375,90.46448982162303
1180170,99.93947733725898,74.35973016165102,86.20598916139768
865941,115.82449070122522,86.1789365336497,99.90811495160536
