UE ID,Internet usage,Data rate,optimal GU
76843,115.49295319844668,110.68074681517808,113.06125026681109
1122826,129.53024363136447,124.13315014672429,126.80298569526643
659189,119.00832741937359,114.04964711023302,116.5026083199798
249991,116.27827964349632,111.43335132501731,113.83004167170604
668075,104.87640033255674,100.5065503187002,102.6682288113916
1180170,99.93947733725898,95.77533244820653,97.83525267855131
865941,115.82449070122522,110.99847025534083,113.3858072509075
