UE ID,Internet usage,Data rate,optimal GU
76843,115.49295319844668,79.05767629655577,95.55419670792101
1122826,129.53024363136447,88.66653581908878,107.16808287263365
659189,119.00832741937359,81.46403365016644,98.46267510860079
249991,116.27827964349632,79.59525094644093,96.2039440347667
668075,104.87640033255674,71.79039308478586,86.77049040538849
1180170,99.93947733725898,68.41095174871894,82.68588006371714
865941,115.82449070122522,79.28462161095774,95.82849742393196
