UE ID,Internet usage,Data rate,optimal GU
76843,115.49295319844668,48.80952188743878,75.08099511184255
1122826,129.53024363136447,54.74194820135046,84.20651926885743
659189,119.00832741937359,50.29518599271146,77.36631025348758
249991,116.27827964349632,49.14141580171571,75.5915292124007
668075,104.87640033255674,44.3227644262591,68.17926360568845
1180170,99.93947733725898,42.23632673181778,64.96981159141197
865941,115.82449070122522,48.94963595111304,75.29652484708741
