UE ID,Internet usage,Data rate,optimal GU
76843,115.49295319844668,98.30650182963022,106.55378085695737
1122826,129.53024363136447,110.25490975764953,119.50458285129673
659189,119.00832741937359,101.29875488672872,109.7970645724861
249991,116.27827964349632,98.974964220357,107.2783229143694
668075,104.87640033255674,89.26979314021199,96.75895081581548
1180170,99.93947733725898,85.06753130492878,92.20414641970012
865941,115.82449070122522,98.58870339449527,106.85965730602717
