UE ID,Internet usage,Data rate,optimal GU
76843,115.49295319844668,87.99463100834033,100.81051433635697
1122826,129.53024363136447,98.68970943342055,113.06326594796177
659189,119.00832741937359,90.67301136714178,103.87898451987964
249991,116.27827964349632,88.59297496647339,101.49600345629803
668075,104.87640033255674,79.90582882480514,91.54362726446345
1180170,99.93947733725898,76.14436368553065,87.23432758329771
865941,115.82449070122522,88.24723101045731,101.09990399391874
