UE ID,Internet usage,Data rate,optimal GU
76843,115.49295319844668,8.249496657031907,30.86679010395037
1122826,129.53024363136447,9.252160259383176,34.618413778137366
659189,119.00832741937359,8.500594815669542,31.806313384022214
249991,116.27827964349632,8.30559140310688,31.076677424961
668075,104.87640033255674,7.4911714523254815,28.029397000183714
1180170,99.93947733725898,7.138534095518499,26.709948829234428
865941,115.82449070122522,8.273177907230373,30.955397228683502
