UE ID,Internet usage,Data rate,optimal GU
76843,115.49295319844668,58.433934653975996,82.1505184414118
1122826,129.53024363136447,65.53613517063083,92.13528941350239
659189,119.00832741937359,60.21254661099258,84.65101571650099
249991,116.27827964349632,58.83127243867373,82.7091237313443
668075,104.87640033255674,53.06246445397216,74.5989293804331
1180170,99.93947733725898,50.56461650992269,71.08727977465878
865941,115.82449070122522,58.6016768428818,82.38634216036398
