UE ID,Internet usage,Data rate,optimal GU
76843,115.49295319844668,2.0623741642579767,15.433395051975184
1122826,129.53024363136447,2.313040064845794,17.309206889068683
659189,119.00832741937359,2.1251487039173855,15.903156692011107
249991,116.27827964349632,2.07639785077672,15.5383387124805
668075,104.87640033255674,1.8727928630813704,14.014698500091857
1180170,99.93947733725898,1.7846335238796247,13.354974414617214
865941,115.82449070122522,2.0682944768075933,15.477698614341751
