UE ID,Internet usage,Data rate,optimal GU
76843,115.49295319844668,8.936954711784566,32.12717373602559
1122826,129.53024363136447,10.023173614331775,36.031987458699234
659189,119.00832741937359,9.208977716975337,33.10506056994182
249991,116.27827964349632,8.997724020032454,32.345631385959024
668075,104.87640033255674,8.115435740019272,29.173921360410226
1180170,99.93947733725898,7.733411936811707,27.80059616264877
865941,115.82449070122522,8.96260939949957,32.2193989554593
