UE ID,Internet usage,Data rate,optimal GU
76843,115.49295319844668,98.99395988438286,106.92569745321252
1122826,129.53024363136447,111.02592311259811,119.92170308235275
659189,119.00832741937359,102.0071377880345,110.18030156516892
249991,116.27827964349632,99.66709683728256,107.6527684609224
668075,104.87640033255674,89.89405742790578,97.09667941967373
1180170,99.93947733725898,85.66240914622198,92.52597687959775
865941,115.82449070122522,99.27813488676446,107.23264153711328
