UE ID,Internet usage,Data rate,optimal GU
76843,115.49295319844668,114.80549514369403,115.14871114152842
1122826,129.53024363136447,128.75923027641588,129.1441615695077
659189,119.00832741937359,118.2999445180678,118.65360732358685
249991,116.27827964349632,115.58614702657076,115.93169681700459
668075,104.87640033255674,104.25213604486297,104.56380231880064
1180170,99.93947733725898,99.34459949596578,99.6415944769359
865941,115.82449070122522,115.13505920895602,115.47926045283084
