UE ID,Internet usage,Data rate,optimal GU
76843,115.49295319844668,92.80683739160894,103.53036137947623
1122826,129.53024363136447,104.08680291806073,116.1136897216957
659189,119.00832741937359,95.63169167628234,106.68161826050256
249991,116.27827964349632,93.4379032849524,104.23434485556888
668075,104.87640033255674,84.27567883866166,94.01345559110919
1180170,99.93947733725898,80.3085085745831,89.58789188656364
865941,115.82449070122522,93.0732514563417,103.82755871076738
