UE ID,Internet usage,Data rate,optimal GU
76843,115.49295319844668,80.43259240606109,96.38152120807676
1122826,129.53024363136447,90.20856252898596,108.09596237609769
659189,119.00832741937359,82.88079945277804,99.31518170982545
249991,116.27827964349632,80.97951618029208,97.03689415787707
668075,104.87640033255674,73.03892166017344,87.52176408123067
1180170,99.93947733725898,69.60070743130537,83.40178848794632
865941,115.82449070122522,80.66348459549613,96.65819686637789
