UE ID,Internet usage,Data rate,optimal GU
76843,115.49295319844668,79.74513435130842,95.96875048389192
1122826,129.53024363136447,89.43754917403737,107.63302250845324
659189,119.00832741937359,82.17241655147224,98.88984707136908
249991,116.27827964349632,80.2873835633665,96.62131668439311
668075,104.87640033255674,72.41465737247965,87.14693681674134
1180170,99.93947733725898,69.00582959001215,83.0446057396251
865941,115.82449070122522,79.97405310322694,96.24424123028868
