UE ID,Internet usage,Data rate,optimal GU
76843,115.49295319844668,89.36954711784564,101.595043789782
1122826,129.53024363136447,100.23173614331773,113.94314899211179
659189,119.00832741937359,92.08977716975336,104.68739347884808
249991,116.27827964349632,89.97724020032453,102.2858675358594
668075,104.87640033255674,81.15435740019271,92.25603977753434
1180170,99.93947733725898,77.33411936811706,87.91320418450698
865941,115.82449070122522,89.6260939949957,101.88668554090135
