UE ID,Internet usage,Data rate,optimal GU
76843,115.49295319844668,2.7498322190106355,17.820949575535423
1122826,129.53024363136447,3.084053419794392,19.986950513725457
659189,119.00832741937359,2.8335316052231807,18.363383594194822
249991,116.27827964349632,2.7685304677022935,17.942128076820403
668075,104.87640033255674,2.4970571507751607,16.182779903278956
1180170,99.93947733725898,2.379511365172833,15.420996146599625
865941,115.82449070122522,2.757725969076791,17.872106922852215
