UE ID,Internet usage,Data rate,optimal GU
76843,115.49295319844668,109.99328876042541,112.70958145140564
1122826,129.53024363136447,123.36213679177568,126.40857420888986
659189,119.00832741937359,113.34126420892721,116.1402354100496
249991,116.27827964349632,110.74121870809172,113.47598158641799
668075,104.87640033255674,99.88228603100642,102.3488867351217
1180170,99.93947733725898,95.18045460691332,97.53094322386931
865941,115.82449070122522,110.30903876307163,113.03312892455239
