UE ID,Internet usage,Data rate,optimal GU
76843,115.49295319844668,108.61837265092011,112.00293134139015
1122826,129.53024363136447,121.8201100818785,125.61603615026769
659189,119.00832741937359,111.92449840631565,115.41207628575083
249991,116.27827964349632,109.3569534742406,112.76452641251399
668075,104.87640033255674,98.63375745561885,101.70719459910289
1180170,99.93947733725898,93.9906989243269,96.91945792801825
865941,115.82449070122522,108.93017577853325,112.32445028373633
