UE ID,Internet usage,Data rate,optimal GU
76843,115.49295319844668,34.37290273763294,63.006571460223114
1122826,129.53024363136447,38.550667747429905,70.66454121747611
659189,119.00832741937359,35.41914506528976,64.92436532492478
249991,116.27827964349632,34.60663084627867,63.43500216018627
668075,104.87640033255674,31.213214384689508,57.21476704028966
1180170,99.93947733725898,29.74389206466041,54.52145473956107
865941,115.82449070122522,34.471574613459886,63.18743999619921
