UE ID,Internet usage,Data rate,optimal GU
76843,115.49295319844668,24.748489971095715,53.46284872660626
1122826,129.53024363136447,27.756480778149527,59.960851541176375
659189,119.00832741937359,25.501784447008625,55.09015078258446
249991,116.27827964349632,24.91677420932064,53.8263842304612
668075,104.87640033255674,22.473514356976445,48.54833970983687
1180170,99.93947733725898,21.415602286555494,46.262988439798875
865941,115.82449070122522,24.819533721691116,53.61632076855664
