UE ID,Internet usage
501385,0.8976584051103972
315661,0.9074154625489803
674149,1.0085961238603955
1244615,0.811027409666591
650143,0.8855729274319831
7272,0.8161907089257759
819503,0.977156198359875
