UE ID,Internet usage
501385,1.0080233820855056
315661,1.0177804395240888
674149,1.1189611008355043
1244615,0.9213923866416996
650143,0.9959379044070917
7272,0.9265556859008846
819503,1.0875211753349836
