UE ID,Internet usage
501385,1.0033410734947552
315661,1.0130981309333384
674149,1.1142787922447537
1244615,0.9167100780553826
650143,0.9912555958163413
7272,0.9218733773101341
819503,1.082838866744233
