UE ID,Internet usage
501385,0.4276726008421185
315661,0.43742965828025837
674149,0.5386103195925603
1244615,0.34104160539831246
650143,0.41558712316237456
7272,0.3462049046561674
819503,0.5071703940920398
