UE ID,Internet usage
501385,1.0707910549310933
315661,1.0805481123696765
674149,1.1817287736810917
1244615,0.9841600594872874
650143,1.0587055772482459
7272,0.9893233587420389
819503,1.1502888481761377
