UE ID,Internet usage
501385,0.6886724411541925
315661,0.6984294985927756
674149,0.7996101599041908
1244615,0.6020414457103864
650143,0.6765869634713451
7272,0.6072047449651379
819503,0.7681702343992368
