UE ID,Internet usage
501385,0.6823350600394938
315661,0.692092117478077
674149,0.7932727787894923
1244615,0.5957040645956877
650143,0.6702495823610799
7272,0.6008673638548727
819503,0.7618328532889717
