UE ID,Internet usage
501385,0.8887337925293213
315661,0.8984908499634712
674149,0.9996715112748863
1244615,0.8021027970855152
650143,0.876648314846474
7272,0.8072660963402668
819503,0.9682315857743656
