UE ID,Internet usage
501385,0.3875225798546218
315661,0.39727963729276167
674149,0.498460298605507
1244615,0.30089158441081576
650143,0.37543710217487786
7272,0.30605488366867073
819503,0.467020373100553
