UE ID,Internet usage
501385,0.8922205491749755
315661,0.9019776066135587
674149,1.003158267924974
1244615,0.8055895537311695
650143,0.8801350714965614
7272,0.8107528529903545
819503,0.9717183424244533
