UE ID,Internet usage
501385,0.4648690010319712
315661,0.47462605847055445
674149,0.5758067197819697
1244615,0.37823800559038195
650143,0.4527835233535573
7272,0.3834013048482368
819503,0.5443667942814492
