UE ID,Internet usage
501385,0.7020641259689685
315661,0.7118211834075516
674149,0.813001844718967
1244615,0.6154331305251624
650143,0.6899786482905546
7272,0.6205964297843474
819503,0.7815619192184463
