UE ID,Internet usage
501385,0.7233799540134803
315661,0.7331370114520634
674149,0.8343176727634788
1244615,0.6367489585696742
650143,0.7112944763350663
7272,0.6419122578288591
819503,0.8028777472629581
