UE ID,Internet usage
501385,0.6979642336629862
315661,0.7077212911015694
674149,0.8089019524129847
1244615,0.6113332382191802
650143,0.6858787559801389
7272,0.6164965374739317
819503,0.7774620269080307
