UE ID,Internet usage
501385,0.44006615006092603
315661,0.4498232074995093
674149,0.5510038688109246
1244615,0.35343515461756336
650143,0.4279806723811821
7272,0.3585984538754183
819503,0.5195639433104039
