UE ID,Internet usage
501385,0.588781110476344
315661,0.5985381679149271
674149,0.6997188292263423
1244615,0.5021501150325379
650143,0.57669563279793
7272,0.5073134142917228
819503,0.6682789037258218
