UE ID,Internet usage
501385,1.0310668807427565
315661,1.0408239381769064
674149,1.1420045994883217
1244615,0.9444358852989505
650143,1.0189814030599094
7272,0.9495991845537021
819503,1.110564673987801
