UE ID,Internet usage
501385,0.440829093210047
315661,0.45058615064907354
674149,0.5517668119604888
1244615,0.3541980977662409
650143,0.42874361553030305
7272,0.3593613970240958
819503,0.5203268864599683
