UE ID,Internet usage
501385,0.8002679226739742
315661,0.8100249801125573
674149,0.9112056414239726
1244615,0.7136369272301681
650143,0.7881824449955601
7272,0.718800226489353
819503,0.879765715923452
