UE ID,Internet usage
501385,1.0223522333791784
315661,1.0321092908177616
674149,1.1332899521291768
1244615,0.9357212379353722
650143,1.0102667557007643
7272,0.9408845371945572
819503,1.1018500266286562
