UE ID,Internet usage
501385,0.7339788442112777
315661,0.743735901649861
674149,0.8449165629612764
1244615,0.6473478487674718
650143,0.7218933665328638
7272,0.6525111480266567
819503,0.8134766374607557
