UE ID,Internet usage
501385,0.7114313587032939
315661,0.7211884161418771
674149,0.8223690774532924
1244615,0.6248003632594878
650143,0.6993458810248799
7272,0.6299636625186728
819503,0.7909291519527718
