UE ID,Internet usage
501385,0.9031809008319379
315661,0.9129379582705212
674149,1.0141186195819363
1244615,0.8165499053881319
650143,0.891095423153524
7272,0.8217132046473168
819503,0.9826786940814158
