UE ID,Internet usage
501385,0.43657487601570816
315661,0.4463319334556214
674149,0.5475125947670367
1244615,0.34994388057234543
650143,0.4244893983359642
7272,0.3551071798302004
819503,0.5160726692620827
