UE ID,Internet usage
501385,0.9217823650885622
315661,0.9315394225271454
674149,1.0327200838385606
1244615,0.8351513696447561
650143,0.9096968874057149
7272,0.840314668903941
819503,1.0012801583336066
