UE ID,Internet usage
501385,0.7007024459311925
315661,0.7104595033697756
674149,0.8116401646811909
1244615,0.6140714504873864
650143,0.6886169682527785
7272,0.6192347497465713
819503,0.7802002391806703
