UE ID,Internet usage,Data rate,optimal GU
501385,119.60931245593623,60.51661642115821,85.07849835472153
315661,121.24849810556668,61.345966303411714,86.24445651242387
674149,138.2468492058912,69.94632251488542,98.33543970116774
1244615,105.05530522142685,53.15298180846001,74.72618501781497
650143,117.57895220574186,59.4893508183813,83.63429641376237
7272,105.92273949676024,53.59186224538465,75.34319387817415
819503,132.96494172161354,67.27392884724495,94.57840149081554
