UE ID,Internet usage,Data rate,optimal GU
501385,119.60931245593623,103.94618820575411,111.50305871905756
315661,121.24849810556668,105.37071859174247,113.03115222607035
674149,138.2468492058912,120.14309514321499,128.87747808439255
1244615,105.05530522142685,91.2980628710019,97.93541678595197
650143,117.57895220574186,102.18170846451376,109.610301595471
7272,105.92273949676024,92.0519045626607,98.74406264262852
819503,132.96494172161354,115.55286601997368,123.95354007091213
