UE ID,Internet usage,Data rate,optimal GU
501385,119.60931245593623,91.13090472833237,104.40356726684804
315661,121.24849810556668,92.37980808043176,105.83436580351793
674149,138.2468492058912,105.33093272829807,120.67174306193183
1244615,105.05530522142685,80.04213731156331,91.699788254072
650143,117.57895220574186,89.58396358532713,102.63132354598228
7272,105.92273949676024,80.70303961657923,92.45694696399858
819503,132.96494172161354,101.30662226408651,116.06131623136875
