UE ID,Internet usage,Data rate,optimal GU
501385,119.60931245593623,58.38073584158792,83.56362650510069
315661,121.24849810556668,59.180814551526595,84.70882410372998
674149,138.2468492058912,67.47762877906595,96.58452034664062
1244615,105.05530522142685,51.27699421522025,73.39564209213857
650143,117.57895220574186,57.38972667185019,82.14513941463647
7272,105.92273949676024,51.70038475437107,74.00166475302784
819503,132.96494172161354,64.89955488793042,92.89437837367947
