UE ID,Internet usage,Data rate,optimal GU
501385,119.60931245593623,106.08206878532441,112.6428129589988
315661,121.24849810556668,107.5358703436276,114.18652622634508
674149,138.2468492058912,122.61178887903448,130.1948289603871
1244615,105.05530522142685,93.17405046424167,98.93648624363783
650143,117.57895220574186,104.28133261104487,110.73070858178916
7272,105.92273949676024,93.94338205367427,99.75339786050378
819503,132.96494172161354,117.9272399792882,125.22055977848362
