UE ID,Internet usage,Data rate,optimal GU
501385,119.60931245593623,51.261133909686954,78.30267545013602
315661,121.24849810556668,51.963642045242864,79.37577435263844
674149,138.2468492058912,59.248649659667656,90.50380729644887
1244615,105.05530522142685,45.023702237754364,68.774841190554
650143,117.57895220574186,50.390979516746505,76.97349265948671
7272,105.92273949676024,45.395459784325816,69.34271022299892
819503,132.96494172161354,56.98497502354866,87.04598717352656
