UE ID,Internet usage,Data rate,optimal GU
501385,119.60931245593623,72.61993970538985,93.19882541509429
315661,121.24849810556668,73.61515956409406,94.47606858325577
674149,138.2468492058912,83.93558701786252,107.7210770530373
1244615,105.05530522142685,63.78357817015202,81.8584343411237
650143,117.57895220574186,71.38722098205756,91.61678145378214
7272,105.92273949676024,64.31023469446158,82.53433368312224
819503,132.96494172161354,80.72871461669394,103.6054478985998
