UE ID,Internet usage,Data rate,optimal GU
501385,119.60931245593623,101.81030762618381,110.3515332747815
315661,121.24849810556668,103.20556683985735,111.863845703008
674149,138.2468492058912,117.6744014073955,127.54652181365714
1244615,105.05530522142685,89.42207527776215,96.92400843876976
650143,117.57895220574186,100.08208431798265,108.47832322024114
7272,105.92273949676024,90.16042707164712,97.72430316777259
819503,132.96494172161354,113.17849206065915,122.67343478107085
