UE ID,Internet usage,Data rate,optimal GU
501385,119.60931245593623,76.89170086453043,95.90080017379418
315661,121.24849810556668,77.9454630678643,97.21507255112996
674149,138.2468492058912,88.87297448950149,110.84407382773843
1244615,105.05530522142685,67.53555335663154,84.23163402890202
650143,117.57895220574186,75.58646927511977,94.27289036780448
7272,105.92273949676024,68.09318967648872,84.92712871401103
819503,132.96494172161354,85.47746253532299,106.6091263659947
