UE ID,Internet usage,Data rate,optimal GU
501385,119.60931245593623,2.1358805795702898,15.983466695632364
315661,121.24849810556668,2.1651517518851193,16.202512091854995
674149,138.2468492058912,2.468693735819486,18.474012304623074
1244615,105.05530522142685,1.8759875932397652,14.038605671483671
650143,117.57895220574186,2.0996241465311045,15.71214839463408
7272,105.92273949676024,1.8914774910135759,14.154521452335175
819503,132.96494172161354,2.3743739593145277,17.768187727665783
