UE ID,Internet usage,Data rate,optimal GU
501385,119.60931245593623,27.05448734122367,56.88557488266769
315661,121.24849810556668,27.425255523878175,57.665163161406426
674149,138.2468492058912,31.270120653713484,65.74949166848329
1244615,105.05530522142685,23.762509514370358,49.96376376794724
650143,117.57895220574186,26.59523918939399,55.9199459723454
7272,105.92273949676024,23.958714886171958,50.37631105554618
819503,132.96494172161354,30.07540348465068,63.237443588356655
