UE ID,Internet usage,Data rate,optimal GU
501385,119.60931245593623,59.09269603477802,84.07161675552236
315661,121.24849810556668,59.902531802154975,85.22377610580416
674149,138.2468492058912,68.30052669100579,97.1716656959961
1244615,105.05530522142685,51.90232341296684,73.8418203178283
650143,117.57895220574186,58.08960138736057,82.64450656380654
7272,105.92273949676024,52.3308772513756,74.45152704098415
819503,132.96494172161354,65.6910128743686,93.45909104241377
