UE ID,Internet usage,Data rate,optimal GU
501385,119.60931245593623,70.48405912581957,91.8180257419143
315661,121.24849810556668,71.45000781220894,93.07634574295093
674149,138.2468492058912,81.46689328204303,106.12512101682162
1244615,105.05530522142685,61.90759057691225,80.64564974988201
650143,117.57895220574186,69.28759683552644,90.25942076467739
7272,105.92273949676024,62.418757203447996,81.31153521470584
819503,132.96494172161354,78.35434065737941,102.07046751702427
