UE ID,Internet usage,Data rate,optimal GU
501385,119.60931245593623,98.25050666023333,108.40514540407153
315661,121.24849810556668,99.59698058671549,109.89078356253783
674149,138.2468492058912,113.55991184769634,125.29684756227019
1244615,105.05530522142685,86.29542928902919,95.21445616697613
650143,117.57895220574186,96.5827107404308,106.56497515624025
7272,105.92273949676024,87.00796458662448,96.00063524296267
819503,132.96494172161354,109.22120212846826,120.50971237114607
