UE ID,Internet usage,Data rate,optimal GU
501385,119.60931245593623,32.75016888674445,62.587739880581225
315661,121.24849810556668,33.19899352890516,63.445473471290114
674149,138.2468492058912,37.85330394923212,72.34016866868821
1244615,105.05530522142685,28.765143096343067,54.9720918987475
650143,117.57895220574186,32.19423691347694,61.5253170926411
7272,105.92273949676024,29.002654862208164,55.42599259989957
819503,132.96494172161354,36.40706737615609,69.57631487744555
