UE ID,Internet usage,Data rate,optimal GU
501385,119.60931245593623,46.27741255735628,74.39898855646557
315661,121.24849810556668,46.91162129084425,75.41858938757733
674149,138.2468492058912,53.48836427608886,85.99184746443255
1244615,105.05530522142685,40.64639785352824,65.34615315880468
650143,117.57895220574186,45.49185650817393,73.1360705953297
7272,105.92273949676024,40.98201230529414,65.88571175502845
819503,132.96494172161354,51.444769118481425,82.70641285729147
