UE ID,Internet usage
454227,0.4201206296890075
172616,0.4547246421157033
406148,0.4682986252578406
740193,0.4068636232182166
757621,0.42712900426934103
85919,0.4056397877336238
366730,0.4361838143635708
