UE ID,Internet usage
454227,0.546586215279471
172616,0.5811902277066102
406148,0.5947642108443141
740193,0.5333292088091236
757621,0.5535945898593613
85919,0.5321053733232007
366730,0.5626493999535911
