UE ID,Internet usage
454227,1.0351092870892378
172616,1.0697132995163772
406148,1.0832872826585143
740193,1.0218522806188906
757621,1.0421176616691281
85919,1.0206284451329675
366730,1.051172471763358
