UE ID,Internet usage
454227,0.48729056051134895
172616,0.5218945729384882
406148,0.535468556076192
740193,0.4740335540410015
757621,0.4942989350912392
85919,0.4728097185550786
366730,0.5033537451854689
