UE ID,Internet usage
454227,1.0541635327157464
172616,1.0887675451428855
406148,1.1023415282850229
740193,1.040906526245399
757621,1.0611719072956367
85919,1.039682690759476
366730,1.0702267173898663
