UE ID,Internet usage
454227,1.0185417050846075
172616,1.0531457175117467
406148,1.0667197006494504
740193,1.0052846986142598
757621,1.0255500796644976
85919,1.004060863128337
366730,1.0346048897587274
