UE ID,Internet usage
454227,0.8002106283230329
172616,0.8348146407501721
406148,0.8483886238923095
740193,0.7869536218526856
757621,0.8072190029029233
85919,0.7857297863667627
366730,0.816273812997153
