UE ID,Internet usage
454227,0.6840749237158454
172616,0.7186789361474181
406148,0.732252919285122
740193,0.670817917245498
757621,0.6910832983001691
85919,0.6695940817640086
366730,0.7001381083943989
