UE ID,Internet usage
454227,0.4199473538025779
172616,0.4545513662288304
406148,0.4681253493709677
740193,0.4066903473322304
757621,0.4269557283833548
85919,0.40546651184719423
366730,0.4360105384771412
