UE ID,Internet usage
454227,0.4361438144254911
172616,0.47074782685484706
406148,0.4843218099925509
740193,0.42288680795514366
757621,0.443152189006268
85919,0.4216629724701074
366730,0.4522069991018279
