UE ID,Internet usage
454227,0.8011958554858796
172616,0.8357998679174522
406148,0.8493738510551561
740193,0.7879388490155322
757621,0.8082042300702033
85919,0.7867150135340426
366730,0.8172590401599996
