UE ID,Internet usage
454227,1.0124326382063504
172616,1.0470366506334894
406148,1.0606106337711934
740193,0.9991756317315694
757621,1.0194410127862406
85919,0.99795179625008
366730,1.0284958228804704
