UE ID,Internet usage
454227,0.9502580596497677
172616,0.9848620720769068
406148,0.9984360552190442
740193,0.9370010531794202
757621,0.9572664342296578
85919,0.9357772176934973
366730,0.9663212443238877
