UE ID,Internet usage
454227,0.6854366037580549
172616,0.720040616185194
406148,0.7336145993273314
740193,0.6721795972877074
757621,0.6924449783379452
85919,0.6709557618017845
366730,0.7014997884321749
