UE ID,Internet usage,Data rate,optimal GU
454227,116.81588872415827,115.42522338220401,116.11847420017477
172616,122.62936281204443,121.16948944523439,121.89724066987668
406148,124.90979197962382,123.42277064653307,124.1640552132833
740193,114.58871163709024,113.22456030807727,113.90459381156934
757621,117.99329565369862,116.58861356258318,117.28885177178901
85919,114.38310727562715,113.02140361758399,113.7002169498021
366730,119.51450374946083,118.09171203815774,118.80097794700451
