UE ID,Internet usage,Data rate,optimal GU
454227,116.81588872415827,31.289970193970966,60.45796619438286
172616,122.62936281204443,32.84715075322619,63.466724880517454
406148,124.90979197962382,33.45797999454209,64.64695910231717
740193,114.58871163709024,30.69340490279203,59.30529254262631
757621,117.99329565369862,31.605347050097844,61.06733217293798
85919,114.38310727562715,30.63833230597156,59.19888217610412
366730,119.51450374946083,32.012813504319865,61.85463215954668
