UE ID,Internet usage,Data rate,optimal GU
454227,116.81588872415827,38.93862957471942,67.44368480051814
172616,122.62936281204443,40.87645427068148,70.80009563008613
406148,124.90979197962382,41.63659732654127,72.11670202385596
740193,114.58871163709024,38.196237212363414,66.15782350976646
757621,117.99329565369862,39.33109855123288,68.123461008234
85919,114.38310727562715,38.12770242520905,66.03911777632918
366730,119.51450374946083,39.838167916486945,69.00173091181576
