UE ID,Internet usage,Data rate,optimal GU
454227,116.81588872415827,36.15729889081089,64.990360852938
172616,122.62936281204443,37.95670753706137,68.22467925694455
406148,124.90979197962382,38.66255466035975,69.49339292354614
740193,114.58871163709024,35.467934554337454,63.75127390892015
757621,117.99329565369862,36.521734369001955,65.64540959722541
85919,114.38310727562715,35.40429510912269,63.63688620198778
366730,119.51450374946083,36.992584493880734,66.49173165286159
