UE ID,Internet usage,Data rate,optimal GU
454227,116.81588872415827,91.08857989800437,103.15325207382885
172616,122.62936281204443,95.62170552605846,108.28678968212834
406148,124.90979197962382,97.39989731744477,110.30050277654561
740193,114.58871163709024,89.35191205035014,101.18656276482673
757621,117.99329565369862,92.00667696806262,104.19295099768965
85919,114.38310727562715,89.19158960182833,101.00500562600668
366730,119.51450374946083,93.19285709035339,105.5362405439383
