UE ID,Internet usage,Data rate,optimal GU
454227,116.81588872415827,20.164647458336844,48.53402119807257
172616,122.62936281204443,21.168163818745764,50.9493713503294
406148,124.90979197962382,21.561809329816015,51.89683148412464
740193,114.58871163709024,19.780194270688195,47.60868594499867
757621,117.99329565369862,20.367890321174166,49.02320373566389
85919,114.38310727562715,19.744703041626117,47.52326257882262
366730,119.51450374946083,20.630479813895025,49.65522688570593
