UE ID,Internet usage,Data rate,optimal GU
454227,116.81588872415827,52.84528299426207,78.56951506694165
172616,122.62936281204443,55.475187938782,82.47961535319651
406148,124.90979197962382,56.50681065744887,84.01341538500817
740193,114.58871163709024,51.8377505024932,77.07153199622817
757621,117.99329565369862,53.37791946238747,79.36143038343499
85919,114.38310727562715,51.74473900564085,76.93324400174184
366730,119.51450374946083,54.066085029517986,80.3845838577211
