UE ID,Internet usage,Data rate,optimal GU
454227,116.81588872415827,66.05660374282759,87.84338832443774
172616,122.62936281204443,69.3439849234775,92.21501334389136
406148,124.90979197962382,70.6335133218111,93.92985391140249
740193,114.58871163709024,64.7971881281165,86.16859233680813
757621,117.99329565369862,66.72239932798435,88.72877656448892
85919,114.38310727562715,64.68092375705108,86.01398165873636
366730,119.51450374946083,67.5826062868975,89.87269692444833
