UE ID,Internet usage,Data rate,optimal GU
454227,116.81588872415827,114.03455804024973,115.41684557610462
172616,122.62936281204443,119.70961607842433,121.16069470819176
406148,124.90979197962382,121.9357493134423,123.41381236158956
740193,114.58871163709024,111.86040897906427,113.21634223074412
757621,117.99329565369862,115.1839314714677,116.58015131517136
85919,114.38310727562715,111.65969995954079,113.01320028579181
366730,119.51450374946083,116.66892032685462,118.08314069268911
