UE ID,Internet usage,Data rate,optimal GU
454227,116.81588872415827,17.383316774428316,45.062707397341455
172616,122.62936281204443,18.24841708512566,47.30530371403808
406148,124.90979197962382,18.587766663634497,48.18499836380999
740193,114.58871163709024,17.05189161266224,44.203555183607925
757621,117.99329565369862,17.558526138943247,45.516901981083095
85919,114.38310727562715,17.021295725539755,44.1242415792565
366730,119.51450374946083,17.784896391288814,46.103720743997
