UE ID,Internet usage,Data rate,optimal GU
454227,116.81588872415827,26.422641497131035,55.557036898373056
172616,122.62936281204443,27.737593969391,58.321895325903334
406148,124.90979197962382,28.253405328724433,59.4064557293815
740193,114.58871163709024,25.9188752512466,54.49780291096891
757621,117.99329565369862,26.688959731193734,56.11700558879099
85919,114.38310727562715,25.872369502820426,54.40001853231093
366730,119.51450374946083,27.033042514758993,56.84048434865328
