UE ID,Internet usage,Data rate,optimal GU
454227,116.81588872415827,80.65858983334738,97.06804239614515
172616,122.62936281204443,84.67265527498306,101.8987427006588
406148,124.90979197962382,86.24723731926406,103.79366296824928
740193,114.58871163709024,79.12077708275278,95.21737188999734
757621,117.99329565369862,81.47156128469666,98.04640747132778
85919,114.38310727562715,78.97881216650447,95.04652515764523
366730,119.51450374946083,82.5219192555801,99.31045377141186
