UE ID,Internet usage,Data rate,optimal GU
454227,116.81588872415827,73.00993045259891,92.35106881628023
172616,122.62936281204443,76.64335175752777,96.94702362530279
406148,124.90979197962382,78.06861998726488,98.74986117836094
740193,114.58871163709024,71.61794477318139,90.59033072936171
757621,117.99329565369862,73.74580978356164,93.28189072383347
85919,114.38310727562715,71.48944204726696,90.42778620958973
366730,119.51450374946083,74.69656484341301,94.48451131825749
