UE ID,Internet usage,Data rate,optimal GU
454227,116.81588872415827,86.91658387214156,100.7632769906381
172616,122.62936281204443,91.24208542562829,105.77787480086242
406148,124.90979197962382,92.93883331817248,107.74493183719528
740193,114.58871163709024,85.25945806331119,98.84215423771052
757621,117.99329565369862,87.79263069471624,101.77888695489665
85919,114.38310727562715,85.10647862769876,98.6648036268402
366730,119.51450374946083,88.92448195644407,103.09105359924447
