UE ID,Internet usage,Data rate,optimal GU
454227,116.81588872415827,75.79126113650744,94.0936954699191
172616,122.62936281204443,79.56309849114787,98.77637405433244
406148,124.90979197962382,81.0426626534464,100.61323040990592
740193,114.58871163709024,74.34624743120736,92.2997329800817
757621,117.99329565369862,76.55517396579256,95.04208160370906
85919,114.38310727562715,74.21284936335333,92.13412131213063
366730,119.51450374946083,77.54214826601923,96.26739515370924
