UE ID,Internet usage,Data rate,optimal GU
454227,116.81588872415827,5.562661367817061,25.49131678342827
172616,122.62936281204443,5.839493467240211,26.7599208338284
406148,124.90979197962382,5.948085332363039,27.257551275610194
740193,114.58871163709024,5.456605316051916,25.00530689830634
757621,117.99329565369862,5.618728364461839,25.748248039541803
85919,114.38310727562715,5.446814632172722,24.96044034832455
366730,119.51450374946083,5.69116684521242,26.080202860808942
