UE ID,Internet usage,Data rate,optimal GU
454227,116.81588872415827,112.64389269829549,114.71092552542721
172616,122.62936281204443,118.24974271161429,120.4196437522278
406148,124.90979197962382,120.44872798035155,122.65898074024587
740193,114.58871163709024,110.4962576500513,112.52388104237853
757621,117.99329565369862,113.77924938035225,115.86711617793812
85919,114.38310727562715,110.29799630149762,112.32198156746047
366730,119.51450374946083,115.24612861555153,117.36091287364025
