UE ID,Internet usage,Data rate,optimal GU
454227,116.81588872415827,91.7839125689815,103.54621826665624
172616,122.62936281204443,96.35164220946349,108.69931227951994
406148,124.90979197962382,98.14340798399014,110.72069668969556
740193,114.58871163709024,90.03398771485662,101.57203678077461
757621,117.99329565369862,92.70901801362035,104.5898779626651
85919,114.38310727562715,89.8724414308499,101.38978799320681
366730,119.51450374946083,93.90425294600495,105.93828482095425
