UE ID,Internet usage,Data rate,optimal GU
454227,116.81588872415827,63.9706057298962,86.44526106479496
172616,122.62936281204443,67.15417487326243,90.74730670866644
406148,124.90979197962382,68.40298132217495,92.43485364157272
740193,114.58871163709024,62.75096113459704,84.7971213568161
757621,117.99329565369862,64.61537619131116,87.31655734576539
85919,114.38310727562715,62.6383682699863,84.64497148322565
366730,119.51450374946083,65.44841871994284,88.44227091442694
