UE ID,Internet usage,Data rate,optimal GU
454227,116.81588872415827,68.14260175575899,89.21960874199894
172616,122.62936281204443,71.5337949736926,93.6597229183994
406148,124.90979197962382,72.86404532144724,95.40142946463568
740193,114.58871163709024,66.84341512163599,87.5185741440722
757621,117.99329565369862,68.82942246465754,90.11886813839632
85919,114.38310727562715,66.72347924411585,87.36154121913593
366730,119.51450374946083,69.71679385385215,91.2807100128313
