UE ID,Internet usage,Data rate,optimal GU
454227,116.81588872415827,104.99523331754702,110.74796382683344
172616,122.62936281204443,110.220439194159,116.25946080746894
406148,124.90979197962382,112.27011064835237,118.42143457421483
740193,114.58871163709024,102.99342534047993,108.63647599612405
757621,117.99329565369862,106.05349787921722,111.8642111238951
85919,114.38310727562715,102.80862618226013,108.44155161867296
366730,119.51450374946083,107.42077420338444,113.30640106057723
