UE ID,Internet usage,Data rate,optimal GU
454227,116.81588872415827,102.2139026336385,109.2712582343274
172616,122.62936281204443,107.30069246053888,114.70926530026694
406148,124.90979197962382,109.29606798217085,116.84241146023898
740193,114.58871163709024,100.26512268245396,107.18792483445695
757621,117.99329565369862,103.2441336969863,110.37262156811576
85919,114.38310727562715,100.08521886617376,106.99559956500163
366730,119.51450374946083,104.57519078077823,111.79558144519801
