UE ID,Internet usage
719658,0.9820778417272379
897103,1.0495577188027696
581077,0.9340049423645752
1278189,0.989605944689872
364283,0.9690686642880318
146026,1.0003939114559464
262460,0.9460508821249783
