UE ID,Internet usage
719658,0.9127896104227428
897103,0.9802694874982745
581077,0.8647167110645134
1278189,0.9203177133853768
364283,0.8997804329879701
146026,0.9311056801514511
262460,0.8767626508249164
