UE ID,Internet usage
719658,0.7489965662629013
897103,0.8164764433384331
581077,0.7009236669046721
1278189,0.7565246692255353
364283,0.7359873888236951
146026,0.7673126359916096
262460,0.7129696066606417
