UE ID,Internet usage
719658,0.714729155291302
897103,0.7822090323668338
581077,0.6666562559286393
1278189,0.7222572582539359
364283,0.7017199778520959
146026,0.7330452250200102
262460,0.6787021956890424
