UE ID,Internet usage
719658,0.7933050418910084
897103,0.8607849189665402
581077,0.7452321425283457
1278189,0.8008331448536424
364283,0.7802958644518023
146026,0.8116211116197168
262460,0.7572780822887488
