UE ID,Internet usage
719658,0.6178009585705995
897103,0.6852808356461312
581077,0.5697280592123701
1278189,0.6253290615332334
364283,0.6047917811313933
146026,0.6361170282993077
262460,0.5817739989683398
