UE ID,Internet usage
719658,0.9494119982329727
897103,1.0168918753085043
581077,0.9013390988747433
1278189,0.9569401011956066
364283,0.9364028207937665
146026,0.9677280679616809
262460,0.9133850386307131
