UE ID,Internet usage
719658,0.3045995191852488
897103,0.3720793962603372
581077,0.25652661982524616
1278189,0.3121276221487695
364283,0.291590341747816
146026,0.3229155889135138
262460,0.2685725595843192
