UE ID,Internet usage
719658,0.43452643131765906
897103,0.5020063083949642
581077,0.38645353195765636
1278189,0.4420545342811797
364283,0.42151725388022626
146026,0.4528425010481407
262460,0.3984994717167295
