UE ID,Internet usage
719658,1.061798300265274
897103,1.1292781773408056
581077,1.0137254009070447
1278189,1.069326403227908
364283,1.0487891228260677
146026,1.0801143699939821
262460,1.0257713406630145
