UE ID,Internet usage
719658,0.3008954989246133
897103,0.36837537599970166
581077,0.2528225995646106
1278189,0.308423601888134
364283,0.2878863214871805
146026,0.31921156865243494
262460,0.2648685393232404
