UE ID,Internet usage
719658,1.0096065422885803
897103,1.077086419364112
581077,0.9615336429259177
1278189,1.0171346452512142
364283,0.9965973648493741
146026,1.0279226120172886
262460,0.9735795826863207
