UE ID,Internet usage
719658,0.6754403925200456
897103,0.7429202695955774
581077,0.6273674931618163
1278189,0.682968495487113
364283,0.6624312150852729
146026,0.6937564622487539
262460,0.6394134329222194
