UE ID,Internet usage
719658,0.7143871993520943
897103,0.781867076427626
581077,0.6663142999894316
1278189,0.7219153023147282
364283,0.7013780219128881
146026,0.7327032690808025
262460,0.6783602397498347
