UE ID,Internet usage
719658,0.3652355299628023
897103,0.43271540703789063
581077,0.3171626306032429
1278189,0.3727636329263229
364283,0.35222635252581286
146026,0.38355159969106717
262460,0.3292085703618727
