UE ID,Internet usage
719658,0.6708453378938742
897103,0.7383252149694061
581077,0.6227724385312116
1278189,0.6783734408565083
364283,0.6578361604546681
146026,0.6891614076225826
262460,0.6348183782916147
