UE ID,Internet usage
719658,1.0246721685771547
897103,1.0921520456526865
581077,0.9765992692189256
1278189,1.0322002715442222
364283,1.011662991142382
146026,1.0429882383058633
262460,0.9886452089793287
