UE ID,Internet usage
719658,1.0277369820489342
897103,1.095216859124466
581077,0.9796640826907048
1278189,1.0352650850160017
364283,1.0147278046141615
146026,1.0460530517776423
262460,0.991710022451108
