UE ID,Internet usage
719658,0.7912751680125881
897103,0.85875504508812
581077,0.7432022686499254
1278189,0.7988032709752221
364283,0.778265990573382
146026,0.8095912377412964
262460,0.7552482084103286
