UE ID,Internet usage
719658,0.518461158388602
897103,0.5859410354641337
581077,0.4703882590303727
1278189,0.5259892613512359
364283,0.5054519809493958
146026,0.5367772281173103
262460,0.48243419878634236
