UE ID,Internet usage
719658,0.8078453958725604
897103,0.8753252729480921
581077,0.7597724965143312
1278189,0.8153734988351945
364283,0.7948362184377877
146026,0.8261614656012688
262460,0.7718184362747343
