UE ID,Internet usage
719658,0.32549362505855245
897103,0.39297350213364085
581077,0.2774207256985498
1278189,0.33302172802207314
364283,0.31248444762111965
146026,0.34380969478681744
262460,0.2894666654576229
