UE ID,Internet usage
719658,0.6122640113235179
897103,0.6797438883990496
581077,0.5641911119608551
1278189,0.6197921142861519
364283,0.5992548338843118
146026,0.6305800810522262
262460,0.5762370517212583
