UE ID,Internet usage,Data rate,optimal GU
719658,118.09852967242745,7.732641823789892,30.219424711153984
897103,129.43514902106222,8.47492047161717,33.12027466953466
581077,110.02228257995233,7.203839930830212,28.152849101477205
1278189,119.36325097031839,7.815450956389895,30.543045590670587
364283,115.91298786293471,7.589540871977868,29.660181371306845
146026,121.17562938679237,7.934118590801881,31.00680270311449
262460,112.0460004594797,7.336345268180218,28.67068442310756
