UE ID,Internet usage,Data rate,optimal GU
719658,118.09852967242745,38.66320911894946,67.57268789507725
897103,129.43514902106222,42.374602358085845,74.05918559454388
581077,110.02228257995233,36.01919965415106,62.9516843511969
1278189,119.36325097031839,39.07725478194947,68.29632618061464
364283,115.91298786293471,37.947704359889336,66.32218177121503
146026,121.17562938679237,39.6705929540094,69.33331860908822
262460,112.0460004594797,36.68172634090109,64.10959933151284
