UE ID,Internet usage,Data rate,optimal GU
719658,118.09852967242745,80.13828799200434,97.28419184184685
897103,129.43514902106222,87.83099397857794,106.62278271685302
581077,110.02228257995233,74.65797746496766,90.63134719013276
1278189,119.36325097031839,80.99649172985892,98.32601166561405
364283,115.91298786293471,78.65524176413427,95.48384200461507
146026,121.17562938679237,82.22631994103769,99.81896648941522
262460,112.0460004594797,76.03121459750409,92.29839384153303
