UE ID,Internet usage,Data rate,optimal GU
719658,118.09852967242745,49.910688135371124,76.77485840902867
897103,129.43514902106222,54.70175940771082,84.14469906447667
581077,110.02228257995233,46.49751228081319,71.52455826794342
1278189,119.36325097031839,50.44518344578932,77.59704306146917
364283,115.91298786293471,48.987036537311695,75.35405610576348
146026,121.17562938679237,51.21112908608487,78.77525498920713
262460,112.0460004594797,47.35277400370868,72.84016019873364
