UE ID,Internet usage,Data rate,optimal GU
719658,118.09852967242745,116.69259479537475,117.39345752210434
897103,129.43514902106222,127.8942543898591,128.6623949562927
581077,110.02228257995233,108.71249350161958,109.36542726111584
1278189,119.36325097031839,117.94225988733842,118.65062817759917
364283,115.91298786293471,114.53307134075693,115.22096384003127
146026,121.17562938679237,119.73306237028294,120.45218632771719
262460,112.0460004594797,110.71211950162876,111.37706313487291
