UE ID,Internet usage,Data rate,optimal GU
719658,118.09852967242745,89.97983213137329,103.08484794035944
897103,129.43514902106222,98.61725639699978,112.98026056702987
581077,110.02228257995233,83.82650101329702,96.0353215341815
1278189,119.36325097031839,90.94342931071877,104.1887871938086
364283,115.91298786293471,88.31465741937883,101.17715064959921
146026,121.17562938679237,92.3242890566037,105.7707607712174
262460,112.0460004594797,85.36838130246072,97.80176731859477
