UE ID,Internet usage,Data rate,optimal GU
719658,118.09852967242745,16.16825108610614,43.69721593698806
897103,129.43514902106222,17.7202882588359,47.89183804656702
581077,110.02228257995233,15.062574400826808,40.708952542522184
1278189,119.36325097031839,16.34139745426978,44.16517095562663
364283,115.91298786293471,15.869040005044635,42.88855140362244
146026,121.17562938679237,16.589520689858478,44.835762632287356
262460,112.0460004594797,15.339631015285912,41.45774118047164
