UE ID,Internet usage,Data rate,optimal GU
719658,118.09852967242745,9.841544139368954,34.092108948637495
897103,129.43514902106222,10.78626241842185,37.364709064954795
581077,110.02228257995233,9.168523548329361,31.760697232196275
1278189,119.36325097031839,9.946937580859865,34.45720253953109
364283,115.91298786293471,9.65941565524456,33.461197372619594
146026,121.17562938679237,10.09796911556603,34.98039112284345
262460,112.0460004594797,9.337166704956642,32.34489426345077
