UE ID,Internet usage,Data rate,optimal GU
719658,118.09852967242745,98.41544139368955,107.80871451630286
897103,129.43514902106222,107.86262418421852,118.1575847547975
581077,110.02228257995233,91.68523548329361,100.43614332874597
1278189,119.36325097031839,99.46937580859866,108.96324182265631
364283,115.91298786293471,96.5941565524456,105.8135969339198
146026,121.17562938679237,100.9796911556603,110.61770939172014
262460,112.0460004594797,93.37166704956643,102.28353654981873
