UE ID,Internet usage,Data rate,optimal GU
719658,118.09852967242745,97.00950651663682,107.03588222583386
897103,129.43514902106222,106.32172955301539,117.31056605809906
581077,110.02228257995233,90.37544640496084,99.71616169235526
1278189,119.36325097031839,98.04838472561867,108.18213324407294
364283,115.91298786293471,95.21424003026779,105.05506674600223
146026,121.17562938679237,99.53712413915086,109.82474067764917
262460,112.0460004594797,92.03778609171546,101.55031178052505
