UE ID,Internet usage,Data rate,optimal GU
719658,118.09852967242745,83.6531251846361,99.3947236366651
897103,129.43514902106222,91.68323055658573,108.93591056132077
581077,110.02228257995233,77.93245016079956,92.59754885384137
1278189,119.36325097031839,84.54896943730886,100.45914521947356
364283,115.91298786293471,82.10503306957875,97.55531611183439
146026,121.17562938679237,85.83273748231126,101.98448895008687
262460,112.0460004594797,79.36591699213145,94.30076124701957
