UE ID,Internet usage,Data rate,optimal GU
719658,118.09852967242745,29.52463241810686,59.04926483621372
897103,129.43514902106222,32.358787255265554,64.71757451053111
581077,110.02228257995233,27.505570644988083,55.011141289976166
1278189,119.36325097031839,29.840812742579597,59.681625485159195
364283,115.91298786293471,28.97824696573368,57.95649393146736
146026,121.17562938679237,30.29390734669809,60.58781469339618
262460,112.0460004594797,28.011500114869925,56.02300022973985
