UE ID,Internet usage,Data rate,optimal GU
719658,118.09852967242745,37.25727424189675,66.33271672086416
897103,129.43514902106222,40.83370772688272,72.70018600190487
581077,110.02228257995233,34.709410575818296,61.796509436668565
1278189,119.36325097031839,37.65626369896949,67.043076111591
364283,115.91298786293471,36.56778783771154,65.10515761294975
146026,121.17562938679237,38.22802593749997,68.06103953945446
262460,112.0460004594797,35.34784538305014,62.93317646544511
