UE ID,Internet usage,Data rate,optimal GU
719658,118.09852967242745,14.76231620905343,41.754135589767074
897103,129.43514902106222,16.179393627632777,45.7622357983422
581077,110.02228257995233,13.752785322494042,38.89875104695343
1278189,119.36325097031839,14.920406371289799,42.20128209279194
364283,115.91298786293471,14.48912348286684,40.98142987273756
146026,121.17562938679237,15.146953673349046,42.84205462697438
262460,112.0460004594797,14.005750057434962,39.614243364864556
