UE ID,Internet usage,Data rate,optimal GU
719658,118.09852967242745,40.772111434528526,69.39111190965444
897103,129.43514902106222,44.685944304890526,76.05216538830693
581077,110.02228257995233,37.98388327165021,64.64575422096507
1278189,119.36325097031839,41.20874140641944,70.13422376176551
364283,115.91298786293471,40.017579143156034,68.10695387054595
146026,121.17562938679237,41.83444347877356,71.19912231612534
262460,112.0460004594797,38.68254777767751,65.83482942995676
